latitude,longitude,bright_ti4,scan,track,acq_date,acq_time,satellite,instrument,confidence,version,bright_ti5,frp,daynight,source_sensor,brightness,bright_t31
8.0028,81.44696,336.59,0.44,0.39,2026-09-22,756,N,VIIRS,n,2.0NRT,298.11,4.18,D,VIIRS_SNPP_NRT,,
8.02844,81.08794,330.3,0.46,0.39,2026-09-22,756,N,VIIRS,l,2.0NRT,297.67,8.55,D,VIIRS_SNPP_NRT,,
8.07158,81.05231,331.2,0.46,0.39,2026-09-22,756,N,VIIRS,l,2.0NRT,295.48,4.91,D,VIIRS_SNPP_NRT,,
8.09478,81.03574,334.95,0.46,0.39,2026-09-22,756,N,VIIRS,n,2.0NRT,296.78,2.7,D,VIIRS_SNPP_NRT,,
8.12774,80.98756,331.57,0.46,0.39,2026-09-22,756,N,VIIRS,n,2.0NRT,295.33,2.74,D,VIIRS_SNPP_NRT,,
8.12842,80.99175,333.74,0.46,0.39,2026-09-22,756,N,VIIRS,n,2.0NRT,295.28,3.64,D,VIIRS_SNPP_NRT,,
8.17802,80.62557,335.98,0.48,0.4,2026-09-22,756,N,VIIRS,n,2.0NRT,295.36,4.29,D,VIIRS_SNPP_NRT,,
8.22173,80.66302,330.0,0.48,0.4,2026-09-22,756,N,VIIRS,l,2.0NRT,296.82,7.72,D,VIIRS_SNPP_NRT,,
8.305,81.28033,332.33,0.45,0.39,2026-09-22,756,N,VIIRS,l,2.0NRT,296.59,2.76,D,VIIRS_SNPP_NRT,,
8.34913,80.69286,331.38,0.48,0.4,2026-09-22,756,N,VIIRS,n,2.0NRT,289.67,3.11,D,VIIRS_SNPP_NRT,,
8.49269,80.18095,330.88,0.5,0.41,2026-09-22,756,N,VIIRS,l,2.0NRT,296.05,4.59,D,VIIRS_SNPP_NRT,,
8.53969,80.62257,332.83,0.48,0.4,2026-09-22,756,N,VIIRS,l,2.0NRT,295.0,6.69,D,VIIRS_SNPP_NRT,,
8.55172,77.81528,350.32,0.47,0.47,2026-09-22,756,N,VIIRS,n,2.0NRT,299.89,10.65,D,VIIRS_SNPP_NRT,,
8.60402,77.96516,330.04,0.46,0.47,2026-09-22,756,N,VIIRS,n,2.0NRT,297.13,1.5,D,VIIRS_SNPP_NRT,,
8.67719,77.4745,331.29,0.49,0.48,2026-09-22,756,N,VIIRS,n,2.0NRT,291.27,2.92,D,VIIRS_SNPP_NRT,,
8.8697,80.79491,336.46,0.46,0.39,2026-09-22,756,N,VIIRS,l,2.0NRT,293.15,7.48,D,VIIRS_SNPP_NRT,,
8.95788,80.8327,331.52,0.46,0.39,2026-09-22,756,N,VIIRS,l,2.0NRT,298.75,5.36,D,VIIRS_SNPP_NRT,,
9.12537,77.64301,335.21,0.47,0.48,2026-09-22,756,N,VIIRS,n,2.0NRT,299.01,3.18,D,VIIRS_SNPP_NRT,,
9.39717,80.47816,335.76,0.47,0.4,2026-09-22,756,N,VIIRS,n,2.0NRT,296.83,2.49,D,VIIRS_SNPP_NRT,,
9.40082,80.47755,334.06,0.47,0.4,2026-09-22,756,N,VIIRS,l,2.0NRT,295.89,2.49,D,VIIRS_SNPP_NRT,,
9.41835,78.65449,342.61,0.4,0.44,2026-09-22,756,N,VIIRS,n,2.0NRT,293.57,2.66,D,VIIRS_SNPP_NRT,,
9.46286,80.46727,331.92,0.47,0.4,2026-09-22,756,N,VIIRS,l,2.0NRT,297.95,4.18,D,VIIRS_SNPP_NRT,,
9.57274,78.57926,338.7,0.4,0.44,2026-09-22,756,N,VIIRS,n,2.0NRT,295.12,2.85,D,VIIRS_SNPP_NRT,,
10.96626,77.76252,333.77,0.43,0.46,2026-09-22,756,N,VIIRS,n,2.0NRT,294.84,2.89,D,VIIRS_SNPP_NRT,,
14.63489,75.59111,334.29,0.51,0.5,2026-09-22,758,N,VIIRS,n,2.0NRT,297.49,5.39,D,VIIRS_SNPP_NRT,,
14.86724,75.62377,334.3,0.51,0.49,2026-09-22,758,N,VIIRS,n,2.0NRT,297.95,6.56,D,VIIRS_SNPP_NRT,,
21.80369,75.58145,332.35,0.39,0.44,2026-09-22,801,N,VIIRS,n,2.0NRT,298.01,2.7,D,VIIRS_SNPP_NRT,,
22.04179,83.72925,329.56,0.44,0.38,2026-09-22,801,N,VIIRS,n,2.0NRT,287.54,6.7,D,VIIRS_SNPP_NRT,,
22.32229,82.59002,332.73,0.41,0.37,2026-09-22,801,N,VIIRS,n,2.0NRT,287.3,2.58,D,VIIRS_SNPP_NRT,,
22.35773,82.30088,334.49,0.4,0.37,2026-09-22,801,N,VIIRS,n,2.0NRT,295.16,5.83,D,VIIRS_SNPP_NRT,,
22.35829,82.30475,338.12,0.4,0.37,2026-09-22,801,N,VIIRS,n,2.0NRT,298.11,5.83,D,VIIRS_SNPP_NRT,,
23.1648,82.34029,330.31,0.4,0.37,2026-09-22,801,N,VIIRS,n,2.0NRT,292.31,3.28,D,VIIRS_SNPP_NRT,,
23.19924,69.42709,338.94,0.43,0.62,2026-09-22,801,N,VIIRS,n,2.0NRT,298.54,5.34,D,VIIRS_SNPP_NRT,,
23.20078,69.42857,344.69,0.43,0.62,2026-09-22,801,N,VIIRS,n,2.0NRT,297.99,5.07,D,VIIRS_SNPP_NRT,,
23.78018,86.21159,341.77,0.41,0.45,2026-09-22,801,N,VIIRS,n,2.0NRT,295.28,6.74,D,VIIRS_SNPP_NRT,,
23.80193,86.32452,339.05,0.42,0.45,2026-09-22,801,N,VIIRS,n,2.0NRT,294.9,4.92,D,VIIRS_SNPP_NRT,,
23.8024,86.32857,340.54,0.42,0.45,2026-09-22,801,N,VIIRS,n,2.0NRT,295.86,4.92,D,VIIRS_SNPP_NRT,,
23.80289,86.33267,337.64,0.42,0.45,2026-09-22,801,N,VIIRS,n,2.0NRT,295.46,6.61,D,VIIRS_SNPP_NRT,,
25.60174,81.36993,334.0,0.4,0.37,2026-09-22,801,N,VIIRS,n,2.0NRT,296.12,2.8,D,VIIRS_SNPP_NRT,,
26.42662,80.35898,344.56,0.39,0.36,2026-09-22,801,N,VIIRS,n,2.0NRT,299.96,3.8,D,VIIRS_SNPP_NRT,,
25.23334,68.32078,332.3,0.46,0.63,2026-09-22,803,N,VIIRS,l,2.0NRT,305.65,6.22,D,VIIRS_SNPP_NRT,,
26.89217,68.18492,336.39,0.43,0.62,2026-09-22,803,N,VIIRS,l,2.0NRT,307.72,4.68,D,VIIRS_SNPP_NRT,,
27.11756,81.2395,349.55,0.4,0.37,2026-09-22,803,N,VIIRS,n,2.0NRT,299.07,9.22,D,VIIRS_SNPP_NRT,,
27.33532,68.48615,342.66,0.4,0.6,2026-09-22,803,N,VIIRS,n,2.0NRT,303.07,5.21,D,VIIRS_SNPP_NRT,,
27.58412,69.36333,350.55,0.35,0.57,2026-09-22,803,N,VIIRS,n,2.0NRT,308.01,4.08,D,VIIRS_SNPP_NRT,,
27.58669,77.46663,339.9,0.41,0.37,2026-09-22,803,N,VIIRS,n,2.0NRT,301.39,4.5,D,VIIRS_SNPP_NRT,,
27.98707,77.80803,336.38,0.4,0.37,2026-09-22,803,N,VIIRS,n,2.0NRT,303.35,2.81,D,VIIRS_SNPP_NRT,,
28.04023,74.92174,344.45,0.5,0.41,2026-09-22,803,N,VIIRS,n,2.0NRT,313.21,5.98,D,VIIRS_SNPP_NRT,,
28.05223,69.36979,337.47,0.34,0.56,2026-09-22,803,N,VIIRS,n,2.0NRT,307.18,4.64,D,VIIRS_SNPP_NRT,,
28.08182,77.72206,339.87,0.4,0.37,2026-09-22,803,N,VIIRS,n,2.0NRT,300.47,4.38,D,VIIRS_SNPP_NRT,,
28.10137,77.60917,333.83,0.4,0.37,2026-09-22,803,N,VIIRS,n,2.0NRT,301.8,2.59,D,VIIRS_SNPP_NRT,,
28.1074,77.62468,334.0,0.4,0.37,2026-09-22,803,N,VIIRS,n,2.0NRT,302.67,4.15,D,VIIRS_SNPP_NRT,,
28.36004,78.75585,330.25,0.39,0.36,2026-09-22,803,N,VIIRS,n,2.0NRT,298.61,2.71,D,VIIRS_SNPP_NRT,,
28.63026,77.77587,331.87,0.4,0.37,2026-09-22,803,N,VIIRS,l,2.0NRT,303.28,1.76,D,VIIRS_SNPP_NRT,,
28.63658,78.55211,338.31,0.39,0.36,2026-09-22,803,N,VIIRS,n,2.0NRT,298.65,4.28,D,VIIRS_SNPP_NRT,,
28.64143,80.14547,332.49,0.39,0.36,2026-09-22,803,N,VIIRS,n,2.0NRT,298.66,2.43,D,VIIRS_SNPP_NRT,,
29.13253,75.77234,334.64,0.45,0.39,2026-09-22,803,N,VIIRS,l,2.0NRT,308.7,4.2,D,VIIRS_SNPP_NRT,,
29.24799,75.70438,331.18,0.45,0.39,2026-09-22,803,N,VIIRS,l,2.0NRT,304.41,2.5,D,VIIRS_SNPP_NRT,,
29.25152,75.70355,346.86,0.45,0.39,2026-09-22,803,N,VIIRS,n,2.0NRT,305.15,7.0,D,VIIRS_SNPP_NRT,,
29.42909,70.46368,336.79,0.55,0.51,2026-09-22,803,N,VIIRS,n,2.0NRT,304.1,1.87,D,VIIRS_SNPP_NRT,,
29.4739,73.08758,334.57,0.39,0.44,2026-09-22,803,N,VIIRS,n,2.0NRT,307.49,2.04,D,VIIRS_SNPP_NRT,,
30.22848,76.19668,340.79,0.42,0.38,2026-09-22,803,N,VIIRS,n,2.0NRT,305.92,28.31,D,VIIRS_SNPP_NRT,,
30.48473,73.68171,341.75,0.53,0.42,2026-09-22,803,N,VIIRS,n,2.0NRT,302.61,11.86,D,VIIRS_SNPP_NRT,,
30.60375,76.83249,332.38,0.4,0.37,2026-09-22,803,N,VIIRS,n,2.0NRT,304.75,2.63,D,VIIRS_SNPP_NRT,,
30.86281,71.99939,330.56,0.42,0.45,2026-09-22,803,N,VIIRS,n,2.0NRT,301.56,4.01,D,VIIRS_SNPP_NRT,,
30.86372,72.00377,340.91,0.42,0.45,2026-09-22,803,N,VIIRS,n,2.0NRT,301.06,5.58,D,VIIRS_SNPP_NRT,,
30.99695,74.21501,334.6,0.49,0.4,2026-09-22,803,N,VIIRS,n,2.0NRT,301.83,3.52,D,VIIRS_SNPP_NRT,,
31.0038,74.24319,334.4,0.49,0.4,2026-09-22,803,N,VIIRS,n,2.0NRT,300.92,3.82,D,VIIRS_SNPP_NRT,,
31.00626,74.24451,333.72,0.49,0.4,2026-09-22,803,N,VIIRS,n,2.0NRT,300.68,4.6,D,VIIRS_SNPP_NRT,,
31.00747,74.24226,331.45,0.49,0.4,2026-09-22,803,N,VIIRS,n,2.0NRT,299.18,3.82,D,VIIRS_SNPP_NRT,,
31.28773,73.37688,335.51,0.53,0.42,2026-09-22,803,N,VIIRS,n,2.0NRT,301.22,4.65,D,VIIRS_SNPP_NRT,,
31.28872,73.37511,336.23,0.53,0.42,2026-09-22,803,N,VIIRS,n,2.0NRT,300.26,3.24,D,VIIRS_SNPP_NRT,,
31.53741,74.82207,332.6,0.45,0.39,2026-09-22,803,N,VIIRS,n,2.0NRT,299.97,4.53,D,VIIRS_SNPP_NRT,,
31.70579,72.20126,330.24,0.4,0.44,2026-09-22,803,N,VIIRS,n,2.0NRT,299.62,2.21,D,VIIRS_SNPP_NRT,,
31.74397,72.28693,334.9,0.39,0.44,2026-09-22,803,N,VIIRS,n,2.0NRT,299.6,3.49,D,VIIRS_SNPP_NRT,,
31.79421,74.94135,335.93,0.45,0.39,2026-09-22,803,N,VIIRS,n,2.0NRT,301.72,3.13,D,VIIRS_SNPP_NRT,,
31.79432,73.67976,333.72,0.5,0.41,2026-09-22,803,N,VIIRS,n,2.0NRT,299.9,7.82,D,VIIRS_SNPP_NRT,,
31.84063,74.64835,333.51,0.46,0.39,2026-09-22,803,N,VIIRS,n,2.0NRT,299.96,3.58,D,VIIRS_SNPP_NRT,,
26.88991,68.18716,332.22,0.63,0.72,2026-09-22,941,N,VIIRS,n,2.0NRT,304.11,4.75,D,VIIRS_SNPP_NRT,,
26.89386,68.18821,333.21,0.63,0.72,2026-09-22,941,N,VIIRS,n,2.0NRT,303.01,5.79,D,VIIRS_SNPP_NRT,,
27.98626,68.9976,332.69,0.72,0.76,2026-09-22,941,N,VIIRS,l,2.0NRT,302.95,5.01,D,VIIRS_SNPP_NRT,,
27.9891,68.99803,330.85,0.72,0.76,2026-09-22,941,N,VIIRS,l,2.0NRT,303.04,4.5,D,VIIRS_SNPP_NRT,,
26.64145,79.47942,319.19,0.43,0.38,2026-09-22,2025,N,VIIRS,n,2.0NRT,291.62,1.69,N,VIIRS_SNPP_NRT,,
26.75866,83.19894,309.24,0.39,0.36,2026-09-22,2025,N,VIIRS,n,2.0NRT,286.63,1.31,N,VIIRS_SNPP_NRT,,
26.76047,83.19804,306.88,0.39,0.36,2026-09-22,2025,N,VIIRS,n,2.0NRT,286.82,0.83,N,VIIRS_SNPP_NRT,,
28.0516,69.36469,316.38,0.54,0.68,2026-09-22,2025,N,VIIRS,n,2.0NRT,295.49,2.05,N,VIIRS_SNPP_NRT,,
28.34573,77.25457,307.19,0.56,0.43,2026-09-22,2025,N,VIIRS,n,2.0NRT,296.66,1.32,N,VIIRS_SNPP_NRT,,
28.71062,76.85635,311.54,0.39,0.44,2026-09-22,2025,N,VIIRS,n,2.0NRT,296.58,1.55,N,VIIRS_SNPP_NRT,,
28.74325,76.92624,307.83,0.39,0.44,2026-09-22,2025,N,VIIRS,n,2.0NRT,295.76,0.85,N,VIIRS_SNPP_NRT,,
28.77306,76.69802,308.73,0.4,0.44,2026-09-22,2025,N,VIIRS,n,2.0NRT,296.21,1.49,N,VIIRS_SNPP_NRT,,
28.78234,76.94443,305.6,0.39,0.44,2026-09-22,2025,N,VIIRS,n,2.0NRT,295.45,0.47,N,VIIRS_SNPP_NRT,,
29.22342,88.34969,297.98,0.38,0.44,2026-09-22,2025,N,VIIRS,n,2.0NRT,279.96,1.12,N,VIIRS_SNPP_NRT,,
30.44558,70.56552,308.84,0.48,0.65,2026-09-22,2025,N,VIIRS,n,2.0NRT,296.23,1.04,N,VIIRS_SNPP_NRT,,
30.44672,70.56696,307.53,0.48,0.65,2026-09-22,2025,N,VIIRS,n,2.0NRT,296.29,1.44,N,VIIRS_SNPP_NRT,,
31.26024,76.9229,301.2,0.42,0.45,2026-09-22,2025,N,VIIRS,n,2.0NRT,291.08,0.53,N,VIIRS_SNPP_NRT,,
31.76685,70.10566,306.26,0.53,0.67,2026-09-22,2025,N,VIIRS,n,2.0NRT,294.36,1.05,N,VIIRS_SNPP_NRT,,
20.96889,85.15355,300.09,0.53,0.42,2026-09-22,2027,N,VIIRS,n,2.0NRT,271.28,2.45,N,VIIRS_SNPP_NRT,,
21.10015,72.6332,307.73,0.57,0.52,2026-09-22,2027,N,VIIRS,n,2.0NRT,288.72,2.35,N,VIIRS_SNPP_NRT,,
21.10248,72.64541,320.62,0.57,0.52,2026-09-22,2027,N,VIIRS,n,2.0NRT,288.08,7.03,N,VIIRS_SNPP_NRT,,
21.10367,72.63429,332.03,0.57,0.52,2026-09-22,2027,N,VIIRS,n,2.0NRT,289.54,3.45,N,VIIRS_SNPP_NRT,,
21.10369,72.64491,345.87,0.57,0.52,2026-09-22,2027,N,VIIRS,n,2.0NRT,288.23,6.98,N,VIIRS_SNPP_NRT,,
21.10496,72.63382,329.1,0.57,0.52,2026-09-22,2027,N,VIIRS,n,2.0NRT,289.2,5.2,N,VIIRS_SNPP_NRT,,
21.10729,72.64602,341.41,0.57,0.52,2026-09-22,2027,N,VIIRS,n,2.0NRT,289.97,7.03,N,VIIRS_SNPP_NRT,,
21.10849,72.63493,306.75,0.57,0.52,2026-09-22,2027,N,VIIRS,n,2.0NRT,289.71,3.45,N,VIIRS_SNPP_NRT,,
21.10849,72.6455,316.98,0.57,0.52,2026-09-22,2027,N,VIIRS,n,2.0NRT,289.89,6.98,N,VIIRS_SNPP_NRT,,
21.10977,72.63442,311.94,0.57,0.52,2026-09-22,2027,N,VIIRS,n,2.0NRT,290.06,5.2,N,VIIRS_SNPP_NRT,,
21.27147,72.86965,312.24,0.55,0.51,2026-09-22,2027,N,VIIRS,n,2.0NRT,288.69,1.5,N,VIIRS_SNPP_NRT,,
21.27164,72.87063,310.97,0.55,0.51,2026-09-22,2027,N,VIIRS,n,2.0NRT,288.73,2.06,N,VIIRS_SNPP_NRT,,
21.98676,83.23273,295.01,0.42,0.38,2026-09-22,2027,N,VIIRS,n,2.0NRT,264.67,0.7,N,VIIRS_SNPP_NRT,,
22.35647,82.30317,310.67,0.4,0.37,2026-09-22,2027,N,VIIRS,n,2.0NRT,272.25,1.53,N,VIIRS_SNPP_NRT,,
22.35982,82.30381,320.8,0.4,0.37,2026-09-22,2027,N,VIIRS,n,2.0NRT,273.83,1.67,N,VIIRS_SNPP_NRT,,
22.36046,82.29998,305.73,0.4,0.37,2026-09-22,2027,N,VIIRS,n,2.0NRT,272.53,1.5,N,VIIRS_SNPP_NRT,,
22.41708,69.0388,306.2,0.5,0.66,2026-09-22,2027,N,VIIRS,n,2.0NRT,293.27,1.82,N,VIIRS_SNPP_NRT,,
22.41736,69.03574,306.01,0.5,0.66,2026-09-22,2027,N,VIIRS,n,2.0NRT,293.19,1.64,N,VIIRS_SNPP_NRT,,
22.78658,86.20712,298.92,0.57,0.43,2026-09-22,2027,N,VIIRS,n,2.0NRT,278.65,0.99,N,VIIRS_SNPP_NRT,,
22.78762,86.20168,300.24,0.57,0.43,2026-09-22,2027,N,VIIRS,n,2.0NRT,280.39,1.17,N,VIIRS_SNPP_NRT,,
22.78867,86.19625,301.51,0.56,0.43,2026-09-22,2027,N,VIIRS,n,2.0NRT,281.03,1.17,N,VIIRS_SNPP_NRT,,
22.79051,86.20804,298.83,0.57,0.43,2026-09-22,2027,N,VIIRS,n,2.0NRT,277.59,0.86,N,VIIRS_SNPP_NRT,,
23.51768,87.27235,299.68,0.42,0.45,2026-09-22,2027,N,VIIRS,n,2.0NRT,279.55,0.76,N,VIIRS_SNPP_NRT,,
23.6628,87.15627,307.88,0.41,0.45,2026-09-22,2027,N,VIIRS,n,2.0NRT,279.35,1.38,N,VIIRS_SNPP_NRT,,
23.6636,87.15228,301.85,0.41,0.45,2026-09-22,2027,N,VIIRS,n,2.0NRT,278.98,1.14,N,VIIRS_SNPP_NRT,,
23.6661,87.1612,301.87,0.41,0.45,2026-09-22,2027,N,VIIRS,n,2.0NRT,279.11,1.38,N,VIIRS_SNPP_NRT,,
23.66947,86.93599,302.5,0.4,0.44,2026-09-22,2027,N,VIIRS,n,2.0NRT,280.48,0.82,N,VIIRS_SNPP_NRT,,
24.11636,86.85889,299.53,0.39,0.44,2026-09-22,2027,N,VIIRS,n,2.0NRT,270.6,0.8,N,VIIRS_SNPP_NRT,,
24.18069,82.64651,297.66,0.39,0.36,2026-09-22,2027,N,VIIRS,n,2.0NRT,276.61,0.63,N,VIIRS_SNPP_NRT,,
24.18209,82.65876,299.72,0.39,0.37,2026-09-22,2027,N,VIIRS,n,2.0NRT,276.35,0.73,N,VIIRS_SNPP_NRT,,
24.19646,82.71751,311.08,0.4,0.37,2026-09-22,2027,N,VIIRS,n,2.0NRT,277.44,1.22,N,VIIRS_SNPP_NRT,,
24.20443,82.7112,300.78,0.4,0.37,2026-09-22,2027,N,VIIRS,n,2.0NRT,278.2,1.2,N,VIIRS_SNPP_NRT,,
24.66031,74.63074,305.94,0.47,0.48,2026-09-22,2027,N,VIIRS,n,2.0NRT,295.88,2.32,N,VIIRS_SNPP_NRT,,
24.7647,74.60931,311.15,0.48,0.48,2026-09-22,2027,N,VIIRS,n,2.0NRT,296.9,2.7,N,VIIRS_SNPP_NRT,,
24.92181,84.15652,302.72,0.43,0.38,2026-09-22,2027,N,VIIRS,n,2.0NRT,279.74,0.37,N,VIIRS_SNPP_NRT,,
25.391,68.58163,306.12,0.57,0.69,2026-09-22,2027,N,VIIRS,n,2.0NRT,295.52,0.72,N,VIIRS_SNPP_NRT,,
25.94327,72.18935,310.22,0.35,0.56,2026-09-22,2027,N,VIIRS,n,2.0NRT,297.64,1.12,N,VIIRS_SNPP_NRT,,
26.09462,68.87559,307.65,0.56,0.69,2026-09-22,2027,N,VIIRS,n,2.0NRT,296.88,1.38,N,VIIRS_SNPP_NRT,,
12.74701,77.62012,299.29,0.39,0.36,2026-09-22,2029,N,VIIRS,n,2.0NRT,274.23,0.68,N,VIIRS_SNPP_NRT,,
15.65808,73.98932,297.62,0.4,0.44,2026-09-22,2029,N,VIIRS,n,2.0NRT,268.67,0.64,N,VIIRS_SNPP_NRT,,
18.80264,74.26019,317.29,0.42,0.45,2026-09-22,2029,N,VIIRS,n,2.0NRT,286.21,1.87,N,VIIRS_SNPP_NRT,,
19.36975,71.35487,310.15,0.33,0.55,2026-09-22,2029,N,VIIRS,n,2.0NRT,278.98,2.82,N,VIIRS_SNPP_NRT,,
19.37009,71.3517,351.96,0.33,0.55,2026-09-22,2029,N,VIIRS,n,2.0NRT,280.3,2.82,N,VIIRS_SNPP_NRT,,
8.67101,77.99467,304.96,0.38,0.36,2026-09-22,2032,N,VIIRS,n,2.0NRT,286.8,0.38,N,VIIRS_SNPP_NRT,,
11.26881,80.00273,309.18,0.41,0.37,2026-09-22,2032,N,VIIRS,n,2.0NRT,279.39,1.15,N,VIIRS_SNPP_NRT,,
31.76846,70.10887,308.6,0.43,0.62,2026-09-22,2205,N,VIIRS,n,2.0NRT,295.06,0.71,N,VIIRS_SNPP_NRT,,
22.31283,69.86509,304.07,0.68,0.74,2026-09-22,2208,N,VIIRS,n,2.0NRT,290.99,1.04,N,VIIRS_SNPP_NRT,,
22.314,69.86107,307.6,0.68,0.74,2026-09-22,2208,N,VIIRS,n,2.0NRT,290.97,0.7,N,VIIRS_SNPP_NRT,,
22.41537,69.03992,305.74,0.6,0.71,2026-09-22,2208,N,VIIRS,n,2.0NRT,293.04,1.23,N,VIIRS_SNPP_NRT,,
22.41594,69.03984,305.93,0.6,0.71,2026-09-22,2208,N,VIIRS,n,2.0NRT,292.8,1.22,N,VIIRS_SNPP_NRT,,
25.3863,68.5815,310.56,0.49,0.65,2026-09-22,2208,N,VIIRS,n,2.0NRT,295.96,1.82,N,VIIRS_SNPP_NRT,,
25.38899,68.58594,314.84,0.49,0.65,2026-09-22,2208,N,VIIRS,n,2.0NRT,295.68,1.73,N,VIIRS_SNPP_NRT,,
28.04985,69.37116,316.96,0.47,0.64,2026-09-22,2208,N,VIIRS,n,2.0NRT,296.1,2.86,N,VIIRS_SNPP_NRT,,
28.05444,69.36882,318.04,0.47,0.64,2026-09-22,2208,N,VIIRS,n,2.0NRT,297.18,2.22,N,VIIRS_SNPP_NRT,,
8.19812,80.69488,330.14,0.63,0.54,2026-09-23,737,N,VIIRS,n,2.0NRT,291.07,5.33,D,VIIRS_SNPP_NRT,,
8.20128,80.97897,333.66,0.6,0.53,2026-09-23,737,N,VIIRS,n,2.0NRT,293.0,2.96,D,VIIRS_SNPP_NRT,,
8.21114,80.05256,334.35,0.35,0.57,2026-09-23,737,N,VIIRS,n,2.0NRT,292.01,3.08,D,VIIRS_SNPP_NRT,,
8.68473,80.86062,339.02,0.6,0.53,2026-09-23,737,N,VIIRS,n,2.0NRT,290.0,7.15,D,VIIRS_SNPP_NRT,,
8.76989,80.84837,329.99,0.6,0.53,2026-09-23,737,N,VIIRS,n,2.0NRT,289.85,6.82,D,VIIRS_SNPP_NRT,,
9.31391,80.21855,326.0,0.33,0.55,2026-09-23,737,N,VIIRS,n,2.0NRT,280.22,1.88,D,VIIRS_SNPP_NRT,,
19.36658,71.35461,351.34,0.78,0.78,2026-09-23,739,N,VIIRS,n,2.0NRT,283.15,13.94,D,VIIRS_SNPP_NRT,,
19.36956,71.34779,328.23,0.78,0.78,2026-09-23,739,N,VIIRS,n,2.0NRT,283.13,11.77,D,VIIRS_SNPP_NRT,,
19.37139,71.35529,357.36,0.78,0.78,2026-09-23,739,N,VIIRS,l,2.0NRT,283.58,23.7,D,VIIRS_SNPP_NRT,,
21.6728,84.04043,329.34,0.4,0.37,2026-09-23,739,N,VIIRS,n,2.0NRT,291.65,3.89,D,VIIRS_SNPP_NRT,,
21.67955,84.03915,334.13,0.4,0.37,2026-09-23,739,N,VIIRS,n,2.0NRT,294.64,4.78,D,VIIRS_SNPP_NRT,,
26.12201,68.94447,334.26,0.76,0.77,2026-09-23,741,N,VIIRS,l,2.0NRT,306.99,4.27,D,VIIRS_SNPP_NRT,,
26.63719,72.25947,349.0,0.48,0.64,2026-09-23,741,N,VIIRS,n,2.0NRT,307.83,5.35,D,VIIRS_SNPP_NRT,,
27.51587,78.42472,330.97,0.4,0.44,2026-09-23,741,N,VIIRS,n,2.0NRT,299.51,1.66,D,VIIRS_SNPP_NRT,,
27.51616,78.42499,330.05,0.4,0.44,2026-09-23,741,N,VIIRS,n,2.0NRT,299.17,1.62,D,VIIRS_SNPP_NRT,,
27.77869,77.67394,341.58,0.43,0.46,2026-09-23,741,N,VIIRS,n,2.0NRT,302.25,5.25,D,VIIRS_SNPP_NRT,,
28.03601,75.06429,334.31,0.61,0.53,2026-09-23,741,N,VIIRS,l,2.0NRT,307.28,1.24,D,VIIRS_SNPP_NRT,,
28.92355,79.84691,330.51,0.48,0.4,2026-09-23,741,N,VIIRS,n,2.0NRT,296.67,3.88,D,VIIRS_SNPP_NRT,,
29.13685,76.68494,330.54,0.46,0.47,2026-09-23,744,N,VIIRS,n,2.0NRT,302.62,2.46,D,VIIRS_SNPP_NRT,,
30.57632,76.99915,336.76,0.42,0.45,2026-09-23,744,N,VIIRS,n,2.0NRT,300.94,3.45,D,VIIRS_SNPP_NRT,,
31.10258,74.63383,330.08,0.55,0.51,2026-09-23,744,N,VIIRS,n,2.0NRT,296.85,3.44,D,VIIRS_SNPP_NRT,,
31.1066,74.60833,332.64,0.55,0.51,2026-09-23,744,N,VIIRS,n,2.0NRT,297.03,2.25,D,VIIRS_SNPP_NRT,,
31.42019,72.5842,338.1,0.35,0.57,2026-09-23,744,N,VIIRS,n,2.0NRT,299.76,2.68,D,VIIRS_SNPP_NRT,,
31.83707,74.19294,337.66,0.56,0.52,2026-09-23,744,N,VIIRS,n,2.0NRT,297.59,5.06,D,VIIRS_SNPP_NRT,,
31.87357,74.69193,340.2,0.53,0.5,2026-09-23,744,N,VIIRS,n,2.0NRT,297.89,5.08,D,VIIRS_SNPP_NRT,,
21.10051,72.63617,333.75,0.53,0.67,2026-09-23,922,N,VIIRS,n,2.0NRT,292.95,4.46,D,VIIRS_SNPP_NRT,,
21.10767,72.64611,367.0,0.53,0.67,2026-09-23,922,N,VIIRS,h,2.0NRT,292.69,12.9,D,VIIRS_SNPP_NRT,,
23.33205,69.15276,331.8,0.34,0.56,2026-09-23,922,N,VIIRS,n,2.0NRT,301.84,0.91,D,VIIRS_SNPP_NRT,,
24.86345,69.18137,340.97,0.35,0.57,2026-09-23,922,N,VIIRS,n,2.0NRT,305.76,2.31,D,VIIRS_SNPP_NRT,,
26.09461,68.88007,339.36,0.35,0.57,2026-09-23,922,N,VIIRS,n,2.0NRT,311.3,2.25,D,VIIRS_SNPP_NRT,,
26.09517,68.87994,339.25,0.35,0.56,2026-09-23,922,N,VIIRS,l,2.0NRT,310.52,2.72,D,VIIRS_SNPP_NRT,,
26.358,70.7627,337.26,0.46,0.63,2026-09-23,922,N,VIIRS,l,2.0NRT,309.59,3.04,D,VIIRS_SNPP_NRT,,
27.24188,70.47696,357.8,0.45,0.63,2026-09-23,922,N,VIIRS,n,2.0NRT,314.24,5.37,D,VIIRS_SNPP_NRT,,
28.05321,69.37051,340.59,0.39,0.59,2026-09-23,924,N,VIIRS,n,2.0NRT,309.09,3.13,D,VIIRS_SNPP_NRT,,
28.05377,69.37,334.71,0.39,0.59,2026-09-23,924,N,VIIRS,l,2.0NRT,308.31,4.25,D,VIIRS_SNPP_NRT,,
29.55039,68.53275,344.16,0.36,0.57,2026-09-23,924,N,VIIRS,n,2.0NRT,312.7,5.14,D,VIIRS_SNPP_NRT,,
24.66043,74.63132,304.31,0.47,0.64,2026-09-23,2008,N,VIIRS,n,2.0NRT,292.85,1.32,N,VIIRS_SNPP_NRT,,
26.63934,79.47744,304.04,0.49,0.49,2026-09-23,2008,N,VIIRS,n,2.0NRT,286.49,0.73,N,VIIRS_SNPP_NRT,,
26.64386,79.47805,306.33,0.49,0.49,2026-09-23,2008,N,VIIRS,n,2.0NRT,287.46,0.73,N,VIIRS_SNPP_NRT,,
28.03121,76.49477,310.38,0.39,0.59,2026-09-23,2008,N,VIIRS,n,2.0NRT,295.19,1.3,N,VIIRS_SNPP_NRT,,
28.17372,76.85616,305.54,0.37,0.58,2026-09-23,2008,N,VIIRS,n,2.0NRT,295.19,0.95,N,VIIRS_SNPP_NRT,,
28.20892,77.32211,309.78,0.35,0.57,2026-09-23,2008,N,VIIRS,n,2.0NRT,294.72,1.4,N,VIIRS_SNPP_NRT,,
28.21419,77.32272,334.28,0.35,0.57,2026-09-23,2008,N,VIIRS,n,2.0NRT,295.36,1.4,N,VIIRS_SNPP_NRT,,
28.65629,77.58827,306.02,0.34,0.56,2026-09-23,2008,N,VIIRS,n,2.0NRT,294.57,0.57,N,VIIRS_SNPP_NRT,,
28.71347,76.83268,308.05,0.38,0.59,2026-09-23,2008,N,VIIRS,n,2.0NRT,295.68,0.86,N,VIIRS_SNPP_NRT,,
28.74422,76.92708,306.1,0.37,0.58,2026-09-23,2008,N,VIIRS,n,2.0NRT,295.77,0.61,N,VIIRS_SNPP_NRT,,
28.8934,78.85721,304.01,0.57,0.52,2026-09-23,2008,N,VIIRS,n,2.0NRT,293.6,0.75,N,VIIRS_SNPP_NRT,,
30.51824,77.20013,303.62,0.37,0.58,2026-09-23,2008,N,VIIRS,n,2.0NRT,291.76,0.55,N,VIIRS_SNPP_NRT,,
19.36854,71.3474,307.86,0.66,0.73,2026-09-23,2010,N,VIIRS,n,2.0NRT,281.86,3.45,N,VIIRS_SNPP_NRT,,
21.10253,72.64093,307.57,0.57,0.69,2026-09-23,2010,N,VIIRS,n,2.0NRT,290.05,2.59,N,VIIRS_SNPP_NRT,,
21.10267,72.63477,338.82,0.57,0.69,2026-09-23,2010,N,VIIRS,n,2.0NRT,289.86,5.29,N,VIIRS_SNPP_NRT,,
21.10302,72.63522,337.09,0.57,0.69,2026-09-23,2010,N,VIIRS,n,2.0NRT,290.03,9.64,N,VIIRS_SNPP_NRT,,
21.10826,72.64685,312.44,0.57,0.69,2026-09-23,2010,N,VIIRS,n,2.0NRT,290.66,4.92,N,VIIRS_SNPP_NRT,,
21.10854,72.64725,309.54,0.57,0.69,2026-09-23,2010,N,VIIRS,n,2.0NRT,290.49,2.59,N,VIIRS_SNPP_NRT,,
21.10871,72.64114,313.28,0.57,0.69,2026-09-23,2010,N,VIIRS,n,2.0NRT,290.47,5.29,N,VIIRS_SNPP_NRT,,
21.10902,72.64156,313.04,0.57,0.69,2026-09-23,2010,N,VIIRS,n,2.0NRT,290.25,2.59,N,VIIRS_SNPP_NRT,,
21.67838,84.03748,313.72,0.4,0.37,2026-09-23,2010,N,VIIRS,n,2.0NRT,284.25,1.86,N,VIIRS_SNPP_NRT,,
21.7456,83.84255,298.09,0.4,0.37,2026-09-23,2010,N,VIIRS,n,2.0NRT,278.41,1.61,N,VIIRS_SNPP_NRT,,
21.74899,83.84311,305.73,0.4,0.37,2026-09-23,2010,N,VIIRS,n,2.0NRT,277.92,1.27,N,VIIRS_SNPP_NRT,,
21.87668,83.49562,297.98,0.41,0.37,2026-09-23,2010,N,VIIRS,n,2.0NRT,273.76,0.46,N,VIIRS_SNPP_NRT,,
21.919,83.3504,313.01,0.42,0.38,2026-09-23,2010,N,VIIRS,n,2.0NRT,277.89,1.66,N,VIIRS_SNPP_NRT,,
21.92245,83.35098,330.61,0.42,0.38,2026-09-23,2010,N,VIIRS,n,2.0NRT,280.36,3.7,N,VIIRS_SNPP_NRT,,
21.96508,83.77345,304.67,0.41,0.37,2026-09-23,2010,N,VIIRS,n,2.0NRT,283.88,0.89,N,VIIRS_SNPP_NRT,,
21.98416,83.23089,306.52,0.42,0.38,2026-09-23,2010,N,VIIRS,n,2.0NRT,283.37,1.42,N,VIIRS_SNPP_NRT,,
22.01605,83.75665,304.13,0.41,0.37,2026-09-23,2010,N,VIIRS,n,2.0NRT,284.08,0.7,N,VIIRS_SNPP_NRT,,
22.01663,83.75273,307.91,0.41,0.37,2026-09-23,2010,N,VIIRS,n,2.0NRT,283.73,0.7,N,VIIRS_SNPP_NRT,,
22.03713,83.73196,303.54,0.41,0.37,2026-09-23,2010,N,VIIRS,n,2.0NRT,281.55,1.2,N,VIIRS_SNPP_NRT,,
22.04054,83.73252,306.62,0.41,0.37,2026-09-23,2010,N,VIIRS,n,2.0NRT,281.23,1.82,N,VIIRS_SNPP_NRT,,
22.04112,83.72858,304.01,0.41,0.37,2026-09-23,2010,N,VIIRS,n,2.0NRT,278.76,0.9,N,VIIRS_SNPP_NRT,,
22.06565,83.70436,305.23,0.41,0.37,2026-09-23,2010,N,VIIRS,n,2.0NRT,275.49,1.05,N,VIIRS_SNPP_NRT,,
22.26427,75.13342,303.88,0.41,0.61,2026-09-23,2010,N,VIIRS,n,2.0NRT,288.89,0.98,N,VIIRS_SNPP_NRT,,
22.26721,75.13126,306.53,0.41,0.61,2026-09-23,2010,N,VIIRS,n,2.0NRT,291.19,0.68,N,VIIRS_SNPP_NRT,,
10.61679,77.42041,298.39,0.41,0.45,2026-09-23,2012,N,VIIRS,n,2.0NRT,279.94,0.23,N,VIIRS_SNPP_NRT,,
11.81378,77.91667,295.38,0.4,0.44,2026-09-23,2012,N,VIIRS,n,2.0NRT,274.35,0.56,N,VIIRS_SNPP_NRT,,
11.81787,77.91727,300.11,0.4,0.44,2026-09-23,2012,N,VIIRS,n,2.0NRT,274.5,0.56,N,VIIRS_SNPP_NRT,,
26.25668,74.09562,308.23,0.52,0.67,2026-09-23,2148,N,VIIRS,n,2.0NRT,294.47,1.1,N,VIIRS_SNPP_NRT,,
26.87525,73.51791,305.21,0.46,0.64,2026-09-23,2148,N,VIIRS,n,2.0NRT,294.8,1.52,N,VIIRS_SNPP_NRT,,
26.87691,73.5162,307.21,0.46,0.64,2026-09-23,2148,N,VIIRS,n,2.0NRT,295.05,2.3,N,VIIRS_SNPP_NRT,,
28.05108,69.36691,313.64,0.5,0.49,2026-09-23,2148,N,VIIRS,n,2.0NRT,298.05,2.14,N,VIIRS_SNPP_NRT,,
28.05274,69.37106,330.92,0.5,0.49,2026-09-23,2148,N,VIIRS,n,2.0NRT,298.69,1.76,N,VIIRS_SNPP_NRT,,
28.42511,69.70251,311.5,0.51,0.49,2026-09-23,2148,N,VIIRS,n,2.0NRT,297.94,2.6,N,VIIRS_SNPP_NRT,,
31.48955,75.05499,306.21,0.44,0.63,2026-09-23,2148,N,VIIRS,n,2.0NRT,292.19,0.58,N,VIIRS_SNPP_NRT,,
21.09943,72.63602,321.83,0.55,0.68,2026-09-23,2150,N,VIIRS,n,2.0NRT,287.3,2.84,N,VIIRS_SNPP_NRT,,
21.10308,72.64829,312.94,0.55,0.68,2026-09-23,2150,N,VIIRS,n,2.0NRT,287.9,2.72,N,VIIRS_SNPP_NRT,,
21.10435,72.64301,313.45,0.55,0.68,2026-09-23,2150,N,VIIRS,n,2.0NRT,286.5,2.72,N,VIIRS_SNPP_NRT,,
21.10561,72.63773,315.81,0.55,0.68,2026-09-23,2150,N,VIIRS,n,2.0NRT,287.45,1.48,N,VIIRS_SNPP_NRT,,
21.11179,72.63943,303.2,0.55,0.68,2026-09-23,2150,N,VIIRS,n,2.0NRT,288.21,1.48,N,VIIRS_SNPP_NRT,,
21.11305,72.63417,303.9,0.55,0.68,2026-09-23,2150,N,VIIRS,n,2.0NRT,288.6,1.48,N,VIIRS_SNPP_NRT,,
22.36144,73.1191,309.33,0.55,0.68,2026-09-23,2150,N,VIIRS,n,2.0NRT,292.27,2.3,N,VIIRS_SNPP_NRT,,
22.36439,73.12109,324.01,0.55,0.68,2026-09-23,2150,N,VIIRS,n,2.0NRT,292.19,4.07,N,VIIRS_SNPP_NRT,,
22.36764,73.12083,317.95,0.55,0.68,2026-09-23,2150,N,VIIRS,n,2.0NRT,292.8,2.3,N,VIIRS_SNPP_NRT,,
22.41748,69.0394,310.11,0.62,0.54,2026-09-23,2150,N,VIIRS,n,2.0NRT,297.39,2.24,N,VIIRS_SNPP_NRT,,
22.41833,69.04184,307.33,0.62,0.54,2026-09-23,2150,N,VIIRS,n,2.0NRT,297.07,2.19,N,VIIRS_SNPP_NRT,,
22.92669,69.82512,308.41,0.34,0.56,2026-09-23,2150,N,VIIRS,n,2.0NRT,297.32,0.8,N,VIIRS_SNPP_NRT,,
23.51054,72.41356,307.45,0.47,0.64,2026-09-23,2150,N,VIIRS,n,2.0NRT,291.93,0.7,N,VIIRS_SNPP_NRT,,
24.81977,73.09304,308.27,0.49,0.65,2026-09-23,2150,N,VIIRS,n,2.0NRT,294.42,1.77,N,VIIRS_SNPP_NRT,,
25.1606,68.4715,314.3,0.5,0.49,2026-09-23,2150,N,VIIRS,n,2.0NRT,297.01,1.04,N,VIIRS_SNPP_NRT,,
25.39034,68.58246,313.41,0.5,0.49,2026-09-23,2150,N,VIIRS,n,2.0NRT,297.45,0.75,N,VIIRS_SNPP_NRT,,
26.78875,75.76647,355.4,0.56,0.69,2026-09-24,724,N,VIIRS,n,2.0NRT,297.73,7.12,D,VIIRS_SNPP_NRT,,
31.02739,74.25234,330.52,0.54,0.68,2026-09-24,724,N,VIIRS,n,2.0NRT,295.17,3.71,D,VIIRS_SNPP_NRT,,
31.03068,74.25057,330.17,0.54,0.68,2026-09-24,724,N,VIIRS,n,2.0NRT,293.88,3.61,D,VIIRS_SNPP_NRT,,
31.11184,77.4421,327.33,0.36,0.57,2026-09-24,724,N,VIIRS,n,2.0NRT,296.76,2.42,D,VIIRS_SNPP_NRT,,
21.10151,72.63606,335.39,0.52,0.5,2026-09-24,902,N,VIIRS,n,2.0NRT,277.16,5.42,D,VIIRS_SNPP_NRT,,
21.10728,72.64566,344.76,0.52,0.5,2026-09-24,902,N,VIIRS,n,2.0NRT,278.27,10.58,D,VIIRS_SNPP_NRT,,
22.41732,69.03951,331.36,0.5,0.41,2026-09-24,902,N,VIIRS,l,2.0NRT,305.46,2.4,D,VIIRS_SNPP_NRT,,
23.10217,69.92092,345.77,0.57,0.43,2026-09-24,905,N,VIIRS,n,2.0NRT,308.57,6.1,D,VIIRS_SNPP_NRT,,
23.1181,70.05336,332.57,0.39,0.44,2026-09-24,905,N,VIIRS,l,2.0NRT,306.56,1.21,D,VIIRS_SNPP_NRT,,
23.15721,70.10592,343.57,0.39,0.44,2026-09-24,905,N,VIIRS,n,2.0NRT,308.08,3.9,D,VIIRS_SNPP_NRT,,
23.15767,70.10974,343.32,0.39,0.44,2026-09-24,905,N,VIIRS,n,2.0NRT,308.0,5.09,D,VIIRS_SNPP_NRT,,
23.32869,69.72157,338.25,0.56,0.43,2026-09-24,905,N,VIIRS,l,2.0NRT,308.75,3.02,D,VIIRS_SNPP_NRT,,
24.82303,68.06737,344.09,0.48,0.4,2026-09-24,905,N,VIIRS,n,2.0NRT,311.07,20.76,D,VIIRS_SNPP_NRT,,
27.6181,68.4034,342.07,0.53,0.42,2026-09-24,905,N,VIIRS,n,2.0NRT,309.47,8.78,D,VIIRS_SNPP_NRT,,
27.6226,68.40824,345.82,0.53,0.42,2026-09-24,905,N,VIIRS,n,2.0NRT,309.95,12.15,D,VIIRS_SNPP_NRT,,
27.62583,68.40224,341.12,0.53,0.42,2026-09-24,905,N,VIIRS,n,2.0NRT,309.78,7.86,D,VIIRS_SNPP_NRT,,
27.62647,68.40766,336.03,0.53,0.42,2026-09-24,905,N,VIIRS,l,2.0NRT,309.23,7.54,D,VIIRS_SNPP_NRT,,
27.95774,68.92757,347.54,0.57,0.43,2026-09-24,905,N,VIIRS,n,2.0NRT,312.01,14.24,D,VIIRS_SNPP_NRT,,
28.05268,69.37,345.87,0.4,0.45,2026-09-24,905,N,VIIRS,n,2.0NRT,311.15,4.47,D,VIIRS_SNPP_NRT,,
29.42301,70.46538,333.36,0.49,0.48,2026-09-24,905,N,VIIRS,l,2.0NRT,304.62,1.65,D,VIIRS_SNPP_NRT,,
29.42542,70.46325,335.78,0.49,0.48,2026-09-24,905,N,VIIRS,n,2.0NRT,304.96,2.47,D,VIIRS_SNPP_NRT,,
30.0449,73.30254,334.14,0.36,0.58,2026-09-24,905,N,VIIRS,n,2.0NRT,301.55,1.9,D,VIIRS_SNPP_NRT,,
30.29601,73.16032,332.65,0.36,0.57,2026-09-24,905,N,VIIRS,n,2.0NRT,300.48,1.47,D,VIIRS_SNPP_NRT,,
30.2985,73.16123,334.01,0.36,0.57,2026-09-24,905,N,VIIRS,n,2.0NRT,300.28,2.09,D,VIIRS_SNPP_NRT,,
30.29986,72.46496,346.65,0.33,0.55,2026-09-24,905,N,VIIRS,n,2.0NRT,298.78,3.0,D,VIIRS_SNPP_NRT,,
30.49398,73.75677,367.0,0.39,0.6,2026-09-24,905,N,VIIRS,h,2.0NRT,300.91,11.65,D,VIIRS_SNPP_NRT,,
30.81301,73.73407,332.24,0.39,0.6,2026-09-24,905,N,VIIRS,n,2.0NRT,297.79,3.3,D,VIIRS_SNPP_NRT,,
30.8133,73.73829,331.55,0.39,0.6,2026-09-24,905,N,VIIRS,n,2.0NRT,296.72,5.69,D,VIIRS_SNPP_NRT,,
31.13051,74.66029,332.22,0.45,0.63,2026-09-24,907,N,VIIRS,n,2.0NRT,295.25,3.33,D,VIIRS_SNPP_NRT,,
31.13174,74.65819,336.48,0.45,0.63,2026-09-24,907,N,VIIRS,n,2.0NRT,295.55,4.12,D,VIIRS_SNPP_NRT,,
31.29502,74.30911,333.86,0.43,0.62,2026-09-24,907,N,VIIRS,n,2.0NRT,294.41,3.11,D,VIIRS_SNPP_NRT,,
31.41108,75.06441,330.08,0.48,0.65,2026-09-24,907,N,VIIRS,n,2.0NRT,295.85,3.52,D,VIIRS_SNPP_NRT,,
31.47587,74.59726,367.0,0.45,0.63,2026-09-24,907,N,VIIRS,h,2.0NRT,297.88,11.1,D,VIIRS_SNPP_NRT,,
31.48174,74.59679,344.53,0.45,0.63,2026-09-24,907,N,VIIRS,n,2.0NRT,296.26,11.1,D,VIIRS_SNPP_NRT,,
31.66913,72.221,337.72,0.33,0.55,2026-09-24,907,N,VIIRS,n,2.0NRT,297.5,3.03,D,VIIRS_SNPP_NRT,,
31.95715,72.32211,332.65,0.33,0.56,2026-09-24,907,N,VIIRS,n,2.0NRT,298.41,2.25,D,VIIRS_SNPP_NRT,,
28.95065,78.80548,300.9,0.56,0.69,2026-09-24,1947,N,VIIRS,n,2.0NRT,288.86,1.19,N,VIIRS_SNPP_NRT,,
30.44554,70.56752,309.15,0.45,0.39,2026-09-24,2127,N,VIIRS,n,2.0NRT,296.68,1.09,N,VIIRS_SNPP_NRT,,
31.25717,76.925,299.91,0.62,0.54,2026-09-24,2127,N,VIIRS,n,2.0NRT,288.57,1.42,N,VIIRS_SNPP_NRT,,
31.2576,76.92658,303.12,0.62,0.54,2026-09-24,2127,N,VIIRS,n,2.0NRT,289.33,1.14,N,VIIRS_SNPP_NRT,,
24.66125,74.63567,305.73,0.63,0.54,2026-09-24,2129,N,VIIRS,n,2.0NRT,293.44,2.49,N,VIIRS_SNPP_NRT,,
24.6881,73.00338,307.14,0.5,0.49,2026-09-24,2129,N,VIIRS,n,2.0NRT,296.09,2.03,N,VIIRS_SNPP_NRT,,
24.93318,74.63246,305.64,0.62,0.54,2026-09-24,2129,N,VIIRS,n,2.0NRT,293.87,1.39,N,VIIRS_SNPP_NRT,,
25.38898,68.58176,326.54,0.43,0.38,2026-09-24,2129,N,VIIRS,n,2.0NRT,297.82,1.68,N,VIIRS_SNPP_NRT,,
26.2579,74.09552,306.96,0.54,0.51,2026-09-24,2129,N,VIIRS,n,2.0NRT,296.36,1.25,N,VIIRS_SNPP_NRT,,
26.8735,73.51535,308.27,0.48,0.48,2026-09-24,2129,N,VIIRS,n,2.0NRT,297.2,1.63,N,VIIRS_SNPP_NRT,,
27.28851,73.84077,307.27,0.5,0.49,2026-09-24,2129,N,VIIRS,n,2.0NRT,297.27,0.95,N,VIIRS_SNPP_NRT,,
27.66774,76.12987,305.27,0.33,0.55,2026-09-24,2129,N,VIIRS,n,2.0NRT,294.62,1.31,N,VIIRS_SNPP_NRT,,
27.96909,69.80941,315.64,0.45,0.39,2026-09-24,2129,N,VIIRS,n,2.0NRT,298.9,1.9,N,VIIRS_SNPP_NRT,,
28.05213,69.37067,331.01,0.43,0.38,2026-09-24,2129,N,VIIRS,n,2.0NRT,299.93,2.38,N,VIIRS_SNPP_NRT,,
28.42522,69.69991,319.92,0.44,0.38,2026-09-24,2129,N,VIIRS,n,2.0NRT,298.7,2.15,N,VIIRS_SNPP_NRT,,
28.56227,77.55989,301.04,0.38,0.59,2026-09-24,2129,N,VIIRS,n,2.0NRT,290.21,0.73,N,VIIRS_SNPP_NRT,,
28.56323,77.55599,302.02,0.38,0.59,2026-09-24,2129,N,VIIRS,n,2.0NRT,290.87,0.73,N,VIIRS_SNPP_NRT,,
28.5668,77.55826,301.95,0.38,0.59,2026-09-24,2129,N,VIIRS,n,2.0NRT,290.25,1.16,N,VIIRS_SNPP_NRT,,
28.56773,77.55437,302.28,0.38,0.59,2026-09-24,2129,N,VIIRS,n,2.0NRT,290.83,1.39,N,VIIRS_SNPP_NRT,,
28.56854,77.55767,299.95,0.38,0.59,2026-09-24,2129,N,VIIRS,n,2.0NRT,289.8,0.73,N,VIIRS_SNPP_NRT,,
28.56959,77.54662,300.79,0.38,0.59,2026-09-24,2129,N,VIIRS,n,2.0NRT,290.16,1.05,N,VIIRS_SNPP_NRT,,
16.64768,74.30985,298.3,0.43,0.62,2026-09-24,2131,N,VIIRS,n,2.0NRT,285.59,0.62,N,VIIRS_SNPP_NRT,,
18.68225,73.03543,312.15,0.33,0.55,2026-09-24,2131,N,VIIRS,n,2.0NRT,292.48,1.9,N,VIIRS_SNPP_NRT,,
18.68353,73.0293,308.32,0.33,0.55,2026-09-24,2131,N,VIIRS,n,2.0NRT,292.15,2.26,N,VIIRS_SNPP_NRT,,
18.68571,73.92046,303.31,0.37,0.58,2026-09-24,2131,N,VIIRS,n,2.0NRT,277.91,0.55,N,VIIRS_SNPP_NRT,,
18.68643,73.917,295.97,0.37,0.58,2026-09-24,2131,N,VIIRS,n,2.0NRT,278.51,0.55,N,VIIRS_SNPP_NRT,,
18.68887,73.92072,311.38,0.37,0.58,2026-09-24,2131,N,VIIRS,n,2.0NRT,276.38,0.76,N,VIIRS_SNPP_NRT,,
18.68962,73.91727,301.29,0.37,0.58,2026-09-24,2131,N,VIIRS,n,2.0NRT,277.47,0.76,N,VIIRS_SNPP_NRT,,
18.69103,73.92159,302.65,0.37,0.58,2026-09-24,2131,N,VIIRS,n,2.0NRT,276.62,0.33,N,VIIRS_SNPP_NRT,,
18.69121,73.84142,309.11,0.37,0.58,2026-09-24,2131,N,VIIRS,n,2.0NRT,288.33,0.96,N,VIIRS_SNPP_NRT,,
18.69164,73.04081,308.78,0.33,0.55,2026-09-24,2131,N,VIIRS,n,2.0NRT,292.65,1.49,N,VIIRS_SNPP_NRT,,
18.69176,73.91814,296.15,0.37,0.58,2026-09-24,2131,N,VIIRS,n,2.0NRT,277.41,0.33,N,VIIRS_SNPP_NRT,,
18.85483,72.92818,309.94,0.32,0.54,2026-09-24,2131,N,VIIRS,n,2.0NRT,291.55,1.68,N,VIIRS_SNPP_NRT,,
18.85539,72.92547,306.18,0.32,0.54,2026-09-24,2131,N,VIIRS,n,2.0NRT,291.76,3.58,N,VIIRS_SNPP_NRT,,
18.85981,72.92925,318.23,0.32,0.54,2026-09-24,2131,N,VIIRS,n,2.0NRT,290.75,1.68,N,VIIRS_SNPP_NRT,,
18.86038,72.92651,314.22,0.32,0.54,2026-09-24,2131,N,VIIRS,n,2.0NRT,289.68,3.58,N,VIIRS_SNPP_NRT,,
21.10195,72.63409,337.04,0.55,0.51,2026-09-24,2131,N,VIIRS,n,2.0NRT,295.58,8.93,N,VIIRS_SNPP_NRT,,
21.10445,72.64579,344.67,0.55,0.51,2026-09-24,2131,N,VIIRS,n,2.0NRT,296.21,8.79,N,VIIRS_SNPP_NRT,,
21.10911,72.6469,309.38,0.55,0.51,2026-09-24,2131,N,VIIRS,n,2.0NRT,296.05,1.66,N,VIIRS_SNPP_NRT,,
21.11128,72.63631,313.0,0.55,0.51,2026-09-24,2131,N,VIIRS,n,2.0NRT,296.1,2.0,N,VIIRS_SNPP_NRT,,
22.26537,75.13546,299.83,0.38,0.58,2026-09-24,2131,N,VIIRS,n,2.0NRT,276.47,0.46,N,VIIRS_SNPP_NRT,,
22.41552,69.03941,318.58,0.49,0.4,2026-09-24,2131,N,VIIRS,n,2.0NRT,297.47,2.82,N,VIIRS_SNPP_NRT,,
22.93426,69.69944,316.17,0.52,0.41,2026-09-24,2131,N,VIIRS,n,2.0NRT,298.09,2.33,N,VIIRS_SNPP_NRT,,
8.827,80.47156,331.16,0.57,0.52,2026-09-25,839,N,VIIRS,n,2.0NRT,284.87,2.07,D,VIIRS_SNPP_NRT,,
9.45303,80.50822,330.82,0.59,0.53,2026-09-25,839,N,VIIRS,n,2.0NRT,275.39,4.94,D,VIIRS_SNPP_NRT,,
18.85814,72.92683,346.9,0.42,0.38,2026-09-25,843,N,VIIRS,n,2.0NRT,299.88,7.12,D,VIIRS_SNPP_NRT,,
18.85949,72.92673,344.8,0.42,0.38,2026-09-25,843,N,VIIRS,n,2.0NRT,298.95,9.86,D,VIIRS_SNPP_NRT,,
19.37117,71.35272,331.61,0.39,0.36,2026-09-25,843,N,VIIRS,n,2.0NRT,296.42,2.68,D,VIIRS_SNPP_NRT,,
21.10218,72.63695,344.92,0.43,0.38,2026-09-25,843,N,VIIRS,n,2.0NRT,299.83,13.62,D,VIIRS_SNPP_NRT,,
21.10332,72.64526,337.71,0.43,0.38,2026-09-25,843,N,VIIRS,n,2.0NRT,299.43,5.22,D,VIIRS_SNPP_NRT,,
21.10682,72.64472,340.35,0.43,0.38,2026-09-25,843,N,VIIRS,n,2.0NRT,300.65,5.22,D,VIIRS_SNPP_NRT,,
21.10739,72.64888,331.22,0.43,0.38,2026-09-25,843,N,VIIRS,n,2.0NRT,301.17,5.85,D,VIIRS_SNPP_NRT,,
22.4154,69.03798,334.03,0.39,0.36,2026-09-25,843,N,VIIRS,l,2.0NRT,306.42,2.44,D,VIIRS_SNPP_NRT,,
22.63914,70.98642,336.2,0.4,0.37,2026-09-25,843,N,VIIRS,n,2.0NRT,305.91,2.26,D,VIIRS_SNPP_NRT,,
22.81862,69.40572,333.34,0.38,0.36,2026-09-25,843,N,VIIRS,l,2.0NRT,306.13,1.51,D,VIIRS_SNPP_NRT,,
22.91547,69.46451,339.5,0.38,0.36,2026-09-25,843,N,VIIRS,n,2.0NRT,309.0,2.71,D,VIIRS_SNPP_NRT,,
22.9343,69.69837,340.18,0.38,0.36,2026-09-25,843,N,VIIRS,l,2.0NRT,311.09,3.01,D,VIIRS_SNPP_NRT,,
24.80536,68.0305,349.09,0.39,0.36,2026-09-25,843,N,VIIRS,n,2.0NRT,312.39,10.75,D,VIIRS_SNPP_NRT,,
25.38737,68.58424,334.87,0.38,0.36,2026-09-25,843,N,VIIRS,l,2.0NRT,309.41,3.55,D,VIIRS_SNPP_NRT,,
25.44307,68.81224,342.55,0.38,0.36,2026-09-25,843,N,VIIRS,n,2.0NRT,309.66,2.2,D,VIIRS_SNPP_NRT,,
25.89901,69.13904,343.38,0.38,0.36,2026-09-25,845,N,VIIRS,n,2.0NRT,310.56,2.91,D,VIIRS_SNPP_NRT,,
26.09311,68.87909,341.79,0.38,0.36,2026-09-25,845,N,VIIRS,n,2.0NRT,312.97,3.95,D,VIIRS_SNPP_NRT,,
27.63685,68.38641,340.24,0.38,0.36,2026-09-25,845,N,VIIRS,l,2.0NRT,314.95,10.91,D,VIIRS_SNPP_NRT,,
27.64015,68.38577,336.47,0.38,0.36,2026-09-25,845,N,VIIRS,l,2.0NRT,309.75,10.91,D,VIIRS_SNPP_NRT,,
27.95575,68.99874,349.28,0.39,0.36,2026-09-25,845,N,VIIRS,n,2.0NRT,315.4,9.61,D,VIIRS_SNPP_NRT,,
27.95642,68.93423,335.96,0.39,0.36,2026-09-25,845,N,VIIRS,l,2.0NRT,309.31,3.78,D,VIIRS_SNPP_NRT,,
27.95907,68.99812,342.66,0.39,0.36,2026-09-25,845,N,VIIRS,n,2.0NRT,312.33,4.17,D,VIIRS_SNPP_NRT,,
27.95973,68.9336,344.85,0.39,0.36,2026-09-25,845,N,VIIRS,n,2.0NRT,311.27,3.78,D,VIIRS_SNPP_NRT,,
28.05119,69.37002,339.43,0.39,0.36,2026-09-25,845,N,VIIRS,n,2.0NRT,310.78,5.26,D,VIIRS_SNPP_NRT,,
28.70542,68.19757,348.9,0.38,0.36,2026-09-25,845,N,VIIRS,n,2.0NRT,316.91,6.57,D,VIIRS_SNPP_NRT,,
28.70812,68.19302,348.69,0.38,0.36,2026-09-25,845,N,VIIRS,n,2.0NRT,315.23,6.57,D,VIIRS_SNPP_NRT,,
28.70872,68.19693,349.26,0.38,0.36,2026-09-25,845,N,VIIRS,n,2.0NRT,315.09,6.57,D,VIIRS_SNPP_NRT,,
29.29394,70.85114,334.52,0.44,0.38,2026-09-25,845,N,VIIRS,l,2.0NRT,306.36,2.33,D,VIIRS_SNPP_NRT,,
30.03165,70.04826,330.88,0.42,0.37,2026-09-25,845,N,VIIRS,l,2.0NRT,302.31,1.86,D,VIIRS_SNPP_NRT,,
30.48063,73.84875,332.95,0.42,0.45,2026-09-25,845,N,VIIRS,n,2.0NRT,298.25,3.2,D,VIIRS_SNPP_NRT,,
30.59908,73.84174,330.57,0.42,0.45,2026-09-25,845,N,VIIRS,n,2.0NRT,297.36,3.7,D,VIIRS_SNPP_NRT,,
30.90686,74.29704,334.8,0.45,0.47,2026-09-25,845,N,VIIRS,n,2.0NRT,297.76,6.34,D,VIIRS_SNPP_NRT,,
30.98903,74.22572,353.75,0.44,0.46,2026-09-25,845,N,VIIRS,n,2.0NRT,298.5,8.88,D,VIIRS_SNPP_NRT,,
30.99237,74.21578,338.98,0.44,0.46,2026-09-25,845,N,VIIRS,n,2.0NRT,298.16,7.53,D,VIIRS_SNPP_NRT,,
30.99333,74.22515,356.64,0.44,0.46,2026-09-25,845,N,VIIRS,n,2.0NRT,298.57,18.51,D,VIIRS_SNPP_NRT,,
31.02277,74.15141,340.22,0.44,0.46,2026-09-25,845,N,VIIRS,n,2.0NRT,297.36,5.3,D,VIIRS_SNPP_NRT,,
31.02512,74.15469,341.16,0.44,0.46,2026-09-25,845,N,VIIRS,n,2.0NRT,297.96,4.73,D,VIIRS_SNPP_NRT,,
31.54101,74.60007,340.38,0.47,0.48,2026-09-25,845,N,VIIRS,n,2.0NRT,295.34,4.18,D,VIIRS_SNPP_NRT,,
31.83136,74.74836,331.93,0.49,0.48,2026-09-25,845,N,VIIRS,n,2.0NRT,299.0,2.36,D,VIIRS_SNPP_NRT,,
31.83345,74.7467,330.63,0.49,0.48,2026-09-25,845,N,VIIRS,n,2.0NRT,298.5,2.6,D,VIIRS_SNPP_NRT,,
31.87156,73.98345,343.13,0.44,0.46,2026-09-25,845,N,VIIRS,n,2.0NRT,297.44,7.15,D,VIIRS_SNPP_NRT,,
20.96703,86.00244,297.6,0.32,0.55,2026-09-25,1932,N,VIIRS,n,2.0NRT,282.59,1.53,N,VIIRS_SNPP_NRT,,
20.9944,86.01208,297.18,0.32,0.55,2026-09-25,1932,N,VIIRS,n,2.0NRT,282.48,0.9,N,VIIRS_SNPP_NRT,,
20.9995,86.01266,305.64,0.32,0.55,2026-09-25,1932,N,VIIRS,n,2.0NRT,284.19,0.9,N,VIIRS_SNPP_NRT,,
22.63026,86.17858,302.91,0.33,0.55,2026-09-25,1932,N,VIIRS,n,2.0NRT,286.99,1.15,N,VIIRS_SNPP_NRT,,
23.63118,86.29478,298.8,0.33,0.56,2026-09-25,1932,N,VIIRS,n,2.0NRT,284.23,0.91,N,VIIRS_SNPP_NRT,,
23.77252,86.19855,299.03,0.34,0.56,2026-09-25,1932,N,VIIRS,n,2.0NRT,284.83,1.54,N,VIIRS_SNPP_NRT,,
26.87246,73.51851,309.67,0.42,0.38,2026-09-25,2110,N,VIIRS,n,2.0NRT,297.04,1.2,N,VIIRS_SNPP_NRT,,
26.87664,73.51504,312.01,0.42,0.38,2026-09-25,2110,N,VIIRS,n,2.0NRT,296.95,2.11,N,VIIRS_SNPP_NRT,,
26.92624,73.46744,308.67,0.42,0.38,2026-09-25,2110,N,VIIRS,n,2.0NRT,297.15,1.04,N,VIIRS_SNPP_NRT,,
27.66809,76.13132,308.5,0.53,0.42,2026-09-25,2110,N,VIIRS,n,2.0NRT,294.89,2.38,N,VIIRS_SNPP_NRT,,
28.03895,69.67249,313.73,0.4,0.37,2026-09-25,2110,N,VIIRS,n,2.0NRT,299.36,1.2,N,VIIRS_SNPP_NRT,,
28.05194,69.36729,331.34,0.41,0.37,2026-09-25,2110,N,VIIRS,n,2.0NRT,299.21,2.01,N,VIIRS_SNPP_NRT,,
28.32293,77.21977,309.11,0.4,0.44,2026-09-25,2110,N,VIIRS,n,2.0NRT,292.13,0.61,N,VIIRS_SNPP_NRT,,
28.34614,77.23,308.85,0.4,0.44,2026-09-25,2110,N,VIIRS,n,2.0NRT,291.76,0.7,N,VIIRS_SNPP_NRT,,
28.42542,69.70148,318.43,0.4,0.37,2026-09-25,2110,N,VIIRS,n,2.0NRT,297.81,1.68,N,VIIRS_SNPP_NRT,,
30.61551,74.2737,309.52,0.41,0.37,2026-09-25,2110,N,VIIRS,n,2.0NRT,294.36,0.73,N,VIIRS_SNPP_NRT,,
30.81182,76.01755,306.55,0.47,0.4,2026-09-25,2110,N,VIIRS,n,2.0NRT,293.34,1.26,N,VIIRS_SNPP_NRT,,
31.25997,76.92519,301.61,0.51,0.41,2026-09-25,2110,N,VIIRS,n,2.0NRT,289.02,0.93,N,VIIRS_SNPP_NRT,,
31.41337,73.07374,312.25,0.39,0.36,2026-09-25,2110,N,VIIRS,n,2.0NRT,295.38,1.39,N,VIIRS_SNPP_NRT,,
20.90922,71.4587,314.09,0.41,0.37,2026-09-25,2112,N,VIIRS,n,2.0NRT,289.64,1.26,N,VIIRS_SNPP_NRT,,
21.10477,72.65004,302.08,0.45,0.39,2026-09-25,2112,N,VIIRS,n,2.0NRT,279.51,1.09,N,VIIRS_SNPP_NRT,,
21.10909,72.64645,301.06,0.45,0.39,2026-09-25,2112,N,VIIRS,n,2.0NRT,279.44,1.12,N,VIIRS_SNPP_NRT,,
22.3375,69.86721,309.72,0.38,0.36,2026-09-25,2112,N,VIIRS,n,2.0NRT,299.49,2.07,N,VIIRS_SNPP_NRT,,
22.33927,69.85606,315.73,0.38,0.36,2026-09-25,2112,N,VIIRS,n,2.0NRT,300.93,2.53,N,VIIRS_SNPP_NRT,,
22.41635,69.03768,313.79,0.39,0.36,2026-09-25,2112,N,VIIRS,n,2.0NRT,296.54,1.83,N,VIIRS_SNPP_NRT,,
22.43056,69.83376,308.34,0.38,0.36,2026-09-25,2112,N,VIIRS,n,2.0NRT,297.18,0.72,N,VIIRS_SNPP_NRT,,
22.93252,69.70126,317.92,0.38,0.36,2026-09-25,2112,N,VIIRS,n,2.0NRT,295.28,1.0,N,VIIRS_SNPP_NRT,,
22.9331,69.69752,307.6,0.38,0.36,2026-09-25,2112,N,VIIRS,n,2.0NRT,295.95,1.0,N,VIIRS_SNPP_NRT,,
23.16928,70.21937,308.3,0.38,0.36,2026-09-25,2112,N,VIIRS,n,2.0NRT,298.0,1.32,N,VIIRS_SNPP_NRT,,
23.25704,70.26257,312.33,0.38,0.36,2026-09-25,2112,N,VIIRS,n,2.0NRT,297.51,1.11,N,VIIRS_SNPP_NRT,,
23.26816,70.25694,307.43,0.38,0.36,2026-09-25,2112,N,VIIRS,n,2.0NRT,297.25,1.18,N,VIIRS_SNPP_NRT,,
23.31582,70.48887,309.64,0.39,0.36,2026-09-25,2112,N,VIIRS,n,2.0NRT,298.28,1.01,N,VIIRS_SNPP_NRT,,
24.65789,73.87594,305.65,0.46,0.39,2026-09-25,2112,N,VIIRS,n,2.0NRT,294.23,1.13,N,VIIRS_SNPP_NRT,,
24.69133,73.00352,312.34,0.43,0.38,2026-09-25,2112,N,VIIRS,n,2.0NRT,297.42,2.04,N,VIIRS_SNPP_NRT,,
24.82137,73.09346,315.8,0.43,0.38,2026-09-25,2112,N,VIIRS,n,2.0NRT,298.85,2.14,N,VIIRS_SNPP_NRT,,
25.38762,68.58422,319.01,0.41,0.37,2026-09-25,2112,N,VIIRS,n,2.0NRT,297.68,0.88,N,VIIRS_SNPP_NRT,,
26.09386,68.87967,309.59,0.41,0.37,2026-09-25,2112,N,VIIRS,n,2.0NRT,298.3,0.82,N,VIIRS_SNPP_NRT,,
15.89755,75.4159,295.59,0.52,0.5,2026-09-25,2114,N,VIIRS,n,2.0NRT,271.19,0.68,N,VIIRS_SNPP_NRT,,
18.68107,73.03566,308.87,0.5,0.41,2026-09-25,2114,N,VIIRS,n,2.0NRT,295.23,2.95,N,VIIRS_SNPP_NRT,,
18.68396,73.04115,309.64,0.5,0.41,2026-09-25,2114,N,VIIRS,n,2.0NRT,294.91,3.04,N,VIIRS_SNPP_NRT,,
18.68566,73.03166,312.27,0.5,0.41,2026-09-25,2114,N,VIIRS,n,2.0NRT,295.15,3.63,N,VIIRS_SNPP_NRT,,
18.69145,73.04265,306.07,0.5,0.41,2026-09-25,2114,N,VIIRS,n,2.0NRT,294.5,1.98,N,VIIRS_SNPP_NRT,,
19.17751,70.94781,306.54,0.41,0.37,2026-09-25,2114,N,VIIRS,n,2.0NRT,284.79,0.8,N,VIIRS_SNPP_NRT,,
20.8686,70.56738,305.22,0.39,0.36,2026-09-25,2114,N,VIIRS,n,2.0NRT,294.89,1.28,N,VIIRS_SNPP_NRT,,
8.04721,81.10938,332.15,0.47,0.39,2026-09-26,820,N,VIIRS,n,2.0NRT,300.33,1.4,D,VIIRS_SNPP_NRT,,
8.05154,81.19128,335.2,0.47,0.4,2026-09-26,820,N,VIIRS,n,2.0NRT,302.35,1.88,D,VIIRS_SNPP_NRT,,
8.06627,79.83,341.02,0.41,0.37,2026-09-26,820,N,VIIRS,n,2.0NRT,298.2,4.58,D,VIIRS_SNPP_NRT,,
8.06971,79.82949,344.96,0.41,0.37,2026-09-26,820,N,VIIRS,n,2.0NRT,298.59,4.58,D,VIIRS_SNPP_NRT,,
8.08943,80.14479,345.0,0.42,0.38,2026-09-26,820,N,VIIRS,n,2.0NRT,299.28,7.33,D,VIIRS_SNPP_NRT,,
8.13132,80.4253,332.63,0.44,0.38,2026-09-26,820,N,VIIRS,n,2.0NRT,299.45,2.49,D,VIIRS_SNPP_NRT,,
8.13188,80.06008,341.63,0.42,0.38,2026-09-26,820,N,VIIRS,n,2.0NRT,300.9,6.16,D,VIIRS_SNPP_NRT,,
8.15421,80.13925,347.23,0.43,0.38,2026-09-26,820,N,VIIRS,n,2.0NRT,300.48,6.77,D,VIIRS_SNPP_NRT,,
8.21565,79.84959,331.71,0.42,0.37,2026-09-26,820,N,VIIRS,n,2.0NRT,296.4,2.1,D,VIIRS_SNPP_NRT,,
8.22925,81.3652,337.48,0.48,0.4,2026-09-26,820,N,VIIRS,n,2.0NRT,301.55,7.68,D,VIIRS_SNPP_NRT,,
8.24794,80.33587,342.14,0.43,0.38,2026-09-26,820,N,VIIRS,n,2.0NRT,301.54,3.71,D,VIIRS_SNPP_NRT,,
8.31357,80.19846,330.11,0.43,0.38,2026-09-26,820,N,VIIRS,l,2.0NRT,301.56,1.61,D,VIIRS_SNPP_NRT,,
8.33309,81.2843,339.57,0.48,0.4,2026-09-26,820,N,VIIRS,n,2.0NRT,300.19,4.9,D,VIIRS_SNPP_NRT,,
8.34889,80.75578,332.59,0.45,0.39,2026-09-26,820,N,VIIRS,l,2.0NRT,302.7,2.59,D,VIIRS_SNPP_NRT,,
8.44949,80.38377,332.06,0.44,0.38,2026-09-26,820,N,VIIRS,l,2.0NRT,302.32,2.76,D,VIIRS_SNPP_NRT,,
8.45074,80.51398,345.46,0.44,0.39,2026-09-26,820,N,VIIRS,n,2.0NRT,304.56,4.71,D,VIIRS_SNPP_NRT,,
8.46126,80.41443,339.22,0.44,0.38,2026-09-26,820,N,VIIRS,n,2.0NRT,303.21,17.82,D,VIIRS_SNPP_NRT,,
8.46444,80.41406,351.5,0.44,0.38,2026-09-26,820,N,VIIRS,n,2.0NRT,309.77,28.85,D,VIIRS_SNPP_NRT,,
8.46479,80.41391,350.84,0.44,0.38,2026-09-26,820,N,VIIRS,n,2.0NRT,309.67,17.82,D,VIIRS_SNPP_NRT,,
8.46502,80.41805,335.34,0.44,0.38,2026-09-26,820,N,VIIRS,n,2.0NRT,301.11,28.85,D,VIIRS_SNPP_NRT,,
8.46539,80.41789,336.21,0.44,0.38,2026-09-26,820,N,VIIRS,n,2.0NRT,302.58,17.82,D,VIIRS_SNPP_NRT,,
8.48319,80.44394,338.09,0.44,0.38,2026-09-26,820,N,VIIRS,n,2.0NRT,302.07,3.71,D,VIIRS_SNPP_NRT,,
8.48733,80.76205,338.32,0.45,0.39,2026-09-26,820,N,VIIRS,n,2.0NRT,306.28,3.86,D,VIIRS_SNPP_NRT,,
8.50295,80.25905,333.04,0.43,0.38,2026-09-26,820,N,VIIRS,n,2.0NRT,301.42,3.07,D,VIIRS_SNPP_NRT,,
8.50597,80.55125,339.53,0.45,0.39,2026-09-26,820,N,VIIRS,n,2.0NRT,302.99,4.41,D,VIIRS_SNPP_NRT,,
8.51433,80.50891,331.68,0.44,0.39,2026-09-26,820,N,VIIRS,l,2.0NRT,304.27,3.3,D,VIIRS_SNPP_NRT,,
8.54566,80.37782,336.36,0.44,0.38,2026-09-26,820,N,VIIRS,n,2.0NRT,302.02,3.51,D,VIIRS_SNPP_NRT,,
8.59441,80.44006,333.3,0.44,0.38,2026-09-26,820,N,VIIRS,l,2.0NRT,304.19,1.76,D,VIIRS_SNPP_NRT,,
8.59794,80.43954,335.07,0.44,0.38,2026-09-26,820,N,VIIRS,n,2.0NRT,304.18,1.76,D,VIIRS_SNPP_NRT,,
8.60856,80.43797,337.5,0.44,0.38,2026-09-26,822,N,VIIRS,n,2.0NRT,303.68,1.87,D,VIIRS_SNPP_NRT,,
8.65574,80.34158,332.17,0.44,0.38,2026-09-26,822,N,VIIRS,l,2.0NRT,304.13,1.77,D,VIIRS_SNPP_NRT,,
8.67783,80.34644,347.28,0.44,0.38,2026-09-26,822,N,VIIRS,n,2.0NRT,303.3,2.44,D,VIIRS_SNPP_NRT,,
8.69252,80.34837,339.46,0.44,0.38,2026-09-26,822,N,VIIRS,n,2.0NRT,305.41,3.07,D,VIIRS_SNPP_NRT,,
8.69456,80.65285,338.83,0.45,0.39,2026-09-26,822,N,VIIRS,n,2.0NRT,304.89,15.53,D,VIIRS_SNPP_NRT,,
8.69605,80.34785,336.23,0.44,0.38,2026-09-26,822,N,VIIRS,n,2.0NRT,303.41,3.5,D,VIIRS_SNPP_NRT,,
8.69862,80.60626,335.67,0.45,0.39,2026-09-26,822,N,VIIRS,n,2.0NRT,302.21,3.73,D,VIIRS_SNPP_NRT,,
8.70809,78.06082,348.23,0.38,0.36,2026-09-26,822,N,VIIRS,n,2.0NRT,306.85,9.22,D,VIIRS_SNPP_NRT,,
8.71679,80.70417,341.23,0.45,0.39,2026-09-26,822,N,VIIRS,n,2.0NRT,304.37,4.12,D,VIIRS_SNPP_NRT,,
8.72966,80.70682,336.1,0.45,0.39,2026-09-26,822,N,VIIRS,n,2.0NRT,302.94,3.08,D,VIIRS_SNPP_NRT,,
8.76618,80.78199,340.33,0.46,0.39,2026-09-26,822,N,VIIRS,n,2.0NRT,303.94,14.5,D,VIIRS_SNPP_NRT,,
8.76678,80.78616,337.53,0.46,0.39,2026-09-26,822,N,VIIRS,n,2.0NRT,303.78,15.19,D,VIIRS_SNPP_NRT,,
8.76885,80.27734,330.0,0.44,0.38,2026-09-26,822,N,VIIRS,l,2.0NRT,302.52,2.31,D,VIIRS_SNPP_NRT,,
8.76892,80.28036,332.67,0.44,0.38,2026-09-26,822,N,VIIRS,l,2.0NRT,304.11,2.48,D,VIIRS_SNPP_NRT,,
8.76978,80.78146,345.46,0.46,0.39,2026-09-26,822,N,VIIRS,n,2.0NRT,306.69,14.5,D,VIIRS_SNPP_NRT,,
8.77038,80.78564,339.43,0.46,0.39,2026-09-26,822,N,VIIRS,n,2.0NRT,306.11,15.19,D,VIIRS_SNPP_NRT,,
8.77084,80.21663,332.71,0.43,0.38,2026-09-26,822,N,VIIRS,n,2.0NRT,301.08,2.44,D,VIIRS_SNPP_NRT,,
8.77263,80.54986,338.64,0.45,0.39,2026-09-26,822,N,VIIRS,n,2.0NRT,306.65,7.21,D,VIIRS_SNPP_NRT,,
8.80935,80.50854,333.97,0.45,0.39,2026-09-26,822,N,VIIRS,l,2.0NRT,305.13,2.66,D,VIIRS_SNPP_NRT,,
8.82292,80.20491,337.0,0.43,0.38,2026-09-26,822,N,VIIRS,n,2.0NRT,303.03,2.93,D,VIIRS_SNPP_NRT,,
8.84194,80.53271,334.28,0.45,0.39,2026-09-26,822,N,VIIRS,n,2.0NRT,303.46,3.67,D,VIIRS_SNPP_NRT,,
8.84936,80.86556,331.58,0.46,0.39,2026-09-26,822,N,VIIRS,l,2.0NRT,304.15,3.25,D,VIIRS_SNPP_NRT,,
8.87714,80.85292,343.01,0.46,0.39,2026-09-26,822,N,VIIRS,n,2.0NRT,306.23,5.87,D,VIIRS_SNPP_NRT,,
8.88012,80.74567,334.34,0.46,0.39,2026-09-26,822,N,VIIRS,n,2.0NRT,302.8,1.59,D,VIIRS_SNPP_NRT,,
8.89633,79.94752,337.54,0.42,0.38,2026-09-26,822,N,VIIRS,n,2.0NRT,303.06,3.11,D,VIIRS_SNPP_NRT,,
8.92074,80.89837,332.33,0.47,0.39,2026-09-26,822,N,VIIRS,l,2.0NRT,303.88,2.6,D,VIIRS_SNPP_NRT,,
8.92887,80.7769,348.6,0.46,0.39,2026-09-26,822,N,VIIRS,n,2.0NRT,305.6,8.08,D,VIIRS_SNPP_NRT,,
8.93248,80.77637,335.15,0.46,0.39,2026-09-26,822,N,VIIRS,l,2.0NRT,306.12,2.33,D,VIIRS_SNPP_NRT,,
8.93734,80.52304,339.99,0.45,0.39,2026-09-26,822,N,VIIRS,n,2.0NRT,305.29,6.02,D,VIIRS_SNPP_NRT,,
8.9495,80.8167,339.97,0.46,0.39,2026-09-26,822,N,VIIRS,n,2.0NRT,306.62,2.76,D,VIIRS_SNPP_NRT,,
8.9501,80.81703,340.52,0.46,0.39,2026-09-26,822,N,VIIRS,n,2.0NRT,307.34,2.51,D,VIIRS_SNPP_NRT,,
8.95978,80.78133,348.72,0.46,0.39,2026-09-26,822,N,VIIRS,n,2.0NRT,307.79,6.65,D,VIIRS_SNPP_NRT,,
9.01053,80.87718,336.56,0.47,0.39,2026-09-26,822,N,VIIRS,n,2.0NRT,306.37,3.71,D,VIIRS_SNPP_NRT,,
9.01655,80.59075,337.56,0.45,0.39,2026-09-26,822,N,VIIRS,n,2.0NRT,303.31,7.77,D,VIIRS_SNPP_NRT,,
9.04259,80.69253,335.2,0.46,0.39,2026-09-26,822,N,VIIRS,n,2.0NRT,303.32,3.58,D,VIIRS_SNPP_NRT,,
9.04417,80.69297,336.52,0.46,0.39,2026-09-26,822,N,VIIRS,n,2.0NRT,304.91,2.79,D,VIIRS_SNPP_NRT,,
9.07893,80.32974,340.46,0.44,0.38,2026-09-26,822,N,VIIRS,n,2.0NRT,306.14,9.13,D,VIIRS_SNPP_NRT,,
9.11186,80.3127,332.35,0.44,0.38,2026-09-26,822,N,VIIRS,l,2.0NRT,305.07,1.22,D,VIIRS_SNPP_NRT,,
9.12074,80.29913,330.14,0.44,0.38,2026-09-26,822,N,VIIRS,l,2.0NRT,304.56,0.88,D,VIIRS_SNPP_NRT,,
9.2195,80.3095,331.36,0.44,0.38,2026-09-26,822,N,VIIRS,l,2.0NRT,303.84,1.47,D,VIIRS_SNPP_NRT,,
9.26248,80.82026,333.53,0.47,0.39,2026-09-26,822,N,VIIRS,l,2.0NRT,305.18,3.0,D,VIIRS_SNPP_NRT,,
9.33925,80.31741,339.36,0.44,0.39,2026-09-26,822,N,VIIRS,n,2.0NRT,304.43,5.66,D,VIIRS_SNPP_NRT,,
9.34028,78.68941,344.93,0.39,0.36,2026-09-26,822,N,VIIRS,n,2.0NRT,307.78,4.35,D,VIIRS_SNPP_NRT,,
9.34061,76.8941,331.55,0.39,0.36,2026-09-26,822,N,VIIRS,n,2.0NRT,299.64,3.41,D,VIIRS_SNPP_NRT,,
9.37735,80.71078,345.5,0.46,0.39,2026-09-26,822,N,VIIRS,n,2.0NRT,308.52,6.37,D,VIIRS_SNPP_NRT,,
9.37794,80.71499,332.25,0.46,0.39,2026-09-26,822,N,VIIRS,n,2.0NRT,298.52,6.37,D,VIIRS_SNPP_NRT,,
9.38405,80.60314,338.56,0.46,0.39,2026-09-26,822,N,VIIRS,n,2.0NRT,307.7,7.86,D,VIIRS_SNPP_NRT,,
9.39037,77.61286,337.98,0.38,0.36,2026-09-26,822,N,VIIRS,n,2.0NRT,307.86,2.75,D,VIIRS_SNPP_NRT,,
9.43486,78.68918,337.44,0.39,0.36,2026-09-26,822,N,VIIRS,n,2.0NRT,305.28,4.32,D,VIIRS_SNPP_NRT,,
9.44371,78.42935,335.54,0.39,0.36,2026-09-26,822,N,VIIRS,l,2.0NRT,309.33,3.0,D,VIIRS_SNPP_NRT,,
9.47696,78.64985,339.91,0.39,0.36,2026-09-26,822,N,VIIRS,n,2.0NRT,308.04,7.68,D,VIIRS_SNPP_NRT,,
9.50723,77.60115,343.68,0.38,0.36,2026-09-26,822,N,VIIRS,n,2.0NRT,311.03,2.35,D,VIIRS_SNPP_NRT,,
9.54364,77.79539,346.46,0.38,0.36,2026-09-26,822,N,VIIRS,n,2.0NRT,311.06,5.38,D,VIIRS_SNPP_NRT,,
9.64229,79.87717,337.09,0.43,0.38,2026-09-26,822,N,VIIRS,n,2.0NRT,304.98,3.18,D,VIIRS_SNPP_NRT,,
9.65213,79.8956,335.5,0.43,0.38,2026-09-26,822,N,VIIRS,n,2.0NRT,305.36,1.56,D,VIIRS_SNPP_NRT,,
9.65562,79.89509,330.43,0.43,0.38,2026-09-26,822,N,VIIRS,l,2.0NRT,304.03,1.56,D,VIIRS_SNPP_NRT,,
9.66552,79.88963,338.08,0.43,0.38,2026-09-26,822,N,VIIRS,n,2.0NRT,305.13,4.69,D,VIIRS_SNPP_NRT,,
9.69224,80.07042,338.31,0.44,0.38,2026-09-26,822,N,VIIRS,n,2.0NRT,302.1,2.87,D,VIIRS_SNPP_NRT,,
9.69627,77.82104,341.06,0.38,0.36,2026-09-26,822,N,VIIRS,l,2.0NRT,314.53,8.06,D,VIIRS_SNPP_NRT,,
9.7041,77.67243,333.88,0.38,0.36,2026-09-26,822,N,VIIRS,l,2.0NRT,305.39,5.37,D,VIIRS_SNPP_NRT,,
9.70794,77.67541,343.31,0.38,0.36,2026-09-26,822,N,VIIRS,n,2.0NRT,305.63,5.37,D,VIIRS_SNPP_NRT,,
9.7139,77.27146,342.21,0.38,0.36,2026-09-26,822,N,VIIRS,n,2.0NRT,306.89,4.06,D,VIIRS_SNPP_NRT,,
9.75053,80.22606,340.47,0.44,0.39,2026-09-26,822,N,VIIRS,n,2.0NRT,304.16,4.23,D,VIIRS_SNPP_NRT,,
9.76754,77.95619,338.82,0.39,0.36,2026-09-26,822,N,VIIRS,l,2.0NRT,310.63,2.19,D,VIIRS_SNPP_NRT,,
9.80014,78.46754,339.12,0.39,0.36,2026-09-26,822,N,VIIRS,l,2.0NRT,309.9,2.63,D,VIIRS_SNPP_NRT,,
9.82869,78.27081,336.86,0.39,0.36,2026-09-26,822,N,VIIRS,n,2.0NRT,303.41,1.59,D,VIIRS_SNPP_NRT,,
9.83428,78.91562,347.16,0.4,0.37,2026-09-26,822,N,VIIRS,n,2.0NRT,309.79,7.99,D,VIIRS_SNPP_NRT,,
10.00231,78.3959,337.89,0.39,0.36,2026-09-26,822,N,VIIRS,n,2.0NRT,304.13,1.63,D,VIIRS_SNPP_NRT,,
10.07318,78.54955,334.87,0.39,0.36,2026-09-26,822,N,VIIRS,n,2.0NRT,303.97,0.59,D,VIIRS_SNPP_NRT,,
10.08131,77.55166,333.71,0.38,0.36,2026-09-26,822,N,VIIRS,l,2.0NRT,307.51,1.36,D,VIIRS_SNPP_NRT,,
10.10535,77.7984,340.96,0.39,0.36,2026-09-26,822,N,VIIRS,n,2.0NRT,304.09,5.6,D,VIIRS_SNPP_NRT,,
10.10597,78.95609,336.68,0.4,0.37,2026-09-26,822,N,VIIRS,l,2.0NRT,309.46,2.0,D,VIIRS_SNPP_NRT,,
10.29494,77.39894,331.92,0.38,0.36,2026-09-26,822,N,VIIRS,n,2.0NRT,302.86,2.92,D,VIIRS_SNPP_NRT,,
10.30704,78.57528,334.55,0.4,0.37,2026-09-26,822,N,VIIRS,l,2.0NRT,305.3,1.12,D,VIIRS_SNPP_NRT,,
10.33635,78.41594,331.75,0.39,0.36,2026-09-26,822,N,VIIRS,l,2.0NRT,305.71,1.35,D,VIIRS_SNPP_NRT,,
10.37486,79.26812,343.2,0.41,0.37,2026-09-26,822,N,VIIRS,n,2.0NRT,310.65,7.06,D,VIIRS_SNPP_NRT,,
10.435,79.22451,338.54,0.41,0.37,2026-09-26,822,N,VIIRS,n,2.0NRT,305.74,2.91,D,VIIRS_SNPP_NRT,,
10.46607,79.25027,347.44,0.41,0.37,2026-09-26,822,N,VIIRS,n,2.0NRT,310.6,5.43,D,VIIRS_SNPP_NRT,,
10.53714,77.34552,339.3,0.38,0.36,2026-09-26,822,N,VIIRS,n,2.0NRT,308.05,3.97,D,VIIRS_SNPP_NRT,,
10.54768,79.61707,341.17,0.43,0.38,2026-09-26,822,N,VIIRS,n,2.0NRT,309.96,4.71,D,VIIRS_SNPP_NRT,,
10.57782,77.92455,335.73,0.39,0.36,2026-09-26,822,N,VIIRS,l,2.0NRT,308.28,1.73,D,VIIRS_SNPP_NRT,,
10.63384,78.84853,340.95,0.4,0.37,2026-09-26,822,N,VIIRS,l,2.0NRT,312.25,5.43,D,VIIRS_SNPP_NRT,,
10.72019,79.00944,336.24,0.41,0.37,2026-09-26,822,N,VIIRS,l,2.0NRT,309.92,3.13,D,VIIRS_SNPP_NRT,,
10.78774,79.56223,337.32,0.43,0.38,2026-09-26,822,N,VIIRS,l,2.0NRT,307.92,2.89,D,VIIRS_SNPP_NRT,,
10.83539,78.67876,337.72,0.4,0.37,2026-09-26,822,N,VIIRS,n,2.0NRT,307.13,2.84,D,VIIRS_SNPP_NRT,,
10.84435,78.01187,336.25,0.39,0.36,2026-09-26,822,N,VIIRS,l,2.0NRT,307.83,1.8,D,VIIRS_SNPP_NRT,,
10.90489,79.74549,343.07,0.43,0.38,2026-09-26,822,N,VIIRS,n,2.0NRT,306.72,4.2,D,VIIRS_SNPP_NRT,,
10.94313,77.14717,333.49,0.38,0.36,2026-09-26,822,N,VIIRS,l,2.0NRT,306.36,0.62,D,VIIRS_SNPP_NRT,,
10.99091,77.61662,335.84,0.39,0.36,2026-09-26,822,N,VIIRS,l,2.0NRT,308.58,1.84,D,VIIRS_SNPP_NRT,,
11.0683,79.28805,345.74,0.42,0.38,2026-09-26,822,N,VIIRS,n,2.0NRT,308.27,5.75,D,VIIRS_SNPP_NRT,,
11.11987,76.91008,331.46,0.38,0.36,2026-09-26,822,N,VIIRS,n,2.0NRT,301.23,2.09,D,VIIRS_SNPP_NRT,,
11.13725,76.97904,339.08,0.38,0.36,2026-09-26,822,N,VIIRS,l,2.0NRT,309.78,4.62,D,VIIRS_SNPP_NRT,,
11.19537,78.07644,336.38,0.39,0.36,2026-09-26,822,N,VIIRS,l,2.0NRT,308.74,3.18,D,VIIRS_SNPP_NRT,,
11.23387,78.15085,341.42,0.39,0.36,2026-09-26,822,N,VIIRS,n,2.0NRT,306.23,3.46,D,VIIRS_SNPP_NRT,,
11.24288,79.49145,338.93,0.43,0.38,2026-09-26,822,N,VIIRS,n,2.0NRT,304.27,3.58,D,VIIRS_SNPP_NRT,,
11.24491,79.49097,337.15,0.43,0.38,2026-09-26,822,N,VIIRS,n,2.0NRT,304.82,2.4,D,VIIRS_SNPP_NRT,,
11.55692,79.57756,332.3,0.43,0.38,2026-09-26,822,N,VIIRS,l,2.0NRT,305.57,2.63,D,VIIRS_SNPP_NRT,,
11.65005,79.12338,349.0,0.42,0.37,2026-09-26,822,N,VIIRS,n,2.0NRT,310.81,6.85,D,VIIRS_SNPP_NRT,,
11.80806,77.92495,338.09,0.39,0.36,2026-09-26,822,N,VIIRS,n,2.0NRT,305.88,1.88,D,VIIRS_SNPP_NRT,,
12.12938,79.6552,333.16,0.44,0.38,2026-09-26,822,N,VIIRS,l,2.0NRT,307.02,3.52,D,VIIRS_SNPP_NRT,,
12.79066,79.92429,338.35,0.46,0.39,2026-09-26,822,N,VIIRS,n,2.0NRT,303.34,3.15,D,VIIRS_SNPP_NRT,,
12.82633,79.09394,330.51,0.43,0.38,2026-09-26,822,N,VIIRS,l,2.0NRT,304.19,2.44,D,VIIRS_SNPP_NRT,,
12.82812,78.09982,337.1,0.4,0.37,2026-09-26,822,N,VIIRS,n,2.0NRT,298.22,2.39,D,VIIRS_SNPP_NRT,,
12.83148,78.0993,331.1,0.4,0.37,2026-09-26,822,N,VIIRS,n,2.0NRT,297.6,2.04,D,VIIRS_SNPP_NRT,,
12.84197,78.52441,335.22,0.41,0.37,2026-09-26,822,N,VIIRS,n,2.0NRT,303.33,3.85,D,VIIRS_SNPP_NRT,,
12.89057,79.12044,342.29,0.43,0.38,2026-09-26,822,N,VIIRS,n,2.0NRT,301.97,3.42,D,VIIRS_SNPP_NRT,,
12.96144,80.15998,332.25,0.47,0.4,2026-09-26,822,N,VIIRS,l,2.0NRT,303.17,1.93,D,VIIRS_SNPP_NRT,,
12.96205,80.15907,330.19,0.47,0.4,2026-09-26,822,N,VIIRS,l,2.0NRT,302.72,1.93,D,VIIRS_SNPP_NRT,,
13.39185,80.10226,333.78,0.48,0.4,2026-09-26,822,N,VIIRS,l,2.0NRT,304.6,5.08,D,VIIRS_SNPP_NRT,,
13.46123,79.84966,336.2,0.46,0.39,2026-09-26,822,N,VIIRS,n,2.0NRT,302.95,2.27,D,VIIRS_SNPP_NRT,,
13.66248,79.64047,335.82,0.46,0.39,2026-09-26,822,N,VIIRS,l,2.0NRT,306.67,1.99,D,VIIRS_SNPP_NRT,,
13.73615,79.64259,331.93,0.46,0.39,2026-09-26,822,N,VIIRS,l,2.0NRT,306.16,1.37,D,VIIRS_SNPP_NRT,,
14.02246,79.93305,338.21,0.47,0.4,2026-09-26,822,N,VIIRS,n,2.0NRT,305.53,5.05,D,VIIRS_SNPP_NRT,,
14.51926,77.51309,336.92,0.39,0.36,2026-09-26,822,N,VIIRS,n,2.0NRT,295.0,2.35,D,VIIRS_SNPP_NRT,,
14.5209,77.51229,339.41,0.39,0.36,2026-09-26,822,N,VIIRS,n,2.0NRT,294.91,3.82,D,VIIRS_SNPP_NRT,,
14.66404,79.57529,337.29,0.46,0.39,2026-09-26,822,N,VIIRS,n,2.0NRT,301.02,2.52,D,VIIRS_SNPP_NRT,,
14.79062,79.70827,334.2,0.47,0.4,2026-09-26,822,N,VIIRS,n,2.0NRT,301.31,2.59,D,VIIRS_SNPP_NRT,,
15.12553,79.65835,330.98,0.47,0.4,2026-09-26,822,N,VIIRS,l,2.0NRT,301.44,2.46,D,VIIRS_SNPP_NRT,,
15.16371,76.38297,333.94,0.38,0.36,2026-09-26,822,N,VIIRS,n,2.0NRT,297.58,6.82,D,VIIRS_SNPP_NRT,,
15.34119,75.16848,335.91,0.39,0.36,2026-09-26,822,N,VIIRS,n,2.0NRT,303.18,2.28,D,VIIRS_SNPP_NRT,,
15.34453,75.16792,334.12,0.39,0.36,2026-09-26,822,N,VIIRS,n,2.0NRT,303.3,2.28,D,VIIRS_SNPP_NRT,,
15.47682,79.83042,332.04,0.49,0.4,2026-09-26,822,N,VIIRS,l,2.0NRT,302.47,3.2,D,VIIRS_SNPP_NRT,,
15.48053,79.82989,336.67,0.49,0.4,2026-09-26,822,N,VIIRS,n,2.0NRT,302.57,3.2,D,VIIRS_SNPP_NRT,,
15.68949,80.00367,338.24,0.5,0.41,2026-09-26,822,N,VIIRS,n,2.0NRT,302.37,3.92,D,VIIRS_SNPP_NRT,,
18.46832,74.27671,336.56,0.39,0.36,2026-09-26,824,N,VIIRS,n,2.0NRT,301.49,4.4,D,VIIRS_SNPP_NRT,,
19.10064,74.18387,345.84,0.39,0.36,2026-09-26,824,N,VIIRS,n,2.0NRT,302.26,7.57,D,VIIRS_SNPP_NRT,,
19.10397,74.18328,330.41,0.39,0.36,2026-09-26,824,N,VIIRS,n,2.0NRT,299.48,7.57,D,VIIRS_SNPP_NRT,,
19.75446,75.60529,332.53,0.39,0.36,2026-09-26,824,N,VIIRS,l,2.0NRT,304.46,0.94,D,VIIRS_SNPP_NRT,,
21.10225,72.63475,331.91,0.42,0.37,2026-09-26,824,N,VIIRS,n,2.0NRT,289.28,3.53,D,VIIRS_SNPP_NRT,,
21.1029,72.63873,333.08,0.42,0.37,2026-09-26,824,N,VIIRS,n,2.0NRT,287.95,5.1,D,VIIRS_SNPP_NRT,,
21.10421,72.64667,332.45,0.42,0.37,2026-09-26,824,N,VIIRS,n,2.0NRT,288.16,5.53,D,VIIRS_SNPP_NRT,,
21.10763,72.64603,341.69,0.42,0.37,2026-09-26,824,N,VIIRS,n,2.0NRT,287.13,5.53,D,VIIRS_SNPP_NRT,,
22.48005,75.45055,332.38,0.39,0.36,2026-09-26,826,N,VIIRS,n,2.0NRT,304.57,1.66,D,VIIRS_SNPP_NRT,,
22.50838,75.5974,330.51,0.39,0.36,2026-09-26,826,N,VIIRS,l,2.0NRT,302.0,1.37,D,VIIRS_SNPP_NRT,,
22.77287,75.46678,333.85,0.39,0.36,2026-09-26,826,N,VIIRS,n,2.0NRT,301.38,1.54,D,VIIRS_SNPP_NRT,,
22.95498,75.74214,331.92,0.4,0.37,2026-09-26,826,N,VIIRS,l,2.0NRT,306.62,1.58,D,VIIRS_SNPP_NRT,,
23.07827,75.67865,334.97,0.4,0.37,2026-09-26,826,N,VIIRS,n,2.0NRT,298.29,2.29,D,VIIRS_SNPP_NRT,,
23.09279,75.58939,333.54,0.4,0.37,2026-09-26,826,N,VIIRS,l,2.0NRT,304.78,1.39,D,VIIRS_SNPP_NRT,,
25.27374,69.56229,338.21,0.5,0.41,2026-09-26,826,N,VIIRS,n,2.0NRT,303.59,3.74,D,VIIRS_SNPP_NRT,,
25.27549,69.56421,336.61,0.5,0.41,2026-09-26,826,N,VIIRS,n,2.0NRT,304.66,2.95,D,VIIRS_SNPP_NRT,,
25.5578,76.05056,330.74,0.42,0.38,2026-09-26,826,N,VIIRS,n,2.0NRT,298.8,2.16,D,VIIRS_SNPP_NRT,,
25.60371,68.56429,344.42,0.55,0.43,2026-09-26,826,N,VIIRS,n,2.0NRT,305.21,12.57,D,VIIRS_SNPP_NRT,,
25.67289,68.84903,333.46,0.53,0.42,2026-09-26,826,N,VIIRS,l,2.0NRT,306.25,1.42,D,VIIRS_SNPP_NRT,,
26.25548,68.97106,330.73,0.51,0.41,2026-09-26,826,N,VIIRS,l,2.0NRT,303.47,1.86,D,VIIRS_SNPP_NRT,,
26.25624,68.97348,331.39,0.51,0.41,2026-09-26,826,N,VIIRS,l,2.0NRT,303.75,2.52,D,VIIRS_SNPP_NRT,,
28.7266,71.18083,340.44,0.4,0.37,2026-09-26,826,N,VIIRS,l,2.0NRT,310.92,5.83,D,VIIRS_SNPP_NRT,,
28.73252,76.92909,331.28,0.49,0.4,2026-09-26,826,N,VIIRS,n,2.0NRT,299.81,3.84,D,VIIRS_SNPP_NRT,,
29.22641,73.6429,339.36,0.39,0.36,2026-09-26,826,N,VIIRS,n,2.0NRT,308.09,3.57,D,VIIRS_SNPP_NRT,,
29.22699,73.64688,342.1,0.39,0.36,2026-09-26,826,N,VIIRS,n,2.0NRT,310.12,3.57,D,VIIRS_SNPP_NRT,,
29.24189,75.82904,331.74,0.44,0.39,2026-09-26,826,N,VIIRS,l,2.0NRT,303.28,5.81,D,VIIRS_SNPP_NRT,,
29.62045,73.26185,336.33,0.39,0.36,2026-09-26,828,N,VIIRS,n,2.0NRT,302.84,2.46,D,VIIRS_SNPP_NRT,,
30.27021,71.26849,335.27,0.39,0.36,2026-09-26,828,N,VIIRS,l,2.0NRT,306.79,1.34,D,VIIRS_SNPP_NRT,,
30.27021,73.03145,332.86,0.39,0.36,2026-09-26,828,N,VIIRS,n,2.0NRT,301.79,0.96,D,VIIRS_SNPP_NRT,,
30.53391,73.83188,332.87,0.4,0.37,2026-09-26,828,N,VIIRS,n,2.0NRT,302.56,2.02,D,VIIRS_SNPP_NRT,,
30.58989,76.90581,330.02,0.51,0.41,2026-09-26,828,N,VIIRS,n,2.0NRT,295.0,1.8,D,VIIRS_SNPP_NRT,,
30.6112,75.04105,335.14,0.43,0.38,2026-09-26,828,N,VIIRS,n,2.0NRT,301.21,4.64,D,VIIRS_SNPP_NRT,,
30.62096,72.02274,336.46,0.38,0.36,2026-09-26,828,N,VIIRS,n,2.0NRT,300.4,2.44,D,VIIRS_SNPP_NRT,,
30.98837,74.45203,347.36,0.41,0.37,2026-09-26,828,N,VIIRS,n,2.0NRT,307.25,15.11,D,VIIRS_SNPP_NRT,,
30.98959,75.29948,331.8,0.44,0.38,2026-09-26,828,N,VIIRS,n,2.0NRT,299.67,3.47,D,VIIRS_SNPP_NRT,,
31.02665,74.44949,343.72,0.41,0.37,2026-09-26,828,N,VIIRS,n,2.0NRT,303.37,5.98,D,VIIRS_SNPP_NRT,,
31.05701,74.31664,342.23,0.41,0.37,2026-09-26,828,N,VIIRS,n,2.0NRT,304.28,3.4,D,VIIRS_SNPP_NRT,,
31.06953,74.48711,338.83,0.42,0.37,2026-09-26,828,N,VIIRS,n,2.0NRT,304.45,5.26,D,VIIRS_SNPP_NRT,,
31.09168,74.62635,334.84,0.42,0.38,2026-09-26,828,N,VIIRS,n,2.0NRT,303.1,2.35,D,VIIRS_SNPP_NRT,,
31.09689,74.63891,330.23,0.42,0.38,2026-09-26,828,N,VIIRS,l,2.0NRT,302.67,5.66,D,VIIRS_SNPP_NRT,,
31.10034,74.63828,347.98,0.42,0.38,2026-09-26,828,N,VIIRS,n,2.0NRT,303.52,5.66,D,VIIRS_SNPP_NRT,,
31.10823,74.83191,344.33,0.43,0.38,2026-09-26,828,N,VIIRS,n,2.0NRT,301.87,14.72,D,VIIRS_SNPP_NRT,,
31.11077,74.66345,333.88,0.42,0.38,2026-09-26,828,N,VIIRS,n,2.0NRT,301.43,2.37,D,VIIRS_SNPP_NRT,,
31.11701,74.63078,344.04,0.42,0.38,2026-09-26,828,N,VIIRS,n,2.0NRT,301.18,7.42,D,VIIRS_SNPP_NRT,,
31.15756,74.49857,330.22,0.42,0.37,2026-09-26,828,N,VIIRS,l,2.0NRT,304.25,3.29,D,VIIRS_SNPP_NRT,,
31.27075,74.32764,330.31,0.41,0.37,2026-09-26,828,N,VIIRS,n,2.0NRT,302.09,2.39,D,VIIRS_SNPP_NRT,,
31.29436,72.34758,336.3,0.38,0.36,2026-09-26,828,N,VIIRS,n,2.0NRT,303.88,1.37,D,VIIRS_SNPP_NRT,,
31.30234,74.867,334.21,0.43,0.38,2026-09-26,828,N,VIIRS,n,2.0NRT,302.47,3.86,D,VIIRS_SNPP_NRT,,
31.33262,74.49924,343.2,0.42,0.38,2026-09-26,828,N,VIIRS,n,2.0NRT,302.61,7.05,D,VIIRS_SNPP_NRT,,
31.33788,75.02445,333.55,0.43,0.38,2026-09-26,828,N,VIIRS,n,2.0NRT,301.23,3.58,D,VIIRS_SNPP_NRT,,
31.33802,75.02751,333.46,0.43,0.38,2026-09-26,828,N,VIIRS,n,2.0NRT,300.87,4.08,D,VIIRS_SNPP_NRT,,
31.42388,75.21657,343.52,0.44,0.39,2026-09-26,828,N,VIIRS,n,2.0NRT,298.06,5.61,D,VIIRS_SNPP_NRT,,
31.6192,75.28679,334.0,0.45,0.39,2026-09-26,828,N,VIIRS,n,2.0NRT,298.8,3.66,D,VIIRS_SNPP_NRT,,
31.78071,74.10957,331.15,0.41,0.37,2026-09-26,828,N,VIIRS,n,2.0NRT,303.07,3.04,D,VIIRS_SNPP_NRT,,
31.78459,74.57161,336.22,0.42,0.38,2026-09-26,828,N,VIIRS,n,2.0NRT,304.09,3.66,D,VIIRS_SNPP_NRT,,
31.78805,74.57098,336.53,0.42,0.38,2026-09-26,828,N,VIIRS,n,2.0NRT,300.83,3.66,D,VIIRS_SNPP_NRT,,
31.79158,74.73124,332.84,0.43,0.38,2026-09-26,828,N,VIIRS,n,2.0NRT,302.33,3.6,D,VIIRS_SNPP_NRT,,
31.81451,74.66253,334.19,0.43,0.38,2026-09-26,828,N,VIIRS,n,2.0NRT,302.59,3.63,D,VIIRS_SNPP_NRT,,
31.81464,74.69016,331.68,0.43,0.38,2026-09-26,828,N,VIIRS,n,2.0NRT,303.5,2.03,D,VIIRS_SNPP_NRT,,
31.81775,74.38473,343.64,0.42,0.38,2026-09-26,828,N,VIIRS,n,2.0NRT,302.93,5.03,D,VIIRS_SNPP_NRT,,
31.8212,74.38409,340.95,0.42,0.38,2026-09-26,828,N,VIIRS,n,2.0NRT,301.19,5.03,D,VIIRS_SNPP_NRT,,
31.8628,74.02073,336.53,0.41,0.37,2026-09-26,828,N,VIIRS,n,2.0NRT,302.88,5.76,D,VIIRS_SNPP_NRT,,
31.87206,73.5862,332.27,0.4,0.37,2026-09-26,828,N,VIIRS,n,2.0NRT,301.04,3.94,D,VIIRS_SNPP_NRT,,
31.89443,73.54363,337.28,0.4,0.37,2026-09-26,828,N,VIIRS,n,2.0NRT,302.82,7.48,D,VIIRS_SNPP_NRT,,
31.93478,73.08717,339.93,0.39,0.36,2026-09-26,828,N,VIIRS,n,2.0NRT,302.47,3.71,D,VIIRS_SNPP_NRT,,
21.19494,81.42363,,1.0,1.0,2026-09-22,323,Terra,MODIS,75,6.1NRT,,11.57,D,MODIS_NRT,317.6,286.85
21.19626,81.41425,,1.0,1.0,2026-09-22,323,Terra,MODIS,78,6.1NRT,,13.45,D,MODIS_NRT,319.97,288.6
21.76344,84.02202,,1.11,1.05,2026-09-22,323,Terra,MODIS,41,6.1NRT,,8.88,D,MODIS_NRT,314.93,293.96
22.2106,84.86958,,1.21,1.09,2026-09-22,323,Terra,MODIS,70,6.1NRT,,9.4,D,MODIS_NRT,314.48,293.92
23.73239,86.43835,,1.41,1.18,2026-09-22,323,Terra,MODIS,35,6.1NRT,,9.11,D,MODIS_NRT,313.78,294.59
23.75782,85.85442,,1.3,1.13,2026-09-22,323,Terra,MODIS,59,6.1NRT,,7.57,D,MODIS_NRT,311.0,293.85
23.75961,86.40238,,1.4,1.17,2026-09-22,323,Terra,MODIS,72,6.1NRT,,14.61,D,MODIS_NRT,317.78,294.93
23.80064,86.33447,,1.39,1.17,2026-09-22,323,Terra,MODIS,58,6.1NRT,,12.62,D,MODIS_NRT,316.9,295.03
23.80288,86.32141,,1.39,1.17,2026-09-22,323,Terra,MODIS,54,6.1NRT,,11.68,D,MODIS_NRT,316.19,295.15
23.80337,86.32916,,1.39,1.17,2026-09-22,323,Terra,MODIS,71,6.1NRT,,16.08,D,MODIS_NRT,319.56,295.36
8.84474,77.86256,,1.04,1.02,2026-09-22,328,Terra,MODIS,73,6.1NRT,,6.7,D,MODIS_NRT,321.25,299.2
8.01238,81.18019,,1.02,1.01,2026-09-22,1009,Aqua,MODIS,61,6.1NRT,,6.5,D,MODIS_NRT,315.96,297.87
8.03993,81.22444,,1.02,1.01,2026-09-22,1009,Aqua,MODIS,65,6.1NRT,,5.42,D,MODIS_NRT,313.84,295.41
8.08767,81.06094,,1.03,1.01,2026-09-22,1009,Aqua,MODIS,68,6.1NRT,,6.13,D,MODIS_NRT,315.14,297.27
8.14679,80.10789,,1.11,1.05,2026-09-22,1009,Aqua,MODIS,47,6.1NRT,,5.12,D,MODIS_NRT,309.74,293.26
8.19722,80.37512,,1.08,1.04,2026-09-22,1009,Aqua,MODIS,62,6.1NRT,,6.69,D,MODIS_NRT,313.03,295.72
8.21231,81.02039,,1.03,1.01,2026-09-22,1009,Aqua,MODIS,59,6.1NRT,,6.74,D,MODIS_NRT,316.93,298.03
8.49204,80.73628,,1.05,1.02,2026-09-22,1009,Aqua,MODIS,47,6.1NRT,,6.91,D,MODIS_NRT,313.48,295.52
8.58203,80.53083,,1.06,1.03,2026-09-22,1009,Aqua,MODIS,52,6.1NRT,,5.82,D,MODIS_NRT,312.48,293.88
9.40239,80.38546,,1.06,1.03,2026-09-22,1009,Aqua,MODIS,39,6.1NRT,,6.17,D,MODIS_NRT,315.47,297.78
30.99724,74.32236,,1.11,1.05,2026-09-22,1013,Aqua,MODIS,47,6.1NRT,,4.24,D,MODIS_NRT,312.01,297.68
31.49563,74.52221,,1.08,1.04,2026-09-22,1015,Aqua,MODIS,59,6.1NRT,,6.51,D,MODIS_NRT,314.89,300.98
31.52943,75.14214,,1.04,1.02,2026-09-22,1015,Aqua,MODIS,69,6.1NRT,,9.76,D,MODIS_NRT,317.84,299.4
31.68173,75.16161,,1.03,1.02,2026-09-22,1015,Aqua,MODIS,73,6.1NRT,,9.2,D,MODIS_NRT,320.12,301.36
31.70098,75.16823,,1.03,1.02,2026-09-22,1015,Aqua,MODIS,67,6.1NRT,,10.02,D,MODIS_NRT,320.52,301.95
19.37443,71.34865,,1.26,1.12,2026-09-22,1554,Terra,MODIS,79,6.1NRT,,12.08,N,MODIS_NRT,312.57,288.77
21.10809,72.63554,,1.62,1.25,2026-09-22,1554,Terra,MODIS,93,6.1NRT,,23.05,N,MODIS_NRT,316.1,291.76
22.36235,82.30865,,1.08,1.04,2026-09-22,2218,Aqua,MODIS,37,6.1NRT,,6.25,N,MODIS_NRT,305.71,291.32
30.94925,76.82149,,1.13,1.06,2026-09-23,400,Terra,MODIS,45,6.1NRT,,7.26,D,MODIS_NRT,313.1,299.53
31.62975,84.41627,,3.32,1.72,2026-09-23,400,Terra,MODIS,23,6.1NRT,,13.01,D,MODIS_NRT,301.27,284.36
21.89955,76.94043,,1.6,1.25,2026-09-23,402,Terra,MODIS,54,6.1NRT,,7.57,D,MODIS_NRT,309.01,292.11
22.03982,76.99017,,1.6,1.25,2026-09-23,402,Terra,MODIS,55,6.1NRT,,7.83,D,MODIS_NRT,309.33,292.93
23.17384,69.86118,,1.16,1.07,2026-09-23,402,Terra,MODIS,60,6.1NRT,,7.9,D,MODIS_NRT,315.81,302.18
19.36979,71.36034,,1.0,1.0,2026-09-23,404,Terra,MODIS,69,6.1NRT,,15.16,D,MODIS_NRT,321.2,292.49
19.3711,71.35109,,1.0,1.0,2026-09-23,404,Terra,MODIS,72,6.1NRT,,17.85,D,MODIS_NRT,323.81,292.86
19.36652,71.35136,,1.04,1.02,2026-09-23,1049,Aqua,MODIS,83,6.1NRT,,27.72,D,MODIS_NRT,330.85,295.47
21.10039,72.64481,,1.23,1.1,2026-09-23,1049,Aqua,MODIS,0,6.1NRT,,16.36,D,MODIS_NRT,321.95,301.84
21.63062,72.21095,,1.19,1.08,2026-09-23,1049,Aqua,MODIS,49,6.1NRT,,6.8,D,MODIS_NRT,314.1,300.46
22.91474,69.46352,,1.0,1.0,2026-09-23,1049,Aqua,MODIS,58,6.1NRT,,7.09,D,MODIS_NRT,318.9,304.64
21.10756,72.64828,,1.07,1.03,2026-09-23,2257,Aqua,MODIS,72,6.1NRT,,8.02,N,MODIS_NRT,307.66,284.41
21.10897,72.6383,,1.07,1.03,2026-09-23,2257,Aqua,MODIS,46,6.1NRT,,5.56,N,MODIS_NRT,304.25,284.55
27.74537,68.519,,1.54,1.22,2026-09-24,440,Terra,MODIS,51,6.1NRT,,13.91,D,MODIS_NRT,320.29,306.18
27.74865,68.52552,,1.54,1.22,2026-09-24,440,Terra,MODIS,67,6.1NRT,,21.18,D,MODIS_NRT,323.18,305.85
17.86533,75.52367,,4.11,1.88,2026-09-24,949,Aqua,MODIS,24,6.1NRT,,16.94,D,MODIS_NRT,310.78,290.56
24.84033,78.07359,,1.85,1.33,2026-09-24,949,Aqua,MODIS,43,6.1NRT,,12.01,D,MODIS_NRT,311.15,294.65
30.60717,76.82268,,1.69,1.28,2026-09-24,952,Aqua,MODIS,70,6.1NRT,,12.17,D,MODIS_NRT,314.92,300.35
30.60769,76.81561,,1.69,1.28,2026-09-24,952,Aqua,MODIS,73,6.1NRT,,15.27,D,MODIS_NRT,317.19,300.73
18.69178,73.03799,,1.0,1.0,2026-09-24,1533,Terra,MODIS,67,6.1NRT,,4.89,N,MODIS_NRT,306.25,294.23
19.37223,71.35267,,1.09,1.04,2026-09-24,1533,Terra,MODIS,81,6.1NRT,,9.79,N,MODIS_NRT,313.24,297.59
18.46287,74.04241,,1.14,1.06,2026-09-25,345,Terra,MODIS,53,6.1NRT,,4.5,D,MODIS_NRT,308.85,295.01
8.18707,80.99812,,1.22,1.1,2026-09-25,1024,Aqua,MODIS,66,6.1NRT,,9.53,D,MODIS_NRT,315.22,293.33
8.95038,80.05172,,1.11,1.05,2026-09-25,1024,Aqua,MODIS,74,6.1NRT,,14.54,D,MODIS_NRT,318.49,286.4
9.04898,80.09082,,1.12,1.05,2026-09-25,1024,Aqua,MODIS,58,6.1NRT,,8.08,D,MODIS_NRT,312.01,287.34
9.45392,80.40784,,1.17,1.08,2026-09-25,1024,Aqua,MODIS,65,6.1NRT,,9.99,D,MODIS_NRT,316.09,291.14
22.16726,69.81633,,1.71,1.28,2026-09-25,1028,Aqua,MODIS,68,6.1NRT,,19.78,D,MODIS_NRT,321.6,304.22
30.81017,73.96982,,1.03,1.01,2026-09-25,1030,Aqua,MODIS,60,6.1NRT,,6.47,D,MODIS_NRT,313.78,298.58
30.81162,73.98017,,1.03,1.01,2026-09-25,1030,Aqua,MODIS,59,6.1NRT,,6.05,D,MODIS_NRT,313.19,299.19
31.0815,74.53472,,1.07,1.03,2026-09-25,1030,Aqua,MODIS,65,6.1NRT,,6.34,D,MODIS_NRT,314.94,301.03
31.59107,74.76459,,1.1,1.04,2026-09-25,1030,Aqua,MODIS,52,6.1NRT,,6.05,D,MODIS_NRT,312.71,298.6
31.73156,74.917,,1.11,1.05,2026-09-25,1030,Aqua,MODIS,65,6.1NRT,,7.09,D,MODIS_NRT,314.94,300.89
31.77865,74.99026,,1.12,1.06,2026-09-25,1030,Aqua,MODIS,65,6.1NRT,,6.54,D,MODIS_NRT,314.86,300.22
31.87755,74.69375,,1.1,1.04,2026-09-25,1030,Aqua,MODIS,69,6.1NRT,,9.71,D,MODIS_NRT,316.72,300.39
8.01206,81.0444,332.07,0.47,0.4,2026-09-22,816,N20,VIIRS,n,2.0NRT,297.71,2.96,D,VIIRS_NOAA20_NRT,,
8.07114,80.98785,334.41,0.47,0.4,2026-09-22,816,N20,VIIRS,n,2.0NRT,296.57,4.1,D,VIIRS_NOAA20_NRT,,
8.08818,80.16068,334.78,0.43,0.38,2026-09-22,816,N20,VIIRS,n,2.0NRT,289.15,4.65,D,VIIRS_NOAA20_NRT,,
8.12701,80.98851,335.97,0.47,0.4,2026-09-22,816,N20,VIIRS,n,2.0NRT,297.09,3.64,D,VIIRS_NOAA20_NRT,,
8.14032,80.97784,337.82,0.47,0.4,2026-09-22,816,N20,VIIRS,n,2.0NRT,292.35,3.05,D,VIIRS_NOAA20_NRT,,
8.14095,80.98211,332.42,0.47,0.4,2026-09-22,816,N20,VIIRS,n,2.0NRT,293.16,3.05,D,VIIRS_NOAA20_NRT,,
8.14105,80.97892,348.86,0.47,0.4,2026-09-22,816,N20,VIIRS,n,2.0NRT,292.18,6.46,D,VIIRS_NOAA20_NRT,,
8.18734,80.58764,337.94,0.45,0.39,2026-09-22,816,N20,VIIRS,n,2.0NRT,295.42,12.49,D,VIIRS_NOAA20_NRT,,
8.19695,80.61177,330.38,0.45,0.39,2026-09-22,816,N20,VIIRS,n,2.0NRT,295.28,2.38,D,VIIRS_NOAA20_NRT,,
8.21547,81.05599,345.69,0.48,0.4,2026-09-22,816,N20,VIIRS,n,2.0NRT,298.9,11.48,D,VIIRS_NOAA20_NRT,,
8.21913,81.05546,346.44,0.48,0.4,2026-09-22,816,N20,VIIRS,n,2.0NRT,297.97,11.48,D,VIIRS_NOAA20_NRT,,
8.27258,81.3715,334.0,0.5,0.41,2026-09-22,816,N20,VIIRS,n,2.0NRT,297.8,3.07,D,VIIRS_NOAA20_NRT,,
8.28911,80.74229,335.35,0.46,0.39,2026-09-22,816,N20,VIIRS,n,2.0NRT,297.84,1.94,D,VIIRS_NOAA20_NRT,,
8.40038,78.04769,338.12,0.39,0.36,2026-09-22,816,N20,VIIRS,n,2.0NRT,300.27,3.46,D,VIIRS_NOAA20_NRT,,
8.4928,80.18259,335.11,0.44,0.38,2026-09-22,816,N20,VIIRS,n,2.0NRT,298.29,3.47,D,VIIRS_NOAA20_NRT,,
8.49613,80.42788,346.07,0.45,0.39,2026-09-22,816,N20,VIIRS,n,2.0NRT,299.08,6.38,D,VIIRS_NOAA20_NRT,,
8.49923,80.42744,340.57,0.45,0.39,2026-09-22,816,N20,VIIRS,n,2.0NRT,295.86,4.78,D,VIIRS_NOAA20_NRT,,
8.53756,80.61877,330.47,0.46,0.39,2026-09-22,816,N20,VIIRS,n,2.0NRT,295.69,1.83,D,VIIRS_NOAA20_NRT,,
8.54115,80.61824,336.89,0.46,0.39,2026-09-22,816,N20,VIIRS,n,2.0NRT,293.46,2.01,D,VIIRS_NOAA20_NRT,,
8.60718,80.37472,338.94,0.45,0.39,2026-09-22,816,N20,VIIRS,n,2.0NRT,299.07,7.26,D,VIIRS_NOAA20_NRT,,
8.64669,80.54845,334.84,0.46,0.39,2026-09-22,816,N20,VIIRS,n,2.0NRT,294.04,2.37,D,VIIRS_NOAA20_NRT,,
8.66189,78.04949,348.41,0.39,0.36,2026-09-22,816,N20,VIIRS,n,2.0NRT,300.71,4.96,D,VIIRS_NOAA20_NRT,,
8.67112,80.39031,343.28,0.45,0.39,2026-09-22,816,N20,VIIRS,n,2.0NRT,298.45,3.45,D,VIIRS_NOAA20_NRT,,
8.8344,78.08942,341.74,0.39,0.36,2026-09-22,816,N20,VIIRS,n,2.0NRT,305.79,7.17,D,VIIRS_NOAA20_NRT,,
8.88304,80.81657,335.12,0.47,0.4,2026-09-22,816,N20,VIIRS,n,2.0NRT,298.43,5.66,D,VIIRS_NOAA20_NRT,,
8.88365,80.82088,335.36,0.47,0.4,2026-09-22,816,N20,VIIRS,n,2.0NRT,297.22,5.66,D,VIIRS_NOAA20_NRT,,
8.91272,77.51103,335.5,0.38,0.36,2026-09-22,816,N20,VIIRS,n,2.0NRT,300.37,1.83,D,VIIRS_NOAA20_NRT,,
8.9238,77.49513,340.64,0.38,0.36,2026-09-22,816,N20,VIIRS,n,2.0NRT,301.0,2.81,D,VIIRS_NOAA20_NRT,,
8.95601,80.83242,340.09,0.47,0.4,2026-09-22,816,N20,VIIRS,n,2.0NRT,298.77,3.57,D,VIIRS_NOAA20_NRT,,
9.0019,77.67091,336.8,0.38,0.36,2026-09-22,816,N20,VIIRS,n,2.0NRT,304.05,2.41,D,VIIRS_NOAA20_NRT,,
9.00996,80.73845,347.08,0.47,0.4,2026-09-22,816,N20,VIIRS,n,2.0NRT,301.56,12.79,D,VIIRS_NOAA20_NRT,,
9.33826,80.20972,334.96,0.45,0.39,2026-09-22,816,N20,VIIRS,n,2.0NRT,295.22,3.72,D,VIIRS_NOAA20_NRT,,
9.34402,80.59687,337.74,0.47,0.39,2026-09-22,816,N20,VIIRS,n,2.0NRT,297.49,3.6,D,VIIRS_NOAA20_NRT,,
9.38145,80.60014,336.84,0.47,0.39,2026-09-22,816,N20,VIIRS,n,2.0NRT,296.88,4.42,D,VIIRS_NOAA20_NRT,,
9.38276,80.60106,337.52,0.47,0.4,2026-09-22,816,N20,VIIRS,n,2.0NRT,296.83,3.75,D,VIIRS_NOAA20_NRT,,
9.64433,77.74282,340.2,0.39,0.36,2026-09-22,816,N20,VIIRS,n,2.0NRT,302.66,1.71,D,VIIRS_NOAA20_NRT,,
9.64763,77.74231,336.31,0.39,0.36,2026-09-22,816,N20,VIIRS,n,2.0NRT,299.81,1.71,D,VIIRS_NOAA20_NRT,,
9.86792,77.45,336.33,0.38,0.36,2026-09-22,816,N20,VIIRS,n,2.0NRT,298.06,3.74,D,VIIRS_NOAA20_NRT,,
10.12011,78.72713,331.96,0.4,0.37,2026-09-22,816,N20,VIIRS,n,2.0NRT,293.63,2.46,D,VIIRS_NOAA20_NRT,,
10.84744,77.61841,334.59,0.39,0.36,2026-09-22,816,N20,VIIRS,n,2.0NRT,297.67,3.13,D,VIIRS_NOAA20_NRT,,
11.0276,77.41729,345.32,0.39,0.36,2026-09-22,816,N20,VIIRS,n,2.0NRT,295.19,5.29,D,VIIRS_NOAA20_NRT,,
11.30747,77.65325,334.43,0.39,0.36,2026-09-22,816,N20,VIIRS,n,2.0NRT,285.58,2.54,D,VIIRS_NOAA20_NRT,,
13.81559,76.18983,331.81,0.38,0.36,2026-09-22,816,N20,VIIRS,l,2.0NRT,303.28,1.64,D,VIIRS_NOAA20_NRT,,
14.1772,75.44983,332.04,0.39,0.36,2026-09-22,816,N20,VIIRS,n,2.0NRT,300.47,3.72,D,VIIRS_NOAA20_NRT,,
15.31029,75.17403,333.15,0.39,0.36,2026-09-22,818,N20,VIIRS,l,2.0NRT,304.49,1.69,D,VIIRS_NOAA20_NRT,,
15.34006,75.16909,331.12,0.39,0.36,2026-09-22,818,N20,VIIRS,l,2.0NRT,302.67,1.92,D,VIIRS_NOAA20_NRT,,
15.37849,75.08906,334.27,0.39,0.36,2026-09-22,818,N20,VIIRS,l,2.0NRT,304.54,3.84,D,VIIRS_NOAA20_NRT,,
17.33474,75.4758,330.57,0.38,0.36,2026-09-22,818,N20,VIIRS,n,2.0NRT,296.92,1.49,D,VIIRS_NOAA20_NRT,,
17.47583,78.89429,327.93,0.47,0.4,2026-09-22,818,N20,VIIRS,n,2.0NRT,279.97,3.44,D,VIIRS_NOAA20_NRT,,
19.91965,75.23198,334.05,0.38,0.36,2026-09-22,818,N20,VIIRS,n,2.0NRT,296.74,2.04,D,VIIRS_NOAA20_NRT,,
22.11861,75.29721,334.03,0.39,0.36,2026-09-22,820,N20,VIIRS,n,2.0NRT,299.23,3.58,D,VIIRS_NOAA20_NRT,,
22.3562,82.30109,335.24,0.57,0.52,2026-09-22,820,N20,VIIRS,n,2.0NRT,285.64,12.31,D,VIIRS_NOAA20_NRT,,
22.52869,75.43645,330.78,0.39,0.36,2026-09-22,820,N20,VIIRS,l,2.0NRT,302.0,2.29,D,VIIRS_NOAA20_NRT,,
22.53531,75.45873,330.55,0.39,0.37,2026-09-22,820,N20,VIIRS,l,2.0NRT,303.27,3.76,D,VIIRS_NOAA20_NRT,,
22.57981,75.41228,335.77,0.39,0.36,2026-09-22,820,N20,VIIRS,n,2.0NRT,304.26,2.61,D,VIIRS_NOAA20_NRT,,
22.67151,75.58092,333.57,0.4,0.37,2026-09-22,820,N20,VIIRS,l,2.0NRT,304.04,2.13,D,VIIRS_NOAA20_NRT,,
22.73458,75.26518,336.91,0.39,0.36,2026-09-22,820,N20,VIIRS,n,2.0NRT,304.3,5.2,D,VIIRS_NOAA20_NRT,,
22.84245,75.37941,330.15,0.39,0.37,2026-09-22,820,N20,VIIRS,n,2.0NRT,299.58,2.23,D,VIIRS_NOAA20_NRT,,
22.86431,76.12888,335.44,0.41,0.37,2026-09-22,820,N20,VIIRS,n,2.0NRT,301.94,2.99,D,VIIRS_NOAA20_NRT,,
22.86549,76.1124,331.11,0.41,0.37,2026-09-22,820,N20,VIIRS,l,2.0NRT,303.82,2.46,D,VIIRS_NOAA20_NRT,,
22.91127,75.5249,331.18,0.4,0.37,2026-09-22,820,N20,VIIRS,l,2.0NRT,305.03,3.86,D,VIIRS_NOAA20_NRT,,
22.92947,75.7,333.24,0.4,0.37,2026-09-22,820,N20,VIIRS,l,2.0NRT,304.51,1.61,D,VIIRS_NOAA20_NRT,,
22.94288,75.72162,339.25,0.4,0.37,2026-09-22,820,N20,VIIRS,n,2.0NRT,306.6,3.47,D,VIIRS_NOAA20_NRT,,
22.95232,75.78792,335.98,0.4,0.37,2026-09-22,820,N20,VIIRS,n,2.0NRT,305.34,3.2,D,VIIRS_NOAA20_NRT,,
23.03276,75.68729,335.43,0.4,0.37,2026-09-22,820,N20,VIIRS,l,2.0NRT,307.29,1.92,D,VIIRS_NOAA20_NRT,,
23.03613,75.68673,333.01,0.4,0.37,2026-09-22,820,N20,VIIRS,l,2.0NRT,305.57,1.92,D,VIIRS_NOAA20_NRT,,
23.06311,75.46835,330.78,0.4,0.37,2026-09-22,820,N20,VIIRS,l,2.0NRT,305.74,1.73,D,VIIRS_NOAA20_NRT,,
23.06366,75.44855,331.54,0.4,0.37,2026-09-22,820,N20,VIIRS,l,2.0NRT,302.92,2.26,D,VIIRS_NOAA20_NRT,,
23.09834,75.7123,334.19,0.4,0.37,2026-09-22,820,N20,VIIRS,n,2.0NRT,305.25,1.87,D,VIIRS_NOAA20_NRT,,
23.16337,70.15914,331.5,0.49,0.4,2026-09-22,820,N20,VIIRS,l,2.0NRT,305.51,2.07,D,VIIRS_NOAA20_NRT,,
23.35689,75.066,345.01,0.39,0.36,2026-09-22,820,N20,VIIRS,n,2.0NRT,302.87,3.49,D,VIIRS_NOAA20_NRT,,
24.45549,68.17258,341.82,0.39,0.44,2026-09-22,820,N20,VIIRS,n,2.0NRT,307.61,2.71,D,VIIRS_NOAA20_NRT,,
24.45947,68.17168,333.98,0.39,0.44,2026-09-22,820,N20,VIIRS,l,2.0NRT,305.74,2.71,D,VIIRS_NOAA20_NRT,,
25.84099,81.26147,336.27,0.54,0.51,2026-09-22,820,N20,VIIRS,n,2.0NRT,293.04,4.71,D,VIIRS_NOAA20_NRT,,
26.22751,74.20727,333.55,0.39,0.36,2026-09-22,820,N20,VIIRS,l,2.0NRT,305.16,2.25,D,VIIRS_NOAA20_NRT,,
26.53267,77.72529,333.73,0.52,0.41,2026-09-22,820,N20,VIIRS,n,2.0NRT,298.89,2.51,D,VIIRS_NOAA20_NRT,,
26.89246,68.18941,335.03,0.54,0.42,2026-09-22,820,N20,VIIRS,l,2.0NRT,309.31,18.85,D,VIIRS_NOAA20_NRT,,
26.99854,73.95732,339.15,0.39,0.36,2026-09-22,820,N20,VIIRS,l,2.0NRT,313.1,3.82,D,VIIRS_NOAA20_NRT,,
27.31255,86.02746,336.62,0.56,0.69,2026-09-22,820,N20,VIIRS,n,2.0NRT,289.19,4.74,D,VIIRS_NOAA20_NRT,,
27.33625,68.48566,345.69,0.51,0.41,2026-09-22,820,N20,VIIRS,n,2.0NRT,307.72,13.44,D,VIIRS_NOAA20_NRT,,
27.81773,77.43873,330.94,0.52,0.41,2026-09-22,820,N20,VIIRS,n,2.0NRT,298.1,2.07,D,VIIRS_NOAA20_NRT,,
27.89713,76.81608,333.64,0.48,0.4,2026-09-22,820,N20,VIIRS,l,2.0NRT,307.57,2.86,D,VIIRS_NOAA20_NRT,,
27.89835,76.81835,333.98,0.48,0.4,2026-09-22,820,N20,VIIRS,l,2.0NRT,307.76,2.89,D,VIIRS_NOAA20_NRT,,
28.25886,76.19051,335.21,0.46,0.39,2026-09-22,820,N20,VIIRS,l,2.0NRT,308.25,1.15,D,VIIRS_NOAA20_NRT,,
28.56984,70.77991,345.25,0.41,0.37,2026-09-22,822,N20,VIIRS,n,2.0NRT,316.24,9.25,D,VIIRS_NOAA20_NRT,,
29.57487,70.58084,337.75,0.4,0.37,2026-09-22,822,N20,VIIRS,n,2.0NRT,311.04,2.64,D,VIIRS_NOAA20_NRT,,
29.57555,70.58495,335.94,0.4,0.37,2026-09-22,822,N20,VIIRS,l,2.0NRT,307.88,2.64,D,VIIRS_NOAA20_NRT,,
30.07889,73.31923,332.99,0.39,0.36,2026-09-22,822,N20,VIIRS,l,2.0NRT,306.2,3.37,D,VIIRS_NOAA20_NRT,,
30.13372,71.54742,335.8,0.39,0.36,2026-09-22,822,N20,VIIRS,n,2.0NRT,302.61,1.67,D,VIIRS_NOAA20_NRT,,
30.30167,70.99959,331.86,0.39,0.36,2026-09-22,822,N20,VIIRS,l,2.0NRT,303.58,3.51,D,VIIRS_NOAA20_NRT,,
30.46647,73.48899,335.22,0.39,0.37,2026-09-22,822,N20,VIIRS,n,2.0NRT,305.45,1.78,D,VIIRS_NOAA20_NRT,,
30.6993,73.64854,335.54,0.4,0.37,2026-09-22,822,N20,VIIRS,n,2.0NRT,303.6,2.84,D,VIIRS_NOAA20_NRT,,
30.86113,72.00074,338.32,0.38,0.36,2026-09-22,822,N20,VIIRS,n,2.0NRT,305.91,4.28,D,VIIRS_NOAA20_NRT,,
30.99054,74.18418,339.45,0.41,0.37,2026-09-22,822,N20,VIIRS,n,2.0NRT,302.6,4.44,D,VIIRS_NOAA20_NRT,,
31.07007,74.54601,335.48,0.42,0.38,2026-09-22,822,N20,VIIRS,n,2.0NRT,300.46,2.63,D,VIIRS_NOAA20_NRT,,
31.1071,74.66666,330.19,0.43,0.38,2026-09-22,822,N20,VIIRS,l,2.0NRT,302.03,3.24,D,VIIRS_NOAA20_NRT,,
31.16594,76.26553,341.24,0.5,0.41,2026-09-22,822,N20,VIIRS,n,2.0NRT,304.75,5.78,D,VIIRS_NOAA20_NRT,,
31.39722,73.33421,335.76,0.4,0.37,2026-09-22,822,N20,VIIRS,n,2.0NRT,302.68,2.97,D,VIIRS_NOAA20_NRT,,
31.49145,74.55597,333.06,0.43,0.38,2026-09-22,822,N20,VIIRS,n,2.0NRT,300.74,2.71,D,VIIRS_NOAA20_NRT,,
31.49193,74.53301,338.18,0.43,0.38,2026-09-22,822,N20,VIIRS,n,2.0NRT,300.57,2.88,D,VIIRS_NOAA20_NRT,,
31.52064,74.91309,330.99,0.44,0.38,2026-09-22,822,N20,VIIRS,n,2.0NRT,298.17,2.24,D,VIIRS_NOAA20_NRT,,
31.54176,74.82206,330.5,0.44,0.38,2026-09-22,822,N20,VIIRS,l,2.0NRT,301.23,2.75,D,VIIRS_NOAA20_NRT,,
31.56821,72.54503,333.15,0.39,0.36,2026-09-22,822,N20,VIIRS,n,2.0NRT,303.03,1.35,D,VIIRS_NOAA20_NRT,,
31.64179,75.04122,346.35,0.45,0.39,2026-09-22,822,N20,VIIRS,n,2.0NRT,300.99,4.67,D,VIIRS_NOAA20_NRT,,
31.79148,73.67905,344.37,0.41,0.37,2026-09-22,822,N20,VIIRS,n,2.0NRT,301.72,5.54,D,VIIRS_NOAA20_NRT,,
22.80246,86.08895,308.09,0.47,0.64,2026-09-22,2046,N20,VIIRS,n,2.0NRT,276.12,1.96,N,VIIRS_NOAA20_NRT,,
22.80283,86.09015,304.68,0.47,0.64,2026-09-22,2046,N20,VIIRS,n,2.0NRT,275.74,2.95,N,VIIRS_NOAA20_NRT,,
23.66706,86.93494,306.1,0.51,0.66,2026-09-22,2046,N20,VIIRS,n,2.0NRT,274.04,1.43,N,VIIRS_NOAA20_NRT,,
23.66947,86.93382,305.5,0.51,0.66,2026-09-22,2046,N20,VIIRS,n,2.0NRT,273.98,1.58,N,VIIRS_NOAA20_NRT,,
24.19917,82.71528,305.45,0.54,0.51,2026-09-22,2046,N20,VIIRS,n,2.0NRT,276.81,1.24,N,VIIRS_NOAA20_NRT,,
24.76304,74.60619,315.77,0.38,0.36,2026-09-22,2046,N20,VIIRS,n,2.0NRT,295.31,1.22,N,VIIRS_NOAA20_NRT,,
24.93251,74.63224,306.99,0.39,0.36,2026-09-22,2046,N20,VIIRS,n,2.0NRT,296.08,0.89,N,VIIRS_NOAA20_NRT,,
24.9358,74.63286,307.96,0.39,0.36,2026-09-22,2046,N20,VIIRS,n,2.0NRT,296.52,0.89,N,VIIRS_NOAA20_NRT,,
25.9437,72.19227,309.83,0.45,0.39,2026-09-22,2046,N20,VIIRS,n,2.0NRT,299.75,1.54,N,VIIRS_NOAA20_NRT,,
26.09483,68.87826,309.25,0.44,0.46,2026-09-22,2046,N20,VIIRS,n,2.0NRT,299.21,0.78,N,VIIRS_NOAA20_NRT,,
26.25769,74.09503,315.48,0.39,0.37,2026-09-22,2046,N20,VIIRS,n,2.0NRT,298.35,1.94,N,VIIRS_NOAA20_NRT,,
26.87829,73.51489,314.04,0.41,0.37,2026-09-22,2046,N20,VIIRS,n,2.0NRT,297.31,2.14,N,VIIRS_NOAA20_NRT,,
26.9268,73.46874,308.97,0.41,0.37,2026-09-22,2046,N20,VIIRS,n,2.0NRT,296.74,1.64,N,VIIRS_NOAA20_NRT,,
27.28969,73.83908,313.89,0.4,0.37,2026-09-22,2046,N20,VIIRS,n,2.0NRT,298.58,1.37,N,VIIRS_NOAA20_NRT,,
27.66992,76.12906,315.22,0.38,0.36,2026-09-22,2046,N20,VIIRS,n,2.0NRT,299.31,2.41,N,VIIRS_NOAA20_NRT,,
28.05128,69.36669,309.0,0.44,0.46,2026-09-22,2046,N20,VIIRS,n,2.0NRT,297.81,1.39,N,VIIRS_NOAA20_NRT,,
28.05552,69.3673,326.67,0.44,0.46,2026-09-22,2046,N20,VIIRS,n,2.0NRT,298.84,1.39,N,VIIRS_NOAA20_NRT,,
28.34651,77.25862,308.99,0.39,0.37,2026-09-22,2046,N20,VIIRS,n,2.0NRT,296.89,0.76,N,VIIRS_NOAA20_NRT,,
28.34788,77.23004,308.54,0.39,0.37,2026-09-22,2046,N20,VIIRS,n,2.0NRT,296.05,0.89,N,VIIRS_NOAA20_NRT,,
28.65042,77.56196,308.4,0.4,0.37,2026-09-22,2046,N20,VIIRS,n,2.0NRT,296.52,0.72,N,VIIRS_NOAA20_NRT,,
28.65632,77.58835,306.26,0.4,0.37,2026-09-22,2046,N20,VIIRS,n,2.0NRT,296.09,0.64,N,VIIRS_NOAA20_NRT,,
28.70981,76.85802,310.94,0.39,0.36,2026-09-22,2046,N20,VIIRS,n,2.0NRT,296.44,1.24,N,VIIRS_NOAA20_NRT,,
28.74297,76.92613,306.72,0.39,0.36,2026-09-22,2046,N20,VIIRS,n,2.0NRT,295.94,0.98,N,VIIRS_NOAA20_NRT,,
28.77274,77.56689,320.87,0.4,0.37,2026-09-22,2046,N20,VIIRS,n,2.0NRT,296.36,1.88,N,VIIRS_NOAA20_NRT,,
28.7731,76.70076,315.99,0.39,0.36,2026-09-22,2046,N20,VIIRS,n,2.0NRT,296.64,1.19,N,VIIRS_NOAA20_NRT,,
28.8086,76.8382,307.61,0.39,0.36,2026-09-22,2046,N20,VIIRS,n,2.0NRT,296.15,1.01,N,VIIRS_NOAA20_NRT,,
28.85291,77.14941,307.86,0.39,0.36,2026-09-22,2046,N20,VIIRS,n,2.0NRT,296.35,0.61,N,VIIRS_NOAA20_NRT,,
30.44702,70.56586,314.14,0.4,0.44,2026-09-22,2046,N20,VIIRS,n,2.0NRT,298.88,1.29,N,VIIRS_NOAA20_NRT,,
31.25109,76.93018,302.94,0.38,0.36,2026-09-22,2046,N20,VIIRS,n,2.0NRT,290.28,0.56,N,VIIRS_NOAA20_NRT,,
31.61009,74.40337,307.65,0.42,0.38,2026-09-22,2046,N20,VIIRS,n,2.0NRT,297.13,0.81,N,VIIRS_NOAA20_NRT,,
31.76838,70.10883,308.5,0.44,0.46,2026-09-22,2046,N20,VIIRS,n,2.0NRT,296.38,1.65,N,VIIRS_NOAA20_NRT,,
18.80337,74.26009,323.71,0.39,0.36,2026-09-22,2049,N20,VIIRS,n,2.0NRT,285.15,1.6,N,VIIRS_NOAA20_NRT,,
19.17875,70.94513,311.61,0.43,0.38,2026-09-22,2049,N20,VIIRS,n,2.0NRT,290.49,0.78,N,VIIRS_NOAA20_NRT,,
19.27821,71.42624,309.04,0.42,0.38,2026-09-22,2049,N20,VIIRS,n,2.0NRT,287.09,0.86,N,VIIRS_NOAA20_NRT,,
19.28164,71.42679,306.46,0.42,0.38,2026-09-22,2049,N20,VIIRS,n,2.0NRT,287.98,0.86,N,VIIRS_NOAA20_NRT,,
19.28392,71.43526,308.68,0.42,0.37,2026-09-22,2049,N20,VIIRS,n,2.0NRT,288.13,1.4,N,VIIRS_NOAA20_NRT,,
19.36884,71.35447,330.7,0.42,0.38,2026-09-22,2049,N20,VIIRS,n,2.0NRT,287.33,3.9,N,VIIRS_NOAA20_NRT,,
19.36942,71.35048,306.2,0.42,0.38,2026-09-22,2049,N20,VIIRS,n,2.0NRT,287.05,2.27,N,VIIRS_NOAA20_NRT,,
19.37229,71.35503,330.1,0.42,0.38,2026-09-22,2049,N20,VIIRS,n,2.0NRT,287.64,3.9,N,VIIRS_NOAA20_NRT,,
19.37286,71.35104,310.94,0.42,0.38,2026-09-22,2049,N20,VIIRS,n,2.0NRT,286.98,2.27,N,VIIRS_NOAA20_NRT,,
20.91017,71.45959,306.11,0.43,0.38,2026-09-22,2049,N20,VIIRS,n,2.0NRT,287.78,0.69,N,VIIRS_NOAA20_NRT,,
21.10265,72.63455,339.05,0.4,0.37,2026-09-22,2049,N20,VIIRS,n,2.0NRT,294.29,4.16,N,VIIRS_NOAA20_NRT,,
21.10431,72.64656,329.03,0.4,0.37,2026-09-22,2049,N20,VIIRS,n,2.0NRT,292.39,3.56,N,VIIRS_NOAA20_NRT,,
21.10487,72.64275,315.58,0.4,0.37,2026-09-22,2049,N20,VIIRS,n,2.0NRT,291.2,4.39,N,VIIRS_NOAA20_NRT,,
21.10766,72.64713,323.22,0.4,0.37,2026-09-22,2049,N20,VIIRS,n,2.0NRT,292.2,3.56,N,VIIRS_NOAA20_NRT,,
21.11271,72.63627,313.53,0.4,0.37,2026-09-22,2049,N20,VIIRS,n,2.0NRT,293.12,1.28,N,VIIRS_NOAA20_NRT,,
21.26382,72.94082,309.93,0.39,0.36,2026-09-22,2049,N20,VIIRS,n,2.0NRT,293.55,0.86,N,VIIRS_NOAA20_NRT,,
21.27218,72.86941,307.44,0.39,0.37,2026-09-22,2049,N20,VIIRS,n,2.0NRT,292.41,0.5,N,VIIRS_NOAA20_NRT,,
21.43204,72.97727,305.11,0.39,0.36,2026-09-22,2049,N20,VIIRS,n,2.0NRT,291.29,0.84,N,VIIRS_NOAA20_NRT,,
22.33889,69.85475,309.11,0.53,0.42,2026-09-22,2049,N20,VIIRS,n,2.0NRT,297.57,2.17,N,VIIRS_NOAA20_NRT,,
22.41789,69.03757,319.53,0.39,0.44,2026-09-22,2049,N20,VIIRS,n,2.0NRT,296.08,1.85,N,VIIRS_NOAA20_NRT,,
22.93286,69.69775,314.02,0.54,0.42,2026-09-22,2049,N20,VIIRS,n,2.0NRT,296.08,1.61,N,VIIRS_NOAA20_NRT,,
23.28314,72.4164,310.22,0.42,0.37,2026-09-22,2049,N20,VIIRS,n,2.0NRT,294.77,0.81,N,VIIRS_NOAA20_NRT,,
24.69213,73.00185,306.82,0.41,0.37,2026-09-22,2049,N20,VIIRS,n,2.0NRT,294.02,1.45,N,VIIRS_NOAA20_NRT,,
24.71566,74.67107,304.34,0.38,0.36,2026-09-22,2049,N20,VIIRS,n,2.0NRT,293.48,0.67,N,VIIRS_NOAA20_NRT,,
24.82199,73.09334,309.38,0.41,0.37,2026-09-22,2049,N20,VIIRS,n,2.0NRT,290.54,1.28,N,VIIRS_NOAA20_NRT,,
25.25163,68.67273,327.89,0.44,0.46,2026-09-22,2049,N20,VIIRS,n,2.0NRT,297.96,2.29,N,VIIRS_NOAA20_NRT,,
25.39107,68.58149,313.88,0.45,0.47,2026-09-22,2049,N20,VIIRS,n,2.0NRT,298.21,1.44,N,VIIRS_NOAA20_NRT,,
12.74605,77.61694,295.77,0.42,0.45,2026-09-22,2051,N20,VIIRS,n,2.0NRT,278.5,0.59,N,VIIRS_NOAA20_NRT,,
15.65777,73.98866,314.08,0.4,0.37,2026-09-22,2051,N20,VIIRS,n,2.0NRT,282.08,1.22,N,VIIRS_NOAA20_NRT,,
8.02859,80.73888,339.51,0.41,0.37,2026-09-23,756,N20,VIIRS,l,2.0NRT,297.37,8.15,D,VIIRS_NOAA20_NRT,,
8.03754,80.68491,335.83,0.41,0.37,2026-09-23,756,N20,VIIRS,n,2.0NRT,295.3,3.66,D,VIIRS_NOAA20_NRT,,
8.08097,81.38442,337.37,0.39,0.36,2026-09-23,756,N20,VIIRS,n,2.0NRT,301.54,3.55,D,VIIRS_NOAA20_NRT,,
8.09586,81.10558,338.37,0.4,0.37,2026-09-23,756,N20,VIIRS,l,2.0NRT,291.87,5.85,D,VIIRS_NOAA20_NRT,,
8.16125,80.70641,332.39,0.41,0.37,2026-09-23,756,N20,VIIRS,n,2.0NRT,289.82,4.37,D,VIIRS_NOAA20_NRT,,
8.20074,80.97845,336.35,0.4,0.37,2026-09-23,756,N20,VIIRS,l,2.0NRT,297.12,7.15,D,VIIRS_NOAA20_NRT,,
8.30657,81.2832,330.18,0.39,0.36,2026-09-23,756,N20,VIIRS,n,2.0NRT,296.03,1.45,D,VIIRS_NOAA20_NRT,,
8.42539,80.5175,345.91,0.41,0.37,2026-09-23,756,N20,VIIRS,n,2.0NRT,294.65,16.16,D,VIIRS_NOAA20_NRT,,
8.44289,80.49579,336.92,0.41,0.37,2026-09-23,756,N20,VIIRS,n,2.0NRT,295.33,7.18,D,VIIRS_NOAA20_NRT,,
8.66979,80.53457,337.61,0.41,0.37,2026-09-23,756,N20,VIIRS,n,2.0NRT,293.19,8.13,D,VIIRS_NOAA20_NRT,,
8.6713,80.49287,334.03,0.41,0.37,2026-09-23,756,N20,VIIRS,n,2.0NRT,292.46,4.55,D,VIIRS_NOAA20_NRT,,
8.91747,78.07575,332.13,0.52,0.42,2026-09-23,756,N20,VIIRS,l,2.0NRT,291.21,6.24,D,VIIRS_NOAA20_NRT,,
19.3676,71.35547,352.61,0.61,0.54,2026-09-23,758,N20,VIIRS,n,2.0NRT,289.56,20.82,D,VIIRS_NOAA20_NRT,,
19.36982,71.35302,340.8,0.61,0.54,2026-09-23,758,N20,VIIRS,n,2.0NRT,290.03,24.03,D,VIIRS_NOAA20_NRT,,
21.10316,72.63433,339.89,0.47,0.48,2026-09-23,758,N20,VIIRS,n,2.0NRT,297.53,8.46,D,VIIRS_NOAA20_NRT,,
21.10402,72.63878,341.32,0.47,0.48,2026-09-23,758,N20,VIIRS,n,2.0NRT,296.57,11.77,D,VIIRS_NOAA20_NRT,,
21.10574,72.64767,344.02,0.47,0.48,2026-09-23,758,N20,VIIRS,n,2.0NRT,298.18,6.6,D,VIIRS_NOAA20_NRT,,
21.74591,83.84197,337.45,0.54,0.42,2026-09-23,758,N20,VIIRS,n,2.0NRT,290.95,7.04,D,VIIRS_NOAA20_NRT,,
21.7543,83.84614,329.5,0.54,0.42,2026-09-23,758,N20,VIIRS,n,2.0NRT,289.79,3.22,D,VIIRS_NOAA20_NRT,,
21.76,84.02171,338.19,0.55,0.43,2026-09-23,758,N20,VIIRS,n,2.0NRT,292.74,11.6,D,VIIRS_NOAA20_NRT,,
21.76391,84.02116,329.27,0.55,0.43,2026-09-23,758,N20,VIIRS,n,2.0NRT,292.89,7.47,D,VIIRS_NOAA20_NRT,,
22.0394,83.72916,331.83,0.53,0.42,2026-09-23,758,N20,VIIRS,n,2.0NRT,289.34,7.14,D,VIIRS_NOAA20_NRT,,
22.04193,83.73155,332.56,0.53,0.42,2026-09-23,758,N20,VIIRS,n,2.0NRT,287.68,7.42,D,VIIRS_NOAA20_NRT,,
22.5447,75.89993,333.42,0.45,0.39,2026-09-23,758,N20,VIIRS,n,2.0NRT,302.96,2.94,D,VIIRS_NOAA20_NRT,,
22.63768,75.44591,330.41,0.47,0.4,2026-09-23,758,N20,VIIRS,l,2.0NRT,304.0,2.92,D,VIIRS_NOAA20_NRT,,
22.6736,75.88835,332.58,0.45,0.39,2026-09-23,758,N20,VIIRS,n,2.0NRT,303.36,2.16,D,VIIRS_NOAA20_NRT,,
22.73318,75.29805,332.79,0.47,0.4,2026-09-23,758,N20,VIIRS,n,2.0NRT,302.95,1.78,D,VIIRS_NOAA20_NRT,,
22.86753,75.37542,334.73,0.47,0.4,2026-09-23,758,N20,VIIRS,l,2.0NRT,306.62,2.75,D,VIIRS_NOAA20_NRT,,
22.87031,75.41198,336.57,0.47,0.39,2026-09-23,758,N20,VIIRS,n,2.0NRT,305.75,2.34,D,VIIRS_NOAA20_NRT,,
22.8869,75.75343,330.97,0.45,0.39,2026-09-23,758,N20,VIIRS,l,2.0NRT,305.44,1.89,D,VIIRS_NOAA20_NRT,,
22.90878,75.58794,332.69,0.46,0.39,2026-09-23,758,N20,VIIRS,l,2.0NRT,303.47,3.5,D,VIIRS_NOAA20_NRT,,
22.9093,75.82033,331.01,0.45,0.39,2026-09-23,758,N20,VIIRS,l,2.0NRT,304.86,1.79,D,VIIRS_NOAA20_NRT,,
22.9378,75.75357,333.67,0.45,0.39,2026-09-23,758,N20,VIIRS,l,2.0NRT,306.0,1.78,D,VIIRS_NOAA20_NRT,,
22.96249,75.97882,332.73,0.44,0.38,2026-09-23,758,N20,VIIRS,n,2.0NRT,303.76,1.64,D,VIIRS_NOAA20_NRT,,
22.96824,75.76083,334.39,0.45,0.39,2026-09-23,758,N20,VIIRS,l,2.0NRT,305.68,2.22,D,VIIRS_NOAA20_NRT,,
23.04512,75.70152,331.33,0.45,0.39,2026-09-23,758,N20,VIIRS,l,2.0NRT,304.98,2.9,D,VIIRS_NOAA20_NRT,,
23.28215,76.15114,334.62,0.43,0.38,2026-09-23,758,N20,VIIRS,n,2.0NRT,304.87,1.53,D,VIIRS_NOAA20_NRT,,
19.96283,79.33596,332.47,0.38,0.36,2026-09-23,801,N20,VIIRS,n,2.0NRT,284.71,2.12,D,VIIRS_NOAA20_NRT,,
24.00794,71.30653,340.89,0.5,0.49,2026-09-23,801,N20,VIIRS,n,2.0NRT,304.18,2.27,D,VIIRS_NOAA20_NRT,,
24.86093,69.18201,338.88,0.33,0.55,2026-09-23,801,N20,VIIRS,n,2.0NRT,306.55,2.13,D,VIIRS_NOAA20_NRT,,
25.3868,68.58262,334.48,0.35,0.56,2026-09-23,801,N20,VIIRS,n,2.0NRT,307.95,2.11,D,VIIRS_NOAA20_NRT,,
26.21019,68.19216,343.6,0.35,0.57,2026-09-23,801,N20,VIIRS,n,2.0NRT,305.11,2.0,D,VIIRS_NOAA20_NRT,,
26.53399,77.68007,335.77,0.38,0.36,2026-09-23,801,N20,VIIRS,n,2.0NRT,301.7,2.72,D,VIIRS_NOAA20_NRT,,
26.63295,72.26003,345.97,0.39,0.44,2026-09-23,801,N20,VIIRS,l,2.0NRT,315.99,7.41,D,VIIRS_NOAA20_NRT,,
26.6337,72.26392,345.23,0.39,0.44,2026-09-23,801,N20,VIIRS,n,2.0NRT,315.0,7.22,D,VIIRS_NOAA20_NRT,,
26.63767,72.26295,345.85,0.39,0.44,2026-09-23,801,N20,VIIRS,n,2.0NRT,315.78,9.69,D,VIIRS_NOAA20_NRT,,
27.51308,78.42581,330.4,0.39,0.36,2026-09-23,801,N20,VIIRS,n,2.0NRT,301.49,2.87,D,VIIRS_NOAA20_NRT,,
27.95617,77.70888,331.32,0.38,0.36,2026-09-23,801,N20,VIIRS,l,2.0NRT,304.06,1.94,D,VIIRS_NOAA20_NRT,,
28.0389,75.06685,343.65,0.42,0.38,2026-09-23,801,N20,VIIRS,n,2.0NRT,313.23,8.84,D,VIIRS_NOAA20_NRT,,
28.04981,69.36913,337.52,0.54,0.51,2026-09-23,801,N20,VIIRS,n,2.0NRT,310.45,6.97,D,VIIRS_NOAA20_NRT,,
28.13097,77.62788,334.92,0.38,0.36,2026-09-23,801,N20,VIIRS,n,2.0NRT,303.73,4.83,D,VIIRS_NOAA20_NRT,,
28.39633,78.19869,332.71,0.39,0.36,2026-09-23,801,N20,VIIRS,n,2.0NRT,302.58,2.17,D,VIIRS_NOAA20_NRT,,
28.63872,78.51069,335.13,0.39,0.36,2026-09-23,801,N20,VIIRS,n,2.0NRT,302.64,2.28,D,VIIRS_NOAA20_NRT,,
28.80413,76.91926,334.76,0.39,0.36,2026-09-23,801,N20,VIIRS,l,2.0NRT,305.59,3.16,D,VIIRS_NOAA20_NRT,,
29.25523,70.64738,335.81,0.43,0.46,2026-09-23,801,N20,VIIRS,l,2.0NRT,308.79,3.07,D,VIIRS_NOAA20_NRT,,
29.77915,74.83432,339.14,0.41,0.37,2026-09-23,801,N20,VIIRS,n,2.0NRT,305.63,2.45,D,VIIRS_NOAA20_NRT,,
29.78326,74.83778,332.84,0.41,0.37,2026-09-23,801,N20,VIIRS,l,2.0NRT,305.36,1.87,D,VIIRS_NOAA20_NRT,,
29.78398,74.842,334.03,0.41,0.37,2026-09-23,801,N20,VIIRS,l,2.0NRT,304.18,1.87,D,VIIRS_NOAA20_NRT,,
29.78665,74.83701,339.06,0.41,0.37,2026-09-23,801,N20,VIIRS,n,2.0NRT,305.27,1.87,D,VIIRS_NOAA20_NRT,,
29.95245,72.93081,330.26,0.48,0.4,2026-09-23,801,N20,VIIRS,n,2.0NRT,302.7,3.12,D,VIIRS_NOAA20_NRT,,
30.04757,74.77618,336.95,0.41,0.37,2026-09-23,801,N20,VIIRS,l,2.0NRT,307.17,4.55,D,VIIRS_NOAA20_NRT,,
30.12758,74.46244,350.12,0.42,0.38,2026-09-23,801,N20,VIIRS,n,2.0NRT,305.79,11.09,D,VIIRS_NOAA20_NRT,,
30.13025,74.45735,335.52,0.42,0.38,2026-09-23,801,N20,VIIRS,n,2.0NRT,305.29,5.16,D,VIIRS_NOAA20_NRT,,
30.131,74.46166,355.45,0.42,0.38,2026-09-23,801,N20,VIIRS,l,2.0NRT,308.18,11.09,D,VIIRS_NOAA20_NRT,,
30.13441,74.46088,331.81,0.42,0.38,2026-09-23,801,N20,VIIRS,l,2.0NRT,305.79,2.36,D,VIIRS_NOAA20_NRT,,
30.24977,74.25041,347.11,0.43,0.38,2026-09-23,801,N20,VIIRS,n,2.0NRT,305.4,3.67,D,VIIRS_NOAA20_NRT,,
30.2532,74.24962,340.57,0.43,0.38,2026-09-23,801,N20,VIIRS,n,2.0NRT,305.01,3.67,D,VIIRS_NOAA20_NRT,,
30.25396,74.25399,338.16,0.43,0.38,2026-09-23,801,N20,VIIRS,n,2.0NRT,305.08,4.92,D,VIIRS_NOAA20_NRT,,
30.75048,72.16579,333.84,0.51,0.41,2026-09-23,801,N20,VIIRS,l,2.0NRT,305.45,4.76,D,VIIRS_NOAA20_NRT,,
31.00732,74.44788,332.53,0.41,0.37,2026-09-23,801,N20,VIIRS,n,2.0NRT,301.35,2.62,D,VIIRS_NOAA20_NRT,,
31.01527,74.43269,334.28,0.41,0.37,2026-09-23,801,N20,VIIRS,n,2.0NRT,302.0,3.06,D,VIIRS_NOAA20_NRT,,
31.08209,74.51493,337.04,0.41,0.37,2026-09-23,801,N20,VIIRS,n,2.0NRT,301.9,3.42,D,VIIRS_NOAA20_NRT,,
31.10875,74.6103,340.85,0.41,0.37,2026-09-23,801,N20,VIIRS,n,2.0NRT,300.64,7.9,D,VIIRS_NOAA20_NRT,,
31.26831,74.20084,332.16,0.42,0.38,2026-09-23,801,N20,VIIRS,l,2.0NRT,302.62,1.37,D,VIIRS_NOAA20_NRT,,
31.3016,74.35462,337.3,0.41,0.37,2026-09-23,801,N20,VIIRS,n,2.0NRT,301.82,2.09,D,VIIRS_NOAA20_NRT,,
31.36038,75.98373,330.14,0.39,0.36,2026-09-23,801,N20,VIIRS,l,2.0NRT,301.06,2.02,D,VIIRS_NOAA20_NRT,,
31.45688,74.87747,332.45,0.4,0.37,2026-09-23,801,N20,VIIRS,n,2.0NRT,299.69,3.83,D,VIIRS_NOAA20_NRT,,
31.53393,74.56011,331.3,0.41,0.37,2026-09-23,803,N20,VIIRS,n,2.0NRT,299.61,1.82,D,VIIRS_NOAA20_NRT,,
31.65495,72.36611,335.72,0.48,0.4,2026-09-23,803,N20,VIIRS,n,2.0NRT,303.26,3.89,D,VIIRS_NOAA20_NRT,,
31.66758,74.14309,337.68,0.42,0.37,2026-09-23,803,N20,VIIRS,n,2.0NRT,302.77,2.73,D,VIIRS_NOAA20_NRT,,
31.68656,74.08888,334.8,0.42,0.38,2026-09-23,803,N20,VIIRS,n,2.0NRT,300.64,1.94,D,VIIRS_NOAA20_NRT,,
31.68705,74.02979,336.03,0.42,0.38,2026-09-23,803,N20,VIIRS,n,2.0NRT,301.25,2.12,D,VIIRS_NOAA20_NRT,,
31.68953,75.25529,345.18,0.39,0.36,2026-09-23,803,N20,VIIRS,n,2.0NRT,300.61,5.6,D,VIIRS_NOAA20_NRT,,
31.72313,72.24599,338.88,0.49,0.4,2026-09-23,803,N20,VIIRS,n,2.0NRT,303.11,5.02,D,VIIRS_NOAA20_NRT,,
31.7521,74.68208,332.46,0.4,0.37,2026-09-23,803,N20,VIIRS,n,2.0NRT,299.76,1.82,D,VIIRS_NOAA20_NRT,,
31.8049,75.02044,336.74,0.4,0.37,2026-09-23,803,N20,VIIRS,n,2.0NRT,301.02,3.42,D,VIIRS_NOAA20_NRT,,
31.8252,72.30614,330.81,0.48,0.4,2026-09-23,803,N20,VIIRS,n,2.0NRT,302.13,1.67,D,VIIRS_NOAA20_NRT,,
31.8723,74.68575,332.25,0.4,0.37,2026-09-23,803,N20,VIIRS,n,2.0NRT,300.18,2.98,D,VIIRS_NOAA20_NRT,,
31.89238,73.83407,339.76,0.42,0.38,2026-09-23,803,N20,VIIRS,n,2.0NRT,304.06,3.69,D,VIIRS_NOAA20_NRT,,
31.89315,73.83847,335.74,0.42,0.38,2026-09-23,803,N20,VIIRS,n,2.0NRT,301.37,3.69,D,VIIRS_NOAA20_NRT,,
30.44787,70.56549,311.97,0.38,0.59,2026-09-23,2025,N20,VIIRS,n,2.0NRT,295.23,1.08,N,VIIRS_NOAA20_NRT,,
30.44952,70.56387,306.51,0.38,0.59,2026-09-23,2025,N20,VIIRS,n,2.0NRT,294.61,0.91,N,VIIRS_NOAA20_NRT,,
31.25913,76.92434,301.03,0.51,0.41,2026-09-23,2025,N20,VIIRS,n,2.0NRT,290.38,1.22,N,VIIRS_NOAA20_NRT,,
31.48888,75.05453,320.27,0.42,0.46,2026-09-23,2025,N20,VIIRS,n,2.0NRT,294.66,1.95,N,VIIRS_NOAA20_NRT,,
31.76849,70.10452,308.19,0.42,0.61,2026-09-23,2025,N20,VIIRS,n,2.0NRT,291.76,1.05,N,VIIRS_NOAA20_NRT,,
22.31483,69.8546,304.84,0.34,0.56,2026-09-23,2027,N20,VIIRS,n,2.0NRT,294.71,0.33,N,VIIRS_NOAA20_NRT,,
22.36667,73.11252,312.7,0.43,0.46,2026-09-23,2027,N20,VIIRS,n,2.0NRT,297.21,2.22,N,VIIRS_NOAA20_NRT,,
22.41792,69.03748,314.52,0.39,0.59,2026-09-23,2027,N20,VIIRS,n,2.0NRT,295.42,1.64,N,VIIRS_NOAA20_NRT,,
22.41901,69.03748,314.07,0.39,0.59,2026-09-23,2027,N20,VIIRS,n,2.0NRT,296.21,1.58,N,VIIRS_NOAA20_NRT,,
22.93655,69.69582,307.62,0.36,0.57,2026-09-23,2027,N20,VIIRS,n,2.0NRT,296.8,0.87,N,VIIRS_NOAA20_NRT,,
23.25722,70.26096,310.39,0.33,0.55,2026-09-23,2027,N20,VIIRS,n,2.0NRT,296.5,0.53,N,VIIRS_NOAA20_NRT,,
23.30098,70.47238,308.39,0.32,0.55,2026-09-23,2027,N20,VIIRS,n,2.0NRT,296.44,0.48,N,VIIRS_NOAA20_NRT,,
24.66307,74.63187,308.28,0.56,0.43,2026-09-23,2027,N20,VIIRS,n,2.0NRT,297.4,1.85,N,VIIRS_NOAA20_NRT,,
24.76546,74.60892,308.73,0.56,0.43,2026-09-23,2027,N20,VIIRS,n,2.0NRT,296.15,2.38,N,VIIRS_NOAA20_NRT,,
25.38676,68.57848,314.66,0.45,0.63,2026-09-23,2027,N20,VIIRS,n,2.0NRT,296.9,1.33,N,VIIRS_NOAA20_NRT,,
26.09538,68.87702,316.29,0.44,0.62,2026-09-23,2027,N20,VIIRS,n,2.0NRT,297.49,1.71,N,VIIRS_NOAA20_NRT,,
26.60048,72.62276,314.13,0.52,0.5,2026-09-23,2027,N20,VIIRS,n,2.0NRT,297.12,1.5,N,VIIRS_NOAA20_NRT,,
26.60619,73.68221,308.11,0.45,0.47,2026-09-23,2027,N20,VIIRS,n,2.0NRT,297.92,1.58,N,VIIRS_NOAA20_NRT,,
26.64157,79.47591,312.06,0.39,0.36,2026-09-23,2027,N20,VIIRS,n,2.0NRT,291.69,0.98,N,VIIRS_NOAA20_NRT,,
28.0289,76.49574,313.7,0.49,0.4,2026-09-23,2027,N20,VIIRS,n,2.0NRT,296.13,1.84,N,VIIRS_NOAA20_NRT,,
28.03079,76.49374,318.41,0.49,0.4,2026-09-23,2027,N20,VIIRS,n,2.0NRT,296.42,1.62,N,VIIRS_NOAA20_NRT,,
28.05566,69.36625,328.69,0.43,0.62,2026-09-23,2027,N20,VIIRS,n,2.0NRT,297.2,1.62,N,VIIRS_NOAA20_NRT,,
28.27911,77.27263,308.81,0.46,0.39,2026-09-23,2027,N20,VIIRS,n,2.0NRT,296.48,1.56,N,VIIRS_NOAA20_NRT,,
28.34724,77.25582,307.81,0.46,0.39,2026-09-23,2027,N20,VIIRS,n,2.0NRT,296.98,1.43,N,VIIRS_NOAA20_NRT,,
28.37028,77.26236,310.49,0.46,0.39,2026-09-23,2027,N20,VIIRS,n,2.0NRT,297.14,1.66,N,VIIRS_NOAA20_NRT,,
28.42432,69.69694,311.38,0.41,0.61,2026-09-23,2027,N20,VIIRS,n,2.0NRT,297.11,1.9,N,VIIRS_NOAA20_NRT,,
28.65901,77.58726,308.6,0.45,0.39,2026-09-23,2027,N20,VIIRS,n,2.0NRT,295.29,0.7,N,VIIRS_NOAA20_NRT,,
28.71257,76.83175,308.29,0.48,0.4,2026-09-23,2027,N20,VIIRS,n,2.0NRT,296.79,1.66,N,VIIRS_NOAA20_NRT,,
28.7444,76.92877,309.74,0.48,0.4,2026-09-23,2027,N20,VIIRS,n,2.0NRT,296.43,1.32,N,VIIRS_NOAA20_NRT,,
28.89342,78.85453,308.62,0.41,0.37,2026-09-23,2027,N20,VIIRS,n,2.0NRT,294.94,1.03,N,VIIRS_NOAA20_NRT,,
18.69296,73.03981,298.27,0.39,0.44,2026-09-23,2029,N20,VIIRS,n,2.0NRT,271.78,0.81,N,VIIRS_NOAA20_NRT,,
18.86057,72.92706,310.13,0.4,0.44,2026-09-23,2029,N20,VIIRS,n,2.0NRT,285.32,2.01,N,VIIRS_NOAA20_NRT,,
19.37122,71.35505,319.08,0.5,0.49,2026-09-23,2029,N20,VIIRS,n,2.0NRT,291.34,4.52,N,VIIRS_NOAA20_NRT,,
19.37179,71.35024,336.15,0.5,0.49,2026-09-23,2029,N20,VIIRS,n,2.0NRT,291.01,4.52,N,VIIRS_NOAA20_NRT,,
21.1009,72.63284,317.01,0.44,0.46,2026-09-23,2029,N20,VIIRS,n,2.0NRT,295.54,1.09,N,VIIRS_NOAA20_NRT,,
21.10364,72.64616,312.07,0.44,0.46,2026-09-23,2029,N20,VIIRS,n,2.0NRT,295.86,7.65,N,VIIRS_NOAA20_NRT,,
21.10415,72.64194,311.95,0.44,0.46,2026-09-23,2029,N20,VIIRS,n,2.0NRT,295.69,7.86,N,VIIRS_NOAA20_NRT,,
21.10516,72.63345,339.39,0.44,0.46,2026-09-23,2029,N20,VIIRS,n,2.0NRT,296.5,2.72,N,VIIRS_NOAA20_NRT,,
21.10789,72.64676,329.9,0.44,0.46,2026-09-23,2029,N20,VIIRS,n,2.0NRT,299.0,7.65,N,VIIRS_NOAA20_NRT,,
21.1084,72.64253,339.67,0.44,0.46,2026-09-23,2029,N20,VIIRS,n,2.0NRT,296.11,7.86,N,VIIRS_NOAA20_NRT,,
21.10941,72.63404,312.34,0.44,0.46,2026-09-23,2029,N20,VIIRS,n,2.0NRT,296.16,2.72,N,VIIRS_NOAA20_NRT,,
21.11367,72.63464,313.76,0.44,0.46,2026-09-23,2029,N20,VIIRS,n,2.0NRT,296.75,1.25,N,VIIRS_NOAA20_NRT,,
9.27542,77.92335,309.83,0.41,0.37,2026-09-23,2032,N20,VIIRS,n,2.0NRT,291.78,1.01,N,VIIRS_NOAA20_NRT,,
10.25534,77.17133,304.24,0.39,0.36,2026-09-23,2032,N20,VIIRS,n,2.0NRT,287.25,0.43,N,VIIRS_NOAA20_NRT,,
10.6167,77.42141,303.17,0.39,0.36,2026-09-23,2032,N20,VIIRS,n,2.0NRT,285.49,0.43,N,VIIRS_NOAA20_NRT,,
11.81518,77.91682,316.54,0.4,0.37,2026-09-23,2032,N20,VIIRS,n,2.0NRT,284.17,1.17,N,VIIRS_NOAA20_NRT,,
11.81853,77.91739,309.7,0.4,0.37,2026-09-23,2032,N20,VIIRS,n,2.0NRT,283.46,1.17,N,VIIRS_NOAA20_NRT,,
31.76886,70.10196,302.17,0.55,0.68,2026-09-23,2205,N20,VIIRS,n,2.0NRT,289.81,0.46,N,VIIRS_NOAA20_NRT,,
25.16084,68.46808,305.64,0.64,0.72,2026-09-23,2208,N20,VIIRS,n,2.0NRT,295.63,0.99,N,VIIRS_NOAA20_NRT,,
25.3856,68.58214,308.55,0.64,0.72,2026-09-23,2208,N20,VIIRS,n,2.0NRT,295.86,1.24,N,VIIRS_NOAA20_NRT,,
25.39106,68.58279,310.64,0.64,0.72,2026-09-23,2208,N20,VIIRS,n,2.0NRT,295.74,1.23,N,VIIRS_NOAA20_NRT,,
28.05291,69.37061,308.11,0.62,0.71,2026-09-23,2208,N20,VIIRS,n,2.0NRT,295.92,1.57,N,VIIRS_NOAA20_NRT,,
28.05436,69.36691,321.2,0.62,0.71,2026-09-23,2208,N20,VIIRS,n,2.0NRT,296.25,2.38,N,VIIRS_NOAA20_NRT,,
28.0545,69.36459,307.56,0.62,0.71,2026-09-23,2208,N20,VIIRS,n,2.0NRT,295.91,1.8,N,VIIRS_NOAA20_NRT,,
19.36909,71.35644,339.97,0.62,0.72,2026-09-24,739,N20,VIIRS,n,2.0NRT,291.9,7.22,D,VIIRS_NOAA20_NRT,,
23.10466,69.92244,334.75,0.63,0.72,2026-09-24,741,N20,VIIRS,n,2.0NRT,299.96,4.76,D,VIIRS_NOAA20_NRT,,
23.11121,75.7177,337.06,0.55,0.51,2026-09-24,741,N20,VIIRS,n,2.0NRT,302.47,3.16,D,VIIRS_NOAA20_NRT,,
23.58516,72.11846,332.35,0.45,0.63,2026-09-24,741,N20,VIIRS,n,2.0NRT,298.06,2.66,D,VIIRS_NOAA20_NRT,,
25.84487,76.41708,331.06,0.44,0.46,2026-09-24,741,N20,VIIRS,l,2.0NRT,304.81,2.11,D,VIIRS_NOAA20_NRT,,
27.61162,69.46782,349.06,0.53,0.67,2026-09-24,744,N20,VIIRS,n,2.0NRT,311.66,24.32,D,VIIRS_NOAA20_NRT,,
27.61258,69.46897,349.81,0.53,0.67,2026-09-24,744,N20,VIIRS,n,2.0NRT,313.52,24.72,D,VIIRS_NOAA20_NRT,,
27.61293,69.473,367.0,0.53,0.67,2026-09-24,744,N20,VIIRS,h,2.0NRT,309.35,24.32,D,VIIRS_NOAA20_NRT,,
27.61392,69.47416,341.99,0.53,0.67,2026-09-24,744,N20,VIIRS,n,2.0NRT,309.25,24.72,D,VIIRS_NOAA20_NRT,,
29.09044,75.95024,341.24,0.41,0.45,2026-09-24,744,N20,VIIRS,n,2.0NRT,301.63,4.5,D,VIIRS_NOAA20_NRT,,
29.65374,72.13364,333.91,0.33,0.55,2026-09-24,744,N20,VIIRS,n,2.0NRT,300.33,1.4,D,VIIRS_NOAA20_NRT,,
29.98539,70.75997,339.66,0.39,0.59,2026-09-24,744,N20,VIIRS,n,2.0NRT,299.84,2.69,D,VIIRS_NOAA20_NRT,,
30.27989,76.27377,332.82,0.56,0.43,2026-09-24,744,N20,VIIRS,n,2.0NRT,298.72,5.97,D,VIIRS_NOAA20_NRT,,
30.37814,75.27622,330.01,0.42,0.45,2026-09-24,744,N20,VIIRS,n,2.0NRT,298.97,2.54,D,VIIRS_NOAA20_NRT,,
30.5755,73.79058,334.23,0.5,0.49,2026-09-24,744,N20,VIIRS,n,2.0NRT,301.28,3.96,D,VIIRS_NOAA20_NRT,,
31.04923,74.23954,334.76,0.46,0.47,2026-09-24,744,N20,VIIRS,n,2.0NRT,298.6,2.54,D,VIIRS_NOAA20_NRT,,
31.09416,74.65594,330.7,0.44,0.46,2026-09-24,744,N20,VIIRS,n,2.0NRT,297.91,2.82,D,VIIRS_NOAA20_NRT,,
31.11028,77.44234,340.21,0.48,0.4,2026-09-24,744,N20,VIIRS,n,2.0NRT,302.14,6.06,D,VIIRS_NOAA20_NRT,,
31.36733,74.5506,331.83,0.44,0.46,2026-09-24,744,N20,VIIRS,n,2.0NRT,298.47,2.73,D,VIIRS_NOAA20_NRT,,
31.39401,72.15036,334.11,0.6,0.53,2026-09-24,744,N20,VIIRS,n,2.0NRT,297.69,5.15,D,VIIRS_NOAA20_NRT,,
31.90359,74.66436,330.68,0.42,0.45,2026-09-24,744,N20,VIIRS,n,2.0NRT,294.48,2.42,D,VIIRS_NOAA20_NRT,,
31.90613,74.66639,333.73,0.42,0.45,2026-09-24,744,N20,VIIRS,n,2.0NRT,295.92,2.5,D,VIIRS_NOAA20_NRT,,
19.36828,71.35669,345.27,0.55,0.68,2026-09-24,922,N20,VIIRS,n,2.0NRT,292.47,7.73,D,VIIRS_NOAA20_NRT,,
23.09989,69.92151,333.55,0.49,0.65,2026-09-24,922,N20,VIIRS,n,2.0NRT,301.17,2.14,D,VIIRS_NOAA20_NRT,,
23.15752,70.11012,353.69,0.5,0.66,2026-09-24,922,N20,VIIRS,n,2.0NRT,301.03,8.02,D,VIIRS_NOAA20_NRT,,
24.17634,68.01884,332.0,0.38,0.59,2026-09-24,922,N20,VIIRS,l,2.0NRT,306.09,1.77,D,VIIRS_NOAA20_NRT,,
24.82227,68.07066,351.32,0.39,0.59,2026-09-24,924,N20,VIIRS,n,2.0NRT,305.02,5.68,D,VIIRS_NOAA20_NRT,,
25.94217,72.20272,330.22,0.73,0.76,2026-09-24,924,N20,VIIRS,l,2.0NRT,302.52,3.65,D,VIIRS_NOAA20_NRT,,
27.61595,68.40544,334.89,0.44,0.62,2026-09-24,924,N20,VIIRS,n,2.0NRT,304.0,6.82,D,VIIRS_NOAA20_NRT,,
27.62099,68.40887,335.66,0.44,0.62,2026-09-24,924,N20,VIIRS,n,2.0NRT,303.46,6.89,D,VIIRS_NOAA20_NRT,,
27.62203,68.40942,341.69,0.44,0.62,2026-09-24,924,N20,VIIRS,n,2.0NRT,303.57,7.6,D,VIIRS_NOAA20_NRT,,
27.6264,68.40393,331.81,0.44,0.62,2026-09-24,924,N20,VIIRS,l,2.0NRT,304.01,6.6,D,VIIRS_NOAA20_NRT,,
27.62674,68.40839,353.62,0.44,0.62,2026-09-24,924,N20,VIIRS,n,2.0NRT,303.33,8.23,D,VIIRS_NOAA20_NRT,,
27.62747,68.40445,342.32,0.44,0.62,2026-09-24,924,N20,VIIRS,n,2.0NRT,304.23,6.4,D,VIIRS_NOAA20_NRT,,
27.62778,68.40892,330.29,0.44,0.62,2026-09-24,924,N20,VIIRS,l,2.0NRT,302.89,4.86,D,VIIRS_NOAA20_NRT,,
28.05044,69.37144,337.88,0.51,0.66,2026-09-24,924,N20,VIIRS,n,2.0NRT,304.58,3.48,D,VIIRS_NOAA20_NRT,,
29.93578,69.95001,340.9,0.57,0.69,2026-09-24,924,N20,VIIRS,n,2.0NRT,300.12,4.85,D,VIIRS_NOAA20_NRT,,
29.93737,69.9495,340.45,0.57,0.69,2026-09-24,924,N20,VIIRS,n,2.0NRT,300.26,4.16,D,VIIRS_NOAA20_NRT,,
28.34856,77.23132,307.67,0.55,0.51,2026-09-24,2008,N20,VIIRS,n,2.0NRT,294.1,0.87,N,VIIRS_NOAA20_NRT,,
28.7086,76.85249,305.02,0.59,0.53,2026-09-24,2008,N20,VIIRS,n,2.0NRT,294.56,1.15,N,VIIRS_NOAA20_NRT,,
28.71004,76.85292,304.97,0.59,0.53,2026-09-24,2008,N20,VIIRS,n,2.0NRT,294.45,2.17,N,VIIRS_NOAA20_NRT,,
31.61731,74.37303,305.24,0.45,0.63,2026-09-24,2008,N20,VIIRS,n,2.0NRT,292.51,0.73,N,VIIRS_NOAA20_NRT,,
21.10476,72.6455,323.23,0.44,0.63,2026-09-24,2010,N20,VIIRS,n,2.0NRT,292.86,2.93,N,VIIRS_NOAA20_NRT,,
21.10517,72.64117,326.59,0.45,0.63,2026-09-24,2010,N20,VIIRS,n,2.0NRT,292.64,6.44,N,VIIRS_NOAA20_NRT,,
21.10558,72.63684,324.14,0.45,0.63,2026-09-24,2010,N20,VIIRS,n,2.0NRT,293.42,6.44,N,VIIRS_NOAA20_NRT,,
21.10598,72.63249,353.9,0.45,0.63,2026-09-24,2010,N20,VIIRS,n,2.0NRT,293.02,5.36,N,VIIRS_NOAA20_NRT,,
21.11055,72.64613,307.98,0.44,0.63,2026-09-24,2010,N20,VIIRS,n,2.0NRT,293.7,2.93,N,VIIRS_NOAA20_NRT,,
21.11178,72.63314,312.71,0.45,0.63,2026-09-24,2010,N20,VIIRS,n,2.0NRT,294.26,5.36,N,VIIRS_NOAA20_NRT,,
24.66301,74.63254,305.33,0.36,0.58,2026-09-24,2010,N20,VIIRS,n,2.0NRT,294.24,1.32,N,VIIRS_NOAA20_NRT,,
24.66439,74.63258,305.09,0.36,0.58,2026-09-24,2010,N20,VIIRS,n,2.0NRT,294.22,1.44,N,VIIRS_NOAA20_NRT,,
24.76594,74.60468,309.21,0.37,0.58,2026-09-24,2010,N20,VIIRS,n,2.0NRT,293.31,1.1,N,VIIRS_NOAA20_NRT,,
17.06264,76.97691,302.89,0.41,0.45,2026-09-24,2012,N20,VIIRS,n,2.0NRT,281.92,0.75,N,VIIRS_NOAA20_NRT,,
18.53758,74.23166,297.17,0.33,0.55,2026-09-24,2012,N20,VIIRS,n,2.0NRT,268.62,0.27,N,VIIRS_NOAA20_NRT,,
18.53849,74.2337,295.36,0.33,0.55,2026-09-24,2012,N20,VIIRS,n,2.0NRT,268.45,0.43,N,VIIRS_NOAA20_NRT,,
11.55362,77.24593,308.43,0.51,0.41,2026-09-24,2014,N20,VIIRS,n,2.0NRT,271.48,1.51,N,VIIRS_NOAA20_NRT,,
21.10514,72.64676,305.79,0.73,0.76,2026-09-24,2150,N20,VIIRS,n,2.0NRT,292.37,3.39,N,VIIRS_NOAA20_NRT,,
21.10685,72.63995,305.47,0.73,0.76,2026-09-24,2150,N20,VIIRS,n,2.0NRT,292.41,4.26,N,VIIRS_NOAA20_NRT,,
22.9342,69.69633,320.12,0.43,0.62,2026-09-24,2150,N20,VIIRS,n,2.0NRT,296.4,2.37,N,VIIRS_NOAA20_NRT,,
25.3903,68.58427,319.87,0.33,0.55,2026-09-24,2150,N20,VIIRS,n,2.0NRT,296.82,0.92,N,VIIRS_NOAA20_NRT,,
25.39101,68.58109,306.61,0.33,0.55,2026-09-24,2150,N20,VIIRS,n,2.0NRT,296.42,0.92,N,VIIRS_NOAA20_NRT,,
26.09368,68.87835,310.55,0.33,0.55,2026-09-24,2150,N20,VIIRS,n,2.0NRT,297.28,0.74,N,VIIRS_NOAA20_NRT,,
28.05211,69.36842,334.99,0.32,0.55,2026-09-24,2150,N20,VIIRS,n,2.0NRT,298.47,1.55,N,VIIRS_NOAA20_NRT,,
28.42698,69.7009,314.99,0.33,0.55,2026-09-24,2150,N20,VIIRS,n,2.0NRT,297.32,1.75,N,VIIRS_NOAA20_NRT,,
8.11408,80.98805,327.4,0.49,0.65,2026-09-25,718,N20,VIIRS,n,2.0NRT,273.49,3.03,D,VIIRS_NOAA20_NRT,,
8.1165,80.9865,326.95,0.49,0.65,2026-09-25,718,N20,VIIRS,n,2.0NRT,273.8,4.01,D,VIIRS_NOAA20_NRT,,
8.96131,80.84394,349.33,0.48,0.65,2026-09-25,720,N20,VIIRS,n,2.0NRT,274.75,6.56,D,VIIRS_NOAA20_NRT,,
8.96315,80.84235,344.69,0.49,0.65,2026-09-25,720,N20,VIIRS,n,2.0NRT,275.27,8.71,D,VIIRS_NOAA20_NRT,,
8.97896,80.67806,328.63,0.5,0.66,2026-09-25,720,N20,VIIRS,n,2.0NRT,271.67,3.73,D,VIIRS_NOAA20_NRT,,
9.3869,80.32471,328.91,0.52,0.67,2026-09-25,720,N20,VIIRS,n,2.0NRT,272.45,3.89,D,VIIRS_NOAA20_NRT,,
9.38892,80.32713,326.97,0.52,0.67,2026-09-25,720,N20,VIIRS,n,2.0NRT,272.04,3.49,D,VIIRS_NOAA20_NRT,,
30.21978,72.10999,337.73,0.61,0.71,2026-09-25,726,N20,VIIRS,n,2.0NRT,297.7,5.06,D,VIIRS_NOAA20_NRT,,
30.82652,74.12354,367.0,0.45,0.63,2026-09-25,726,N20,VIIRS,h,2.0NRT,296.44,14.98,D,VIIRS_NOAA20_NRT,,
18.8579,72.92867,367.0,0.34,0.56,2026-09-25,902,N20,VIIRS,h,2.0NRT,296.78,6.48,D,VIIRS_NOAA20_NRT,,
19.36833,71.35696,332.92,0.54,0.51,2026-09-25,902,N20,VIIRS,n,2.0NRT,293.83,2.46,D,VIIRS_NOAA20_NRT,,
21.10027,72.63811,339.28,0.34,0.56,2026-09-25,905,N20,VIIRS,n,2.0NRT,291.47,2.53,D,VIIRS_NOAA20_NRT,,
21.10648,72.64751,338.48,0.34,0.56,2026-09-25,905,N20,VIIRS,n,2.0NRT,290.39,4.37,D,VIIRS_NOAA20_NRT,,
22.93247,69.69941,341.66,0.47,0.48,2026-09-25,905,N20,VIIRS,n,2.0NRT,308.89,4.91,D,VIIRS_NOAA20_NRT,,
25.6359,69.49288,340.68,0.49,0.49,2026-09-25,905,N20,VIIRS,n,2.0NRT,305.85,2.37,D,VIIRS_NOAA20_NRT,,
27.40991,71.41462,338.36,0.34,0.56,2026-09-25,905,N20,VIIRS,l,2.0NRT,312.17,2.51,D,VIIRS_NOAA20_NRT,,
27.63429,68.38343,337.45,0.45,0.47,2026-09-25,905,N20,VIIRS,l,2.0NRT,309.09,8.45,D,VIIRS_NOAA20_NRT,,
27.63857,68.38287,344.3,0.45,0.47,2026-09-25,905,N20,VIIRS,n,2.0NRT,308.58,11.29,D,VIIRS_NOAA20_NRT,,
27.95555,68.99998,335.37,0.49,0.48,2026-09-25,905,N20,VIIRS,l,2.0NRT,307.96,3.09,D,VIIRS_NOAA20_NRT,,
27.95791,68.93439,348.56,0.48,0.48,2026-09-25,905,N20,VIIRS,n,2.0NRT,309.33,8.28,D,VIIRS_NOAA20_NRT,,
31.47302,75.06176,330.12,0.62,0.71,2026-09-25,905,N20,VIIRS,n,2.0NRT,292.06,3.97,D,VIIRS_NOAA20_NRT,,
28.05278,69.37175,342.45,0.52,0.5,2026-09-25,907,N20,VIIRS,n,2.0NRT,305.28,4.36,D,VIIRS_NOAA20_NRT,,
28.05295,69.36971,335.28,0.52,0.5,2026-09-25,907,N20,VIIRS,n,2.0NRT,304.71,6.41,D,VIIRS_NOAA20_NRT,,
28.70712,68.19604,346.45,0.45,0.47,2026-09-25,907,N20,VIIRS,n,2.0NRT,313.03,4.72,D,VIIRS_NOAA20_NRT,,
29.11624,71.02922,348.2,0.34,0.56,2026-09-25,907,N20,VIIRS,n,2.0NRT,298.77,3.76,D,VIIRS_NOAA20_NRT,,
30.81184,76.01312,304.96,0.67,0.74,2026-09-25,1947,N20,VIIRS,n,2.0NRT,289.21,1.2,N,VIIRS_NOAA20_NRT,,
22.05646,88.12705,306.21,0.39,0.36,2026-09-25,1949,N20,VIIRS,n,2.0NRT,289.67,2.66,N,VIIRS_NOAA20_NRT,,
22.36356,87.01646,309.33,0.4,0.37,2026-09-25,1949,N20,VIIRS,n,2.0NRT,290.18,1.87,N,VIIRS_NOAA20_NRT,,
22.79265,86.1945,306.86,0.43,0.38,2026-09-25,1949,N20,VIIRS,n,2.0NRT,289.03,1.14,N,VIIRS_NOAA20_NRT,,
23.58118,86.72454,309.78,0.42,0.37,2026-09-25,1949,N20,VIIRS,n,2.0NRT,292.03,1.65,N,VIIRS_NOAA20_NRT,,
23.63302,86.29369,306.11,0.43,0.38,2026-09-25,1949,N20,VIIRS,n,2.0NRT,289.8,1.62,N,VIIRS_NOAA20_NRT,,
23.68424,86.39553,310.74,0.43,0.38,2026-09-25,1949,N20,VIIRS,n,2.0NRT,290.15,2.16,N,VIIRS_NOAA20_NRT,,
23.68484,86.39132,312.57,0.43,0.38,2026-09-25,1949,N20,VIIRS,n,2.0NRT,290.02,2.35,N,VIIRS_NOAA20_NRT,,
23.76654,86.40283,299.45,0.43,0.38,2026-09-25,1949,N20,VIIRS,n,2.0NRT,287.78,1.27,N,VIIRS_NOAA20_NRT,,
23.77379,86.19624,299.69,0.44,0.38,2026-09-25,1949,N20,VIIRS,n,2.0NRT,287.25,0.88,N,VIIRS_NOAA20_NRT,,
23.77531,86.3656,314.16,0.43,0.38,2026-09-25,1949,N20,VIIRS,n,2.0NRT,290.39,2.02,N,VIIRS_NOAA20_NRT,,
23.77932,86.38784,303.93,0.43,0.38,2026-09-25,1949,N20,VIIRS,n,2.0NRT,288.99,0.78,N,VIIRS_NOAA20_NRT,,
24.11442,86.85885,311.92,0.42,0.37,2026-09-25,1949,N20,VIIRS,n,2.0NRT,292.06,2.3,N,VIIRS_NOAA20_NRT,,
28.32125,77.21558,301.9,0.54,0.68,2026-09-25,1949,N20,VIIRS,n,2.0NRT,286.56,0.53,N,VIIRS_NOAA20_NRT,,
28.32468,77.2164,303.04,0.54,0.68,2026-09-25,1949,N20,VIIRS,n,2.0NRT,287.49,0.84,N,VIIRS_NOAA20_NRT,,
28.7114,76.85444,304.46,0.58,0.69,2026-09-25,1949,N20,VIIRS,n,2.0NRT,290.71,0.83,N,VIIRS_NOAA20_NRT,,
28.74586,77.12883,308.73,0.55,0.68,2026-09-25,1949,N20,VIIRS,n,2.0NRT,290.46,1.81,N,VIIRS_NOAA20_NRT,,
28.74622,77.12306,304.49,0.55,0.68,2026-09-25,1949,N20,VIIRS,n,2.0NRT,290.21,1.6,N,VIIRS_NOAA20_NRT,,
28.74872,77.1236,312.17,0.55,0.68,2026-09-25,1949,N20,VIIRS,n,2.0NRT,290.16,2.71,N,VIIRS_NOAA20_NRT,,
15.89415,75.41387,303.63,0.52,0.67,2026-09-25,1951,N20,VIIRS,n,2.0NRT,278.45,0.89,N,VIIRS_NOAA20_NRT,,
9.26441,80.14289,317.62,0.41,0.45,2026-09-25,1953,N20,VIIRS,n,2.0NRT,285.98,3.19,N,VIIRS_NOAA20_NRT,,
31.25991,76.92419,303.16,0.4,0.6,2026-09-25,2127,N20,VIIRS,n,2.0NRT,287.51,0.77,N,VIIRS_NOAA20_NRT,,
26.25904,74.09378,305.02,0.35,0.57,2026-09-25,2129,N20,VIIRS,n,2.0NRT,294.57,0.73,N,VIIRS_NOAA20_NRT,,
27.66821,76.13337,302.72,0.43,0.62,2026-09-25,2129,N20,VIIRS,n,2.0NRT,292.65,0.74,N,VIIRS_NOAA20_NRT,,
27.66926,76.12911,302.91,0.43,0.62,2026-09-25,2129,N20,VIIRS,n,2.0NRT,292.51,0.74,N,VIIRS_NOAA20_NRT,,
28.03909,69.67334,310.35,0.54,0.42,2026-09-25,2129,N20,VIIRS,n,2.0NRT,298.76,1.25,N,VIIRS_NOAA20_NRT,,
28.0411,69.67314,309.42,0.54,0.42,2026-09-25,2129,N20,VIIRS,n,2.0NRT,298.68,1.87,N,VIIRS_NOAA20_NRT,,
28.05239,69.36746,332.3,0.52,0.41,2026-09-25,2129,N20,VIIRS,n,2.0NRT,298.92,2.77,N,VIIRS_NOAA20_NRT,,
28.42653,69.70271,314.97,0.53,0.42,2026-09-25,2129,N20,VIIRS,n,2.0NRT,297.33,2.32,N,VIIRS_NOAA20_NRT,,
30.44603,70.56556,306.56,0.54,0.42,2026-09-25,2129,N20,VIIRS,n,2.0NRT,294.91,1.11,N,VIIRS_NOAA20_NRT,,
30.8128,76.01749,306.22,0.36,0.57,2026-09-25,2129,N20,VIIRS,n,2.0NRT,291.38,0.36,N,VIIRS_NOAA20_NRT,,
18.68553,73.03807,303.34,0.43,0.62,2026-09-25,2131,N20,VIIRS,n,2.0NRT,291.74,2.39,N,VIIRS_NOAA20_NRT,,
18.6873,73.03009,308.32,0.43,0.62,2026-09-25,2131,N20,VIIRS,n,2.0NRT,292.29,1.7,N,VIIRS_NOAA20_NRT,,
18.69138,73.05018,303.69,0.43,0.62,2026-09-25,2131,N20,VIIRS,n,2.0NRT,291.33,1.26,N,VIIRS_NOAA20_NRT,,
20.91288,71.4604,297.51,0.62,0.54,2026-09-25,2131,N20,VIIRS,n,2.0NRT,280.85,0.67,N,VIIRS_NOAA20_NRT,,
21.10282,72.63406,309.43,0.36,0.58,2026-09-25,2131,N20,VIIRS,n,2.0NRT,274.91,1.58,N,VIIRS_NOAA20_NRT,,
21.10501,72.64906,298.86,0.36,0.58,2026-09-25,2131,N20,VIIRS,n,2.0NRT,271.47,1.02,N,VIIRS_NOAA20_NRT,,
21.10576,72.64562,302.38,0.36,0.58,2026-09-25,2131,N20,VIIRS,n,2.0NRT,272.42,1.03,N,VIIRS_NOAA20_NRT,,
21.1132,72.63664,300.77,0.36,0.58,2026-09-25,2131,N20,VIIRS,n,2.0NRT,273.92,0.71,N,VIIRS_NOAA20_NRT,,
22.33986,69.85315,308.4,0.46,0.47,2026-09-25,2131,N20,VIIRS,n,2.0NRT,298.15,3.19,N,VIIRS_NOAA20_NRT,,
22.93245,69.69536,314.2,0.44,0.46,2026-09-25,2131,N20,VIIRS,n,2.0NRT,295.33,1.54,N,VIIRS_NOAA20_NRT,,
22.93579,69.70051,308.08,0.44,0.46,2026-09-25,2131,N20,VIIRS,n,2.0NRT,296.13,3.45,N,VIIRS_NOAA20_NRT,,
22.93663,69.69632,314.88,0.44,0.46,2026-09-25,2131,N20,VIIRS,n,2.0NRT,296.04,1.54,N,VIIRS_NOAA20_NRT,,
23.12218,70.08675,327.97,0.46,0.47,2026-09-25,2131,N20,VIIRS,n,2.0NRT,296.44,2.76,N,VIIRS_NOAA20_NRT,,
24.66351,74.63251,302.88,0.41,0.61,2026-09-25,2131,N20,VIIRS,n,2.0NRT,287.11,1.2,N,VIIRS_NOAA20_NRT,,
24.6637,74.63251,303.17,0.41,0.61,2026-09-25,2131,N20,VIIRS,n,2.0NRT,287.34,1.3,N,VIIRS_NOAA20_NRT,,
24.82184,73.0936,307.68,0.33,0.55,2026-09-25,2131,N20,VIIRS,n,2.0NRT,295.81,0.73,N,VIIRS_NOAA20_NRT,,
24.82252,73.09056,305.09,0.33,0.55,2026-09-25,2131,N20,VIIRS,n,2.0NRT,293.7,0.73,N,VIIRS_NOAA20_NRT,,
25.38707,68.58394,322.23,0.52,0.41,2026-09-25,2131,N20,VIIRS,n,2.0NRT,297.22,2.08,N,VIIRS_NOAA20_NRT,,
8.08674,81.3706,334.02,0.43,0.62,2026-09-26,839,N20,VIIRS,n,2.0NRT,293.96,2.82,D,VIIRS_NOAA20_NRT,,
8.10577,79.91924,341.97,0.34,0.56,2026-09-26,839,N20,VIIRS,n,2.0NRT,290.95,2.52,D,VIIRS_NOAA20_NRT,,
8.14786,80.11826,342.72,0.35,0.57,2026-09-26,839,N20,VIIRS,n,2.0NRT,291.71,3.41,D,VIIRS_NOAA20_NRT,,
8.19995,80.3901,339.02,0.37,0.58,2026-09-26,839,N20,VIIRS,n,2.0NRT,294.02,3.92,D,VIIRS_NOAA20_NRT,,
8.21433,79.85052,340.51,0.34,0.56,2026-09-26,839,N20,VIIRS,n,2.0NRT,291.11,5.34,D,VIIRS_NOAA20_NRT,,
8.22718,81.36347,336.87,0.43,0.62,2026-09-26,839,N20,VIIRS,n,2.0NRT,292.54,3.62,D,VIIRS_NOAA20_NRT,,
8.26043,80.72172,343.7,0.39,0.59,2026-09-26,839,N20,VIIRS,n,2.0NRT,294.33,5.36,D,VIIRS_NOAA20_NRT,,
8.36082,81.2631,338.45,0.42,0.61,2026-09-26,839,N20,VIIRS,n,2.0NRT,293.54,2.71,D,VIIRS_NOAA20_NRT,,
8.46043,80.41341,347.34,0.37,0.58,2026-09-26,839,N20,VIIRS,n,2.0NRT,294.56,11.76,D,VIIRS_NOAA20_NRT,,
8.46088,80.41679,367.0,0.37,0.58,2026-09-26,839,N20,VIIRS,h,2.0NRT,294.1,11.01,D,VIIRS_NOAA20_NRT,,
8.46387,80.35843,343.11,0.37,0.58,2026-09-26,839,N20,VIIRS,n,2.0NRT,295.22,3.23,D,VIIRS_NOAA20_NRT,,
8.46625,80.41615,339.45,0.37,0.58,2026-09-26,839,N20,VIIRS,n,2.0NRT,292.7,11.01,D,VIIRS_NOAA20_NRT,,
8.4676,80.35746,347.08,0.37,0.58,2026-09-26,839,N20,VIIRS,n,2.0NRT,294.39,3.65,D,VIIRS_NOAA20_NRT,,
8.48486,80.76118,332.29,0.39,0.6,2026-09-26,839,N20,VIIRS,n,2.0NRT,296.01,1.83,D,VIIRS_NOAA20_NRT,,
8.50333,80.55055,340.92,0.38,0.59,2026-09-26,839,N20,VIIRS,n,2.0NRT,293.57,2.61,D,VIIRS_NOAA20_NRT,,
8.50377,80.55399,332.72,0.38,0.59,2026-09-26,839,N20,VIIRS,n,2.0NRT,293.12,2.61,D,VIIRS_NOAA20_NRT,,
8.5064,80.55042,352.02,0.38,0.59,2026-09-26,839,N20,VIIRS,n,2.0NRT,294.27,6.7,D,VIIRS_NOAA20_NRT,,
8.50687,80.55387,344.47,0.38,0.59,2026-09-26,839,N20,VIIRS,n,2.0NRT,292.66,6.7,D,VIIRS_NOAA20_NRT,,
8.50875,80.54988,339.12,0.38,0.59,2026-09-26,839,N20,VIIRS,n,2.0NRT,293.22,3.26,D,VIIRS_NOAA20_NRT,,
8.50919,80.55331,331.25,0.38,0.59,2026-09-26,839,N20,VIIRS,n,2.0NRT,291.98,3.26,D,VIIRS_NOAA20_NRT,,
8.64434,80.39325,341.45,0.37,0.58,2026-09-26,839,N20,VIIRS,n,2.0NRT,295.14,2.57,D,VIIRS_NOAA20_NRT,,
8.69106,80.34914,333.75,0.37,0.58,2026-09-26,839,N20,VIIRS,n,2.0NRT,294.78,1.94,D,VIIRS_NOAA20_NRT,,
8.70221,80.78967,331.54,0.4,0.6,2026-09-26,839,N20,VIIRS,n,2.0NRT,293.66,2.16,D,VIIRS_NOAA20_NRT,,
8.76132,80.76738,330.24,0.4,0.6,2026-09-26,839,N20,VIIRS,n,2.0NRT,295.71,4.73,D,VIIRS_NOAA20_NRT,,
8.7618,80.7711,347.2,0.4,0.6,2026-09-26,839,N20,VIIRS,n,2.0NRT,294.69,4.73,D,VIIRS_NOAA20_NRT,,
8.77175,80.54819,336.64,0.38,0.59,2026-09-26,839,N20,VIIRS,n,2.0NRT,296.73,4.94,D,VIIRS_NOAA20_NRT,,
8.79572,80.24866,333.04,0.37,0.58,2026-09-26,839,N20,VIIRS,n,2.0NRT,295.42,4.1,D,VIIRS_NOAA20_NRT,,
8.82321,80.50509,336.13,0.38,0.59,2026-09-26,839,N20,VIIRS,n,2.0NRT,296.79,3.44,D,VIIRS_NOAA20_NRT,,
8.8704,78.0858,341.85,0.52,0.5,2026-09-26,839,N20,VIIRS,n,2.0NRT,300.36,8.56,D,VIIRS_NOAA20_NRT,,
8.89292,80.78735,337.03,0.4,0.6,2026-09-26,839,N20,VIIRS,n,2.0NRT,294.7,1.12,D,VIIRS_NOAA20_NRT,,
8.89368,80.49621,333.86,0.38,0.59,2026-09-26,839,N20,VIIRS,n,2.0NRT,298.93,2.91,D,VIIRS_NOAA20_NRT,,
8.94498,80.84093,367.0,0.4,0.6,2026-09-26,839,N20,VIIRS,h,2.0NRT,297.81,6.97,D,VIIRS_NOAA20_NRT,,
9.0133,80.59179,330.05,0.39,0.59,2026-09-26,839,N20,VIIRS,n,2.0NRT,296.22,1.76,D,VIIRS_NOAA20_NRT,,
9.19866,80.63182,332.41,0.39,0.6,2026-09-26,839,N20,VIIRS,n,2.0NRT,298.15,2.83,D,VIIRS_NOAA20_NRT,,
9.38067,80.60472,330.97,0.4,0.6,2026-09-26,839,N20,VIIRS,n,2.0NRT,297.9,2.82,D,VIIRS_NOAA20_NRT,,
9.47904,80.58419,337.62,0.4,0.6,2026-09-26,839,N20,VIIRS,n,2.0NRT,299.07,3.32,D,VIIRS_NOAA20_NRT,,
9.48945,78.58305,338.52,0.58,0.52,2026-09-26,839,N20,VIIRS,n,2.0NRT,306.39,8.26,D,VIIRS_NOAA20_NRT,,
9.50479,77.60306,333.81,0.5,0.49,2026-09-26,839,N20,VIIRS,l,2.0NRT,307.54,2.08,D,VIIRS_NOAA20_NRT,,
9.542,77.79538,339.27,0.51,0.49,2026-09-26,839,N20,VIIRS,n,2.0NRT,307.09,5.17,D,VIIRS_NOAA20_NRT,,
9.64055,79.87835,335.29,0.36,0.57,2026-09-26,839,N20,VIIRS,n,2.0NRT,299.07,4.07,D,VIIRS_NOAA20_NRT,,
9.65361,79.89654,330.49,0.36,0.57,2026-09-26,839,N20,VIIRS,n,2.0NRT,299.02,1.82,D,VIIRS_NOAA20_NRT,,
9.69456,77.81956,334.57,0.52,0.5,2026-09-26,839,N20,VIIRS,l,2.0NRT,306.59,4.2,D,VIIRS_NOAA20_NRT,,
9.70747,77.67725,336.68,0.5,0.49,2026-09-26,839,N20,VIIRS,n,2.0NRT,301.69,3.21,D,VIIRS_NOAA20_NRT,,
9.7662,79.0093,332.83,0.62,0.54,2026-09-26,839,N20,VIIRS,n,2.0NRT,299.49,3.43,D,VIIRS_NOAA20_NRT,,
9.81778,78.89182,333.16,0.61,0.54,2026-09-26,839,N20,VIIRS,n,2.0NRT,300.64,5.12,D,VIIRS_NOAA20_NRT,,
9.85983,78.21469,332.94,0.55,0.51,2026-09-26,839,N20,VIIRS,n,2.0NRT,299.32,4.03,D,VIIRS_NOAA20_NRT,,
9.87609,78.30017,331.2,0.56,0.51,2026-09-26,839,N20,VIIRS,n,2.0NRT,299.55,3.44,D,VIIRS_NOAA20_NRT,,
10.37598,79.26829,333.48,0.33,0.55,2026-09-26,839,N20,VIIRS,n,2.0NRT,301.76,2.22,D,VIIRS_NOAA20_NRT,,
10.4187,79.23825,338.75,0.33,0.55,2026-09-26,839,N20,VIIRS,n,2.0NRT,300.77,3.22,D,VIIRS_NOAA20_NRT,,
10.46516,79.24951,352.24,0.33,0.55,2026-09-26,839,N20,VIIRS,n,2.0NRT,302.86,3.81,D,VIIRS_NOAA20_NRT,,
10.46553,79.25253,334.61,0.33,0.55,2026-09-26,839,N20,VIIRS,n,2.0NRT,302.4,3.81,D,VIIRS_NOAA20_NRT,,
10.46688,79.25061,351.24,0.33,0.55,2026-09-26,839,N20,VIIRS,n,2.0NRT,301.73,4.85,D,VIIRS_NOAA20_NRT,,
10.88271,79.31465,339.93,0.34,0.56,2026-09-26,841,N20,VIIRS,n,2.0NRT,299.96,4.07,D,VIIRS_NOAA20_NRT,,
11.24263,79.49302,332.83,0.35,0.57,2026-09-26,841,N20,VIIRS,n,2.0NRT,298.69,1.92,D,VIIRS_NOAA20_NRT,,
11.43383,78.12321,332.86,0.57,0.52,2026-09-26,841,N20,VIIRS,n,2.0NRT,301.91,2.03,D,VIIRS_NOAA20_NRT,,
11.59509,77.8193,330.51,0.55,0.51,2026-09-26,841,N20,VIIRS,l,2.0NRT,301.84,2.14,D,VIIRS_NOAA20_NRT,,
11.6464,79.12472,331.73,0.34,0.56,2026-09-26,841,N20,VIIRS,n,2.0NRT,301.14,1.87,D,VIIRS_NOAA20_NRT,,
11.70279,79.28355,342.86,0.35,0.56,2026-09-26,841,N20,VIIRS,n,2.0NRT,300.17,3.16,D,VIIRS_NOAA20_NRT,,
12.84051,78.5225,343.74,0.32,0.54,2026-09-26,841,N20,VIIRS,n,2.0NRT,298.83,3.97,D,VIIRS_NOAA20_NRT,,
12.84071,78.52483,347.13,0.32,0.54,2026-09-26,841,N20,VIIRS,n,2.0NRT,297.83,4.76,D,VIIRS_NOAA20_NRT,,
14.26159,79.69938,343.63,0.4,0.6,2026-09-26,841,N20,VIIRS,n,2.0NRT,296.36,3.73,D,VIIRS_NOAA20_NRT,,
15.16244,76.38383,334.13,0.49,0.49,2026-09-26,841,N20,VIIRS,n,2.0NRT,295.88,8.43,D,VIIRS_NOAA20_NRT,,
18.44931,75.2264,330.83,0.46,0.47,2026-09-26,843,N20,VIIRS,n,2.0NRT,286.98,3.6,D,VIIRS_NOAA20_NRT,,
20.38382,74.14952,341.23,0.42,0.45,2026-09-26,843,N20,VIIRS,n,2.0NRT,297.4,4.41,D,VIIRS_NOAA20_NRT,,
22.82152,69.39707,330.06,0.4,0.37,2026-09-26,843,N20,VIIRS,l,2.0NRT,304.75,0.86,D,VIIRS_NOAA20_NRT,,
23.04278,69.94942,332.09,0.42,0.37,2026-09-26,843,N20,VIIRS,l,2.0NRT,306.73,0.8,D,VIIRS_NOAA20_NRT,,
23.04292,69.94863,333.61,0.42,0.37,2026-09-26,843,N20,VIIRS,l,2.0NRT,307.79,1.65,D,VIIRS_NOAA20_NRT,,
23.12794,69.90655,341.05,0.42,0.37,2026-09-26,843,N20,VIIRS,n,2.0NRT,308.12,9.01,D,VIIRS_NOAA20_NRT,,
23.44763,70.38526,332.71,0.43,0.38,2026-09-26,843,N20,VIIRS,l,2.0NRT,306.44,1.13,D,VIIRS_NOAA20_NRT,,
23.5071,69.26835,335.8,0.4,0.37,2026-09-26,845,N20,VIIRS,l,2.0NRT,308.41,4.4,D,VIIRS_NOAA20_NRT,,
23.76551,70.55219,334.67,0.44,0.39,2026-09-26,845,N20,VIIRS,l,2.0NRT,307.15,1.75,D,VIIRS_NOAA20_NRT,,
25.04505,68.64224,335.91,0.4,0.37,2026-09-26,845,N20,VIIRS,n,2.0NRT,304.71,2.77,D,VIIRS_NOAA20_NRT,,
25.27421,69.56358,337.75,0.42,0.38,2026-09-26,845,N20,VIIRS,n,2.0NRT,306.43,3.17,D,VIIRS_NOAA20_NRT,,
25.38602,68.58359,334.97,0.4,0.37,2026-09-26,845,N20,VIIRS,l,2.0NRT,306.18,3.23,D,VIIRS_NOAA20_NRT,,
25.67201,68.85219,336.76,0.4,0.37,2026-09-26,845,N20,VIIRS,l,2.0NRT,310.5,2.44,D,VIIRS_NOAA20_NRT,,
25.67259,68.88084,339.29,0.41,0.37,2026-09-26,845,N20,VIIRS,n,2.0NRT,308.74,3.58,D,VIIRS_NOAA20_NRT,,
27.22158,68.16164,336.81,0.4,0.37,2026-09-26,845,N20,VIIRS,l,2.0NRT,309.39,5.74,D,VIIRS_NOAA20_NRT,,
27.39381,70.84896,336.58,0.5,0.41,2026-09-26,845,N20,VIIRS,l,2.0NRT,306.95,1.89,D,VIIRS_NOAA20_NRT,,
27.71717,68.75127,334.77,0.41,0.37,2026-09-26,845,N20,VIIRS,l,2.0NRT,306.19,2.58,D,VIIRS_NOAA20_NRT,,
28.05294,69.36912,341.77,0.44,0.38,2026-09-26,845,N20,VIIRS,n,2.0NRT,308.68,6.82,D,VIIRS_NOAA20_NRT,,
28.05357,69.37017,336.09,0.44,0.38,2026-09-26,845,N20,VIIRS,l,2.0NRT,306.31,6.48,D,VIIRS_NOAA20_NRT,,
30.03959,75.77003,335.07,0.34,0.56,2026-09-26,845,N20,VIIRS,n,2.0NRT,295.48,2.77,D,VIIRS_NOAA20_NRT,,
30.42323,73.60644,334.35,0.51,0.49,2026-09-26,845,N20,VIIRS,n,2.0NRT,299.72,3.36,D,VIIRS_NOAA20_NRT,,
31.00024,74.13892,345.19,0.56,0.51,2026-09-26,845,N20,VIIRS,n,2.0NRT,301.41,20.22,D,VIIRS_NOAA20_NRT,,
31.0562,74.44249,341.23,0.58,0.52,2026-09-26,845,N20,VIIRS,n,2.0NRT,300.17,5.45,D,VIIRS_NOAA20_NRT,,
31.09406,74.61827,331.79,0.6,0.53,2026-09-26,845,N20,VIIRS,n,2.0NRT,300.45,4.05,D,VIIRS_NOAA20_NRT,,
31.10414,74.68123,336.26,0.6,0.53,2026-09-26,845,N20,VIIRS,n,2.0NRT,298.57,5.01,D,VIIRS_NOAA20_NRT,,
31.44388,72.47352,340.93,0.45,0.47,2026-09-26,845,N20,VIIRS,n,2.0NRT,299.96,3.57,D,VIIRS_NOAA20_NRT,,
31.47236,75.05521,346.21,0.32,0.55,2026-09-26,845,N20,VIIRS,n,2.0NRT,298.88,3.03,D,VIIRS_NOAA20_NRT,,
31.73568,75.25216,340.59,0.33,0.55,2026-09-26,845,N20,VIIRS,n,2.0NRT,299.53,4.14,D,VIIRS_NOAA20_NRT,,
31.61955,70.65818,333.7,0.54,0.42,2026-09-26,848,N20,VIIRS,n,2.0NRT,301.07,3.81,D,VIIRS_NOAA20_NRT,,
31.77441,74.97915,367.0,0.32,0.55,2026-09-26,848,N20,VIIRS,h,2.0NRT,297.2,6.06,D,VIIRS_NOAA20_NRT,,
31.83408,73.42273,336.51,0.52,0.5,2026-09-26,848,N20,VIIRS,n,2.0NRT,297.45,4.09,D,VIIRS_NOAA20_NRT,,
31.83423,73.42445,331.2,0.52,0.5,2026-09-26,848,N20,VIIRS,n,2.0NRT,296.76,6.34,D,VIIRS_NOAA20_NRT,,
8.00271,81.4473,367.0,0.36,0.57,2026-09-22,720,N21,VIIRS,h,2.0NRT,292.55,11.67,D,VIIRS_NOAA21_NRT,,
8.3594,81.28978,340.34,0.36,0.57,2026-09-22,720,N21,VIIRS,n,2.0NRT,292.8,8.56,D,VIIRS_NOAA21_NRT,,
8.36056,81.2962,337.56,0.36,0.57,2026-09-22,720,N21,VIIRS,n,2.0NRT,291.81,4.7,D,VIIRS_NOAA21_NRT,,
8.56538,81.14088,330.05,0.37,0.58,2026-09-22,720,N21,VIIRS,n,2.0NRT,290.88,6.85,D,VIIRS_NOAA21_NRT,,
8.66142,78.05058,337.36,0.6,0.7,2026-09-22,720,N21,VIIRS,n,2.0NRT,287.77,3.93,D,VIIRS_NOAA21_NRT,,
8.67295,77.47455,337.27,0.65,0.73,2026-09-22,720,N21,VIIRS,n,2.0NRT,286.31,14.12,D,VIIRS_NOAA21_NRT,,
8.67955,77.47332,355.6,0.65,0.73,2026-09-22,720,N21,VIIRS,l,2.0NRT,288.24,14.12,D,VIIRS_NOAA21_NRT,,
8.88119,80.81713,335.81,0.38,0.59,2026-09-22,720,N21,VIIRS,n,2.0NRT,289.81,3.7,D,VIIRS_NOAA21_NRT,,
8.98008,80.77648,333.07,0.38,0.59,2026-09-22,720,N21,VIIRS,n,2.0NRT,291.37,2.73,D,VIIRS_NOAA21_NRT,,
8.98221,80.77615,330.78,0.38,0.59,2026-09-22,720,N21,VIIRS,n,2.0NRT,291.06,2.0,D,VIIRS_NOAA21_NRT,,
9.08463,80.3308,330.56,0.41,0.61,2026-09-22,720,N21,VIIRS,n,2.0NRT,291.7,4.63,D,VIIRS_NOAA21_NRT,,
9.33219,80.59361,333.57,0.39,0.59,2026-09-22,720,N21,VIIRS,n,2.0NRT,290.85,6.45,D,VIIRS_NOAA21_NRT,,
21.74708,83.84389,331.4,0.46,0.39,2026-09-22,722,N21,VIIRS,n,2.0NRT,291.31,3.3,D,VIIRS_NOAA21_NRT,,
22.36156,87.01673,329.31,0.38,0.36,2026-09-22,722,N21,VIIRS,n,2.0NRT,295.8,5.71,D,VIIRS_NOAA21_NRT,,
22.37771,87.27961,345.21,0.38,0.36,2026-09-22,722,N21,VIIRS,n,2.0NRT,298.05,6.39,D,VIIRS_NOAA21_NRT,,
21.86162,75.56395,367.0,0.48,0.64,2026-09-22,724,N21,VIIRS,h,2.0NRT,292.62,11.27,D,VIIRS_NOAA21_NRT,,
23.71214,86.45081,339.44,0.38,0.36,2026-09-22,724,N21,VIIRS,n,2.0NRT,300.58,7.86,D,VIIRS_NOAA21_NRT,,
23.73614,86.43111,330.15,0.38,0.36,2026-09-22,724,N21,VIIRS,n,2.0NRT,295.41,3.11,D,VIIRS_NOAA21_NRT,,
23.73671,86.43484,345.15,0.38,0.36,2026-09-22,724,N21,VIIRS,n,2.0NRT,298.26,7.89,D,VIIRS_NOAA21_NRT,,
23.75085,86.41693,330.31,0.38,0.36,2026-09-22,724,N21,VIIRS,n,2.0NRT,295.28,2.19,D,VIIRS_NOAA21_NRT,,
23.75529,85.85334,333.41,0.39,0.36,2026-09-22,724,N21,VIIRS,n,2.0NRT,296.59,7.58,D,VIIRS_NOAA21_NRT,,
23.77296,86.36301,333.38,0.38,0.36,2026-09-22,724,N21,VIIRS,n,2.0NRT,297.84,4.79,D,VIIRS_NOAA21_NRT,,
23.78083,86.21143,340.44,0.39,0.36,2026-09-22,724,N21,VIIRS,n,2.0NRT,298.8,4.48,D,VIIRS_NOAA21_NRT,,
23.79894,86.35034,334.85,0.38,0.36,2026-09-22,724,N21,VIIRS,n,2.0NRT,297.08,3.57,D,VIIRS_NOAA21_NRT,,
23.80148,86.32299,343.02,0.38,0.36,2026-09-22,724,N21,VIIRS,n,2.0NRT,294.81,6.82,D,VIIRS_NOAA21_NRT,,
23.80264,86.33046,346.27,0.38,0.36,2026-09-22,724,N21,VIIRS,n,2.0NRT,299.22,4.79,D,VIIRS_NOAA21_NRT,,
23.80592,86.32986,334.33,0.38,0.36,2026-09-22,724,N21,VIIRS,n,2.0NRT,300.51,4.79,D,VIIRS_NOAA21_NRT,,
26.42396,88.79596,333.77,0.44,0.38,2026-09-22,724,N21,VIIRS,n,2.0NRT,296.16,4.1,D,VIIRS_NOAA21_NRT,,
30.23521,76.06618,334.08,0.58,0.52,2026-09-22,726,N21,VIIRS,n,2.0NRT,298.82,5.23,D,VIIRS_NOAA21_NRT,,
30.69525,73.51917,333.33,0.4,0.6,2026-09-22,726,N21,VIIRS,n,2.0NRT,299.75,3.11,D,VIIRS_NOAA21_NRT,,
31.01078,74.22659,348.71,0.36,0.57,2026-09-22,726,N21,VIIRS,n,2.0NRT,298.64,5.14,D,VIIRS_NOAA21_NRT,,
31.49621,74.53161,337.53,0.33,0.56,2026-09-22,726,N21,VIIRS,n,2.0NRT,296.26,3.36,D,VIIRS_NOAA21_NRT,,
31.87299,74.67269,333.46,0.32,0.55,2026-09-22,726,N21,VIIRS,n,2.0NRT,296.52,2.59,D,VIIRS_NOAA21_NRT,,
31.87895,74.67175,338.32,0.32,0.55,2026-09-22,726,N21,VIIRS,n,2.0NRT,296.25,5.43,D,VIIRS_NOAA21_NRT,,
31.89183,74.68181,335.71,0.32,0.55,2026-09-22,726,N21,VIIRS,n,2.0NRT,296.24,2.61,D,VIIRS_NOAA21_NRT,,
31.90933,74.71143,329.77,0.32,0.55,2026-09-22,726,N21,VIIRS,n,2.0NRT,296.24,1.49,D,VIIRS_NOAA21_NRT,,
14.64415,75.64481,331.52,0.58,0.7,2026-09-22,902,N21,VIIRS,n,2.0NRT,280.06,6.37,D,VIIRS_NOAA21_NRT,,
14.64599,75.64265,329.17,0.58,0.7,2026-09-22,902,N21,VIIRS,n,2.0NRT,273.47,5.78,D,VIIRS_NOAA21_NRT,,
18.58813,71.03269,331.97,0.32,0.54,2026-09-22,902,N21,VIIRS,n,2.0NRT,292.89,2.69,D,VIIRS_NOAA21_NRT,,
21.10189,72.63525,333.37,0.44,0.62,2026-09-22,905,N21,VIIRS,n,2.0NRT,290.2,7.32,D,VIIRS_NOAA21_NRT,,
24.38188,69.46255,337.12,0.59,0.53,2026-09-22,905,N21,VIIRS,n,2.0NRT,301.87,7.3,D,VIIRS_NOAA21_NRT,,
24.99821,68.23438,334.89,0.5,0.49,2026-09-22,905,N21,VIIRS,l,2.0NRT,305.84,2.66,D,VIIRS_NOAA21_NRT,,
25.24219,68.34778,342.67,0.52,0.5,2026-09-22,905,N21,VIIRS,n,2.0NRT,307.38,6.21,D,VIIRS_NOAA21_NRT,,
29.87737,72.14267,333.34,0.5,0.66,2026-09-22,905,N21,VIIRS,n,2.0NRT,296.69,5.39,D,VIIRS_NOAA21_NRT,,
26.89074,68.18771,353.83,0.53,0.5,2026-09-22,907,N21,VIIRS,n,2.0NRT,311.81,12.3,D,VIIRS_NOAA21_NRT,,
26.89141,68.18987,341.01,0.53,0.5,2026-09-22,907,N21,VIIRS,n,2.0NRT,309.75,10.6,D,VIIRS_NOAA21_NRT,,
28.0513,69.37041,341.86,0.32,0.55,2026-09-22,907,N21,VIIRS,n,2.0NRT,308.77,3.5,D,VIIRS_NOAA21_NRT,,
23.55834,87.23939,302.46,0.38,0.36,2026-09-22,1949,N21,VIIRS,n,2.0NRT,273.5,0.64,N,VIIRS_NOAA21_NRT,,
23.5595,87.23194,299.2,0.38,0.36,2026-09-22,1949,N21,VIIRS,n,2.0NRT,271.41,0.42,N,VIIRS_NOAA21_NRT,,
23.57985,86.72489,304.87,0.39,0.36,2026-09-22,1949,N21,VIIRS,n,2.0NRT,286.68,1.2,N,VIIRS_NOAA21_NRT,,
23.6734,86.3968,305.94,0.39,0.36,2026-09-22,1949,N21,VIIRS,n,2.0NRT,287.92,1.47,N,VIIRS_NOAA21_NRT,,
23.67615,86.40119,319.77,0.39,0.36,2026-09-22,1949,N21,VIIRS,n,2.0NRT,288.85,1.88,N,VIIRS_NOAA21_NRT,,
23.67671,86.39739,319.61,0.39,0.36,2026-09-22,1949,N21,VIIRS,n,2.0NRT,288.51,1.88,N,VIIRS_NOAA21_NRT,,
23.67728,86.3936,303.64,0.39,0.36,2026-09-22,1949,N21,VIIRS,n,2.0NRT,286.35,1.52,N,VIIRS_NOAA21_NRT,,
23.68003,86.39799,311.18,0.39,0.36,2026-09-22,1949,N21,VIIRS,n,2.0NRT,287.95,1.88,N,VIIRS_NOAA21_NRT,,
23.68391,86.39478,308.76,0.39,0.36,2026-09-22,1949,N21,VIIRS,n,2.0NRT,286.91,1.19,N,VIIRS_NOAA21_NRT,,
23.68448,86.39097,311.96,0.39,0.36,2026-09-22,1949,N21,VIIRS,n,2.0NRT,287.5,1.19,N,VIIRS_NOAA21_NRT,,
23.68918,87.09769,305.62,0.38,0.36,2026-09-22,1949,N21,VIIRS,n,2.0NRT,285.82,1.7,N,VIIRS_NOAA21_NRT,,
23.6923,87.12128,304.25,0.38,0.36,2026-09-22,1949,N21,VIIRS,n,2.0NRT,284.17,1.62,N,VIIRS_NOAA21_NRT,,
23.69633,87.09515,307.77,0.38,0.36,2026-09-22,1949,N21,VIIRS,n,2.0NRT,285.53,1.71,N,VIIRS_NOAA21_NRT,,
23.70969,86.44924,315.21,0.39,0.36,2026-09-22,1949,N21,VIIRS,n,2.0NRT,286.42,1.41,N,VIIRS_NOAA21_NRT,,
23.71244,86.45362,306.17,0.39,0.36,2026-09-22,1949,N21,VIIRS,n,2.0NRT,286.22,1.41,N,VIIRS_NOAA21_NRT,,
23.713,86.44983,318.59,0.39,0.36,2026-09-22,1949,N21,VIIRS,n,2.0NRT,287.58,1.41,N,VIIRS_NOAA21_NRT,,
23.71365,86.4227,307.96,0.39,0.36,2026-09-22,1949,N21,VIIRS,n,2.0NRT,286.71,1.38,N,VIIRS_NOAA21_NRT,,
23.7164,86.42707,307.24,0.39,0.36,2026-09-22,1949,N21,VIIRS,n,2.0NRT,287.26,1.84,N,VIIRS_NOAA21_NRT,,
23.71745,86.44283,311.39,0.39,0.36,2026-09-22,1949,N21,VIIRS,n,2.0NRT,287.5,2.32,N,VIIRS_NOAA21_NRT,,
23.71752,86.41949,311.62,0.39,0.36,2026-09-22,1949,N21,VIIRS,n,2.0NRT,286.6,1.38,N,VIIRS_NOAA21_NRT,,
23.72132,86.43962,310.63,0.39,0.36,2026-09-22,1949,N21,VIIRS,n,2.0NRT,288.37,2.21,N,VIIRS_NOAA21_NRT,,
23.72464,86.44021,309.72,0.39,0.36,2026-09-22,1949,N21,VIIRS,n,2.0NRT,287.72,1.98,N,VIIRS_NOAA21_NRT,,
23.73571,86.43438,325.56,0.39,0.36,2026-09-22,1949,N21,VIIRS,n,2.0NRT,287.56,2.44,N,VIIRS_NOAA21_NRT,,
23.73627,86.4306,311.48,0.39,0.36,2026-09-22,1949,N21,VIIRS,n,2.0NRT,285.74,2.44,N,VIIRS_NOAA21_NRT,,
23.73902,86.43496,312.33,0.39,0.36,2026-09-22,1949,N21,VIIRS,n,2.0NRT,286.71,2.63,N,VIIRS_NOAA21_NRT,,
24.18252,82.65929,300.67,0.54,0.42,2026-09-22,1949,N21,VIIRS,n,2.0NRT,279.42,0.88,N,VIIRS_NOAA21_NRT,,
24.19526,82.71505,303.73,0.54,0.42,2026-09-22,1949,N21,VIIRS,n,2.0NRT,280.92,0.92,N,VIIRS_NOAA21_NRT,,
24.19914,82.7155,302.42,0.54,0.42,2026-09-22,1949,N21,VIIRS,n,2.0NRT,281.89,1.54,N,VIIRS_NOAA21_NRT,,
24.2037,82.71055,305.01,0.54,0.42,2026-09-22,1949,N21,VIIRS,n,2.0NRT,281.24,1.54,N,VIIRS_NOAA21_NRT,,
24.32484,81.32861,299.63,0.43,0.46,2026-09-22,1949,N21,VIIRS,n,2.0NRT,273.62,0.71,N,VIIRS_NOAA21_NRT,,
24.92245,84.15629,300.16,0.47,0.39,2026-09-22,1949,N21,VIIRS,n,2.0NRT,273.92,0.56,N,VIIRS_NOAA21_NRT,,
24.93087,84.14824,298.1,0.47,0.4,2026-09-22,1949,N21,VIIRS,n,2.0NRT,273.2,1.06,N,VIIRS_NOAA21_NRT,,
26.6393,79.47697,319.5,0.6,0.53,2026-09-22,1949,N21,VIIRS,n,2.0NRT,290.34,5.18,N,VIIRS_NOAA21_NRT,,
26.70207,77.84737,307.85,0.38,0.59,2026-09-22,1949,N21,VIIRS,n,2.0NRT,296.17,1.46,N,VIIRS_NOAA21_NRT,,
26.76155,83.19833,305.18,0.55,0.42,2026-09-22,1949,N21,VIIRS,n,2.0NRT,284.35,1.86,N,VIIRS_NOAA21_NRT,,
28.34636,77.25795,306.69,0.43,0.62,2026-09-22,1949,N21,VIIRS,n,2.0NRT,296.04,1.12,N,VIIRS_NOAA21_NRT,,
28.3483,77.23143,307.66,0.44,0.62,2026-09-22,1949,N21,VIIRS,n,2.0NRT,295.95,0.93,N,VIIRS_NOAA21_NRT,,
28.70898,76.85708,313.48,0.46,0.64,2026-09-22,1949,N21,VIIRS,n,2.0NRT,295.71,1.75,N,VIIRS_NOAA21_NRT,,
28.77172,76.69999,327.55,0.47,0.64,2026-09-22,1949,N21,VIIRS,n,2.0NRT,295.74,3.09,N,VIIRS_NOAA21_NRT,,
28.77862,76.94997,310.9,0.46,0.63,2026-09-22,1949,N21,VIIRS,n,2.0NRT,294.99,1.88,N,VIIRS_NOAA21_NRT,,
20.76049,85.2972,310.35,0.4,0.37,2026-09-22,1951,N21,VIIRS,n,2.0NRT,281.51,1.64,N,VIIRS_NOAA21_NRT,,
20.79006,85.25945,305.28,0.4,0.37,2026-09-22,1951,N21,VIIRS,n,2.0NRT,270.26,1.29,N,VIIRS_NOAA21_NRT,,
20.79452,85.25244,295.59,0.4,0.37,2026-09-22,1951,N21,VIIRS,n,2.0NRT,267.28,0.8,N,VIIRS_NOAA21_NRT,,
21.1041,72.63371,300.15,0.72,0.76,2026-09-22,1951,N21,VIIRS,n,2.0NRT,270.75,1.98,N,VIIRS_NOAA21_NRT,,
22.6099,85.91265,304.84,0.39,0.36,2026-09-22,1951,N21,VIIRS,n,2.0NRT,282.82,0.99,N,VIIRS_NOAA21_NRT,,
22.7878,86.20255,300.21,0.39,0.36,2026-09-22,1951,N21,VIIRS,n,2.0NRT,280.47,0.99,N,VIIRS_NOAA21_NRT,,
22.78836,86.19877,301.11,0.39,0.36,2026-09-22,1951,N21,VIIRS,n,2.0NRT,280.74,0.99,N,VIIRS_NOAA21_NRT,,
22.78999,86.21065,298.92,0.39,0.36,2026-09-22,1951,N21,VIIRS,n,2.0NRT,278.94,1.34,N,VIIRS_NOAA21_NRT,,
22.87195,88.21349,298.5,0.39,0.36,2026-09-22,1951,N21,VIIRS,n,2.0NRT,275.21,0.25,N,VIIRS_NOAA21_NRT,,
11.26746,80.00343,303.47,0.54,0.42,2026-09-22,1953,N21,VIIRS,n,2.0NRT,265.91,2.32,N,VIIRS_NOAA21_NRT,,
12.7465,77.62124,308.43,0.53,0.5,2026-09-22,1953,N21,VIIRS,n,2.0NRT,277.04,1.41,N,VIIRS_NOAA21_NRT,,
9.26444,77.48404,308.03,0.48,0.48,2026-09-22,1955,N21,VIIRS,n,2.0NRT,266.6,1.15,N,VIIRS_NOAA21_NRT,,
9.26447,77.48221,307.25,0.48,0.48,2026-09-22,1955,N21,VIIRS,n,2.0NRT,266.74,1.68,N,VIIRS_NOAA21_NRT,,
27.28953,73.84047,307.76,0.4,0.6,2026-09-22,2129,N21,VIIRS,n,2.0NRT,297.12,1.21,N,VIIRS_NOAA21_NRT,,
28.05081,69.36858,326.37,0.42,0.45,2026-09-22,2129,N21,VIIRS,n,2.0NRT,299.07,2.37,N,VIIRS_NOAA21_NRT,,
31.25591,76.92395,299.84,0.49,0.65,2026-09-22,2129,N21,VIIRS,n,2.0NRT,289.26,1.26,N,VIIRS_NOAA21_NRT,,
31.25776,76.92475,303.33,0.49,0.65,2026-09-22,2129,N21,VIIRS,n,2.0NRT,289.78,1.19,N,VIIRS_NOAA21_NRT,,
20.90905,71.45935,304.86,0.39,0.6,2026-09-22,2131,N21,VIIRS,n,2.0NRT,287.63,1.09,N,VIIRS_NOAA21_NRT,,
21.10158,72.63599,345.31,0.46,0.64,2026-09-22,2131,N21,VIIRS,n,2.0NRT,288.75,7.02,N,VIIRS_NOAA21_NRT,,
21.10532,72.64621,319.68,0.46,0.64,2026-09-22,2131,N21,VIIRS,n,2.0NRT,286.49,3.68,N,VIIRS_NOAA21_NRT,,
21.10728,72.63753,304.96,0.46,0.64,2026-09-22,2131,N21,VIIRS,n,2.0NRT,288.64,3.64,N,VIIRS_NOAA21_NRT,,
22.41307,69.04001,306.19,0.51,0.5,2026-09-22,2131,N21,VIIRS,n,2.0NRT,294.62,0.69,N,VIIRS_NOAA21_NRT,,
22.41753,69.0411,310.1,0.51,0.5,2026-09-22,2131,N21,VIIRS,n,2.0NRT,294.66,0.98,N,VIIRS_NOAA21_NRT,,
24.66182,74.633,306.43,0.52,0.67,2026-09-22,2131,N21,VIIRS,n,2.0NRT,294.47,2.25,N,VIIRS_NOAA21_NRT,,
24.81712,73.09222,299.62,0.41,0.61,2026-09-22,2131,N21,VIIRS,n,2.0NRT,289.12,0.77,N,VIIRS_NOAA21_NRT,,
24.82249,73.094,304.36,0.41,0.61,2026-09-22,2131,N21,VIIRS,n,2.0NRT,293.51,0.77,N,VIIRS_NOAA21_NRT,,
25.38893,68.58509,315.98,0.42,0.46,2026-09-22,2131,N21,VIIRS,n,2.0NRT,297.87,1.86,N,VIIRS_NOAA21_NRT,,
26.09503,68.87877,309.18,0.43,0.46,2026-09-22,2131,N21,VIIRS,n,2.0NRT,299.01,0.93,N,VIIRS_NOAA21_NRT,,
26.25987,74.09547,309.9,0.44,0.62,2026-09-22,2131,N21,VIIRS,n,2.0NRT,297.42,2.19,N,VIIRS_NOAA21_NRT,,
26.87814,73.51534,306.43,0.39,0.6,2026-09-22,2131,N21,VIIRS,n,2.0NRT,295.76,1.8,N,VIIRS_NOAA21_NRT,,
19.36639,71.35572,316.44,0.42,0.61,2026-09-22,2133,N21,VIIRS,n,2.0NRT,280.09,3.24,N,VIIRS_NOAA21_NRT,,
19.36669,71.35328,322.51,0.42,0.61,2026-09-22,2133,N21,VIIRS,n,2.0NRT,279.88,5.94,N,VIIRS_NOAA21_NRT,,
19.36721,71.35185,334.67,0.42,0.61,2026-09-22,2133,N21,VIIRS,n,2.0NRT,280.38,4.76,N,VIIRS_NOAA21_NRT,,
19.37187,71.35709,315.48,0.42,0.61,2026-09-22,2133,N21,VIIRS,n,2.0NRT,279.31,5.62,N,VIIRS_NOAA21_NRT,,
19.37216,71.35464,367.0,0.42,0.61,2026-09-22,2133,N21,VIIRS,h,2.0NRT,278.58,5.94,N,VIIRS_NOAA21_NRT,,
19.37269,71.35323,342.38,0.42,0.61,2026-09-22,2133,N21,VIIRS,n,2.0NRT,278.29,7.23,N,VIIRS_NOAA21_NRT,,
19.37301,71.35078,300.97,0.42,0.61,2026-09-22,2133,N21,VIIRS,n,2.0NRT,277.43,5.32,N,VIIRS_NOAA21_NRT,,
8.04532,81.18115,331.35,0.54,0.68,2026-09-23,839,N21,VIIRS,n,2.0NRT,289.28,11.85,D,VIIRS_NOAA21_NRT,,
8.04627,81.18147,329.71,0.54,0.68,2026-09-23,839,N21,VIIRS,n,2.0NRT,289.13,8.61,D,VIIRS_NOAA21_NRT,,
8.81421,77.98473,331.35,0.33,0.55,2026-09-23,839,N21,VIIRS,n,2.0NRT,296.21,1.76,D,VIIRS_NOAA21_NRT,,
8.83951,77.94158,336.76,0.33,0.55,2026-09-23,839,N21,VIIRS,n,2.0NRT,296.24,10.74,D,VIIRS_NOAA21_NRT,,
8.83991,77.94456,367.0,0.33,0.55,2026-09-23,839,N21,VIIRS,h,2.0NRT,298.06,10.74,D,VIIRS_NOAA21_NRT,,
8.91761,78.07673,367.0,0.34,0.56,2026-09-23,839,N21,VIIRS,h,2.0NRT,295.45,4.49,D,VIIRS_NOAA21_NRT,,
8.918,78.07979,332.21,0.34,0.56,2026-09-23,839,N21,VIIRS,n,2.0NRT,294.37,4.49,D,VIIRS_NOAA21_NRT,,
8.91941,78.07498,332.18,0.34,0.56,2026-09-23,839,N21,VIIRS,n,2.0NRT,294.55,4.29,D,VIIRS_NOAA21_NRT,,
8.91982,78.07803,367.0,0.34,0.56,2026-09-23,839,N21,VIIRS,h,2.0NRT,295.65,7.43,D,VIIRS_NOAA21_NRT,,
9.0476,78.19106,331.03,0.34,0.56,2026-09-23,839,N21,VIIRS,n,2.0NRT,288.67,1.45,D,VIIRS_NOAA21_NRT,,
21.10326,72.63518,343.46,0.43,0.46,2026-09-23,843,N21,VIIRS,n,2.0NRT,299.24,9.71,D,VIIRS_NOAA21_NRT,,
21.10473,72.64751,343.56,0.43,0.46,2026-09-23,843,N21,VIIRS,n,2.0NRT,299.7,9.08,D,VIIRS_NOAA21_NRT,,
22.61763,75.45729,335.56,0.34,0.56,2026-09-23,843,N21,VIIRS,n,2.0NRT,299.64,2.67,D,VIIRS_NOAA21_NRT,,
22.417,69.04057,338.06,0.43,0.38,2026-09-23,845,N21,VIIRS,n,2.0NRT,307.13,3.86,D,VIIRS_NOAA21_NRT,,
22.9768,75.77984,340.89,0.36,0.57,2026-09-23,845,N21,VIIRS,n,2.0NRT,302.68,3.18,D,VIIRS_NOAA21_NRT,,
22.97701,75.7805,336.94,0.36,0.57,2026-09-23,845,N21,VIIRS,n,2.0NRT,302.66,3.31,D,VIIRS_NOAA21_NRT,,
24.00624,71.30584,330.69,0.39,0.44,2026-09-23,845,N21,VIIRS,l,2.0NRT,305.43,1.12,D,VIIRS_NOAA21_NRT,,
24.01024,71.30527,341.76,0.39,0.44,2026-09-23,845,N21,VIIRS,n,2.0NRT,306.38,4.45,D,VIIRS_NOAA21_NRT,,
24.21608,72.29987,331.13,0.45,0.47,2026-09-23,845,N21,VIIRS,l,2.0NRT,305.55,4.06,D,VIIRS_NOAA21_NRT,,
24.21687,72.29862,348.44,0.45,0.47,2026-09-23,845,N21,VIIRS,n,2.0NRT,308.0,34.08,D,VIIRS_NOAA21_NRT,,
24.22035,72.29929,336.74,0.45,0.47,2026-09-23,845,N21,VIIRS,n,2.0NRT,309.02,28.07,D,VIIRS_NOAA21_NRT,,
24.29911,69.45913,337.11,0.47,0.4,2026-09-23,845,N21,VIIRS,l,2.0NRT,310.75,5.45,D,VIIRS_NOAA21_NRT,,
24.39395,69.55573,339.35,0.48,0.4,2026-09-23,845,N21,VIIRS,l,2.0NRT,313.41,5.81,D,VIIRS_NOAA21_NRT,,
24.86415,69.18114,340.48,0.46,0.39,2026-09-23,845,N21,VIIRS,n,2.0NRT,312.2,7.8,D,VIIRS_NOAA21_NRT,,
25.28458,74.79762,331.29,0.33,0.55,2026-09-23,845,N21,VIIRS,n,2.0NRT,299.15,1.93,D,VIIRS_NOAA21_NRT,,
25.3887,68.58298,337.32,0.44,0.39,2026-09-23,845,N21,VIIRS,l,2.0NRT,312.17,4.26,D,VIIRS_NOAA21_NRT,,
25.56269,74.7977,354.14,0.33,0.56,2026-09-23,845,N21,VIIRS,n,2.0NRT,304.34,4.89,D,VIIRS_NOAA21_NRT,,
26.63729,72.26279,345.11,0.48,0.48,2026-09-23,845,N21,VIIRS,l,2.0NRT,316.12,10.89,D,VIIRS_NOAA21_NRT,,
29.43348,71.45264,341.28,0.46,0.47,2026-09-23,845,N21,VIIRS,n,2.0NRT,307.68,6.61,D,VIIRS_NOAA21_NRT,,
30.49965,75.93306,346.53,0.44,0.63,2026-09-23,848,N21,VIIRS,n,2.0NRT,297.92,12.66,D,VIIRS_NOAA21_NRT,,
30.50076,75.93196,330.24,0.44,0.63,2026-09-23,848,N21,VIIRS,n,2.0NRT,297.13,8.09,D,VIIRS_NOAA21_NRT,,
30.50104,75.93659,336.25,0.44,0.63,2026-09-23,848,N21,VIIRS,n,2.0NRT,296.76,8.51,D,VIIRS_NOAA21_NRT,,
30.89486,74.52944,338.76,0.37,0.58,2026-09-23,848,N21,VIIRS,n,2.0NRT,297.08,4.06,D,VIIRS_NOAA21_NRT,,
31.01704,74.18778,367.0,0.35,0.57,2026-09-23,848,N21,VIIRS,h,2.0NRT,298.59,7.88,D,VIIRS_NOAA21_NRT,,
31.01794,74.18925,343.62,0.35,0.57,2026-09-23,848,N21,VIIRS,n,2.0NRT,298.55,6.46,D,VIIRS_NOAA21_NRT,,
31.08549,74.68503,347.92,0.38,0.58,2026-09-23,848,N21,VIIRS,n,2.0NRT,298.6,5.83,D,VIIRS_NOAA21_NRT,,
31.10897,74.63509,331.06,0.37,0.58,2026-09-23,848,N21,VIIRS,n,2.0NRT,296.69,3.69,D,VIIRS_NOAA21_NRT,,
31.73742,70.84167,331.92,0.45,0.47,2026-09-23,848,N21,VIIRS,l,2.0NRT,305.02,2.12,D,VIIRS_NOAA21_NRT,,
31.84084,74.14745,338.25,0.36,0.57,2026-09-23,848,N21,VIIRS,n,2.0NRT,297.03,3.75,D,VIIRS_NOAA21_NRT,,
21.76612,84.02019,305.06,0.54,0.51,2026-09-23,1932,N21,VIIRS,n,2.0NRT,282.18,4.09,N,VIIRS_NOAA21_NRT,,
21.76954,84.01743,304.47,0.54,0.51,2026-09-23,1932,N21,VIIRS,n,2.0NRT,283.49,3.29,N,VIIRS_NOAA21_NRT,,
22.03116,83.36672,295.29,0.6,0.53,2026-09-23,1932,N21,VIIRS,n,2.0NRT,271.59,1.45,N,VIIRS_NOAA21_NRT,,
26.63978,79.47709,303.35,0.6,0.71,2026-09-23,1932,N21,VIIRS,n,2.0NRT,285.52,1.61,N,VIIRS_NOAA21_NRT,,
31.48882,75.05522,311.48,0.41,0.45,2026-09-23,2110,N21,VIIRS,n,2.0NRT,294.42,2.03,N,VIIRS_NOAA21_NRT,,
31.76945,70.10872,311.41,0.39,0.36,2026-09-23,2110,N21,VIIRS,n,2.0NRT,295.43,1.83,N,VIIRS_NOAA21_NRT,,
24.65983,74.63229,309.89,0.52,0.5,2026-09-23,2112,N21,VIIRS,n,2.0NRT,296.38,2.04,N,VIIRS_NOAA21_NRT,,
24.69162,73.00175,307.71,0.42,0.45,2026-09-23,2112,N21,VIIRS,n,2.0NRT,296.87,1.7,N,VIIRS_NOAA21_NRT,,
24.9317,74.63189,305.52,0.52,0.5,2026-09-23,2112,N21,VIIRS,n,2.0NRT,295.07,1.49,N,VIIRS_NOAA21_NRT,,
25.15997,68.47239,316.84,0.4,0.37,2026-09-23,2112,N21,VIIRS,n,2.0NRT,298.52,1.28,N,VIIRS_NOAA21_NRT,,
25.38795,68.58114,322.52,0.4,0.37,2026-09-23,2112,N21,VIIRS,n,2.0NRT,298.47,1.31,N,VIIRS_NOAA21_NRT,,
26.09277,68.88004,311.42,0.4,0.37,2026-09-23,2112,N21,VIIRS,n,2.0NRT,298.74,1.4,N,VIIRS_NOAA21_NRT,,
26.25531,74.0969,307.94,0.45,0.47,2026-09-23,2112,N21,VIIRS,n,2.0NRT,296.7,1.72,N,VIIRS_NOAA21_NRT,,
26.3876,76.48326,306.45,0.63,0.54,2026-09-23,2112,N21,VIIRS,n,2.0NRT,296.25,1.3,N,VIIRS_NOAA21_NRT,,
26.87499,73.51781,307.78,0.41,0.45,2026-09-23,2112,N21,VIIRS,n,2.0NRT,297.62,1.48,N,VIIRS_NOAA21_NRT,,
26.8758,73.51379,309.18,0.41,0.45,2026-09-23,2112,N21,VIIRS,n,2.0NRT,297.41,1.48,N,VIIRS_NOAA21_NRT,,
26.92724,73.46787,308.68,0.41,0.45,2026-09-23,2112,N21,VIIRS,n,2.0NRT,297.41,2.44,N,VIIRS_NOAA21_NRT,,
27.28836,73.83954,308.93,0.42,0.45,2026-09-23,2112,N21,VIIRS,n,2.0NRT,298.46,1.52,N,VIIRS_NOAA21_NRT,,
28.05105,69.37011,330.11,0.4,0.37,2026-09-23,2112,N21,VIIRS,n,2.0NRT,300.62,2.29,N,VIIRS_NOAA21_NRT,,
28.27665,77.27435,305.81,0.32,0.54,2026-09-23,2112,N21,VIIRS,n,2.0NRT,295.5,0.77,N,VIIRS_NOAA21_NRT,,
28.42306,69.6995,315.98,0.4,0.37,2026-09-23,2112,N21,VIIRS,n,2.0NRT,299.05,2.41,N,VIIRS_NOAA21_NRT,,
28.64853,77.55903,308.05,0.33,0.55,2026-09-23,2112,N21,VIIRS,n,2.0NRT,294.48,1.01,N,VIIRS_NOAA21_NRT,,
28.64878,77.56,313.59,0.33,0.55,2026-09-23,2112,N21,VIIRS,n,2.0NRT,294.67,1.3,N,VIIRS_NOAA21_NRT,,
29.12406,75.77972,309.24,0.5,0.49,2026-09-23,2112,N21,VIIRS,n,2.0NRT,297.07,2.21,N,VIIRS_NOAA21_NRT,,
30.44675,70.5694,311.51,0.41,0.37,2026-09-23,2112,N21,VIIRS,n,2.0NRT,298.23,0.91,N,VIIRS_NOAA21_NRT,,
19.37032,71.35671,303.02,0.41,0.45,2026-09-23,2114,N21,VIIRS,n,2.0NRT,286.62,2.92,N,VIIRS_NOAA21_NRT,,
19.37104,71.35285,338.64,0.41,0.45,2026-09-23,2114,N21,VIIRS,n,2.0NRT,287.43,2.92,N,VIIRS_NOAA21_NRT,,
19.41856,71.38966,314.79,0.41,0.45,2026-09-23,2114,N21,VIIRS,n,2.0NRT,288.52,1.85,N,VIIRS_NOAA21_NRT,,
20.90861,71.4605,308.25,0.39,0.44,2026-09-23,2114,N21,VIIRS,n,2.0NRT,293.22,2.22,N,VIIRS_NOAA21_NRT,,
21.10174,72.63547,340.95,0.46,0.47,2026-09-23,2114,N21,VIIRS,n,2.0NRT,296.33,7.99,N,VIIRS_NOAA21_NRT,,
21.10433,72.64516,349.35,0.46,0.47,2026-09-23,2114,N21,VIIRS,n,2.0NRT,297.07,13.4,N,VIIRS_NOAA21_NRT,,
21.1086,72.64614,313.21,0.46,0.47,2026-09-23,2114,N21,VIIRS,n,2.0NRT,296.39,2.43,N,VIIRS_NOAA21_NRT,,
22.36418,73.11755,344.55,0.47,0.48,2026-09-23,2114,N21,VIIRS,n,2.0NRT,296.51,8.91,N,VIIRS_NOAA21_NRT,,
22.41532,69.0399,320.34,0.43,0.38,2026-09-23,2114,N21,VIIRS,n,2.0NRT,298.66,2.88,N,VIIRS_NOAA21_NRT,,
22.41878,69.0406,312.01,0.43,0.38,2026-09-23,2114,N21,VIIRS,n,2.0NRT,298.35,1.79,N,VIIRS_NOAA21_NRT,,
22.93182,69.70041,308.82,0.45,0.39,2026-09-23,2114,N21,VIIRS,n,2.0NRT,298.45,1.52,N,VIIRS_NOAA21_NRT,,
22.93258,69.69608,315.49,0.45,0.39,2026-09-23,2114,N21,VIIRS,n,2.0NRT,298.68,1.52,N,VIIRS_NOAA21_NRT,,
23.25508,70.26201,330.16,0.47,0.4,2026-09-23,2114,N21,VIIRS,n,2.0NRT,298.35,3.13,N,VIIRS_NOAA21_NRT,,
23.49771,68.57907,315.33,0.41,0.37,2026-09-23,2114,N21,VIIRS,n,2.0NRT,300.41,1.54,N,VIIRS_NOAA21_NRT,,
23.49903,68.57841,311.71,0.41,0.37,2026-09-23,2114,N21,VIIRS,n,2.0NRT,299.65,1.14,N,VIIRS_NOAA21_NRT,,
9.84346,77.56191,336.01,0.48,0.4,2026-09-24,822,N21,VIIRS,n,2.0NRT,278.46,4.39,D,VIIRS_NOAA21_NRT,,
9.89183,77.87449,332.3,0.5,0.41,2026-09-24,822,N21,VIIRS,n,2.0NRT,289.23,2.21,D,VIIRS_NOAA21_NRT,,
14.46794,76.67125,335.09,0.49,0.4,2026-09-24,824,N21,VIIRS,n,2.0NRT,298.18,7.91,D,VIIRS_NOAA21_NRT,,
17.87985,75.16265,332.93,0.45,0.39,2026-09-24,824,N21,VIIRS,n,2.0NRT,298.84,4.79,D,VIIRS_NOAA21_NRT,,
21.10322,72.63692,337.13,0.39,0.36,2026-09-24,826,N21,VIIRS,n,2.0NRT,296.52,26.55,D,VIIRS_NOAA21_NRT,,
21.10432,72.64445,335.33,0.39,0.37,2026-09-24,826,N21,VIIRS,n,2.0NRT,297.61,5.68,D,VIIRS_NOAA21_NRT,,
21.1082,72.64767,335.4,0.39,0.37,2026-09-24,826,N21,VIIRS,n,2.0NRT,300.11,5.68,D,VIIRS_NOAA21_NRT,,
21.10989,72.63582,332.52,0.39,0.36,2026-09-24,826,N21,VIIRS,n,2.0NRT,296.71,4.19,D,VIIRS_NOAA21_NRT,,
22.41573,69.03867,338.08,0.41,0.37,2026-09-24,826,N21,VIIRS,n,2.0NRT,307.18,3.96,D,VIIRS_NOAA21_NRT,,
22.41631,69.03874,340.38,0.41,0.37,2026-09-24,826,N21,VIIRS,n,2.0NRT,307.34,4.85,D,VIIRS_NOAA21_NRT,,
23.83114,70.28083,340.51,0.39,0.36,2026-09-24,826,N21,VIIRS,n,2.0NRT,313.7,3.79,D,VIIRS_NOAA21_NRT,,
24.44929,71.40038,348.83,0.39,0.36,2026-09-24,826,N21,VIIRS,n,2.0NRT,318.2,5.89,D,VIIRS_NOAA21_NRT,,
27.57303,73.4537,337.97,0.47,0.4,2026-09-24,828,N21,VIIRS,l,2.0NRT,310.85,4.58,D,VIIRS_NOAA21_NRT,,
27.61722,68.40604,339.2,0.4,0.37,2026-09-24,828,N21,VIIRS,l,2.0NRT,311.42,5.98,D,VIIRS_NOAA21_NRT,,
27.62119,68.40932,344.58,0.4,0.37,2026-09-24,828,N21,VIIRS,n,2.0NRT,312.23,5.98,D,VIIRS_NOAA21_NRT,,
27.62387,68.40468,343.86,0.4,0.37,2026-09-24,828,N21,VIIRS,l,2.0NRT,315.6,6.41,D,VIIRS_NOAA21_NRT,,
27.62451,68.40864,344.38,0.4,0.37,2026-09-24,828,N21,VIIRS,l,2.0NRT,314.67,6.41,D,VIIRS_NOAA21_NRT,,
27.6272,68.404,348.43,0.4,0.37,2026-09-24,828,N21,VIIRS,n,2.0NRT,313.28,6.41,D,VIIRS_NOAA21_NRT,,
28.03802,77.61543,335.74,0.54,0.51,2026-09-24,828,N21,VIIRS,n,2.0NRT,298.87,2.84,D,VIIRS_NOAA21_NRT,,
29.36375,70.51884,332.65,0.39,0.36,2026-09-24,828,N21,VIIRS,n,2.0NRT,306.02,1.55,D,VIIRS_NOAA21_NRT,,
29.41591,71.20925,336.98,0.41,0.37,2026-09-24,828,N21,VIIRS,l,2.0NRT,311.97,2.1,D,VIIRS_NOAA21_NRT,,
29.65868,74.35442,333.04,0.55,0.43,2026-09-24,828,N21,VIIRS,l,2.0NRT,305.03,3.28,D,VIIRS_NOAA21_NRT,,
29.79091,72.80502,339.32,0.46,0.39,2026-09-24,828,N21,VIIRS,n,2.0NRT,305.54,5.08,D,VIIRS_NOAA21_NRT,,
30.09793,70.21403,334.67,0.39,0.36,2026-09-24,828,N21,VIIRS,l,2.0NRT,305.51,3.78,D,VIIRS_NOAA21_NRT,,
30.84467,73.90765,330.84,0.54,0.42,2026-09-24,828,N21,VIIRS,n,2.0NRT,300.69,4.02,D,VIIRS_NOAA21_NRT,,
30.96852,74.47905,344.81,0.38,0.43,2026-09-24,828,N21,VIIRS,n,2.0NRT,303.47,4.37,D,VIIRS_NOAA21_NRT,,
30.98238,74.5671,352.28,0.39,0.44,2026-09-24,828,N21,VIIRS,n,2.0NRT,300.61,21.27,D,VIIRS_NOAA21_NRT,,
31.06379,74.55265,337.82,0.39,0.44,2026-09-24,828,N21,VIIRS,n,2.0NRT,298.92,4.02,D,VIIRS_NOAA21_NRT,,
31.06733,74.47412,334.76,0.38,0.44,2026-09-24,828,N21,VIIRS,n,2.0NRT,300.11,2.78,D,VIIRS_NOAA21_NRT,,
31.08293,74.54157,339.43,0.39,0.44,2026-09-24,828,N21,VIIRS,n,2.0NRT,300.1,4.04,D,VIIRS_NOAA21_NRT,,
31.12033,74.64864,336.08,0.39,0.44,2026-09-24,828,N21,VIIRS,n,2.0NRT,299.56,3.33,D,VIIRS_NOAA21_NRT,,
31.26257,74.47878,333.37,0.39,0.44,2026-09-24,828,N21,VIIRS,n,2.0NRT,298.91,3.18,D,VIIRS_NOAA21_NRT,,
31.36934,74.54742,331.57,0.39,0.44,2026-09-24,828,N21,VIIRS,l,2.0NRT,302.21,3.72,D,VIIRS_NOAA21_NRT,,
31.40987,72.18401,330.72,0.45,0.39,2026-09-24,828,N21,VIIRS,n,2.0NRT,300.54,2.26,D,VIIRS_NOAA21_NRT,,
31.54547,74.6069,331.8,0.4,0.44,2026-09-24,828,N21,VIIRS,n,2.0NRT,299.1,2.43,D,VIIRS_NOAA21_NRT,,
31.75932,72.59998,332.48,0.48,0.4,2026-09-24,828,N21,VIIRS,n,2.0NRT,301.26,2.2,D,VIIRS_NOAA21_NRT,,
31.77926,72.30939,330.11,0.46,0.39,2026-09-24,828,N21,VIIRS,l,2.0NRT,300.8,1.78,D,VIIRS_NOAA21_NRT,,
31.7938,74.69284,331.4,0.4,0.44,2026-09-24,828,N21,VIIRS,n,2.0NRT,298.07,4.91,D,VIIRS_NOAA21_NRT,,
31.85723,73.98194,331.66,0.56,0.43,2026-09-24,828,N21,VIIRS,n,2.0NRT,298.63,3.64,D,VIIRS_NOAA21_NRT,,
22.26526,75.13473,311.51,0.49,0.41,2026-09-24,2053,N21,VIIRS,n,2.0NRT,290.79,1.79,N,VIIRS_NOAA21_NRT,,
22.31353,69.85732,309.2,0.4,0.37,2026-09-24,2053,N21,VIIRS,n,2.0NRT,297.0,1.18,N,VIIRS_NOAA21_NRT,,
22.37461,72.47674,311.96,0.4,0.37,2026-09-24,2053,N21,VIIRS,n,2.0NRT,296.45,0.67,N,VIIRS_NOAA21_NRT,,
22.40045,69.02074,308.59,0.42,0.37,2026-09-24,2053,N21,VIIRS,n,2.0NRT,298.17,2.16,N,VIIRS_NOAA21_NRT,,
22.41527,69.03957,320.3,0.42,0.37,2026-09-24,2053,N21,VIIRS,n,2.0NRT,298.16,2.05,N,VIIRS_NOAA21_NRT,,
22.41869,69.04013,310.16,0.42,0.37,2026-09-24,2053,N21,VIIRS,n,2.0NRT,297.48,0.71,N,VIIRS_NOAA21_NRT,,
22.63791,75.5967,301.81,0.51,0.41,2026-09-24,2053,N21,VIIRS,n,2.0NRT,288.49,0.6,N,VIIRS_NOAA21_NRT,,
22.78844,75.83994,301.54,0.53,0.42,2026-09-24,2053,N21,VIIRS,n,2.0NRT,284.08,0.83,N,VIIRS_NOAA21_NRT,,
22.93351,69.70295,309.17,0.4,0.37,2026-09-24,2053,N21,VIIRS,n,2.0NRT,298.12,1.31,N,VIIRS_NOAA21_NRT,,
22.93407,69.69906,319.9,0.4,0.37,2026-09-24,2053,N21,VIIRS,n,2.0NRT,298.57,1.31,N,VIIRS_NOAA21_NRT,,
23.26666,70.25809,308.71,0.39,0.36,2026-09-24,2053,N21,VIIRS,n,2.0NRT,297.91,0.84,N,VIIRS_NOAA21_NRT,,
23.3141,70.48811,311.21,0.39,0.36,2026-09-24,2053,N21,VIIRS,n,2.0NRT,298.1,1.61,N,VIIRS_NOAA21_NRT,,
23.40779,72.41864,306.86,0.39,0.36,2026-09-24,2053,N21,VIIRS,n,2.0NRT,295.84,2.32,N,VIIRS_NOAA21_NRT,,
24.69099,73.00126,308.12,0.39,0.36,2026-09-24,2053,N21,VIIRS,n,2.0NRT,297.26,2.07,N,VIIRS_NOAA21_NRT,,
24.81914,73.0939,307.86,0.4,0.37,2026-09-24,2053,N21,VIIRS,n,2.0NRT,297.78,1.35,N,VIIRS_NOAA21_NRT,,
24.81978,73.09007,308.99,0.4,0.37,2026-09-24,2053,N21,VIIRS,n,2.0NRT,297.96,1.35,N,VIIRS_NOAA21_NRT,,
24.93191,74.63173,309.15,0.44,0.38,2026-09-24,2053,N21,VIIRS,n,2.0NRT,295.99,1.21,N,VIIRS_NOAA21_NRT,,
25.38785,68.58227,326.03,0.46,0.39,2026-09-24,2053,N21,VIIRS,n,2.0NRT,298.31,2.09,N,VIIRS_NOAA21_NRT,,
27.66577,76.1305,309.77,0.46,0.39,2026-09-24,2053,N21,VIIRS,n,2.0NRT,296.42,2.07,N,VIIRS_NOAA21_NRT,,
28.10961,76.6138,309.0,0.48,0.4,2026-09-24,2053,N21,VIIRS,n,2.0NRT,295.66,1.4,N,VIIRS_NOAA21_NRT,,
28.11006,76.61163,308.15,0.48,0.4,2026-09-24,2053,N21,VIIRS,n,2.0NRT,295.6,1.67,N,VIIRS_NOAA21_NRT,,
28.32275,77.22102,308.07,0.51,0.41,2026-09-24,2053,N21,VIIRS,n,2.0NRT,294.2,1.25,N,VIIRS_NOAA21_NRT,,
28.42328,69.6994,316.92,0.44,0.38,2026-09-24,2053,N21,VIIRS,n,2.0NRT,298.93,1.95,N,VIIRS_NOAA21_NRT,,
28.64737,77.5583,311.26,0.52,0.42,2026-09-24,2053,N21,VIIRS,n,2.0NRT,293.72,1.03,N,VIIRS_NOAA21_NRT,,
28.67667,77.54909,304.13,0.52,0.42,2026-09-24,2053,N21,VIIRS,n,2.0NRT,293.87,0.7,N,VIIRS_NOAA21_NRT,,
28.72721,77.15845,307.25,0.5,0.41,2026-09-24,2053,N21,VIIRS,n,2.0NRT,295.65,1.66,N,VIIRS_NOAA21_NRT,,
30.44564,70.56717,310.12,0.43,0.38,2026-09-24,2053,N21,VIIRS,n,2.0NRT,297.14,1.22,N,VIIRS_NOAA21_NRT,,
31.25991,76.92452,302.8,0.45,0.39,2026-09-24,2053,N21,VIIRS,n,2.0NRT,290.65,0.93,N,VIIRS_NOAA21_NRT,,
31.32788,76.89344,302.21,0.45,0.39,2026-09-24,2053,N21,VIIRS,n,2.0NRT,291.46,0.62,N,VIIRS_NOAA21_NRT,,
31.41206,76.83312,302.77,0.45,0.39,2026-09-24,2053,N21,VIIRS,n,2.0NRT,292.67,1.03,N,VIIRS_NOAA21_NRT,,
31.4869,75.05367,310.26,0.4,0.37,2026-09-24,2053,N21,VIIRS,n,2.0NRT,294.98,1.18,N,VIIRS_NOAA21_NRT,,
31.67806,73.96694,306.57,0.38,0.36,2026-09-24,2053,N21,VIIRS,n,2.0NRT,296.14,0.74,N,VIIRS_NOAA21_NRT,,
18.68112,73.03539,315.74,0.44,0.38,2026-09-24,2055,N21,VIIRS,n,2.0NRT,296.17,2.56,N,VIIRS_NOAA21_NRT,,
18.68532,73.03194,317.96,0.44,0.38,2026-09-24,2055,N21,VIIRS,n,2.0NRT,295.89,2.56,N,VIIRS_NOAA21_NRT,,
18.69088,73.04147,322.28,0.44,0.38,2026-09-24,2055,N21,VIIRS,n,2.0NRT,293.67,2.71,N,VIIRS_NOAA21_NRT,,
18.70389,72.34489,313.47,0.41,0.37,2026-09-24,2055,N21,VIIRS,n,2.0NRT,292.62,2.79,N,VIIRS_NOAA21_NRT,,
18.85897,72.92894,329.83,0.43,0.38,2026-09-24,2055,N21,VIIRS,n,2.0NRT,295.55,4.68,N,VIIRS_NOAA21_NRT,,
19.52754,71.29967,315.89,0.39,0.36,2026-09-24,2055,N21,VIIRS,n,2.0NRT,296.99,3.44,N,VIIRS_NOAA21_NRT,,
19.93739,73.71162,303.25,0.45,0.39,2026-09-24,2055,N21,VIIRS,n,2.0NRT,292.1,0.73,N,VIIRS_NOAA21_NRT,,
20.90948,71.46121,310.26,0.39,0.36,2026-09-24,2055,N21,VIIRS,n,2.0NRT,297.83,0.63,N,VIIRS_NOAA21_NRT,,
20.91007,71.45753,313.48,0.39,0.36,2026-09-24,2055,N21,VIIRS,n,2.0NRT,297.84,0.71,N,VIIRS_NOAA21_NRT,,
21.103,72.63773,329.76,0.41,0.37,2026-09-24,2055,N21,VIIRS,n,2.0NRT,298.57,4.61,N,VIIRS_NOAA21_NRT,,
21.10364,72.63388,308.87,0.41,0.37,2026-09-24,2055,N21,VIIRS,n,2.0NRT,296.46,4.61,N,VIIRS_NOAA21_NRT,,
21.10508,72.6461,338.49,0.41,0.37,2026-09-24,2055,N21,VIIRS,n,2.0NRT,299.27,3.74,N,VIIRS_NOAA21_NRT,,
21.10845,72.64675,313.64,0.41,0.37,2026-09-24,2055,N21,VIIRS,n,2.0NRT,297.94,3.74,N,VIIRS_NOAA21_NRT,,
21.11037,72.63515,323.39,0.41,0.37,2026-09-24,2055,N21,VIIRS,n,2.0NRT,297.99,3.8,N,VIIRS_NOAA21_NRT,,
26.25632,74.09438,311.66,0.41,0.37,2026-09-24,2055,N21,VIIRS,n,2.0NRT,299.02,1.58,N,VIIRS_NOAA21_NRT,,
26.8731,73.51719,313.12,0.39,0.36,2026-09-24,2055,N21,VIIRS,n,2.0NRT,299.0,1.29,N,VIIRS_NOAA21_NRT,,
26.87706,73.51396,310.51,0.39,0.36,2026-09-24,2055,N21,VIIRS,n,2.0NRT,298.91,1.29,N,VIIRS_NOAA21_NRT,,
27.28735,73.83863,311.34,0.4,0.37,2026-09-24,2055,N21,VIIRS,n,2.0NRT,299.3,1.71,N,VIIRS_NOAA21_NRT,,
27.96756,69.81006,325.17,0.43,0.38,2026-09-24,2055,N21,VIIRS,n,2.0NRT,299.98,2.91,N,VIIRS_NOAA21_NRT,,
28.05246,69.36788,329.71,0.45,0.39,2026-09-24,2055,N21,VIIRS,n,2.0NRT,300.69,2.58,N,VIIRS_NOAA21_NRT,,
8.02645,80.9869,337.56,0.41,0.37,2026-09-25,803,N21,VIIRS,n,2.0NRT,278.86,4.74,D,VIIRS_NOAA21_NRT,,
8.11969,80.98418,335.13,0.41,0.37,2026-09-25,803,N21,VIIRS,n,2.0NRT,284.4,3.92,D,VIIRS_NOAA21_NRT,,
8.30594,81.0319,336.21,0.41,0.37,2026-09-25,803,N21,VIIRS,n,2.0NRT,295.02,8.4,D,VIIRS_NOAA21_NRT,,
8.32999,80.71683,338.9,0.4,0.37,2026-09-25,803,N21,VIIRS,n,2.0NRT,292.46,6.03,D,VIIRS_NOAA21_NRT,,
8.43953,80.65229,331.67,0.4,0.37,2026-09-25,803,N21,VIIRS,n,2.0NRT,287.93,2.73,D,VIIRS_NOAA21_NRT,,
8.49701,80.59927,333.35,0.4,0.37,2026-09-25,803,N21,VIIRS,n,2.0NRT,291.19,4.26,D,VIIRS_NOAA21_NRT,,
8.49755,80.60287,337.57,0.4,0.37,2026-09-25,803,N21,VIIRS,n,2.0NRT,292.67,8.2,D,VIIRS_NOAA21_NRT,,
8.50552,80.54969,345.81,0.4,0.37,2026-09-25,803,N21,VIIRS,n,2.0NRT,290.89,8.88,D,VIIRS_NOAA21_NRT,,
8.53135,80.37706,342.5,0.4,0.37,2026-09-25,803,N21,VIIRS,n,2.0NRT,293.14,8.6,D,VIIRS_NOAA21_NRT,,
8.55513,80.49067,339.32,0.4,0.37,2026-09-25,803,N21,VIIRS,n,2.0NRT,294.25,4.43,D,VIIRS_NOAA21_NRT,,
8.59417,80.43654,333.85,0.4,0.37,2026-09-25,803,N21,VIIRS,n,2.0NRT,294.51,3.1,D,VIIRS_NOAA21_NRT,,
8.64193,80.38903,335.83,0.4,0.37,2026-09-25,803,N21,VIIRS,n,2.0NRT,292.96,3.41,D,VIIRS_NOAA21_NRT,,
8.66652,80.55444,333.71,0.4,0.37,2026-09-25,803,N21,VIIRS,n,2.0NRT,295.24,4.16,D,VIIRS_NOAA21_NRT,,
8.67876,80.3835,332.56,0.4,0.37,2026-09-25,803,N21,VIIRS,n,2.0NRT,291.1,1.21,D,VIIRS_NOAA21_NRT,,
8.76601,80.79697,332.42,0.41,0.37,2026-09-25,803,N21,VIIRS,n,2.0NRT,292.36,3.16,D,VIIRS_NOAA21_NRT,,
8.78127,80.87769,331.69,0.41,0.37,2026-09-25,803,N21,VIIRS,n,2.0NRT,288.73,5.71,D,VIIRS_NOAA21_NRT,,
8.82123,80.4792,337.56,0.4,0.37,2026-09-25,803,N21,VIIRS,n,2.0NRT,297.23,7.69,D,VIIRS_NOAA21_NRT,,
8.84354,80.87589,335.04,0.41,0.37,2026-09-25,803,N21,VIIRS,n,2.0NRT,290.23,3.51,D,VIIRS_NOAA21_NRT,,
8.85423,80.76124,335.61,0.41,0.37,2026-09-25,803,N21,VIIRS,n,2.0NRT,292.86,6.03,D,VIIRS_NOAA21_NRT,,
8.97917,80.67435,330.81,0.41,0.37,2026-09-25,803,N21,VIIRS,n,2.0NRT,281.28,3.25,D,VIIRS_NOAA21_NRT,,
9.01694,79.87421,332.85,0.39,0.36,2026-09-25,803,N21,VIIRS,n,2.0NRT,287.13,5.36,D,VIIRS_NOAA21_NRT,,
9.15518,80.70824,335.02,0.41,0.37,2026-09-25,803,N21,VIIRS,n,2.0NRT,293.6,5.2,D,VIIRS_NOAA21_NRT,,
9.19055,80.6576,330.4,0.41,0.37,2026-09-25,803,N21,VIIRS,n,2.0NRT,293.3,1.9,D,VIIRS_NOAA21_NRT,,
9.36634,80.28191,336.83,0.4,0.37,2026-09-25,803,N21,VIIRS,n,2.0NRT,285.81,4.07,D,VIIRS_NOAA21_NRT,,
9.38761,80.35612,341.11,0.4,0.37,2026-09-25,803,N21,VIIRS,n,2.0NRT,288.49,5.52,D,VIIRS_NOAA21_NRT,,
9.38952,80.32262,336.95,0.4,0.37,2026-09-25,803,N21,VIIRS,n,2.0NRT,287.62,4.06,D,VIIRS_NOAA21_NRT,,
15.83021,74.64248,330.19,0.44,0.39,2026-09-25,805,N21,VIIRS,l,2.0NRT,298.56,3.74,D,VIIRS_NOAA21_NRT,,
19.36956,71.35459,339.43,0.39,0.44,2026-09-25,805,N21,VIIRS,n,2.0NRT,294.86,3.28,D,VIIRS_NOAA21_NRT,,
21.09977,72.65229,332.49,0.47,0.4,2026-09-25,807,N21,VIIRS,n,2.0NRT,301.41,3.44,D,VIIRS_NOAA21_NRT,,
21.10101,72.63819,334.78,0.47,0.4,2026-09-25,807,N21,VIIRS,n,2.0NRT,302.27,5.5,D,VIIRS_NOAA21_NRT,,
21.10461,72.63748,334.96,0.47,0.4,2026-09-25,807,N21,VIIRS,n,2.0NRT,301.99,5.38,D,VIIRS_NOAA21_NRT,,
21.10619,72.64642,344.71,0.47,0.4,2026-09-25,807,N21,VIIRS,n,2.0NRT,305.16,23.31,D,VIIRS_NOAA21_NRT,,
21.69298,73.23695,341.04,0.44,0.38,2026-09-25,807,N21,VIIRS,n,2.0NRT,298.47,6.96,D,VIIRS_NOAA21_NRT,,
21.88546,73.69077,332.31,0.42,0.38,2026-09-25,807,N21,VIIRS,n,2.0NRT,299.67,2.8,D,VIIRS_NOAA21_NRT,,
22.75967,76.13454,335.0,0.38,0.36,2026-09-25,807,N21,VIIRS,n,2.0NRT,298.8,3.2,D,VIIRS_NOAA21_NRT,,
22.8181,69.40692,336.39,0.44,0.46,2026-09-25,807,N21,VIIRS,n,2.0NRT,304.56,3.84,D,VIIRS_NOAA21_NRT,,
22.91738,69.46445,335.0,0.44,0.46,2026-09-25,807,N21,VIIRS,n,2.0NRT,305.36,2.73,D,VIIRS_NOAA21_NRT,,
23.00401,70.06116,343.98,0.4,0.44,2026-09-25,807,N21,VIIRS,n,2.0NRT,308.39,6.74,D,VIIRS_NOAA21_NRT,,
24.80509,68.03191,342.42,0.49,0.49,2026-09-25,807,N21,VIIRS,n,2.0NRT,307.88,7.26,D,VIIRS_NOAA21_NRT,,
25.38836,68.58058,334.16,0.45,0.47,2026-09-25,807,N21,VIIRS,l,2.0NRT,307.38,2.35,D,VIIRS_NOAA21_NRT,,
25.44379,68.813,340.41,0.43,0.46,2026-09-25,807,N21,VIIRS,n,2.0NRT,307.18,4.43,D,VIIRS_NOAA21_NRT,,
25.50459,76.29142,336.55,0.39,0.36,2026-09-25,807,N21,VIIRS,n,2.0NRT,304.72,3.88,D,VIIRS_NOAA21_NRT,,
25.92828,74.05197,334.55,0.39,0.36,2026-09-25,807,N21,VIIRS,l,2.0NRT,308.15,3.26,D,VIIRS_NOAA21_NRT,,
26.22088,69.02534,342.76,0.41,0.45,2026-09-25,807,N21,VIIRS,n,2.0NRT,309.09,6.87,D,VIIRS_NOAA21_NRT,,
26.22104,69.02518,342.05,0.41,0.45,2026-09-25,807,N21,VIIRS,n,2.0NRT,309.01,5.86,D,VIIRS_NOAA21_NRT,,
27.63739,68.38567,338.33,0.42,0.45,2026-09-25,807,N21,VIIRS,l,2.0NRT,310.95,6.27,D,VIIRS_NOAA21_NRT,,
27.63977,68.38199,335.04,0.42,0.45,2026-09-25,807,N21,VIIRS,l,2.0NRT,307.11,3.28,D,VIIRS_NOAA21_NRT,,
28.03522,76.6364,345.72,0.42,0.37,2026-09-25,807,N21,VIIRS,n,2.0NRT,301.11,4.49,D,VIIRS_NOAA21_NRT,,
28.51131,76.53602,333.38,0.42,0.37,2026-09-25,807,N21,VIIRS,n,2.0NRT,302.25,8.54,D,VIIRS_NOAA21_NRT,,
28.84225,77.83348,330.44,0.47,0.39,2026-09-25,807,N21,VIIRS,n,2.0NRT,294.47,1.56,D,VIIRS_NOAA21_NRT,,
28.05124,69.36705,336.82,0.54,0.42,2026-09-25,809,N21,VIIRS,n,2.0NRT,309.26,7.12,D,VIIRS_NOAA21_NRT,,
28.05383,69.36906,338.58,0.54,0.42,2026-09-25,809,N21,VIIRS,n,2.0NRT,308.66,10.26,D,VIIRS_NOAA21_NRT,,
29.24404,76.47194,332.18,0.42,0.38,2026-09-25,809,N21,VIIRS,n,2.0NRT,298.41,2.74,D,VIIRS_NOAA21_NRT,,
29.74121,76.37306,332.7,0.42,0.38,2026-09-25,809,N21,VIIRS,n,2.0NRT,299.67,4.03,D,VIIRS_NOAA21_NRT,,
30.07472,72.61726,333.79,0.39,0.36,2026-09-25,809,N21,VIIRS,n,2.0NRT,301.76,4.99,D,VIIRS_NOAA21_NRT,,
30.10392,71.48476,330.38,0.42,0.37,2026-09-25,809,N21,VIIRS,l,2.0NRT,304.21,2.15,D,VIIRS_NOAA21_NRT,,
30.30146,73.16059,341.11,0.39,0.36,2026-09-25,809,N21,VIIRS,n,2.0NRT,302.12,7.34,D,VIIRS_NOAA21_NRT,,
30.54275,73.68079,330.09,0.38,0.36,2026-09-25,809,N21,VIIRS,n,2.0NRT,303.1,2.61,D,VIIRS_NOAA21_NRT,,
30.60608,73.58601,335.49,0.38,0.36,2026-09-25,809,N21,VIIRS,n,2.0NRT,303.98,5.04,D,VIIRS_NOAA21_NRT,,
30.77847,74.02618,334.8,0.38,0.36,2026-09-25,809,N21,VIIRS,n,2.0NRT,304.04,18.7,D,VIIRS_NOAA21_NRT,,
30.78176,74.02552,339.27,0.38,0.36,2026-09-25,809,N21,VIIRS,n,2.0NRT,306.03,18.7,D,VIIRS_NOAA21_NRT,,
30.86778,74.00853,337.88,0.38,0.36,2026-09-25,809,N21,VIIRS,n,2.0NRT,302.39,2.93,D,VIIRS_NOAA21_NRT,,
30.98841,74.22409,340.99,0.39,0.36,2026-09-25,809,N21,VIIRS,n,2.0NRT,300.97,4.89,D,VIIRS_NOAA21_NRT,,
30.99111,74.21942,344.22,0.39,0.36,2026-09-25,809,N21,VIIRS,n,2.0NRT,303.45,13.68,D,VIIRS_NOAA21_NRT,,
30.9917,74.22343,346.62,0.39,0.36,2026-09-25,809,N21,VIIRS,n,2.0NRT,305.68,13.68,D,VIIRS_NOAA21_NRT,,
30.99455,74.40482,334.8,0.39,0.36,2026-09-25,809,N21,VIIRS,n,2.0NRT,302.47,4.52,D,VIIRS_NOAA21_NRT,,
30.995,74.22278,344.63,0.39,0.36,2026-09-25,809,N21,VIIRS,n,2.0NRT,302.24,13.68,D,VIIRS_NOAA21_NRT,,
31.00006,74.23415,333.2,0.39,0.36,2026-09-25,809,N21,VIIRS,n,2.0NRT,300.71,28.46,D,VIIRS_NOAA21_NRT,,
31.00395,74.2375,345.92,0.39,0.36,2026-09-25,809,N21,VIIRS,n,2.0NRT,303.84,28.46,D,VIIRS_NOAA21_NRT,,
31.01634,74.43784,331.73,0.39,0.36,2026-09-25,809,N21,VIIRS,n,2.0NRT,300.23,2.84,D,VIIRS_NOAA21_NRT,,
31.01692,74.44188,335.11,0.39,0.36,2026-09-25,809,N21,VIIRS,n,2.0NRT,300.08,2.84,D,VIIRS_NOAA21_NRT,,
31.07598,74.56745,330.34,0.39,0.36,2026-09-25,809,N21,VIIRS,n,2.0NRT,301.25,2.95,D,VIIRS_NOAA21_NRT,,
31.08847,74.6067,343.4,0.39,0.36,2026-09-25,809,N21,VIIRS,n,2.0NRT,303.36,15.4,D,VIIRS_NOAA21_NRT,,
31.09296,74.61416,330.46,0.39,0.36,2026-09-25,809,N21,VIIRS,n,2.0NRT,299.45,1.67,D,VIIRS_NOAA21_NRT,,
31.10194,74.6291,334.7,0.39,0.36,2026-09-25,809,N21,VIIRS,n,2.0NRT,300.47,2.46,D,VIIRS_NOAA21_NRT,,
31.183,74.62638,331.76,0.39,0.36,2026-09-25,809,N21,VIIRS,n,2.0NRT,298.66,2.43,D,VIIRS_NOAA21_NRT,,
31.3253,73.32095,339.31,0.38,0.36,2026-09-25,809,N21,VIIRS,n,2.0NRT,304.99,4.39,D,VIIRS_NOAA21_NRT,,
31.35276,73.38947,341.76,0.38,0.36,2026-09-25,809,N21,VIIRS,n,2.0NRT,301.26,4.38,D,VIIRS_NOAA21_NRT,,
31.36014,75.18115,333.03,0.4,0.37,2026-09-25,809,N21,VIIRS,n,2.0NRT,297.24,3.44,D,VIIRS_NOAA21_NRT,,
31.41075,75.06158,343.22,0.4,0.37,2026-09-25,809,N21,VIIRS,n,2.0NRT,300.64,3.96,D,VIIRS_NOAA21_NRT,,
31.45396,74.03769,330.82,0.39,0.36,2026-09-25,809,N21,VIIRS,n,2.0NRT,298.11,2.18,D,VIIRS_NOAA21_NRT,,
31.47933,74.89074,332.69,0.4,0.37,2026-09-25,809,N21,VIIRS,n,2.0NRT,299.76,1.74,D,VIIRS_NOAA21_NRT,,
31.53971,74.6006,340.08,0.39,0.36,2026-09-25,809,N21,VIIRS,n,2.0NRT,301.17,5.7,D,VIIRS_NOAA21_NRT,,
31.62267,74.94975,331.06,0.4,0.37,2026-09-25,809,N21,VIIRS,n,2.0NRT,300.68,1.85,D,VIIRS_NOAA21_NRT,,
31.85348,74.68118,332.34,0.39,0.36,2026-09-25,809,N21,VIIRS,n,2.0NRT,301.25,4.61,D,VIIRS_NOAA21_NRT,,
31.85949,74.60365,331.25,0.39,0.36,2026-09-25,809,N21,VIIRS,n,2.0NRT,297.37,2.91,D,VIIRS_NOAA21_NRT,,
31.87066,73.59036,333.71,0.38,0.36,2026-09-25,809,N21,VIIRS,n,2.0NRT,292.89,3.94,D,VIIRS_NOAA21_NRT,,
31.87893,75.05732,330.2,0.4,0.37,2026-09-25,809,N21,VIIRS,n,2.0NRT,298.49,2.62,D,VIIRS_NOAA21_NRT,,
31.97309,71.75266,339.47,0.4,0.37,2026-09-25,809,N21,VIIRS,n,2.0NRT,298.66,3.86,D,VIIRS_NOAA21_NRT,,
22.05213,88.12674,302.62,0.53,0.67,2026-09-25,2034,N21,VIIRS,n,2.0NRT,281.9,1.53,N,VIIRS_NOAA21_NRT,,
22.05331,88.12173,303.19,0.53,0.67,2026-09-25,2034,N21,VIIRS,n,2.0NRT,282.13,1.53,N,VIIRS_NOAA21_NRT,,
22.37738,87.27644,301.04,0.46,0.64,2026-09-25,2034,N21,VIIRS,n,2.0NRT,287.22,1.33,N,VIIRS_NOAA21_NRT,,
23.77129,86.19691,301.84,0.37,0.58,2026-09-25,2034,N21,VIIRS,n,2.0NRT,285.57,1.06,N,VIIRS_NOAA21_NRT,,
23.77207,86.19344,299.23,0.37,0.58,2026-09-25,2034,N21,VIIRS,n,2.0NRT,285.14,1.06,N,VIIRS_NOAA21_NRT,,
23.77411,86.20876,298.15,0.37,0.58,2026-09-25,2034,N21,VIIRS,n,2.0NRT,284.73,2.04,N,VIIRS_NOAA21_NRT,,
25.3858,68.58134,312.61,0.56,0.52,2026-09-25,2034,N21,VIIRS,n,2.0NRT,297.58,1.94,N,VIIRS_NOAA21_NRT,,
26.25828,74.09519,306.89,0.44,0.38,2026-09-25,2034,N21,VIIRS,n,2.0NRT,296.61,1.34,N,VIIRS_NOAA21_NRT,,
27.66717,76.13374,306.21,0.39,0.36,2026-09-25,2034,N21,VIIRS,n,2.0NRT,295.49,1.33,N,VIIRS_NOAA21_NRT,,
27.66775,76.1298,316.2,0.39,0.36,2026-09-25,2034,N21,VIIRS,n,2.0NRT,296.25,1.33,N,VIIRS_NOAA21_NRT,,
28.04121,69.66906,307.06,0.52,0.5,2026-09-25,2034,N21,VIIRS,n,2.0NRT,296.7,1.26,N,VIIRS_NOAA21_NRT,,
28.05202,69.37036,318.78,0.54,0.51,2026-09-25,2034,N21,VIIRS,n,2.0NRT,296.93,2.57,N,VIIRS_NOAA21_NRT,,
28.42416,69.69865,311.33,0.52,0.5,2026-09-25,2034,N21,VIIRS,n,2.0NRT,296.57,2.11,N,VIIRS_NOAA21_NRT,,
28.47246,76.95984,324.32,0.39,0.36,2026-09-25,2034,N21,VIIRS,n,2.0NRT,294.29,2.23,N,VIIRS_NOAA21_NRT,,
28.74282,76.92647,308.37,0.39,0.36,2026-09-25,2034,N21,VIIRS,n,2.0NRT,293.81,0.58,N,VIIRS_NOAA21_NRT,,
28.83659,77.13735,304.7,0.39,0.36,2026-09-25,2034,N21,VIIRS,n,2.0NRT,293.11,0.81,N,VIIRS_NOAA21_NRT,,
30.4467,70.56647,307.53,0.49,0.49,2026-09-25,2034,N21,VIIRS,n,2.0NRT,293.69,1.07,N,VIIRS_NOAA21_NRT,,
30.80818,76.01765,305.56,0.41,0.37,2026-09-25,2034,N21,VIIRS,n,2.0NRT,292.1,0.86,N,VIIRS_NOAA21_NRT,,
31.24919,76.93047,299.62,0.39,0.37,2026-09-25,2034,N21,VIIRS,n,2.0NRT,289.01,0.24,N,VIIRS_NOAA21_NRT,,
31.41286,76.83652,303.3,0.4,0.37,2026-09-25,2034,N21,VIIRS,n,2.0NRT,291.87,0.86,N,VIIRS_NOAA21_NRT,,
31.60954,74.40583,306.6,0.48,0.4,2026-09-25,2034,N21,VIIRS,n,2.0NRT,295.29,1.36,N,VIIRS_NOAA21_NRT,,
18.68006,73.0358,309.58,0.41,0.37,2026-09-25,2036,N21,VIIRS,n,2.0NRT,289.18,2.84,N,VIIRS_NOAA21_NRT,,
18.6829,73.04022,309.66,0.41,0.37,2026-09-25,2036,N21,VIIRS,n,2.0NRT,289.68,2.44,N,VIIRS_NOAA21_NRT,,
18.6846,73.02856,303.04,0.41,0.37,2026-09-25,2036,N21,VIIRS,n,2.0NRT,287.09,1.14,N,VIIRS_NOAA21_NRT,,
18.6863,73.04076,302.8,0.41,0.37,2026-09-25,2036,N21,VIIRS,n,2.0NRT,289.59,1.23,N,VIIRS_NOAA21_NRT,,
18.69312,73.04184,307.14,0.41,0.37,2026-09-25,2036,N21,VIIRS,n,2.0NRT,290.49,1.18,N,VIIRS_NOAA21_NRT,,
21.1001,72.63693,328.81,0.45,0.39,2026-09-25,2036,N21,VIIRS,n,2.0NRT,276.8,2.87,N,VIIRS_NOAA21_NRT,,
21.10069,72.63265,304.63,0.45,0.39,2026-09-25,2036,N21,VIIRS,n,2.0NRT,276.58,1.68,N,VIIRS_NOAA21_NRT,,
21.10245,72.646,305.9,0.45,0.39,2026-09-25,2036,N21,VIIRS,n,2.0NRT,277.07,3.78,N,VIIRS_NOAA21_NRT,,
21.10304,72.64174,302.26,0.45,0.39,2026-09-25,2036,N21,VIIRS,n,2.0NRT,276.9,1.14,N,VIIRS_NOAA21_NRT,,
21.10364,72.63747,312.04,0.45,0.39,2026-09-25,2036,N21,VIIRS,n,2.0NRT,276.87,1.14,N,VIIRS_NOAA21_NRT,,
21.10423,72.6332,302.99,0.45,0.39,2026-09-25,2036,N21,VIIRS,n,2.0NRT,276.49,0.74,N,VIIRS_NOAA21_NRT,,
21.10599,72.64655,342.77,0.45,0.39,2026-09-25,2036,N21,VIIRS,n,2.0NRT,277.16,3.78,N,VIIRS_NOAA21_NRT,,
21.10658,72.64229,304.66,0.45,0.39,2026-09-25,2036,N21,VIIRS,n,2.0NRT,276.46,1.14,N,VIIRS_NOAA21_NRT,,
22.41668,69.03753,307.25,0.49,0.48,2026-09-25,2036,N21,VIIRS,n,2.0NRT,296.69,2.81,N,VIIRS_NOAA21_NRT,,
22.87757,69.58741,308.76,0.45,0.47,2026-09-25,2036,N21,VIIRS,n,2.0NRT,296.83,1.62,N,VIIRS_NOAA21_NRT,,
22.93297,69.70076,310.22,0.45,0.47,2026-09-25,2036,N21,VIIRS,n,2.0NRT,297.04,2.27,N,VIIRS_NOAA21_NRT,,
22.96784,72.55392,305.93,0.47,0.4,2026-09-25,2036,N21,VIIRS,n,2.0NRT,289.62,0.83,N,VIIRS_NOAA21_NRT,,
15.16872,76.67115,295.99,0.43,0.38,2026-09-25,2038,N21,VIIRS,n,2.0NRT,269.62,1.04,N,VIIRS_NOAA21_NRT,,
15.17237,76.69218,300.31,0.43,0.38,2026-09-25,2038,N21,VIIRS,n,2.0NRT,267.19,0.67,N,VIIRS_NOAA21_NRT,,
15.1748,76.65598,304.81,0.43,0.38,2026-09-25,2038,N21,VIIRS,n,2.0NRT,269.3,1.09,N,VIIRS_NOAA21_NRT,,
15.17825,76.65662,296.11,0.43,0.38,2026-09-25,2038,N21,VIIRS,n,2.0NRT,268.64,0.87,N,VIIRS_NOAA21_NRT,,
15.17844,76.67702,298.07,0.43,0.38,2026-09-25,2038,N21,VIIRS,n,2.0NRT,270.28,1.38,N,VIIRS_NOAA21_NRT,,
15.1804,76.66515,297.42,0.43,0.38,2026-09-25,2038,N21,VIIRS,n,2.0NRT,268.3,0.68,N,VIIRS_NOAA21_NRT,,
15.1819,76.67766,302.52,0.43,0.38,2026-09-25,2038,N21,VIIRS,n,2.0NRT,270.07,1.19,N,VIIRS_NOAA21_NRT,,
15.18386,76.66578,307.36,0.43,0.38,2026-09-25,2038,N21,VIIRS,n,2.0NRT,267.98,0.76,N,VIIRS_NOAA21_NRT,,
15.65695,73.98927,299.47,0.38,0.36,2026-09-25,2038,N21,VIIRS,n,2.0NRT,265.49,0.43,N,VIIRS_NOAA21_NRT,,
15.89469,75.41759,328.34,0.39,0.36,2026-09-25,2038,N21,VIIRS,n,2.0NRT,287.21,3.25,N,VIIRS_NOAA21_NRT,,
8.00754,81.03236,332.01,0.45,0.39,2026-09-26,744,N21,VIIRS,l,2.0NRT,301.94,5.02,D,VIIRS_NOAA21_NRT,,
8.01018,80.95642,333.8,0.46,0.39,2026-09-26,744,N21,VIIRS,n,2.0NRT,295.53,5.64,D,VIIRS_NOAA21_NRT,,
8.0512,81.19206,336.59,0.45,0.39,2026-09-26,744,N21,VIIRS,n,2.0NRT,303.27,5.53,D,VIIRS_NOAA21_NRT,,
8.06717,79.8469,334.31,0.52,0.42,2026-09-26,744,N21,VIIRS,n,2.0NRT,295.78,7.31,D,VIIRS_NOAA21_NRT,,
8.06785,79.82751,334.9,0.52,0.42,2026-09-26,744,N21,VIIRS,l,2.0NRT,297.92,10.3,D,VIIRS_NOAA21_NRT,,
8.07833,81.39034,331.4,0.44,0.38,2026-09-26,744,N21,VIIRS,l,2.0NRT,304.65,6.56,D,VIIRS_NOAA21_NRT,,
8.12718,80.98963,333.17,0.45,0.39,2026-09-26,744,N21,VIIRS,l,2.0NRT,303.95,5.84,D,VIIRS_NOAA21_NRT,,
8.17082,80.12696,333.26,0.5,0.41,2026-09-26,744,N21,VIIRS,n,2.0NRT,299.67,4.88,D,VIIRS_NOAA21_NRT,,
8.29388,80.19184,334.03,0.5,0.41,2026-09-26,744,N21,VIIRS,l,2.0NRT,299.74,7.16,D,VIIRS_NOAA21_NRT,,
8.33045,81.28236,336.38,0.44,0.38,2026-09-26,744,N21,VIIRS,l,2.0NRT,302.75,5.05,D,VIIRS_NOAA21_NRT,,
8.41746,80.56094,335.58,0.47,0.4,2026-09-26,744,N21,VIIRS,l,2.0NRT,305.07,6.75,D,VIIRS_NOAA21_NRT,,
8.44872,80.38402,330.77,0.48,0.4,2026-09-26,744,N21,VIIRS,l,2.0NRT,301.49,3.11,D,VIIRS_NOAA21_NRT,,
8.45048,80.51181,338.52,0.48,0.4,2026-09-26,744,N21,VIIRS,l,2.0NRT,303.62,6.54,D,VIIRS_NOAA21_NRT,,
8.46088,80.41322,337.18,0.48,0.4,2026-09-26,744,N21,VIIRS,l,2.0NRT,299.94,2.3,D,VIIRS_NOAA21_NRT,,
8.46112,80.41399,340.67,0.48,0.4,2026-09-26,744,N21,VIIRS,l,2.0NRT,300.68,24.26,D,VIIRS_NOAA21_NRT,,
8.46453,80.41264,341.22,0.48,0.4,2026-09-26,744,N21,VIIRS,l,2.0NRT,305.39,26.89,D,VIIRS_NOAA21_NRT,,
8.46477,80.41341,347.93,0.48,0.4,2026-09-26,744,N21,VIIRS,n,2.0NRT,305.96,24.26,D,VIIRS_NOAA21_NRT,,
8.48502,80.44544,342.13,0.48,0.4,2026-09-26,744,N21,VIIRS,n,2.0NRT,300.72,4.26,D,VIIRS_NOAA21_NRT,,
8.48669,80.76083,332.55,0.46,0.39,2026-09-26,744,N21,VIIRS,l,2.0NRT,304.55,3.92,D,VIIRS_NOAA21_NRT,,
8.49231,80.44426,341.48,0.48,0.4,2026-09-26,744,N21,VIIRS,n,2.0NRT,301.78,6.1,D,VIIRS_NOAA21_NRT,,
8.50357,80.25968,331.64,0.49,0.4,2026-09-26,744,N21,VIIRS,l,2.0NRT,301.78,4.08,D,VIIRS_NOAA21_NRT,,
8.53666,80.62485,331.62,0.47,0.4,2026-09-26,744,N21,VIIRS,l,2.0NRT,304.7,4.85,D,VIIRS_NOAA21_NRT,,
8.54232,80.63691,337.0,0.47,0.4,2026-09-26,744,N21,VIIRS,n,2.0NRT,303.97,4.14,D,VIIRS_NOAA21_NRT,,
8.5644,80.59017,337.14,0.47,0.4,2026-09-26,744,N21,VIIRS,n,2.0NRT,302.44,6.04,D,VIIRS_NOAA21_NRT,,
8.57731,80.32107,336.43,0.48,0.4,2026-09-26,744,N21,VIIRS,l,2.0NRT,299.66,7.87,D,VIIRS_NOAA21_NRT,,
8.57802,80.9027,331.54,0.45,0.39,2026-09-26,744,N21,VIIRS,l,2.0NRT,303.35,5.27,D,VIIRS_NOAA21_NRT,,
8.60636,77.96252,338.78,0.45,0.47,2026-09-26,744,N21,VIIRS,n,2.0NRT,299.03,5.26,D,VIIRS_NOAA21_NRT,,
8.61986,81.18449,336.55,0.44,0.38,2026-09-26,744,N21,VIIRS,n,2.0NRT,304.48,6.09,D,VIIRS_NOAA21_NRT,,
8.62947,80.50264,337.46,0.47,0.4,2026-09-26,744,N21,VIIRS,l,2.0NRT,304.78,10.16,D,VIIRS_NOAA21_NRT,,
8.64952,80.44234,336.5,0.48,0.4,2026-09-26,744,N21,VIIRS,n,2.0NRT,303.34,6.18,D,VIIRS_NOAA21_NRT,,
8.67959,80.81175,336.56,0.46,0.39,2026-09-26,744,N21,VIIRS,n,2.0NRT,305.65,4.96,D,VIIRS_NOAA21_NRT,,
8.69429,80.34741,347.96,0.48,0.4,2026-09-26,744,N21,VIIRS,n,2.0NRT,305.29,9.82,D,VIIRS_NOAA21_NRT,,
8.69599,81.02572,333.88,0.45,0.39,2026-09-26,744,N21,VIIRS,l,2.0NRT,303.65,6.87,D,VIIRS_NOAA21_NRT,,
8.72647,80.3378,335.61,0.48,0.4,2026-09-26,744,N21,VIIRS,l,2.0NRT,303.1,8.05,D,VIIRS_NOAA21_NRT,,
8.75147,80.21289,330.53,0.49,0.4,2026-09-26,744,N21,VIIRS,l,2.0NRT,305.22,7.18,D,VIIRS_NOAA21_NRT,,
8.76932,80.27744,335.32,0.48,0.4,2026-09-26,744,N21,VIIRS,n,2.0NRT,302.03,4.72,D,VIIRS_NOAA21_NRT,,
8.76932,80.27812,334.85,0.48,0.4,2026-09-26,744,N21,VIIRS,l,2.0NRT,302.28,6.66,D,VIIRS_NOAA21_NRT,,
8.7706,80.81432,330.64,0.46,0.39,2026-09-26,744,N21,VIIRS,l,2.0NRT,304.21,4.59,D,VIIRS_NOAA21_NRT,,
8.77196,80.54987,336.69,0.47,0.4,2026-09-26,744,N21,VIIRS,l,2.0NRT,306.35,10.79,D,VIIRS_NOAA21_NRT,,
8.80883,80.4267,334.27,0.48,0.4,2026-09-26,744,N21,VIIRS,l,2.0NRT,303.03,4.56,D,VIIRS_NOAA21_NRT,,
8.81124,80.50918,335.07,0.47,0.4,2026-09-26,744,N21,VIIRS,l,2.0NRT,304.49,4.99,D,VIIRS_NOAA21_NRT,,
8.81192,80.52161,338.68,0.47,0.4,2026-09-26,744,N21,VIIRS,l,2.0NRT,305.32,6.07,D,VIIRS_NOAA21_NRT,,
8.81333,80.52186,338.49,0.47,0.4,2026-09-26,744,N21,VIIRS,n,2.0NRT,304.56,4.32,D,VIIRS_NOAA21_NRT,,
8.85742,80.4275,333.84,0.47,0.4,2026-09-26,744,N21,VIIRS,l,2.0NRT,304.24,2.97,D,VIIRS_NOAA21_NRT,,
8.86381,80.44401,337.87,0.47,0.4,2026-09-26,744,N21,VIIRS,n,2.0NRT,303.98,3.12,D,VIIRS_NOAA21_NRT,,
8.87481,80.85221,338.91,0.45,0.39,2026-09-26,744,N21,VIIRS,n,2.0NRT,306.05,6.54,D,VIIRS_NOAA21_NRT,,
8.87836,80.85164,347.35,0.45,0.39,2026-09-26,744,N21,VIIRS,n,2.0NRT,306.62,6.54,D,VIIRS_NOAA21_NRT,,
8.87885,81.01307,339.03,0.45,0.39,2026-09-26,744,N21,VIIRS,n,2.0NRT,302.51,5.45,D,VIIRS_NOAA21_NRT,,
8.87954,80.74641,335.95,0.46,0.39,2026-09-26,744,N21,VIIRS,l,2.0NRT,303.64,3.94,D,VIIRS_NOAA21_NRT,,
8.89333,80.78635,339.67,0.46,0.39,2026-09-26,744,N21,VIIRS,n,2.0NRT,306.0,4.4,D,VIIRS_NOAA21_NRT,,
8.90718,80.75882,336.33,0.46,0.39,2026-09-26,744,N21,VIIRS,l,2.0NRT,308.05,4.76,D,VIIRS_NOAA21_NRT,,
8.91683,78.02504,332.78,0.44,0.46,2026-09-26,744,N21,VIIRS,n,2.0NRT,302.2,2.46,D,VIIRS_NOAA21_NRT,,
8.91884,80.89925,337.24,0.45,0.39,2026-09-26,744,N21,VIIRS,l,2.0NRT,306.09,4.89,D,VIIRS_NOAA21_NRT,,
8.9297,80.83079,337.61,0.45,0.39,2026-09-26,744,N21,VIIRS,l,2.0NRT,307.53,3.47,D,VIIRS_NOAA21_NRT,,
8.93587,77.83012,341.13,0.45,0.47,2026-09-26,744,N21,VIIRS,n,2.0NRT,302.09,4.67,D,VIIRS_NOAA21_NRT,,
8.94908,80.81509,337.26,0.45,0.39,2026-09-26,744,N21,VIIRS,l,2.0NRT,305.74,5.38,D,VIIRS_NOAA21_NRT,,
8.9575,80.78127,337.07,0.46,0.39,2026-09-26,744,N21,VIIRS,l,2.0NRT,307.39,7.73,D,VIIRS_NOAA21_NRT,,
8.95812,80.78006,339.69,0.46,0.39,2026-09-26,744,N21,VIIRS,l,2.0NRT,307.63,9.5,D,VIIRS_NOAA21_NRT,,
8.96061,80.75555,342.44,0.46,0.39,2026-09-26,744,N21,VIIRS,n,2.0NRT,306.24,4.58,D,VIIRS_NOAA21_NRT,,
8.9722,80.80408,333.04,0.45,0.39,2026-09-26,744,N21,VIIRS,l,2.0NRT,306.8,4.65,D,VIIRS_NOAA21_NRT,,
8.98661,80.84772,337.69,0.45,0.39,2026-09-26,744,N21,VIIRS,l,2.0NRT,308.2,6.98,D,VIIRS_NOAA21_NRT,,
8.98727,80.85178,340.15,0.45,0.39,2026-09-26,744,N21,VIIRS,n,2.0NRT,308.1,9.08,D,VIIRS_NOAA21_NRT,,
9.00025,80.77442,339.44,0.46,0.39,2026-09-26,744,N21,VIIRS,n,2.0NRT,307.74,12.01,D,VIIRS_NOAA21_NRT,,
9.01818,80.58929,331.04,0.46,0.39,2026-09-26,744,N21,VIIRS,l,2.0NRT,305.58,4.12,D,VIIRS_NOAA21_NRT,,
9.07137,77.67777,342.77,0.46,0.47,2026-09-26,744,N21,VIIRS,n,2.0NRT,304.36,6.29,D,VIIRS_NOAA21_NRT,,
9.09714,77.63252,340.39,0.46,0.47,2026-09-26,744,N21,VIIRS,n,2.0NRT,302.61,2.59,D,VIIRS_NOAA21_NRT,,
9.14211,77.68827,345.84,0.46,0.47,2026-09-26,744,N21,VIIRS,n,2.0NRT,307.57,15.25,D,VIIRS_NOAA21_NRT,,
9.14704,80.49627,333.79,0.47,0.4,2026-09-26,744,N21,VIIRS,l,2.0NRT,304.63,6.83,D,VIIRS_NOAA21_NRT,,
9.17857,80.66631,345.25,0.46,0.39,2026-09-26,744,N21,VIIRS,n,2.0NRT,309.47,9.91,D,VIIRS_NOAA21_NRT,,
9.18614,80.30233,337.87,0.48,0.4,2026-09-26,744,N21,VIIRS,n,2.0NRT,307.26,14.22,D,VIIRS_NOAA21_NRT,,
9.3373,78.68853,343.59,0.39,0.44,2026-09-26,744,N21,VIIRS,n,2.0NRT,303.88,5.62,D,VIIRS_NOAA21_NRT,,
9.35504,77.89088,335.14,0.44,0.46,2026-09-26,744,N21,VIIRS,l,2.0NRT,307.65,4.8,D,VIIRS_NOAA21_NRT,,
9.35552,77.89056,336.37,0.44,0.46,2026-09-26,744,N21,VIIRS,l,2.0NRT,307.88,7.71,D,VIIRS_NOAA21_NRT,,
9.35933,80.28045,333.9,0.48,0.4,2026-09-26,744,N21,VIIRS,l,2.0NRT,304.73,5.41,D,VIIRS_NOAA21_NRT,,
9.37157,78.96655,332.14,0.56,0.43,2026-09-26,744,N21,VIIRS,l,2.0NRT,303.22,2.83,D,VIIRS_NOAA21_NRT,,
9.38257,80.46823,337.12,0.47,0.39,2026-09-26,744,N21,VIIRS,n,2.0NRT,308.35,4.31,D,VIIRS_NOAA21_NRT,,
9.39067,77.6126,350.62,0.46,0.47,2026-09-26,744,N21,VIIRS,n,2.0NRT,309.03,7.92,D,VIIRS_NOAA21_NRT,,
9.40104,80.491,336.98,0.46,0.39,2026-09-26,744,N21,VIIRS,l,2.0NRT,307.36,6.45,D,VIIRS_NOAA21_NRT,,
9.41873,80.37139,338.55,0.47,0.4,2026-09-26,744,N21,VIIRS,l,2.0NRT,310.45,7.09,D,VIIRS_NOAA21_NRT,,
9.42092,78.29131,341.94,0.41,0.45,2026-09-26,744,N21,VIIRS,n,2.0NRT,308.41,5.17,D,VIIRS_NOAA21_NRT,,
9.42107,78.28815,335.93,0.41,0.45,2026-09-26,744,N21,VIIRS,l,2.0NRT,306.94,3.65,D,VIIRS_NOAA21_NRT,,
9.42168,78.29185,336.16,0.41,0.45,2026-09-26,744,N21,VIIRS,l,2.0NRT,308.17,5.31,D,VIIRS_NOAA21_NRT,,
9.42437,78.28694,343.43,0.41,0.45,2026-09-26,744,N21,VIIRS,n,2.0NRT,308.63,5.77,D,VIIRS_NOAA21_NRT,,
9.43703,80.34662,339.54,0.47,0.4,2026-09-26,744,N21,VIIRS,n,2.0NRT,305.44,5.54,D,VIIRS_NOAA21_NRT,,
9.43833,80.34692,339.14,0.47,0.4,2026-09-26,744,N21,VIIRS,n,2.0NRT,305.78,5.63,D,VIIRS_NOAA21_NRT,,
9.45095,80.45708,337.02,0.47,0.39,2026-09-26,744,N21,VIIRS,l,2.0NRT,308.94,5.14,D,VIIRS_NOAA21_NRT,,
9.45285,80.45718,334.72,0.47,0.39,2026-09-26,744,N21,VIIRS,l,2.0NRT,308.89,4.47,D,VIIRS_NOAA21_NRT,,
9.46338,77.75925,336.14,0.44,0.46,2026-09-26,744,N21,VIIRS,n,2.0NRT,305.87,4.09,D,VIIRS_NOAA21_NRT,,
9.49219,78.58456,338.36,0.39,0.44,2026-09-26,744,N21,VIIRS,l,2.0NRT,310.82,4.34,D,VIIRS_NOAA21_NRT,,
9.49971,77.69122,340.32,0.45,0.47,2026-09-26,744,N21,VIIRS,n,2.0NRT,305.01,1.77,D,VIIRS_NOAA21_NRT,,
9.54514,77.90785,336.39,0.43,0.46,2026-09-26,744,N21,VIIRS,l,2.0NRT,309.23,6.95,D,VIIRS_NOAA21_NRT,,
9.63925,79.8787,332.6,0.5,0.41,2026-09-26,744,N21,VIIRS,l,2.0NRT,305.35,8.59,D,VIIRS_NOAA21_NRT,,
9.65326,79.89471,347.16,0.49,0.41,2026-09-26,744,N21,VIIRS,n,2.0NRT,305.72,11.63,D,VIIRS_NOAA21_NRT,,
9.68926,80.06972,335.09,0.48,0.4,2026-09-26,744,N21,VIIRS,n,2.0NRT,301.48,2.85,D,VIIRS_NOAA21_NRT,,
9.69293,80.06912,331.66,0.48,0.4,2026-09-26,744,N21,VIIRS,n,2.0NRT,302.37,2.43,D,VIIRS_NOAA21_NRT,,
9.70522,77.67236,346.28,0.45,0.47,2026-09-26,744,N21,VIIRS,n,2.0NRT,303.55,10.28,D,VIIRS_NOAA21_NRT,,
9.72688,80.20996,331.71,0.48,0.4,2026-09-26,744,N21,VIIRS,l,2.0NRT,304.02,3.23,D,VIIRS_NOAA21_NRT,,
9.792,78.54704,334.23,0.39,0.44,2026-09-26,744,N21,VIIRS,l,2.0NRT,305.92,1.31,D,VIIRS_NOAA21_NRT,,
9.81749,77.64247,333.12,0.45,0.47,2026-09-26,744,N21,VIIRS,l,2.0NRT,304.97,4.79,D,VIIRS_NOAA21_NRT,,
9.8345,78.91451,337.25,0.56,0.43,2026-09-26,744,N21,VIIRS,n,2.0NRT,307.04,4.51,D,VIIRS_NOAA21_NRT,,
9.86498,78.16965,342.84,0.41,0.45,2026-09-26,744,N21,VIIRS,n,2.0NRT,305.95,4.55,D,VIIRS_NOAA21_NRT,,
9.89073,77.68811,341.6,0.44,0.46,2026-09-26,744,N21,VIIRS,n,2.0NRT,304.77,6.79,D,VIIRS_NOAA21_NRT,,
9.9919,78.67371,333.55,0.38,0.43,2026-09-26,744,N21,VIIRS,n,2.0NRT,302.76,1.88,D,VIIRS_NOAA21_NRT,,
10.0807,77.73286,335.91,0.44,0.46,2026-09-26,744,N21,VIIRS,l,2.0NRT,308.19,6.59,D,VIIRS_NOAA21_NRT,,
10.08152,77.73241,336.72,0.44,0.46,2026-09-26,744,N21,VIIRS,l,2.0NRT,307.56,4.88,D,VIIRS_NOAA21_NRT,,
10.5495,79.61602,338.72,0.5,0.41,2026-09-26,744,N21,VIIRS,l,2.0NRT,309.36,9.34,D,VIIRS_NOAA21_NRT,,
10.48254,77.91345,333.38,0.42,0.45,2026-09-26,746,N21,VIIRS,l,2.0NRT,304.56,1.96,D,VIIRS_NOAA21_NRT,,
10.72037,79.0062,332.45,0.54,0.42,2026-09-26,746,N21,VIIRS,l,2.0NRT,305.35,2.18,D,VIIRS_NOAA21_NRT,,
10.78657,77.78237,343.29,0.42,0.45,2026-09-26,746,N21,VIIRS,n,2.0NRT,308.11,2.77,D,VIIRS_NOAA21_NRT,,
10.80414,79.60799,335.94,0.49,0.41,2026-09-26,746,N21,VIIRS,l,2.0NRT,309.29,5.47,D,VIIRS_NOAA21_NRT,,
10.90152,79.74362,336.23,0.49,0.4,2026-09-26,746,N21,VIIRS,n,2.0NRT,306.58,7.68,D,VIIRS_NOAA21_NRT,,
10.90518,79.74301,341.17,0.49,0.4,2026-09-26,746,N21,VIIRS,n,2.0NRT,305.7,7.68,D,VIIRS_NOAA21_NRT,,
10.90951,78.56748,330.05,0.56,0.43,2026-09-26,746,N21,VIIRS,l,2.0NRT,303.67,3.45,D,VIIRS_NOAA21_NRT,,
11.00109,78.82473,335.17,0.54,0.42,2026-09-26,746,N21,VIIRS,l,2.0NRT,305.86,3.97,D,VIIRS_NOAA21_NRT,,
11.01136,77.798,333.43,0.42,0.45,2026-09-26,746,N21,VIIRS,l,2.0NRT,306.54,1.83,D,VIIRS_NOAA21_NRT,,
11.1185,76.91002,334.29,0.48,0.48,2026-09-26,746,N21,VIIRS,n,2.0NRT,301.66,4.54,D,VIIRS_NOAA21_NRT,,
11.1264,77.43569,335.12,0.44,0.46,2026-09-26,746,N21,VIIRS,n,2.0NRT,300.3,2.48,D,VIIRS_NOAA21_NRT,,
11.12721,77.43645,341.11,0.44,0.46,2026-09-26,746,N21,VIIRS,n,2.0NRT,300.04,3.88,D,VIIRS_NOAA21_NRT,,
11.13447,76.97626,333.39,0.47,0.48,2026-09-26,746,N21,VIIRS,n,2.0NRT,301.03,4.55,D,VIIRS_NOAA21_NRT,,
11.17843,79.35198,332.77,0.5,0.41,2026-09-26,746,N21,VIIRS,l,2.0NRT,305.17,4.08,D,VIIRS_NOAA21_NRT,,
11.65035,79.12324,349.37,0.51,0.41,2026-09-26,746,N21,VIIRS,n,2.0NRT,310.68,25.38,D,VIIRS_NOAA21_NRT,,
12.1269,79.65672,335.56,0.47,0.4,2026-09-26,746,N21,VIIRS,l,2.0NRT,303.54,5.48,D,VIIRS_NOAA21_NRT,,
12.8417,78.52366,333.28,0.53,0.42,2026-09-26,746,N21,VIIRS,n,2.0NRT,300.13,4.25,D,VIIRS_NOAA21_NRT,,
13.09928,78.75746,332.7,0.51,0.41,2026-09-26,746,N21,VIIRS,n,2.0NRT,298.12,5.77,D,VIIRS_NOAA21_NRT,,
13.1235,80.26916,331.02,0.43,0.38,2026-09-26,746,N21,VIIRS,l,2.0NRT,302.72,4.48,D,VIIRS_NOAA21_NRT,,
13.12521,80.26895,333.74,0.43,0.38,2026-09-26,746,N21,VIIRS,l,2.0NRT,302.48,4.73,D,VIIRS_NOAA21_NRT,,
13.14291,79.65562,330.67,0.46,0.39,2026-09-26,746,N21,VIIRS,l,2.0NRT,303.89,2.23,D,VIIRS_NOAA21_NRT,,
15.18433,76.66764,340.48,0.42,0.45,2026-09-26,746,N21,VIIRS,n,2.0NRT,298.8,4.2,D,VIIRS_NOAA21_NRT,,
15.87297,80.60088,334.72,0.4,0.37,2026-09-26,746,N21,VIIRS,n,2.0NRT,303.39,3.46,D,VIIRS_NOAA21_NRT,,
17.60976,83.20496,344.48,0.4,0.37,2026-09-26,746,N21,VIIRS,n,2.0NRT,304.33,4.58,D,VIIRS_NOAA21_NRT,,
21.10679,72.64727,340.31,0.59,0.53,2026-09-26,748,N21,VIIRS,n,2.0NRT,281.18,11.32,D,VIIRS_NOAA21_NRT,,
21.19291,81.38882,331.08,0.39,0.36,2026-09-26,748,N21,VIIRS,n,2.0NRT,279.21,4.58,D,VIIRS_NOAA21_NRT,,
23.50695,69.26672,342.36,0.43,0.62,2026-09-26,750,N21,VIIRS,n,2.0NRT,303.6,5.89,D,VIIRS_NOAA21_NRT,,
25.55564,69.79114,334.0,0.36,0.58,2026-09-26,750,N21,VIIRS,n,2.0NRT,300.24,2.68,D,VIIRS_NOAA21_NRT,,
25.5561,69.79082,335.44,0.36,0.58,2026-09-26,750,N21,VIIRS,n,2.0NRT,300.34,1.72,D,VIIRS_NOAA21_NRT,,
28.05364,69.36893,340.83,0.34,0.56,2026-09-26,750,N21,VIIRS,n,2.0NRT,301.95,4.75,D,VIIRS_NOAA21_NRT,,
30.32986,73.56348,333.53,0.53,0.42,2026-09-26,750,N21,VIIRS,n,2.0NRT,301.77,3.03,D,VIIRS_NOAA21_NRT,,
30.96822,74.46632,330.58,0.47,0.4,2026-09-26,750,N21,VIIRS,l,2.0NRT,303.15,6.38,D,VIIRS_NOAA21_NRT,,
31.05565,74.46718,340.16,0.47,0.4,2026-09-26,750,N21,VIIRS,n,2.0NRT,302.81,6.44,D,VIIRS_NOAA21_NRT,,
31.1182,74.54275,332.1,0.47,0.39,2026-09-26,750,N21,VIIRS,l,2.0NRT,302.26,4.82,D,VIIRS_NOAA21_NRT,,
31.19242,74.34869,331.97,0.47,0.4,2026-09-26,750,N21,VIIRS,n,2.0NRT,299.63,2.93,D,VIIRS_NOAA21_NRT,,
31.26432,74.20506,339.36,0.48,0.4,2026-09-26,750,N21,VIIRS,n,2.0NRT,303.12,4.05,D,VIIRS_NOAA21_NRT,,
31.28153,74.2163,330.48,0.48,0.4,2026-09-26,750,N21,VIIRS,n,2.0NRT,303.39,2.2,D,VIIRS_NOAA21_NRT,,
31.40515,74.43279,333.33,0.47,0.4,2026-09-26,750,N21,VIIRS,n,2.0NRT,304.05,3.64,D,VIIRS_NOAA21_NRT,,
31.40663,75.02548,336.47,0.44,0.39,2026-09-26,750,N21,VIIRS,n,2.0NRT,301.31,5.59,D,VIIRS_NOAA21_NRT,,
31.40765,72.47555,338.69,0.39,0.44,2026-09-26,750,N21,VIIRS,n,2.0NRT,301.57,4.64,D,VIIRS_NOAA21_NRT,,
31.41012,75.02464,344.46,0.44,0.39,2026-09-26,750,N21,VIIRS,n,2.0NRT,301.16,5.59,D,VIIRS_NOAA21_NRT,,
31.54653,75.03123,331.49,0.44,0.38,2026-09-26,750,N21,VIIRS,l,2.0NRT,303.06,4.66,D,VIIRS_NOAA21_NRT,,
31.62848,74.99851,334.57,0.44,0.38,2026-09-26,750,N21,VIIRS,n,2.0NRT,301.94,4.82,D,VIIRS_NOAA21_NRT,,
31.80875,73.93322,334.46,0.48,0.4,2026-09-26,752,N21,VIIRS,n,2.0NRT,303.57,3.51,D,VIIRS_NOAA21_NRT,,
31.82046,74.38309,330.57,0.46,0.39,2026-09-26,752,N21,VIIRS,l,2.0NRT,300.67,3.04,D,VIIRS_NOAA21_NRT,,
31.84358,74.10181,335.62,0.48,0.4,2026-09-26,752,N21,VIIRS,n,2.0NRT,304.64,5.44,D,VIIRS_NOAA21_NRT,,
31.84364,74.09949,333.55,0.48,0.4,2026-09-26,752,N21,VIIRS,n,2.0NRT,305.12,5.29,D,VIIRS_NOAA21_NRT,,
31.86398,74.02692,331.9,0.48,0.4,2026-09-26,752,N21,VIIRS,l,2.0NRT,302.07,5.51,D,VIIRS_NOAA21_NRT,,
31.91848,74.13738,336.0,0.47,0.4,2026-09-26,752,N21,VIIRS,n,2.0NRT,304.64,6.5,D,VIIRS_NOAA21_NRT,,
31.93295,74.21572,334.85,0.47,0.4,2026-09-26,752,N21,VIIRS,n,2.0NRT,305.81,5.75,D,VIIRS_NOAA21_NRT,,
31.97941,73.39532,330.11,0.51,0.41,2026-09-26,752,N21,VIIRS,l,2.0NRT,303.8,5.5,D,VIIRS_NOAA21_NRT,,
