detection_id,latitude,longitude,acq_date,acq_time,daynight,satellite,instrument,source_sensor,confidence,scan,track,grid_lat,grid_lon,frp,bright_ti4,bright_ti5,brightness,bright_t31,est_temp_k,hot_fraction,est_area_m2,pixel_area_m2,temp_class,i4_saturated,temp_is_lower_bound,retrieval_status,baseline_frp,baseline_level,frp_robust_z,thermal_abnormality,frp_intensity_norm,recurrence_days,detections_in_cell,night_fraction,duty_cycle,inter_arrival_regularity,frp_shift,persistence_norm,nocturnal_score,new_source,ceased,reactivated,active_span_days,observation_window_days,dist_to_industrial_km,dist_osm_km,dist_wri_km,dist_gem_km,dist_eog_km,count_osm_3km,count_wri_3km,count_gem_3km,count_eog_3km,sources_loaded,sources_confirming,sources_confirming_count,corroboration_score,facility_uid,nearest_facility_name,nearest_facility_type,nearest_facility_lat,nearest_facility_lon,facility_sources,facility_source_agreement,facility_status,facility_capacity_value,facility_capacity_unit,facility_subnational,industrial_context,agri_season_context,agri_season_region,agri_penalty_applied,corroboration_component,physics_score,persistence_component,nocturnal_component,intensity_component,evidence_score,industrial_evidence_score,ml_industrial_prob,unsupervised_anomaly,anomaly_probability,fusion_score,risk_score,risk_level,final_label,final_label_display,evidence_level,contributions,method_version,cluster_id
08694f3c796d,8.40038,78.04769,2026-09-22,816,D,N20,VIIRS,VIIRS_NOAA20_NRT,n,0.39,0.36,8.4,78.05,3.46,338.12,300.27,,,,,,140400.0,unknown,False,False,weak_11um,2.46,scene,0.5109778480883297,0.17032594936277656,0.6330128205128205,1,1,0.0,0.2,,0.0,0.2,0.0,False,False,False,1.0,5.0,4.094,507.039,31.083,4.094,,0,0,0,0,osm|wri|gem,,0,0.0,F03750,Udangudi Super Critical Thermal Power Project,power_plant,8.434722,78.061111,gem,1,construction,3960.0,MW,Tamil Nadu,Near industrial activity,False,,False,0.0,0.25,0.2,0.0,0.6330128205128205,0.1975,0.1975,0.0,0.4147,0.1708,0.1708,0.2227,Low,insufficient_evidence,Insufficient evidence,,"[{""key"": ""intensity"", ""label"": ""Thermal intensity"", ""value"": 0.633, ""weight"": 0.15, ""contribution"": 0.095, ""detail"": ""FRP 3.5 MW, 63th percentile""}, {""key"": ""physics"", ""label"": ""Combustion temperature"", ""value"": 0.25, ""weight"": 0.25, ""contribution"": 0.0625, ""detail"": ""temperature retrieval unavailable""}, {""key"": ""persistence"", ""label"": ""Repeat detections"", ""value"": 0.2, ""weight"": 0.2, ""contribution"": 0.04, ""detail"": ""seen on 1 separate days""}, {""key"": ""corroboration"", ""label"": ""Registry corroboration"", ""value"": 0.0, ""weight"": 0.3, ""contribution"": 0.0, ""detail"": ""0 of 3 registries place infrastructure within 3 km""}, {""key"": ""nocturnal"", ""label"": ""Burns at night"", ""value"": 0.0, ""weight"": 0.1, ""contribution"": 0.0, ""detail"": ""0% of detections at night""}]",3.0,
fdcfef346025,8.55172,77.81528,2026-09-22,756,D,N,VIIRS,VIIRS_SNPP_NRT,n,0.47,0.47,8.55,77.82,10.65,350.32,299.89,,,,,,220900.0,unknown,False,False,weak_11um,2.46,scene,4.184908575843421,1.0,0.9551282051282052,1,1,0.0,0.2,,0.0,0.2,0.0,False,False,False,1.0,5.0,2.506,502.338,2.506,16.944,,0,1,0,0,osm|wri|gem,wri,1,0.2,F02979,Munanjipatti,power_plant,8.535,77.8,wri,1,operating,7.7,MW,,Within the site's immediate surroundings,False,,False,0.2,0.25,0.2,0.0,0.9551282051282052,0.3058,0.3058,0.1783,0.8261,0.3456,0.3456,0.541,Moderate,insufficient_evidence,Insufficient evidence,,"[{""key"": ""intensity"", ""label"": ""Thermal intensity"", ""value"": 0.955, ""weight"": 0.15, ""contribution"": 0.1433, ""detail"": ""FRP 10.7 MW, 96th percentile""}, {""key"": ""physics"", ""label"": ""Combustion temperature"", ""value"": 0.25, ""weight"": 0.25, ""contribution"": 0.0625, ""detail"": ""temperature retrieval unavailable""}, {""key"": ""corroboration"", ""label"": ""Registry corroboration"", ""value"": 0.2, ""weight"": 0.3, ""contribution"": 0.06, ""detail"": ""1 of 3 registries place infrastructure within 3 km""}, {""key"": ""persistence"", ""label"": ""Repeat detections"", ""value"": 0.2, ""weight"": 0.2, ""contribution"": 0.04, ""detail"": ""seen on 1 separate days""}, {""key"": ""nocturnal"", ""label"": ""Burns at night"", ""value"": 0.0, ""weight"": 0.1, ""contribution"": 0.0, ""detail"": ""0% of detections at night""}]",3.0,
d95efb8452eb,8.60402,77.96516,2026-09-22,756,D,N,VIIRS,VIIRS_SNPP_NRT,n,0.46,0.47,8.6,77.97,1.5,330.04,297.13,,,,,,216200.0,unknown,False,False,weak_11um,2.46,scene,-0.4905387341647965,0.0,0.27163461538461536,1,1,0.0,0.2,,0.0,0.2,0.0,False,False,False,1.0,5.0,17.557,489.989,18.262,17.557,,0,0,0,0,osm|wri|gem,,0,0.0,F03711,Sattankulam power station,power_plant,8.45,77.93,gem,1,cancelled,2000.0,MW,Tamil Nadu,No registered industrial site nearby,False,,False,0.0,0.25,0.2,0.0,0.27163461538461536,0.1432,0.1432,0.0377,0.3197,0.138,0.138,0.1293,Low,insufficient_evidence,Insufficient evidence,,"[{""key"": ""physics"", ""label"": ""Combustion temperature"", ""value"": 0.25, ""weight"": 0.25, ""contribution"": 0.0625, ""detail"": ""temperature retrieval unavailable""}, {""key"": ""intensity"", ""label"": ""Thermal intensity"", ""value"": 0.272, ""weight"": 0.15, ""contribution"": 0.0407, ""detail"": ""FRP 1.5 MW, 27th percentile""}, {""key"": ""persistence"", ""label"": ""Repeat detections"", ""value"": 0.2, ""weight"": 0.2, ""contribution"": 0.04, ""detail"": ""seen on 1 separate days""}, {""key"": ""corroboration"", ""label"": ""Registry corroboration"", ""value"": 0.0, ""weight"": 0.3, ""contribution"": 0.0, ""detail"": ""0 of 3 registries place infrastructure within 3 km""}, {""key"": ""nocturnal"", ""label"": ""Burns at night"", ""value"": 0.0, ""weight"": 0.1, ""contribution"": 0.0, ""detail"": ""0% of detections at night""}]",3.0,C45
b95a619b4f4c,8.66189,78.04949,2026-09-22,816,D,N20,VIIRS,VIIRS_NOAA20_NRT,n,0.39,0.36,8.66,78.05,4.96,348.41,300.71,,,801.9,0.0014921657398907255,209.5,140400.0,mixed,False,False,ok,2.46,scene,1.2774446202208243,0.4258148734069414,0.7852564102564102,1,1,0.0,0.2,,0.0,0.2,0.0,False,False,False,1.0,5.0,15.646,480.29,15.646,15.819,,0,0,0,0,osm|wri|gem,,0,0.0,F02837,Kombukaranatham,power_plant,8.768,77.956,wri,1,operating,5.0,MW,,No registered industrial site nearby,False,,False,0.0,0.0027,0.2,0.0,0.7852564102564102,0.1585,0.1585,0.0291,0.7188,0.2037,0.2037,0.3166,Low,insufficient_evidence,Insufficient evidence,,"[{""key"": ""intensity"", ""label"": ""Thermal intensity"", ""value"": 0.785, ""weight"": 0.15, ""contribution"": 0.1178, ""detail"": ""FRP 5.0 MW, 79th percentile""}, {""key"": ""persistence"", ""label"": ""Repeat detections"", ""value"": 0.2, ""weight"": 0.2, ""contribution"": 0.04, ""detail"": ""seen on 1 separate days""}, {""key"": ""physics"", ""label"": ""Combustion temperature"", ""value"": 0.003, ""weight"": 0.25, ""contribution"": 0.0007, ""detail"": ""retrieved 802 K (mixed)""}, {""key"": ""corroboration"", ""label"": ""Registry corroboration"", ""value"": 0.0, ""weight"": 0.3, ""contribution"": 0.0, ""detail"": ""0 of 3 registries place infrastructure within 3 km""}, {""key"": ""nocturnal"", ""label"": ""Burns at night"", ""value"": 0.0, ""weight"": 0.1, ""contribution"": 0.0, ""detail"": ""0% of detections at night""}]",3.0,
7252eda99de9,8.67101,77.99467,2026-09-22,2032,N,N,VIIRS,VIIRS_SNPP_NRT,n,0.38,0.36,8.67,77.99,0.38,304.96,286.8,,,,,,136800.0,unknown,False,False,weak_11um,2.46,scene,-1.062833924023726,0.0,0.00641025641025641,1,1,1.0,0.2,,0.0,0.2,1.0,False,False,False,1.0,5.0,11.592,481.866,11.592,19.317,,0,0,0,0,osm|wri|gem,,0,0.0,F02837,Kombukaranatham,power_plant,8.768,77.956,wri,1,operating,5.0,MW,,No registered industrial site nearby,False,,False,0.0,0.25,0.2,1.0,0.00641025641025641,0.2035,0.2035,0.1233,0.3301,0.1984,0.1984,0.1299,Low,insufficient_evidence,Insufficient evidence,,"[{""key"": ""nocturnal"", ""label"": ""Burns at night"", ""value"": 1.0, ""weight"": 0.1, ""contribution"": 0.1, ""detail"": ""100% of detections at night""}, {""key"": ""physics"", ""label"": ""Combustion temperature"", ""value"": 0.25, ""weight"": 0.25, ""contribution"": 0.0625, ""detail"": ""temperature retrieval unavailable""}, {""key"": ""persistence"", ""label"": ""Repeat detections"", ""value"": 0.2, ""weight"": 0.2, ""contribution"": 0.04, ""detail"": ""seen on 1 separate days""}, {""key"": ""intensity"", ""label"": ""Thermal intensity"", ""value"": 0.006, ""weight"": 0.15, ""contribution"": 0.001, ""detail"": ""FRP 0.4 MW, 1th percentile""}, {""key"": ""corroboration"", ""label"": ""Registry corroboration"", ""value"": 0.0, ""weight"": 0.3, ""contribution"": 0.0, ""detail"": ""0 of 3 registries place infrastructure within 3 km""}]",3.0,
3668d9f64ad9,8.67295,77.47455,2026-09-22,720,D,N21,VIIRS,VIIRS_NOAA21_NRT,n,0.65,0.73,8.67,77.47,14.12,337.27,286.31,,,,,,474500.0,unknown,False,False,weak_11um,2.46,scene,5.958001708709925,1.0,0.9791666666666666,1,1,0.0,0.2,,0.0,0.2,0.0,False,False,False,1.0,5.0,12.848,508.319,12.848,55.88,,0,0,0,0,osm|wri|gem,,0,0.0,F03064,PAPANASAM,power_plant,8.7065,77.3627,wri,1,operating,32.0,MW,,No registered industrial site nearby,False,,False,0.0,0.25,0.2,0.0,0.9791666666666666,0.2494,0.2494,0.1462,0.8285,0.3053,0.3053,0.5253,Moderate,insufficient_evidence,Insufficient evidence,,"[{""key"": ""intensity"", ""label"": ""Thermal intensity"", ""value"": 0.979, ""weight"": 0.15, ""contribution"": 0.1469, ""detail"": ""FRP 14.1 MW, 98th percentile""}, {""key"": ""physics"", ""label"": ""Combustion temperature"", ""value"": 0.25, ""weight"": 0.25, ""contribution"": 0.0625, ""detail"": ""temperature retrieval unavailable""}, {""key"": ""persistence"", ""label"": ""Repeat detections"", ""value"": 0.2, ""weight"": 0.2, ""contribution"": 0.04, ""detail"": ""seen on 1 separate days""}, {""key"": ""corroboration"", ""label"": ""Registry corroboration"", ""value"": 0.0, ""weight"": 0.3, ""contribution"": 0.0, ""detail"": ""0 of 3 registries place infrastructure within 3 km""}, {""key"": ""nocturnal"", ""label"": ""Burns at night"", ""value"": 0.0, ""weight"": 0.1, ""contribution"": 0.0, ""detail"": ""0% of detections at night""}]",3.0,C46
743087790b0d,8.67719,77.4745,2026-09-22,756,D,N,VIIRS,VIIRS_SNPP_NRT,n,0.49,0.48,8.68,77.47,2.92,331.29,291.27,,,738.6,0.001196712199114551,281.5,235200.0,biomass_like,False,False,ok,2.46,scene,0.23504981012063164,0.07834993670687722,0.5777243589743589,1,1,0.0,0.2,,0.0,0.2,0.0,False,False,False,1.0,5.0,12.714,507.916,12.714,56.095,,0,0,0,0,osm|wri|gem,,0,0.0,F03064,PAPANASAM,power_plant,8.7065,77.3627,wri,1,operating,32.0,MW,,No registered industrial site nearby,False,,False,0.0,0.0,0.2,0.0,0.5777243589743589,0.1267,0.1267,0.0,0.5296,0.1491,0.1491,0.1845,Low,insufficient_evidence,Insufficient evidence,,"[{""key"": ""intensity"", ""label"": ""Thermal intensity"", ""value"": 0.578, ""weight"": 0.15, ""contribution"": 0.0867, ""detail"": ""FRP 2.9 MW, 58th percentile""}, {""key"": ""persistence"", ""label"": ""Repeat detections"", ""value"": 0.2, ""weight"": 0.2, ""contribution"": 0.04, ""detail"": ""seen on 1 separate days""}, {""key"": ""corroboration"", ""label"": ""Registry corroboration"", ""value"": 0.0, ""weight"": 0.3, ""contribution"": 0.0, ""detail"": ""0 of 3 registries place infrastructure within 3 km""}, {""key"": ""physics"", ""label"": ""Combustion temperature"", ""value"": 0.0, ""weight"": 0.25, ""contribution"": 0.0, ""detail"": ""retrieved 739 K (biomass like)""}, {""key"": ""nocturnal"", ""label"": ""Burns at night"", ""value"": 0.0, ""weight"": 0.1, ""contribution"": 0.0, ""detail"": ""0% of detections at night""}]",3.0,C46
e65a5ee6fc48,8.8344,78.08942,2026-09-22,816,D,N20,VIIRS,VIIRS_NOAA20_NRT,n,0.39,0.36,8.83,78.09,7.17,341.74,305.79,,,499.5,0.020732339288687566,2910.8,140400.0,smouldering,False,False,ok,2.46,scene,2.406705664496033,0.8022352214986777,0.8894230769230769,1,1,0.0,0.2,,0.0,0.2,0.0,False,False,False,1.0,5.0,1.938,461.008,6.574,1.938,,0,0,2,0,osm|wri|gem,gem,1,0.2,F03749,Tuticorin Smelter power station,power_plant,8.816981,78.0899754,gem,1,retired,160.0,MW,Tamil Nadu,Within the site's immediate surroundings,False,,False,0.2,0.0,0.2,0.0,0.8894230769230769,0.2334,0.2334,0.0291,0.7524,0.25,0.25,0.442,Moderate,insufficient_evidence,Insufficient evidence,,"[{""key"": ""intensity"", ""label"": ""Thermal intensity"", ""value"": 0.889, ""weight"": 0.15, ""contribution"": 0.1334, ""detail"": ""FRP 7.2 MW, 89th percentile""}, {""key"": ""corroboration"", ""label"": ""Registry corroboration"", ""value"": 0.2, ""weight"": 0.3, ""contribution"": 0.06, ""detail"": ""1 of 3 registries place infrastructure within 3 km""}, {""key"": ""persistence"", ""label"": ""Repeat detections"", ""value"": 0.2, ""weight"": 0.2, ""contribution"": 0.04, ""detail"": ""seen on 1 separate days""}, {""key"": ""physics"", ""label"": ""Combustion temperature"", ""value"": 0.0, ""weight"": 0.25, ""contribution"": 0.0, ""detail"": ""retrieved 500 K (smouldering)""}, {""key"": ""nocturnal"", ""label"": ""Burns at night"", ""value"": 0.0, ""weight"": 0.1, ""contribution"": 0.0, ""detail"": ""0% of detections at night""}]",3.0,
4ebc662cd4a1,8.84474,77.86256,2026-09-22,328,D,Terra,MODIS,MODIS_NRT,73,1.04,1.02,8.84,77.86,6.7,,,321.25,299.2,,,,1060800.0,unknown,False,False,weak_11um,2.46,scene,2.166546075894518,0.7221820252981727,0.8677884615384616,1,1,0.0,0.2,,0.0,0.2,0.0,False,False,False,1.0,5.0,13.351,470.914,13.351,13.662,,0,0,0,0,osm|wri|gem,,0,0.0,F02837,Kombukaranatham,power_plant,8.768,77.956,wri,1,operating,5.0,MW,,No registered industrial site nearby,False,,False,0.0,0.25,0.2,0.0,0.8677884615384616,0.2327,0.2327,0.0091,0.3309,0.1804,0.1804,0.3885,Moderate,insufficient_evidence,Insufficient evidence,,"[{""key"": ""intensity"", ""label"": ""Thermal intensity"", ""value"": 0.868, ""weight"": 0.15, ""contribution"": 0.1302, ""detail"": ""FRP 6.7 MW, 87th percentile""}, {""key"": ""physics"", ""label"": ""Combustion temperature"", ""value"": 0.25, ""weight"": 0.25, ""contribution"": 0.0625, ""detail"": ""temperature retrieval unavailable""}, {""key"": ""persistence"", ""label"": ""Repeat detections"", ""value"": 0.2, ""weight"": 0.2, ""contribution"": 0.04, ""detail"": ""seen on 1 separate days""}, {""key"": ""corroboration"", ""label"": ""Registry corroboration"", ""value"": 0.0, ""weight"": 0.3, ""contribution"": 0.0, ""detail"": ""0 of 3 registries place infrastructure within 3 km""}, {""key"": ""nocturnal"", ""label"": ""Burns at night"", ""value"": 0.0, ""weight"": 0.1, ""contribution"": 0.0, ""detail"": ""0% of detections at night""}]",3.0,
93eb2459a67b,8.91272,77.51103,2026-09-22,816,D,N20,VIIRS,VIIRS_NOAA20_NRT,n,0.38,0.36,8.91,77.51,1.83,335.5,300.37,,,707.6,0.001569867674228941,214.8,136800.0,biomass_like,False,False,ok,2.46,scene,-0.3219160442956477,0.0,0.3685897435897436,1,1,0.0,0.2,,0.0,0.2,0.0,False,False,False,1.0,5.0,8.469,483.441,8.469,52.442,,0,0,0,0,osm|wri|gem,,0,0.0,F03425,Wind power project by Riddhi Siddhi Gluco Biols Limited (RSGBL),power_plant,8.8709,77.4466,wri,1,operating,34.65,MW,,Near industrial activity,False,,False,0.0,0.0,0.2,0.0,0.3685897435897436,0.0953,0.0953,0.0,0.5288,0.1317,0.1317,0.1361,Low,insufficient_evidence,Insufficient evidence,,"[{""key"": ""intensity"", ""label"": ""Thermal intensity"", ""value"": 0.369, ""weight"": 0.15, ""contribution"": 0.0553, ""detail"": ""FRP 1.8 MW, 37th percentile""}, {""key"": ""persistence"", ""label"": ""Repeat detections"", ""value"": 0.2, ""weight"": 0.2, ""contribution"": 0.04, ""detail"": ""seen on 1 separate days""}, {""key"": ""corroboration"", ""label"": ""Registry corroboration"", ""value"": 0.0, ""weight"": 0.3, ""contribution"": 0.0, ""detail"": ""0 of 3 registries place infrastructure within 3 km""}, {""key"": ""physics"", ""label"": ""Combustion temperature"", ""value"": 0.0, ""weight"": 0.25, ""contribution"": 0.0, ""detail"": ""retrieved 708 K (biomass like)""}, {""key"": ""nocturnal"", ""label"": ""Burns at night"", ""value"": 0.0, ""weight"": 0.1, ""contribution"": 0.0, ""detail"": ""0% of detections at night""}]",3.0,C47
7f27b8dd5b29,8.9238,77.49513,2026-09-22,816,D,N20,VIIRS,VIIRS_NOAA20_NRT,n,0.38,0.36,8.92,77.5,2.81,340.64,301.0,,,464.9,0.03950117984680791,5403.8,136800.0,smouldering,False,False,ok,2.46,scene,0.17884224683091543,0.05961408227697181,0.5625,1,1,0.0,0.2,,0.0,0.2,0.0,False,False,False,1.0,5.0,7.939,483.32,7.939,54.32,,0,0,0,0,osm|wri|gem,,0,0.0,F03425,Wind power project by Riddhi Siddhi Gluco Biols Limited (RSGBL),power_plant,8.8709,77.4466,wri,1,operating,34.65,MW,,Near industrial activity,False,,False,0.0,0.0,0.2,0.0,0.5625,0.1244,0.1244,0.0291,0.5505,0.1597,0.1597,0.183,Low,insufficient_evidence,Insufficient evidence,,"[{""key"": ""intensity"", ""label"": ""Thermal intensity"", ""value"": 0.562, ""weight"": 0.15, ""contribution"": 0.0844, ""detail"": ""FRP 2.8 MW, 56th percentile""}, {""key"": ""persistence"", ""label"": ""Repeat detections"", ""value"": 0.2, ""weight"": 0.2, ""contribution"": 0.04, ""detail"": ""seen on 1 separate days""}, {""key"": ""corroboration"", ""label"": ""Registry corroboration"", ""value"": 0.0, ""weight"": 0.3, ""contribution"": 0.0, ""detail"": ""0 of 3 registries place infrastructure within 3 km""}, {""key"": ""physics"", ""label"": ""Combustion temperature"", ""value"": 0.0, ""weight"": 0.25, ""contribution"": 0.0, ""detail"": ""retrieved 465 K (smouldering)""}, {""key"": ""nocturnal"", ""label"": ""Burns at night"", ""value"": 0.0, ""weight"": 0.1, ""contribution"": 0.0, ""detail"": ""0% of detections at night""}]",3.0,C47
f6f451619597,9.0019,77.67091,2026-09-22,816,D,N20,VIIRS,VIIRS_NOAA20_NRT,n,0.38,0.36,9.0,77.67,2.41,336.8,304.05,,,507.0,0.014584088441431444,1995.1,136800.0,biomass_like,False,False,ok,2.46,scene,-0.025548892404416393,0.0,0.484775641025641,1,1,0.0,0.2,,0.0,0.2,0.0,False,False,False,1.0,5.0,9.586,465.853,9.586,37.9,,0,0,0,0,osm|wri|gem,,0,0.0,F03326,TVS Tirunelveli Wind Farm,power_plant,8.9165,77.659,wri,1,operating,14.4,MW,,Near industrial activity,False,,False,0.0,0.0,0.2,0.0,0.484775641025641,0.1127,0.1127,0.0091,0.2869,0.1078,0.1078,0.137,Low,insufficient_evidence,Insufficient evidence,,"[{""key"": ""intensity"", ""label"": ""Thermal intensity"", ""value"": 0.485, ""weight"": 0.15, ""contribution"": 0.0727, ""detail"": ""FRP 2.4 MW, 48th percentile""}, {""key"": ""persistence"", ""label"": ""Repeat detections"", ""value"": 0.2, ""weight"": 0.2, ""contribution"": 0.04, ""detail"": ""seen on 1 separate days""}, {""key"": ""corroboration"", ""label"": ""Registry corroboration"", ""value"": 0.0, ""weight"": 0.3, ""contribution"": 0.0, ""detail"": ""0 of 3 registries place infrastructure within 3 km""}, {""key"": ""physics"", ""label"": ""Combustion temperature"", ""value"": 0.0, ""weight"": 0.25, ""contribution"": 0.0, ""detail"": ""retrieved 507 K (biomass like)""}, {""key"": ""nocturnal"", ""label"": ""Burns at night"", ""value"": 0.0, ""weight"": 0.1, ""contribution"": 0.0, ""detail"": ""0% of detections at night""}]",3.0,
4e5eaa819aa7,9.12537,77.64301,2026-09-22,756,D,N,VIIRS,VIIRS_SNPP_NRT,n,0.47,0.48,9.13,77.64,3.18,335.21,299.01,,,,,,225600.0,unknown,False,False,weak_11um,2.46,scene,0.3679040506235975,0.12263468354119916,0.5993589743589743,1,1,0.0,0.2,,0.0,0.2,0.0,False,False,False,1.0,5.0,0.35,455.707,0.35,47.667,,0,1,0,0,osm|wri|gem,wri,1,0.3333,F02573,Frost International Palankottai Wind Farm,power_plant,9.1269,77.6458,wri,1,operating,4.25,MW,,On a registered industrial site,False,,False,0.3333,0.25,0.2,0.0,0.5993589743589743,0.2924,0.2924,0.0,0.8502,0.2884,0.2884,0.2604,Low,insufficient_evidence,Insufficient evidence,,"[{""key"": ""corroboration"", ""label"": ""Registry corroboration"", ""value"": 0.333, ""weight"": 0.3, ""contribution"": 0.1, ""detail"": ""1 of 3 registries place infrastructure within 3 km""}, {""key"": ""intensity"", ""label"": ""Thermal intensity"", ""value"": 0.599, ""weight"": 0.15, ""contribution"": 0.0899, ""detail"": ""FRP 3.2 MW, 60th percentile""}, {""key"": ""physics"", ""label"": ""Combustion temperature"", ""value"": 0.25, ""weight"": 0.25, ""contribution"": 0.0625, ""detail"": ""temperature retrieval unavailable""}, {""key"": ""persistence"", ""label"": ""Repeat detections"", ""value"": 0.2, ""weight"": 0.2, ""contribution"": 0.04, ""detail"": ""seen on 1 separate days""}, {""key"": ""nocturnal"", ""label"": ""Burns at night"", ""value"": 0.0, ""weight"": 0.1, ""contribution"": 0.0, ""detail"": ""0% of detections at night""}]",3.0,
8bac51c28a4e,9.26447,77.48221,2026-09-22,1955,N,N21,VIIRS,VIIRS_NOAA21_NRT,n,0.48,0.48,9.26,77.48,1.68,307.25,266.74,,,,,,230400.0,unknown,False,False,weak_11um,2.46,scene,-0.3985627215088972,0.0,0.33653846153846156,1,1,1.0,0.2,,0.0,0.2,1.0,False,False,False,1.0,5.0,21.226,451.792,21.226,71.108,,0,0,0,0,osm|wri|gem,,0,0.0,F03049,NuPower Tirunelveli Wind Farm,power_plant,9.0737,77.4753,wri,1,operating,150.0,MW,,No registered industrial site nearby,False,,False,0.0,0.25,0.2,1.0,0.33653846153846156,0.253,0.253,0.21,0.2444,0.2388,0.2388,0.1811,Low,insufficient_evidence,Insufficient evidence,,"[{""key"": ""nocturnal"", ""label"": ""Burns at night"", ""value"": 1.0, ""weight"": 0.1, ""contribution"": 0.1, ""detail"": ""100% of detections at night""}, {""key"": ""physics"", ""label"": ""Combustion temperature"", ""value"": 0.25, ""weight"": 0.25, ""contribution"": 0.0625, ""detail"": ""temperature retrieval unavailable""}, {""key"": ""intensity"", ""label"": ""Thermal intensity"", ""value"": 0.337, ""weight"": 0.15, ""contribution"": 0.0505, ""detail"": ""FRP 1.7 MW, 34th percentile""}, {""key"": ""persistence"", ""label"": ""Repeat detections"", ""value"": 0.2, ""weight"": 0.2, ""contribution"": 0.04, ""detail"": ""seen on 1 separate days""}, {""key"": ""corroboration"", ""label"": ""Registry corroboration"", ""value"": 0.0, ""weight"": 0.3, ""contribution"": 0.0, ""detail"": ""0 of 3 registries place infrastructure within 3 km""}]",3.0,
70180f54e198,9.41835,78.65449,2026-09-22,756,D,N,VIIRS,VIIRS_SNPP_NRT,n,0.4,0.44,9.42,78.65,2.66,342.61,293.57,,,,,,176000.0,unknown,False,False,weak_11um,2.46,scene,0.10219556961766603,0.03406518987255534,0.5352564102564102,1,1,0.0,0.2,,0.0,0.2,0.0,False,False,False,1.0,5.0,9.462,377.237,9.466,26.916,,0,0,0,0,osm|wri|gem,,0,0.0,F03010,NLC Ramanathapuram,power_plant,9.449466666666666,78.5742,wri,1,operating,110.0,MW,,Near industrial activity,False,,False,0.0,0.25,0.2,0.0,0.5352564102564102,0.1828,0.1828,0.0,0.1178,0.1182,0.1182,0.1552,Low,insufficient_evidence,Insufficient evidence,,"[{""key"": ""intensity"", ""label"": ""Thermal intensity"", ""value"": 0.535, ""weight"": 0.15, ""contribution"": 0.0803, ""detail"": ""FRP 2.7 MW, 54th percentile""}, {""key"": ""physics"", ""label"": ""Combustion temperature"", ""value"": 0.25, ""weight"": 0.25, ""contribution"": 0.0625, ""detail"": ""temperature retrieval unavailable""}, {""key"": ""persistence"", ""label"": ""Repeat detections"", ""value"": 0.2, ""weight"": 0.2, ""contribution"": 0.04, ""detail"": ""seen on 1 separate days""}, {""key"": ""corroboration"", ""label"": ""Registry corroboration"", ""value"": 0.0, ""weight"": 0.3, ""contribution"": 0.0, ""detail"": ""0 of 3 registries place infrastructure within 3 km""}, {""key"": ""nocturnal"", ""label"": ""Burns at night"", ""value"": 0.0, ""weight"": 0.1, ""contribution"": 0.0, ""detail"": ""0% of detections at night""}]",3.0,
6c46d7e962f2,9.57274,78.57926,2026-09-22,756,D,N,VIIRS,VIIRS_SNPP_NRT,n,0.4,0.44,9.57,78.58,2.85,338.7,295.12,,,,,,176000.0,unknown,False,False,weak_11um,2.46,scene,0.19928136075444866,0.06642712025148288,0.5689102564102564,1,1,0.0,0.2,,0.0,0.2,0.0,False,False,False,1.0,5.0,13.719,364.25,13.287,36.256,,0,0,0,0,osm|wri|gem,,0,0.0,F03010,NLC Ramanathapuram,power_plant,9.449466666666666,78.5742,wri,1,operating,110.0,MW,,No registered industrial site nearby,False,,False,0.0,0.25,0.2,0.0,0.5689102564102564,0.1878,0.1878,0.0,0.0553,0.1116,0.1116,0.1637,Low,insufficient_evidence,Insufficient evidence,,"[{""key"": ""intensity"", ""label"": ""Thermal intensity"", ""value"": 0.569, ""weight"": 0.15, ""contribution"": 0.0853, ""detail"": ""FRP 2.9 MW, 57th percentile""}, {""key"": ""physics"", ""label"": ""Combustion temperature"", ""value"": 0.25, ""weight"": 0.25, ""contribution"": 0.0625, ""detail"": ""temperature retrieval unavailable""}, {""key"": ""persistence"", ""label"": ""Repeat detections"", ""value"": 0.2, ""weight"": 0.2, ""contribution"": 0.04, ""detail"": ""seen on 1 separate days""}, {""key"": ""corroboration"", ""label"": ""Registry corroboration"", ""value"": 0.0, ""weight"": 0.3, ""contribution"": 0.0, ""detail"": ""0 of 3 registries place infrastructure within 3 km""}, {""key"": ""nocturnal"", ""label"": ""Burns at night"", ""value"": 0.0, ""weight"": 0.1, ""contribution"": 0.0, ""detail"": ""0% of detections at night""}]",3.0,
04fc10d841d9,9.64433,77.74282,2026-09-22,816,D,N20,VIIRS,VIIRS_NOAA20_NRT,n,0.39,0.36,9.64,77.74,1.71,340.2,302.66,,,599.0,0.005270191920716064,739.9,140400.0,biomass_like,False,False,ok,2.46,scene,-0.3832333860662473,0.0,0.3453525641025641,1,1,0.0,0.2,,0.0,0.2,0.0,False,False,False,1.0,5.0,11.859,400.849,11.859,87.289,,0,0,0,0,osm|wri|gem,,0,0.0,F02966,Moolippatti,power_plant,9.644,77.851,wri,1,operating,40.0,MW,,No registered industrial site nearby,False,,False,0.0,0.0,0.2,0.0,0.3453525641025641,0.0918,0.0918,0.0286,0.3878,0.1172,0.1172,0.1273,Low,insufficient_evidence,Insufficient evidence,,"[{""key"": ""intensity"", ""label"": ""Thermal intensity"", ""value"": 0.345, ""weight"": 0.15, ""contribution"": 0.0518, ""detail"": ""FRP 1.7 MW, 35th percentile""}, {""key"": ""persistence"", ""label"": ""Repeat detections"", ""value"": 0.2, ""weight"": 0.2, ""contribution"": 0.04, ""detail"": ""seen on 1 separate days""}, {""key"": ""corroboration"", ""label"": ""Registry corroboration"", ""value"": 0.0, ""weight"": 0.3, ""contribution"": 0.0, ""detail"": ""0 of 3 registries place infrastructure within 3 km""}, {""key"": ""physics"", ""label"": ""Combustion temperature"", ""value"": 0.0, ""weight"": 0.25, ""contribution"": 0.0, ""detail"": ""retrieved 599 K (biomass like)""}, {""key"": ""nocturnal"", ""label"": ""Burns at night"", ""value"": 0.0, ""weight"": 0.1, ""contribution"": 0.0, ""detail"": ""0% of detections at night""}]",3.0,C48
abc2dac947a6,9.64763,77.74231,2026-09-22,816,D,N20,VIIRS,VIIRS_NOAA20_NRT,n,0.39,0.36,9.65,77.74,1.71,336.31,299.81,,,,,,140400.0,unknown,False,False,weak_11um,2.46,scene,-0.3832333860662473,0.0,0.3453525641025641,1,1,0.0,0.2,,0.0,0.2,0.0,False,False,False,1.0,5.0,11.922,400.564,11.922,87.584,,0,0,0,0,osm|wri|gem,,0,0.0,F02966,Moolippatti,power_plant,9.644,77.851,wri,1,operating,40.0,MW,,No registered industrial site nearby,False,,False,0.0,0.25,0.2,0.0,0.3453525641025641,0.1543,0.1543,0.02,0.2364,0.1263,0.1263,0.1314,Low,insufficient_evidence,Insufficient evidence,,"[{""key"": ""physics"", ""label"": ""Combustion temperature"", ""value"": 0.25, ""weight"": 0.25, ""contribution"": 0.0625, ""detail"": ""temperature retrieval unavailable""}, {""key"": ""intensity"", ""label"": ""Thermal intensity"", ""value"": 0.345, ""weight"": 0.15, ""contribution"": 0.0518, ""detail"": ""FRP 1.7 MW, 35th percentile""}, {""key"": ""persistence"", ""label"": ""Repeat detections"", ""value"": 0.2, ""weight"": 0.2, ""contribution"": 0.04, ""detail"": ""seen on 1 separate days""}, {""key"": ""corroboration"", ""label"": ""Registry corroboration"", ""value"": 0.0, ""weight"": 0.3, ""contribution"": 0.0, ""detail"": ""0 of 3 registries place infrastructure within 3 km""}, {""key"": ""nocturnal"", ""label"": ""Burns at night"", ""value"": 0.0, ""weight"": 0.1, ""contribution"": 0.0, ""detail"": ""0% of detections at night""}]",3.0,C48
0aa4ddda469e,9.86792,77.45,2026-09-22,816,D,N20,VIIRS,VIIRS_NOAA20_NRT,n,0.38,0.36,9.87,77.45,3.74,336.33,298.06,,,,,,136800.0,unknown,False,False,weak_11um,2.46,scene,0.6540516455530622,0.21801721518435405,0.6714743589743589,1,1,0.0,0.2,,0.0,0.2,0.0,False,False,False,1.0,5.0,7.954,398.211,7.954,118.819,,0,0,0,0,osm|wri|gem,,0,0.0,F03436,iEnergy Theni Wind Farm,power_plant,9.9344,77.4768,wri,1,operating,16.5,MW,,Near industrial activity,False,,False,0.0,0.25,0.2,0.0,0.6714743589743589,0.2032,0.2032,0.0091,0.2628,0.1539,0.1539,0.2309,Low,insufficient_evidence,Insufficient evidence,,"[{""key"": ""intensity"", ""label"": ""Thermal intensity"", ""value"": 0.671, ""weight"": 0.15, ""contribution"": 0.1007, ""detail"": ""FRP 3.7 MW, 67th percentile""}, {""key"": ""physics"", ""label"": ""Combustion temperature"", ""value"": 0.25, ""weight"": 0.25, ""contribution"": 0.0625, ""detail"": ""temperature retrieval unavailable""}, {""key"": ""persistence"", ""label"": ""Repeat detections"", ""value"": 0.2, ""weight"": 0.2, ""contribution"": 0.04, ""detail"": ""seen on 1 separate days""}, {""key"": ""corroboration"", ""label"": ""Registry corroboration"", ""value"": 0.0, ""weight"": 0.3, ""contribution"": 0.0, ""detail"": ""0 of 3 registries place infrastructure within 3 km""}, {""key"": ""nocturnal"", ""label"": ""Burns at night"", ""value"": 0.0, ""weight"": 0.1, ""contribution"": 0.0, ""detail"": ""0% of detections at night""}]",3.0,
7ac261e96fd2,10.12011,78.72713,2026-09-22,816,D,N20,VIIRS,VIIRS_NOAA20_NRT,n,0.4,0.37,10.12,78.73,2.46,331.96,293.63,,,,,,148000.0,unknown,False,False,weak_11um,2.46,scene,0.0,0.0,0.5,1,1,0.0,0.2,,0.0,0.2,0.0,False,False,False,1.0,5.0,46.508,301.922,46.508,62.987,,0,0,0,0,osm|wri|gem,,0,0.0,F03290,Sivaganga Solar Power Plant,power_plant,9.8043,78.4487,wri,1,operating,5.0,MW,,No registered industrial site nearby,False,,False,0.0,0.25,0.2,0.0,0.5,0.1775,0.1775,0.0,0.2115,0.1294,0.1294,0.1482,Low,insufficient_evidence,Insufficient evidence,,"[{""key"": ""intensity"", ""label"": ""Thermal intensity"", ""value"": 0.5, ""weight"": 0.15, ""contribution"": 0.075, ""detail"": ""FRP 2.5 MW, 50th percentile""}, {""key"": ""physics"", ""label"": ""Combustion temperature"", ""value"": 0.25, ""weight"": 0.25, ""contribution"": 0.0625, ""detail"": ""temperature retrieval unavailable""}, {""key"": ""persistence"", ""label"": ""Repeat detections"", ""value"": 0.2, ""weight"": 0.2, ""contribution"": 0.04, ""detail"": ""seen on 1 separate days""}, {""key"": ""corroboration"", ""label"": ""Registry corroboration"", ""value"": 0.0, ""weight"": 0.3, ""contribution"": 0.0, ""detail"": ""0 of 3 registries place infrastructure within 3 km""}, {""key"": ""nocturnal"", ""label"": ""Burns at night"", ""value"": 0.0, ""weight"": 0.1, ""contribution"": 0.0, ""detail"": ""0% of detections at night""}]",3.0,
ddf955e38c50,10.84744,77.61841,2026-09-22,816,D,N20,VIIRS,VIIRS_NOAA20_NRT,n,0.39,0.36,10.85,77.62,3.13,334.59,297.67,,,629.6,0.0031593093652840724,443.6,140400.0,biomass_like,False,False,ok,2.46,scene,0.3423551582191809,0.1141183860730603,0.5913461538461539,1,1,0.0,0.2,,0.0,0.2,0.0,False,False,False,1.0,5.0,11.636,304.337,11.636,47.108,,0,0,0,0,osm|wri|gem,,0,0.0,F03371,UPL Dharapuram Wind Farm,power_plant,10.838,77.5123,wri,1,operating,1.7,MW,,No registered industrial site nearby,False,,False,0.0,0.0,0.2,0.0,0.5913461538461539,0.1287,0.1287,0.0,0.3397,0.1217,0.1217,0.1824,Low,insufficient_evidence,Insufficient evidence,,"[{""key"": ""intensity"", ""label"": ""Thermal intensity"", ""value"": 0.591, ""weight"": 0.15, ""contribution"": 0.0887, ""detail"": ""FRP 3.1 MW, 59th percentile""}, {""key"": ""persistence"", ""label"": ""Repeat detections"", ""value"": 0.2, ""weight"": 0.2, ""contribution"": 0.04, ""detail"": ""seen on 1 separate days""}, {""key"": ""corroboration"", ""label"": ""Registry corroboration"", ""value"": 0.0, ""weight"": 0.3, ""contribution"": 0.0, ""detail"": ""0 of 3 registries place infrastructure within 3 km""}, {""key"": ""physics"", ""label"": ""Combustion temperature"", ""value"": 0.0, ""weight"": 0.25, ""contribution"": 0.0, ""detail"": ""retrieved 630 K (biomass like)""}, {""key"": ""nocturnal"", ""label"": ""Burns at night"", ""value"": 0.0, ""weight"": 0.1, ""contribution"": 0.0, ""detail"": ""0% of detections at night""}]",3.0,
af84bbe1f193,10.96626,77.76252,2026-09-22,756,D,N,VIIRS,VIIRS_SNPP_NRT,n,0.43,0.46,10.97,77.76,2.89,333.77,294.84,,,,,,197800.0,unknown,False,False,weak_11um,2.46,scene,0.21972047467798186,0.07324015822599396,0.5721153846153846,1,1,0.0,0.2,,0.0,0.2,0.0,False,False,False,1.0,5.0,1.692,283.83,1.692,27.223,,0,1,0,0,osm|wri|gem,wri,1,0.2,F02965,Monjanur,power_plant,10.967,77.778,wri,1,operating,15.0,MW,,Within the site's immediate surroundings,False,,False,0.2,0.25,0.2,0.0,0.5721153846153846,0.2483,0.2483,0.0,0.7244,0.2452,0.2452,0.2259,Low,insufficient_evidence,Insufficient evidence,,"[{""key"": ""intensity"", ""label"": ""Thermal intensity"", ""value"": 0.572, ""weight"": 0.15, ""contribution"": 0.0858, ""detail"": ""FRP 2.9 MW, 57th percentile""}, {""key"": ""physics"", ""label"": ""Combustion temperature"", ""value"": 0.25, ""weight"": 0.25, ""contribution"": 0.0625, ""detail"": ""temperature retrieval unavailable""}, {""key"": ""corroboration"", ""label"": ""Registry corroboration"", ""value"": 0.2, ""weight"": 0.3, ""contribution"": 0.06, ""detail"": ""1 of 3 registries place infrastructure within 3 km""}, {""key"": ""persistence"", ""label"": ""Repeat detections"", ""value"": 0.2, ""weight"": 0.2, ""contribution"": 0.04, ""detail"": ""seen on 1 separate days""}, {""key"": ""nocturnal"", ""label"": ""Burns at night"", ""value"": 0.0, ""weight"": 0.1, ""contribution"": 0.0, ""detail"": ""0% of detections at night""}]",3.0,
449f400ba55a,11.0276,77.41729,2026-09-22,816,D,N20,VIIRS,VIIRS_NOAA20_NRT,n,0.39,0.36,11.03,77.42,5.29,345.32,295.19,,,,,,140400.0,unknown,False,False,weak_11um,2.46,scene,1.446067310089973,0.4820224366966577,0.8076923076923077,1,1,0.0,0.2,,0.0,0.2,0.0,False,False,False,1.0,5.0,11.843,307.914,11.843,63.2,,0,0,0,0,osm|wri|gem,,0,0.0,F03248,Sai Sulphonates Wind Mill,power_plant,10.9262,77.3841,wri,1,operating,1.5,MW,,No registered industrial site nearby,False,,False,0.0,0.25,0.2,0.0,0.8076923076923077,0.2237,0.2237,0.0291,0.2748,0.173,0.173,0.3191,Low,insufficient_evidence,Insufficient evidence,,"[{""key"": ""intensity"", ""label"": ""Thermal intensity"", ""value"": 0.808, ""weight"": 0.15, ""contribution"": 0.1212, ""detail"": ""FRP 5.3 MW, 81th percentile""}, {""key"": ""physics"", ""label"": ""Combustion temperature"", ""value"": 0.25, ""weight"": 0.25, ""contribution"": 0.0625, ""detail"": ""temperature retrieval unavailable""}, {""key"": ""persistence"", ""label"": ""Repeat detections"", ""value"": 0.2, ""weight"": 0.2, ""contribution"": 0.04, ""detail"": ""seen on 1 separate days""}, {""key"": ""corroboration"", ""label"": ""Registry corroboration"", ""value"": 0.0, ""weight"": 0.3, ""contribution"": 0.0, ""detail"": ""0 of 3 registries place infrastructure within 3 km""}, {""key"": ""nocturnal"", ""label"": ""Burns at night"", ""value"": 0.0, ""weight"": 0.1, ""contribution"": 0.0, ""detail"": ""0% of detections at night""}]",3.0,
e339903a1b28,11.30747,77.65325,2026-09-22,816,D,N20,VIIRS,VIIRS_NOAA20_NRT,n,0.39,0.36,11.31,77.65,2.54,334.43,285.58,,,,,,140400.0,unknown,False,False,weak_11um,2.46,scene,0.04087822784706641,0.013626075949022138,0.5120192307692307,1,1,0.0,0.2,,0.0,0.2,0.0,False,False,False,1.0,5.0,10.834,268.618,10.834,46.882,,0,0,0,0,osm|wri|gem,,0,0.0,F02375,BHAWANI KATTALAI BARRAGE,power_plant,11.3842,77.7145,wri,1,operating,30.0,MW,,No registered industrial site nearby,False,,False,0.0,0.25,0.2,0.0,0.5120192307692307,0.1793,0.1793,0.0,0.0913,0.1123,0.1123,0.1451,Low,insufficient_evidence,Insufficient evidence,,"[{""key"": ""intensity"", ""label"": ""Thermal intensity"", ""value"": 0.512, ""weight"": 0.15, ""contribution"": 0.0768, ""detail"": ""FRP 2.5 MW, 51th percentile""}, {""key"": ""physics"", ""label"": ""Combustion temperature"", ""value"": 0.25, ""weight"": 0.25, ""contribution"": 0.0625, ""detail"": ""temperature retrieval unavailable""}, {""key"": ""persistence"", ""label"": ""Repeat detections"", ""value"": 0.2, ""weight"": 0.2, ""contribution"": 0.04, ""detail"": ""seen on 1 separate days""}, {""key"": ""corroboration"", ""label"": ""Registry corroboration"", ""value"": 0.0, ""weight"": 0.3, ""contribution"": 0.0, ""detail"": ""0 of 3 registries place infrastructure within 3 km""}, {""key"": ""nocturnal"", ""label"": ""Burns at night"", ""value"": 0.0, ""weight"": 0.1, ""contribution"": 0.0, ""detail"": ""0% of detections at night""}]",3.0,
1b24a5f0f20e,12.7465,77.62124,2026-09-22,1953,N,N21,VIIRS,VIIRS_NOAA21_NRT,n,0.53,0.5,12.75,77.62,1.41,308.43,277.04,,,,,,265000.0,unknown,False,False,weak_11um,2.46,scene,-0.5365267404927462,0.0,0.2467948717948718,1,1,1.0,0.2,,0.0,0.2,1.0,False,False,False,1.0,5.0,18.655,218.853,18.655,41.48,,0,0,0,0,osm|wri|gem,,0,0.0,F03137,RAMANAGARAM MILL,power_plant,12.7145,77.4524,wri,1,operating,11.0,MW,,No registered industrial site nearby,False,,False,0.0,0.25,0.2,1.0,0.2467948717948718,0.2395,0.2395,0.4054,0.23,0.2878,0.2878,0.1942,Low,insufficient_evidence,Insufficient evidence,,"[{""key"": ""nocturnal"", ""label"": ""Burns at night"", ""value"": 1.0, ""weight"": 0.1, ""contribution"": 0.1, ""detail"": ""100% of detections at night""}, {""key"": ""physics"", ""label"": ""Combustion temperature"", ""value"": 0.25, ""weight"": 0.25, ""contribution"": 0.0625, ""detail"": ""temperature retrieval unavailable""}, {""key"": ""persistence"", ""label"": ""Repeat detections"", ""value"": 0.2, ""weight"": 0.2, ""contribution"": 0.04, ""detail"": ""seen on 1 separate days""}, {""key"": ""intensity"", ""label"": ""Thermal intensity"", ""value"": 0.247, ""weight"": 0.15, ""contribution"": 0.037, ""detail"": ""FRP 1.4 MW, 25th percentile""}, {""key"": ""corroboration"", ""label"": ""Registry corroboration"", ""value"": 0.0, ""weight"": 0.3, ""contribution"": 0.0, ""detail"": ""0 of 3 registries place infrastructure within 3 km""}]",3.0,
382d56fa45c6,14.1772,75.44983,2026-09-22,816,D,N20,VIIRS,VIIRS_NOAA20_NRT,n,0.39,0.36,14.18,75.45,3.72,332.04,300.47,,,,,,140400.0,unknown,False,False,weak_11um,2.46,scene,0.6438320885912956,0.21461069619709852,0.6682692307692307,1,1,0.0,0.2,,0.0,0.2,0.0,False,False,False,1.0,5.0,20.457,440.832,20.457,67.593,,0,0,0,0,osm|wri|gem,,0,0.0,F02654,Honnali JK,power_plant,14.235,75.63,wri,1,operating,10.0,MW,,No registered industrial site nearby,False,,False,0.0,0.25,0.2,0.0,0.6682692307692307,0.2027,0.2027,0.0091,0.0481,0.1214,0.1214,0.2151,Low,insufficient_evidence,Insufficient evidence,,"[{""key"": ""intensity"", ""label"": ""Thermal intensity"", ""value"": 0.668, ""weight"": 0.15, ""contribution"": 0.1002, ""detail"": ""FRP 3.7 MW, 67th percentile""}, {""key"": ""physics"", ""label"": ""Combustion temperature"", ""value"": 0.25, ""weight"": 0.25, ""contribution"": 0.0625, ""detail"": ""temperature retrieval unavailable""}, {""key"": ""persistence"", ""label"": ""Repeat detections"", ""value"": 0.2, ""weight"": 0.2, ""contribution"": 0.04, ""detail"": ""seen on 1 separate days""}, {""key"": ""corroboration"", ""label"": ""Registry corroboration"", ""value"": 0.0, ""weight"": 0.3, ""contribution"": 0.0, ""detail"": ""0 of 3 registries place infrastructure within 3 km""}, {""key"": ""nocturnal"", ""label"": ""Burns at night"", ""value"": 0.0, ""weight"": 0.1, ""contribution"": 0.0, ""detail"": ""0% of detections at night""}]",3.0,
13a402528586,14.63489,75.59111,2026-09-22,758,D,N,VIIRS,VIIRS_SNPP_NRT,n,0.51,0.5,14.63,75.59,5.39,334.29,297.49,,,418.0,0.08542831631245805,21784.2,255000.0,smouldering,False,False,ok,2.46,scene,1.4971650948988058,0.49905503163293524,0.8173076923076923,1,1,0.0,0.2,,0.0,0.2,0.0,False,False,False,1.0,5.0,9.315,434.911,9.315,14.79,,0,0,0,0,osm|wri|gem,,0,0.0,F02470,Byadagi,power_plant,14.673,75.514,wri,1,operating,20.0,MW,,Near industrial activity,False,,False,0.0,0.0,0.2,0.0,0.8173076923076923,0.1626,0.1626,0.1116,0.7075,0.229,0.229,0.3495,Low,insufficient_evidence,Insufficient evidence,,"[{""key"": ""intensity"", ""label"": ""Thermal intensity"", ""value"": 0.817, ""weight"": 0.15, ""contribution"": 0.1226, ""detail"": ""FRP 5.4 MW, 82th percentile""}, {""key"": ""persistence"", ""label"": ""Repeat detections"", ""value"": 0.2, ""weight"": 0.2, ""contribution"": 0.04, ""detail"": ""seen on 1 separate days""}, {""key"": ""corroboration"", ""label"": ""Registry corroboration"", ""value"": 0.0, ""weight"": 0.3, ""contribution"": 0.0, ""detail"": ""0 of 3 registries place infrastructure within 3 km""}, {""key"": ""physics"", ""label"": ""Combustion temperature"", ""value"": 0.0, ""weight"": 0.25, ""contribution"": 0.0, ""detail"": ""retrieved 418 K (smouldering)""}, {""key"": ""nocturnal"", ""label"": ""Burns at night"", ""value"": 0.0, ""weight"": 0.1, ""contribution"": 0.0, ""detail"": ""0% of detections at night""}]",3.0,
8296d34c0220,14.64415,75.64481,2026-09-22,902,D,N21,VIIRS,VIIRS_NOAA21_NRT,n,0.58,0.7,14.64,75.64,6.37,331.52,280.06,,,,,,406000.0,unknown,False,False,weak_11um,2.46,scene,1.9979233860253691,0.6659744620084563,0.8573717948717948,1,1,0.0,0.2,,0.0,0.2,0.0,False,False,False,1.0,5.0,11.883,429.55,14.433,11.883,,0,0,0,0,osm|wri|gem,,0,0.0,F03610,Karnataka Gupta power station,power_plant,14.75,75.66,gem,1,cancelled,1320.0,MW,Karnataka,No registered industrial site nearby,False,,False,0.0,0.25,0.2,0.0,0.8573717948717948,0.2311,0.2311,0.0091,0.3462,0.1818,0.1818,0.374,Moderate,insufficient_evidence,Insufficient evidence,,"[{""key"": ""intensity"", ""label"": ""Thermal intensity"", ""value"": 0.857, ""weight"": 0.15, ""contribution"": 0.1286, ""detail"": ""FRP 6.4 MW, 86th percentile""}, {""key"": ""physics"", ""label"": ""Combustion temperature"", ""value"": 0.25, ""weight"": 0.25, ""contribution"": 0.0625, ""detail"": ""temperature retrieval unavailable""}, {""key"": ""persistence"", ""label"": ""Repeat detections"", ""value"": 0.2, ""weight"": 0.2, ""contribution"": 0.04, ""detail"": ""seen on 1 separate days""}, {""key"": ""corroboration"", ""label"": ""Registry corroboration"", ""value"": 0.0, ""weight"": 0.3, ""contribution"": 0.0, ""detail"": ""0 of 3 registries place infrastructure within 3 km""}, {""key"": ""nocturnal"", ""label"": ""Burns at night"", ""value"": 0.0, ""weight"": 0.1, ""contribution"": 0.0, ""detail"": ""0% of detections at night""}]",3.0,C49
3756e8c410a6,14.64599,75.64265,2026-09-22,902,D,N21,VIIRS,VIIRS_NOAA21_NRT,n,0.58,0.7,14.65,75.64,5.78,329.17,273.47,,,,,,406000.0,unknown,False,False,weak_11um,2.46,scene,1.6964464556532548,0.5654821518844183,0.8405448717948718,1,1,0.0,0.2,,0.0,0.2,0.0,False,False,False,1.0,5.0,11.715,429.825,14.162,11.715,,0,0,0,0,osm|wri|gem,,0,0.0,F03610,Karnataka Gupta power station,power_plant,14.75,75.66,gem,1,cancelled,1320.0,MW,Karnataka,No registered industrial site nearby,False,,False,0.0,0.25,0.2,0.0,0.8405448717948718,0.2286,0.2286,0.0091,0.2829,0.1709,0.1709,0.3423,Low,insufficient_evidence,Insufficient evidence,,"[{""key"": ""intensity"", ""label"": ""Thermal intensity"", ""value"": 0.841, ""weight"": 0.15, ""contribution"": 0.1261, ""detail"": ""FRP 5.8 MW, 84th percentile""}, {""key"": ""physics"", ""label"": ""Combustion temperature"", ""value"": 0.25, ""weight"": 0.25, ""contribution"": 0.0625, ""detail"": ""temperature retrieval unavailable""}, {""key"": ""persistence"", ""label"": ""Repeat detections"", ""value"": 0.2, ""weight"": 0.2, ""contribution"": 0.04, ""detail"": ""seen on 1 separate days""}, {""key"": ""corroboration"", ""label"": ""Registry corroboration"", ""value"": 0.0, ""weight"": 0.3, ""contribution"": 0.0, ""detail"": ""0 of 3 registries place infrastructure within 3 km""}, {""key"": ""nocturnal"", ""label"": ""Burns at night"", ""value"": 0.0, ""weight"": 0.1, ""contribution"": 0.0, ""detail"": ""0% of detections at night""}]",3.0,C49
0e3c28e6ffb6,14.86724,75.62377,2026-09-22,758,D,N,VIIRS,VIIRS_SNPP_NRT,n,0.51,0.49,14.87,75.62,6.56,334.3,297.95,,,415.8,0.08973003311478045,22423.5,249900.0,smouldering,False,False,ok,2.46,scene,2.0950091771621517,0.6983363923873839,0.8653846153846154,1,1,0.0,0.2,,0.0,0.2,0.0,False,False,False,1.0,5.0,13.606,437.965,24.613,13.606,,0,0,0,0,osm|wri|gem,,0,0.0,F03610,Karnataka Gupta power station,power_plant,14.75,75.66,gem,1,cancelled,1320.0,MW,Karnataka,No registered industrial site nearby,False,,False,0.0,0.0,0.2,0.0,0.8653846153846154,0.1698,0.1698,0.1116,0.7316,0.2366,0.2366,0.4076,Moderate,insufficient_evidence,Insufficient evidence,,"[{""key"": ""intensity"", ""label"": ""Thermal intensity"", ""value"": 0.865, ""weight"": 0.15, ""contribution"": 0.1298, ""detail"": ""FRP 6.6 MW, 87th percentile""}, {""key"": ""persistence"", ""label"": ""Repeat detections"", ""value"": 0.2, ""weight"": 0.2, ""contribution"": 0.04, ""detail"": ""seen on 1 separate days""}, {""key"": ""corroboration"", ""label"": ""Registry corroboration"", ""value"": 0.0, ""weight"": 0.3, ""contribution"": 0.0, ""detail"": ""0 of 3 registries place infrastructure within 3 km""}, {""key"": ""physics"", ""label"": ""Combustion temperature"", ""value"": 0.0, ""weight"": 0.25, ""contribution"": 0.0, ""detail"": ""retrieved 416 K (smouldering)""}, {""key"": ""nocturnal"", ""label"": ""Burns at night"", ""value"": 0.0, ""weight"": 0.1, ""contribution"": 0.0, ""detail"": ""0% of detections at night""}]",3.0,
5e93cfb9144c,15.65777,73.98866,2026-09-22,2051,N,N20,VIIRS,VIIRS_NOAA20_NRT,n,0.4,0.37,15.66,73.99,1.22,314.08,282.08,,,400.7,0.06148172981621014,9099.3,148000.0,smouldering,False,False,ok,2.46,scene,-0.6336125316295288,0.0,0.19631410256410256,2,2,1.0,0.4,,0.0,0.4,1.0,False,False,True,4.0,5.0,14.557,330.215,24.817,14.557,,0,0,0,0,osm|wri|gem,,0,0.0,F03836,Vedanta Sesa Goa Pig Iron Plant,steel,15.526866,73.986671,gem,1,operating,,,Goa,No registered industrial site nearby,False,,False,0.0,0.0,0.4,1.0,0.19631410256410256,0.2094,0.2094,0.1316,0.7861,0.2726,0.2726,0.2223,Low,insufficient_evidence,Insufficient evidence,,"[{""key"": ""nocturnal"", ""label"": ""Burns at night"", ""value"": 1.0, ""weight"": 0.1, ""contribution"": 0.1, ""detail"": ""100% of detections at night""}, {""key"": ""persistence"", ""label"": ""Repeat detections"", ""value"": 0.4, ""weight"": 0.2, ""contribution"": 0.08, ""detail"": ""seen on 2 separate days""}, {""key"": ""intensity"", ""label"": ""Thermal intensity"", ""value"": 0.196, ""weight"": 0.15, ""contribution"": 0.0294, ""detail"": ""FRP 1.2 MW, 20th percentile""}, {""key"": ""corroboration"", ""label"": ""Registry corroboration"", ""value"": 0.0, ""weight"": 0.3, ""contribution"": 0.0, ""detail"": ""0 of 3 registries place infrastructure within 3 km""}, {""key"": ""physics"", ""label"": ""Combustion temperature"", ""value"": 0.0, ""weight"": 0.25, ""contribution"": 0.0, ""detail"": ""retrieved 401 K (smouldering)""}]",3.0,C50
9401840c418d,17.33474,75.4758,2026-09-22,818,D,N20,VIIRS,VIIRS_NOAA20_NRT,n,0.38,0.36,17.33,75.48,1.49,330.57,296.92,,,,,,136800.0,unknown,False,False,weak_11um,2.46,scene,-0.4956485126456798,0.0,0.2676282051282051,1,1,0.0,0.2,,0.0,0.2,0.0,False,False,False,1.0,5.0,23.053,257.5,23.053,58.967,,0,0,0,0,osm|wri|gem,,0,0.0,F02943,Mangalwedha,power_plant,17.538,75.433,wri,1,operating,20.0,MW,,No registered industrial site nearby,False,,False,0.0,0.25,0.2,0.0,0.2676282051282051,0.1426,0.1426,0.0377,0.3934,0.1488,0.1488,0.1337,Low,insufficient_evidence,Insufficient evidence,,"[{""key"": ""physics"", ""label"": ""Combustion temperature"", ""value"": 0.25, ""weight"": 0.25, ""contribution"": 0.0625, ""detail"": ""temperature retrieval unavailable""}, {""key"": ""intensity"", ""label"": ""Thermal intensity"", ""value"": 0.268, ""weight"": 0.15, ""contribution"": 0.0401, ""detail"": ""FRP 1.5 MW, 27th percentile""}, {""key"": ""persistence"", ""label"": ""Repeat detections"", ""value"": 0.2, ""weight"": 0.2, ""contribution"": 0.04, ""detail"": ""seen on 1 separate days""}, {""key"": ""corroboration"", ""label"": ""Registry corroboration"", ""value"": 0.0, ""weight"": 0.3, ""contribution"": 0.0, ""detail"": ""0 of 3 registries place infrastructure within 3 km""}, {""key"": ""nocturnal"", ""label"": ""Burns at night"", ""value"": 0.0, ""weight"": 0.1, ""contribution"": 0.0, ""detail"": ""0% of detections at night""}]",3.0,
0ad99ca7486e,17.47583,78.89429,2026-09-22,818,D,N20,VIIRS,VIIRS_NOAA20_NRT,n,0.47,0.4,17.48,78.89,3.44,327.93,279.97,,,,,,188000.0,unknown,False,False,weak_11um,2.46,scene,0.5007582911265631,0.16691943037552104,0.625,1,1,0.0,0.2,,0.0,0.2,0.0,False,False,False,1.0,5.0,15.415,334.475,15.415,27.999,,0,0,0,0,osm|wri|gem,,0,0.0,F02453,Bhonigir Acme,power_plant,17.595,78.82,wri,1,operating,50.0,MW,,No registered industrial site nearby,False,,False,0.0,0.25,0.2,0.0,0.625,0.1962,0.1962,0.0,0.105,0.1237,0.1237,0.1999,Low,insufficient_evidence,Insufficient evidence,,"[{""key"": ""intensity"", ""label"": ""Thermal intensity"", ""value"": 0.625, ""weight"": 0.15, ""contribution"": 0.0938, ""detail"": ""FRP 3.4 MW, 62th percentile""}, {""key"": ""physics"", ""label"": ""Combustion temperature"", ""value"": 0.25, ""weight"": 0.25, ""contribution"": 0.0625, ""detail"": ""temperature retrieval unavailable""}, {""key"": ""persistence"", ""label"": ""Repeat detections"", ""value"": 0.2, ""weight"": 0.2, ""contribution"": 0.04, ""detail"": ""seen on 1 separate days""}, {""key"": ""corroboration"", ""label"": ""Registry corroboration"", ""value"": 0.0, ""weight"": 0.3, ""contribution"": 0.0, ""detail"": ""0 of 3 registries place infrastructure within 3 km""}, {""key"": ""nocturnal"", ""label"": ""Burns at night"", ""value"": 0.0, ""weight"": 0.1, ""contribution"": 0.0, ""detail"": ""0% of detections at night""}]",3.0,
b2be2d4973c3,18.80264,74.26019,2026-09-22,2029,N,N,VIIRS,VIIRS_SNPP_NRT,n,0.42,0.45,18.8,74.26,1.87,317.29,286.21,,,407.6,0.057999914819943696,10962.0,189000.0,smouldering,False,False,ok,2.46,scene,-0.3014769303721144,0.0,0.38060897435897434,1,1,1.0,0.2,,0.0,0.2,1.0,False,False,False,1.0,5.0,54.892,81.717,54.892,81.105,,0,0,0,0,osm|wri|gem,,0,0.0,F03298,Supe Solar Power Plant,power_plant,18.3198,74.3686,wri,1,operating,2.0,MW,,No registered industrial site nearby,False,,False,0.0,0.0,0.2,1.0,0.38060897435897434,0.1971,0.1971,0.1316,0.7885,0.2662,0.2662,0.1979,Low,insufficient_evidence,Insufficient evidence,,"[{""key"": ""nocturnal"", ""label"": ""Burns at night"", ""value"": 1.0, ""weight"": 0.1, ""contribution"": 0.1, ""detail"": ""100% of detections at night""}, {""key"": ""intensity"", ""label"": ""Thermal intensity"", ""value"": 0.381, ""weight"": 0.15, ""contribution"": 0.0571, ""detail"": ""FRP 1.9 MW, 38th percentile""}, {""key"": ""persistence"", ""label"": ""Repeat detections"", ""value"": 0.2, ""weight"": 0.2, ""contribution"": 0.04, ""detail"": ""seen on 1 separate days""}, {""key"": ""corroboration"", ""label"": ""Registry corroboration"", ""value"": 0.0, ""weight"": 0.3, ""contribution"": 0.0, ""detail"": ""0 of 3 registries place infrastructure within 3 km""}, {""key"": ""physics"", ""label"": ""Combustion temperature"", ""value"": 0.0, ""weight"": 0.25, ""contribution"": 0.0, ""detail"": ""retrieved 408 K (smouldering)""}]",3.0,
29f418e0597d,19.91965,75.23198,2026-09-22,818,D,N20,VIIRS,VIIRS_NOAA20_NRT,n,0.38,0.36,19.92,75.23,2.04,334.05,296.74,,,,,,136800.0,unknown,False,False,weak_11um,2.46,scene,-0.21461069619709844,0.0,0.40625,1,1,0.0,0.2,,0.0,0.2,0.0,False,False,False,1.0,5.0,49.69,203.583,49.69,50.054,,0,0,0,0,osm|wri|gem,,0,0.0,F02513,Chukoda,power_plant,19.505,75.055,wri,1,operating,50.0,MW,,No registered industrial site nearby,False,,False,0.0,0.25,0.2,0.0,0.40625,0.1634,0.1634,0.0,0.2941,0.134,0.134,0.1409,Low,insufficient_evidence,Insufficient evidence,,"[{""key"": ""physics"", ""label"": ""Combustion temperature"", ""value"": 0.25, ""weight"": 0.25, ""contribution"": 0.0625, ""detail"": ""temperature retrieval unavailable""}, {""key"": ""intensity"", ""label"": ""Thermal intensity"", ""value"": 0.406, ""weight"": 0.15, ""contribution"": 0.0609, ""detail"": ""FRP 2.0 MW, 41th percentile""}, {""key"": ""persistence"", ""label"": ""Repeat detections"", ""value"": 0.2, ""weight"": 0.2, ""contribution"": 0.04, ""detail"": ""seen on 1 separate days""}, {""key"": ""corroboration"", ""label"": ""Registry corroboration"", ""value"": 0.0, ""weight"": 0.3, ""contribution"": 0.0, ""detail"": ""0 of 3 registries place infrastructure within 3 km""}, {""key"": ""nocturnal"", ""label"": ""Burns at night"", ""value"": 0.0, ""weight"": 0.1, ""contribution"": 0.0, ""detail"": ""0% of detections at night""}]",3.0,
a788d6ed1158,20.76049,85.2972,2026-09-22,1951,N,N21,VIIRS,VIIRS_NOAA21_NRT,n,0.4,0.37,20.76,85.3,1.64,310.35,281.51,,,,,,148000.0,unknown,False,False,no_bracket,2.46,scene,-0.4190018354324304,0.0,0.32051282051282054,1,1,1.0,0.2,,0.0,0.2,1.0,False,False,False,1.0,5.0,0.235,5.283,0.235,0.5,,0,1,4,0,osm|wri|gem,wri|gem,2,0.6667,F02776,Kadala,power_plant,20.76,85.295,wri,1,operating,40.0,MW,,On a registered industrial site,False,,False,0.6667,0.25,0.2,1.0,0.32051282051282054,0.4506,0.4506,0.3657,0.6034,0.4481,0.4481,0.2737,Low,industrial_fire,Industrial fire,Moderate,"[{""key"": ""corroboration"", ""label"": ""Registry corroboration"", ""value"": 0.667, ""weight"": 0.3, ""contribution"": 0.2, ""detail"": ""2 of 3 registries place infrastructure within 3 km""}, {""key"": ""nocturnal"", ""label"": ""Burns at night"", ""value"": 1.0, ""weight"": 0.1, ""contribution"": 0.1, ""detail"": ""100% of detections at night""}, {""key"": ""physics"", ""label"": ""Combustion temperature"", ""value"": 0.25, ""weight"": 0.25, ""contribution"": 0.0625, ""detail"": ""temperature retrieval unavailable""}, {""key"": ""intensity"", ""label"": ""Thermal intensity"", ""value"": 0.321, ""weight"": 0.15, ""contribution"": 0.0481, ""detail"": ""FRP 1.6 MW, 32th percentile""}, {""key"": ""persistence"", ""label"": ""Repeat detections"", ""value"": 0.2, ""weight"": 0.2, ""contribution"": 0.04, ""detail"": ""seen on 1 separate days""}]",3.0,
e9db27ab3fcf,20.79006,85.25945,2026-09-22,1951,N,N21,VIIRS,VIIRS_NOAA21_NRT,n,0.4,0.37,20.79,85.26,1.29,305.28,270.26,,,,,,148000.0,unknown,False,False,weak_11um,2.46,scene,-0.5978440822633457,0.0,0.21394230769230768,1,1,1.0,0.2,,0.0,0.2,1.0,False,False,False,1.0,5.0,1.118,1.563,4.983,0.673,,6,0,7,0,osm|wri|gem,osm|gem,2,0.5333,F01672,Tata Steel BSL Dhenkanal plant,steel,20.8000331,85.26082505,gem|osm,2,operating,5510.0,ttpa,Odisha,Within the site's immediate surroundings,False,,False,0.5333,0.25,0.2,1.0,0.21394230769230768,0.3946,0.3946,0.3323,0.4896,0.3902,0.3902,0.237,Low,insufficient_evidence,Insufficient evidence,,"[{""key"": ""corroboration"", ""label"": ""Registry corroboration"", ""value"": 0.533, ""weight"": 0.3, ""contribution"": 0.16, ""detail"": ""2 of 3 registries place infrastructure within 3 km""}, {""key"": ""nocturnal"", ""label"": ""Burns at night"", ""value"": 1.0, ""weight"": 0.1, ""contribution"": 0.1, ""detail"": ""100% of detections at night""}, {""key"": ""physics"", ""label"": ""Combustion temperature"", ""value"": 0.25, ""weight"": 0.25, ""contribution"": 0.0625, ""detail"": ""temperature retrieval unavailable""}, {""key"": ""persistence"", ""label"": ""Repeat detections"", ""value"": 0.2, ""weight"": 0.2, ""contribution"": 0.04, ""detail"": ""seen on 1 separate days""}, {""key"": ""intensity"", ""label"": ""Thermal intensity"", ""value"": 0.214, ""weight"": 0.15, ""contribution"": 0.0321, ""detail"": ""FRP 1.3 MW, 21th percentile""}]",3.0,C51
2a36f6ff28c7,20.79452,85.25244,2026-09-22,1951,N,N21,VIIRS,VIIRS_NOAA21_NRT,n,0.4,0.37,20.79,85.25,0.8,295.59,267.28,,,,,,148000.0,unknown,False,False,weak_11um,2.46,scene,-0.8482232278266273,0.0,0.09134615384615384,1,1,1.0,0.2,,0.0,0.2,1.0,False,False,False,1.0,5.0,1.066,1.353,5.858,0.843,,6,0,7,0,osm|wri|gem,osm|gem,2,0.5333,F01672,Tata Steel BSL Dhenkanal plant,steel,20.8000331,85.26082505,gem|osm,2,operating,5510.0,ttpa,Odisha,Within the site's immediate surroundings,False,,False,0.5333,0.25,0.2,1.0,0.09134615384615384,0.3762,0.3762,0.3323,0.5064,0.3826,0.3826,0.2213,Low,insufficient_evidence,Insufficient evidence,,"[{""key"": ""corroboration"", ""label"": ""Registry corroboration"", ""value"": 0.533, ""weight"": 0.3, ""contribution"": 0.16, ""detail"": ""2 of 3 registries place infrastructure within 3 km""}, {""key"": ""nocturnal"", ""label"": ""Burns at night"", ""value"": 1.0, ""weight"": 0.1, ""contribution"": 0.1, ""detail"": ""100% of detections at night""}, {""key"": ""physics"", ""label"": ""Combustion temperature"", ""value"": 0.25, ""weight"": 0.25, ""contribution"": 0.0625, ""detail"": ""temperature retrieval unavailable""}, {""key"": ""persistence"", ""label"": ""Repeat detections"", ""value"": 0.2, ""weight"": 0.2, ""contribution"": 0.04, ""detail"": ""seen on 1 separate days""}, {""key"": ""intensity"", ""label"": ""Thermal intensity"", ""value"": 0.091, ""weight"": 0.15, ""contribution"": 0.0137, ""detail"": ""FRP 0.8 MW, 9th percentile""}]",3.0,C51
d508ece3aaa9,20.90905,71.45935,2026-09-22,2131,N,N21,VIIRS,VIIRS_NOAA21_NRT,n,0.39,0.6,20.91,71.46,1.09,304.86,287.63,,,,,,234000.0,unknown,False,False,weak_11um,1.175,cell,-0.16999999999999993,0.0,0.16266025641025642,4,4,1.0,0.8,1.0,0.3010088532370955,0.8,1.0,False,False,False,4.0,5.0,0.988,0.234,1.555,0.178,,4,1,3,0,osm|wri|gem,osm|wri|gem,3,0.8667,F00130,PIPAVAV CCCP,power_plant,20.902270383333335,71.46550115000001,gem|osm|wri,3,operating,1454.86,MW,Gujarat,On a registered industrial site,False,,False,0.8667,0.25,0.8,1.0,0.16266025641025642,0.6069,0.6069,0.3057,0.6546,0.5237,0.5237,0.4119,Moderate,industrial_fire,Industrial fire,Moderate,"[{""key"": ""corroboration"", ""label"": ""Registry corroboration"", ""value"": 0.867, ""weight"": 0.3, ""contribution"": 0.26, ""detail"": ""3 of 3 registries place infrastructure within 3 km""}, {""key"": ""persistence"", ""label"": ""Repeat detections"", ""value"": 0.8, ""weight"": 0.2, ""contribution"": 0.16, ""detail"": ""seen on 4 separate days""}, {""key"": ""nocturnal"", ""label"": ""Burns at night"", ""value"": 1.0, ""weight"": 0.1, ""contribution"": 0.1, ""detail"": ""100% of detections at night""}, {""key"": ""physics"", ""label"": ""Combustion temperature"", ""value"": 0.25, ""weight"": 0.25, ""contribution"": 0.0625, ""detail"": ""temperature retrieval unavailable""}, {""key"": ""intensity"", ""label"": ""Thermal intensity"", ""value"": 0.163, ""weight"": 0.15, ""contribution"": 0.0244, ""detail"": ""FRP 1.1 MW, 16th percentile""}]",3.0,C17
6a9aadab9457,20.96889,85.15355,2026-09-22,2027,N,N,VIIRS,VIIRS_SNPP_NRT,n,0.53,0.42,20.97,85.15,2.45,300.09,271.28,,,519.3,0.0033652089535174874,749.1,222600.0,biomass_like,False,False,ok,2.46,scene,-0.005109778480883188,0.0,0.49599358974358976,1,1,1.0,0.2,,0.0,0.2,1.0,False,False,False,1.0,5.0,3.158,3.158,8.606,6.579,,0,0,0,0,osm|wri|gem,,0,0.0,F01757,,industrial_area,20.9405288,85.1520038,osm,1,unknown,,,,Near industrial activity,False,,False,0.0,0.0,0.2,1.0,0.49599358974358976,0.2144,0.2144,0.2786,0.5529,0.2844,0.2844,0.2176,Low,insufficient_evidence,Insufficient evidence,,"[{""key"": ""nocturnal"", ""label"": ""Burns at night"", ""value"": 1.0, ""weight"": 0.1, ""contribution"": 0.1, ""detail"": ""100% of detections at night""}, {""key"": ""intensity"", ""label"": ""Thermal intensity"", ""value"": 0.496, ""weight"": 0.15, ""contribution"": 0.0744, ""detail"": ""FRP 2.5 MW, 50th percentile""}, {""key"": ""persistence"", ""label"": ""Repeat detections"", ""value"": 0.2, ""weight"": 0.2, ""contribution"": 0.04, ""detail"": ""seen on 1 separate days""}, {""key"": ""corroboration"", ""label"": ""Registry corroboration"", ""value"": 0.0, ""weight"": 0.3, ""contribution"": 0.0, ""detail"": ""0 of 3 registries place infrastructure within 3 km""}, {""key"": ""physics"", ""label"": ""Combustion temperature"", ""value"": 0.0, ""weight"": 0.25, ""contribution"": 0.0, ""detail"": ""retrieved 519 K (biomass like)""}]",3.0,
1daea6674243,21.10189,72.63525,2026-09-22,905,D,N21,VIIRS,VIIRS_NOAA21_NRT,n,0.44,0.62,21.1,72.64,7.32,333.37,290.2,,,689.5,0.0019599766396570352,534.7,272800.0,biomass_like,False,False,ok,11.77,cell,-0.6744907594765952,0.0,0.8926282051282052,5,5,0.0,1.0,1.0,0.32450306033456144,1.0,0.0,False,False,False,5.0,5.0,1.518,1.249,2.286,1.71,,7,1,7,0,osm|wri|gem,osm|wri|gem,3,0.6,F00081,Shell Energy India Private Limited,industrial_area,21.0972812,72.6214717,osm,1,unknown,,,,Within the site's immediate surroundings,False,,False,0.6,0.0,1.0,0.0,0.8926282051282052,0.5139,0.5139,0.264,0.8229,0.4853,0.4853,0.5076,Moderate,industrial_fire,Industrial fire,Moderate,"[{""key"": ""persistence"", ""label"": ""Repeat detections"", ""value"": 1.0, ""weight"": 0.2, ""contribution"": 0.2, ""detail"": ""seen on 5 separate days""}, {""key"": ""corroboration"", ""label"": ""Registry corroboration"", ""value"": 0.6, ""weight"": 0.3, ""contribution"": 0.18, ""detail"": ""3 of 3 registries place infrastructure within 3 km""}, {""key"": ""intensity"", ""label"": ""Thermal intensity"", ""value"": 0.893, ""weight"": 0.15, ""contribution"": 0.1339, ""detail"": ""FRP 7.3 MW, 89th percentile""}, {""key"": ""physics"", ""label"": ""Combustion temperature"", ""value"": 0.0, ""weight"": 0.25, ""contribution"": 0.0, ""detail"": ""retrieved 690 K (biomass like)""}, {""key"": ""nocturnal"", ""label"": ""Burns at night"", ""value"": 0.0, ""weight"": 0.1, ""contribution"": 0.0, ""detail"": ""0% of detections at night""}]",3.0,C1
57270aab72e4,21.10248,72.64541,2026-09-22,2027,N,N,VIIRS,VIIRS_SNPP_NRT,n,0.57,0.52,21.1,72.65,7.03,320.62,288.08,,,,,,296400.0,unknown,False,False,weak_11um,7.03,cell,0.0,0.0,0.8790064102564102,5,5,0.6,1.0,1.0,0.3655656018722616,1.0,0.6,False,False,False,5.0,5.0,1.036,0.839,1.374,1.118,,7,1,7,0,osm|wri|gem,osm|wri|gem,3,0.7333,F00071,ArcelorMittal Nippon Steel Hazira Plant,steel,21.11174835,72.64641135000001,gem|osm,2,operating,9600.0,ttpa,Gujarat,Within the site's immediate surroundings,False,,False,0.7333,0.25,1.0,0.6,0.8790064102564102,0.6743,0.6743,1.0,0.6554,0.7692,0.7692,0.634,High,persistent_industrial_source,Persistent industrial source,Moderate,"[{""key"": ""corroboration"", ""label"": ""Registry corroboration"", ""value"": 0.733, ""weight"": 0.3, ""contribution"": 0.22, ""detail"": ""3 of 3 registries place infrastructure within 3 km""}, {""key"": ""persistence"", ""label"": ""Repeat detections"", ""value"": 1.0, ""weight"": 0.2, ""contribution"": 0.2, ""detail"": ""seen on 5 separate days""}, {""key"": ""intensity"", ""label"": ""Thermal intensity"", ""value"": 0.879, ""weight"": 0.15, ""contribution"": 0.1319, ""detail"": ""FRP 7.0 MW, 88th percentile""}, {""key"": ""physics"", ""label"": ""Combustion temperature"", ""value"": 0.25, ""weight"": 0.25, ""contribution"": 0.0625, ""detail"": ""temperature retrieval unavailable""}, {""key"": ""nocturnal"", ""label"": ""Burns at night"", ""value"": 0.6, ""weight"": 0.1, ""contribution"": 0.06, ""detail"": ""60% of detections at night""}]",3.0,C1
f5cbf06991fb,21.10496,72.63382,2026-09-22,2027,N,N,VIIRS,VIIRS_SNPP_NRT,n,0.57,0.52,21.1,72.63,5.2,329.1,289.2,,,,,,296400.0,unknown,False,False,weak_11um,5.2,cell,0.0,0.0,0.7964743589743589,5,5,0.6,1.0,1.0,0.44045296316707583,1.0,0.6,False,False,False,5.0,5.0,1.509,1.164,2.297,1.624,,6,1,7,0,osm|wri|gem,osm|wri|gem,3,0.6,F00071,ArcelorMittal Nippon Steel Hazira Plant,steel,21.11174835,72.64641135000001,gem|osm,2,operating,9600.0,ttpa,Gujarat,Within the site's immediate surroundings,False,,False,0.6,0.25,1.0,0.6,0.7964743589743589,0.622,0.622,1.0,0.5649,0.7268,0.7268,0.6067,High,persistent_industrial_source,Persistent industrial source,Moderate,"[{""key"": ""persistence"", ""label"": ""Repeat detections"", ""value"": 1.0, ""weight"": 0.2, ""contribution"": 0.2, ""detail"": ""seen on 5 separate days""}, {""key"": ""corroboration"", ""label"": ""Registry corroboration"", ""value"": 0.6, ""weight"": 0.3, ""contribution"": 0.18, ""detail"": ""3 of 3 registries place infrastructure within 3 km""}, {""key"": ""intensity"", ""label"": ""Thermal intensity"", ""value"": 0.796, ""weight"": 0.15, ""contribution"": 0.1195, ""detail"": ""FRP 5.2 MW, 80th percentile""}, {""key"": ""physics"", ""label"": ""Combustion temperature"", ""value"": 0.25, ""weight"": 0.25, ""contribution"": 0.0625, ""detail"": ""temperature retrieval unavailable""}, {""key"": ""nocturnal"", ""label"": ""Burns at night"", ""value"": 0.6, ""weight"": 0.1, ""contribution"": 0.06, ""detail"": ""60% of detections at night""}]",3.0,C1
6b002b0be65b,21.10729,72.64602,2026-09-22,2027,N,N,VIIRS,VIIRS_SNPP_NRT,n,0.57,0.52,21.11,72.65,7.03,341.41,289.97,,,,,,296400.0,unknown,False,False,weak_11um,11.32,cell,-1.8313704798446793,0.0,0.8790064102564102,5,5,0.2,1.0,1.0,0.3415053040623589,1.0,0.2,False,False,False,5.0,5.0,0.497,0.372,1.019,0.581,,6,1,7,0,osm|wri|gem,osm|wri|gem,3,0.8667,F00071,ArcelorMittal Nippon Steel Hazira Plant,steel,21.11174835,72.64641135000001,gem|osm,2,operating,9600.0,ttpa,Gujarat,On a registered industrial site,False,,False,0.8667,0.25,1.0,0.2,0.8790064102564102,0.6744,0.6744,1.0,0.6771,0.7725,0.7725,0.6355,High,persistent_industrial_source,Persistent industrial source,Moderate,"[{""key"": ""corroboration"", ""label"": ""Registry corroboration"", ""value"": 0.867, ""weight"": 0.3, ""contribution"": 0.26, ""detail"": ""3 of 3 registries place infrastructure within 3 km""}, {""key"": ""persistence"", ""label"": ""Repeat detections"", ""value"": 1.0, ""weight"": 0.2, ""contribution"": 0.2, ""detail"": ""seen on 5 separate days""}, {""key"": ""intensity"", ""label"": ""Thermal intensity"", ""value"": 0.879, ""weight"": 0.15, ""contribution"": 0.1319, ""detail"": ""FRP 7.0 MW, 88th percentile""}, {""key"": ""physics"", ""label"": ""Combustion temperature"", ""value"": 0.25, ""weight"": 0.25, ""contribution"": 0.0625, ""detail"": ""temperature retrieval unavailable""}, {""key"": ""nocturnal"", ""label"": ""Burns at night"", ""value"": 0.2, ""weight"": 0.1, ""contribution"": 0.02, ""detail"": ""20% of detections at night""}]",3.0,C1
e1c6151cba68,21.10809,72.63554,2026-09-22,1554,N,Terra,MODIS,MODIS_NRT,93,1.62,1.25,21.11,72.64,23.05,,,316.1,291.76,584.2,0.003236466903335149,6553.8,2025000.0,biomass_like,False,False,ok,7.15,cell,8.12454778460444,1.0,0.9919871794871795,4,4,0.75,0.8,1.0,0.5725017151435423,0.8,0.75,False,False,False,4.0,5.0,1.199,0.872,2.044,1.31,,6,1,7,0,osm|wri|gem,osm|wri|gem,3,0.7333,F00071,ArcelorMittal Nippon Steel Hazira Plant,steel,21.11174835,72.64641135000001,gem|osm,2,operating,9600.0,ttpa,Gujarat,Within the site's immediate surroundings,False,,False,0.7333,0.0,0.8,0.75,0.9919871794871795,0.6038,0.6038,0.9513,0.9832,0.765,0.765,0.8534,Critical,persistent_industrial_source,Persistent industrial source,Moderate,"[{""key"": ""corroboration"", ""label"": ""Registry corroboration"", ""value"": 0.733, ""weight"": 0.3, ""contribution"": 0.22, ""detail"": ""3 of 3 registries place infrastructure within 3 km""}, {""key"": ""persistence"", ""label"": ""Repeat detections"", ""value"": 0.8, ""weight"": 0.2, ""contribution"": 0.16, ""detail"": ""seen on 4 separate days""}, {""key"": ""intensity"", ""label"": ""Thermal intensity"", ""value"": 0.992, ""weight"": 0.15, ""contribution"": 0.1488, ""detail"": ""FRP 23.1 MW, 99th percentile""}, {""key"": ""nocturnal"", ""label"": ""Burns at night"", ""value"": 0.75, ""weight"": 0.1, ""contribution"": 0.075, ""detail"": ""75% of detections at night""}, {""key"": ""physics"", ""label"": ""Combustion temperature"", ""value"": 0.0, ""weight"": 0.25, ""contribution"": 0.0, ""detail"": ""retrieved 584 K (biomass like)""}]",3.0,C1
5c641fb6231e,21.10977,72.63442,2026-09-22,2027,N,N,VIIRS,VIIRS_SNPP_NRT,n,0.57,0.52,21.11,72.63,5.2,311.94,290.06,,,,,,296400.0,unknown,False,False,weak_11um,7.32,region,-0.6744907594765952,0.0,0.7964743589743589,3,3,1.0,0.6,1.0,0.0,0.6,1.0,False,False,False,3.0,5.0,1.263,0.966,2.139,1.214,,6,1,7,0,osm|wri|gem,osm|wri|gem,3,0.7333,F00071,ArcelorMittal Nippon Steel Hazira Plant,steel,21.11174835,72.64641135000001,gem|osm,2,operating,9600.0,ttpa,Gujarat,Within the site's immediate surroundings,False,,False,0.7333,0.25,0.6,1.0,0.7964743589743589,0.622,0.622,0.4973,0.8606,0.6204,0.6204,0.4788,Moderate,persistent_industrial_source,Persistent industrial source,Moderate,"[{""key"": ""corroboration"", ""label"": ""Registry corroboration"", ""value"": 0.733, ""weight"": 0.3, ""contribution"": 0.22, ""detail"": ""3 of 3 registries place infrastructure within 3 km""}, {""key"": ""persistence"", ""label"": ""Repeat detections"", ""value"": 0.6, ""weight"": 0.2, ""contribution"": 0.12, ""detail"": ""seen on 3 separate days""}, {""key"": ""intensity"", ""label"": ""Thermal intensity"", ""value"": 0.796, ""weight"": 0.15, ""contribution"": 0.1195, ""detail"": ""FRP 5.2 MW, 80th percentile""}, {""key"": ""nocturnal"", ""label"": ""Burns at night"", ""value"": 1.0, ""weight"": 0.1, ""contribution"": 0.1, ""detail"": ""100% of detections at night""}, {""key"": ""physics"", ""label"": ""Combustion temperature"", ""value"": 0.25, ""weight"": 0.25, ""contribution"": 0.0625, ""detail"": ""temperature retrieval unavailable""}]",3.0,C1
e28f886b88fd,21.19494,81.42363,2026-09-22,323,D,Terra,MODIS,MODIS_NRT,75,1.0,1.0,21.19,81.42,11.57,,,317.6,286.85,509.7,0.00872436118177839,8724.4,1000000.0,biomass_like,False,False,ok,2.46,scene,4.655008196084683,1.0,0.9631410256410257,1,1,0.0,0.2,,0.0,0.2,0.0,False,False,False,1.0,5.0,1.132,0.753,1.216,1.216,,2,1,8,0,osm|wri|gem,osm|wri|gem,3,0.7333,F01788,BHILAI TPP,power_plant,21.184763890909093,81.42381350909092,gem|osm|wri,3,operating,2060.0,MW,Chhattisgarh,Within the site's immediate surroundings,False,,False,0.7333,0.0,0.2,0.0,0.9631410256410257,0.4045,0.4045,0.1202,0.9247,0.3972,0.3972,0.5651,High,insufficient_evidence,Insufficient evidence,,"[{""key"": ""corroboration"", ""label"": ""Registry corroboration"", ""value"": 0.733, ""weight"": 0.3, ""contribution"": 0.22, ""detail"": ""3 of 3 registries place infrastructure within 3 km""}, {""key"": ""intensity"", ""label"": ""Thermal intensity"", ""value"": 0.963, ""weight"": 0.15, ""contribution"": 0.1445, ""detail"": ""FRP 11.6 MW, 96th percentile""}, {""key"": ""persistence"", ""label"": ""Repeat detections"", ""value"": 0.2, ""weight"": 0.2, ""contribution"": 0.04, ""detail"": ""seen on 1 separate days""}, {""key"": ""physics"", ""label"": ""Combustion temperature"", ""value"": 0.0, ""weight"": 0.25, ""contribution"": 0.0, ""detail"": ""retrieved 510 K (biomass like)""}, {""key"": ""nocturnal"", ""label"": ""Burns at night"", ""value"": 0.0, ""weight"": 0.1, ""contribution"": 0.0, ""detail"": ""0% of detections at night""}]",3.0,C28
324b5689e6dd,21.19626,81.41425,2026-09-22,323,D,Terra,MODIS,MODIS_NRT,78,1.0,1.0,21.2,81.41,13.45,,,319.97,288.6,478.9,0.015728038798551634,15728.0,1000000.0,smouldering,False,False,ok,2.46,scene,5.615646550490743,1.0,0.9759615384615384,1,1,0.0,0.2,,0.0,0.2,0.0,False,False,False,1.0,5.0,1.618,1.376,1.679,1.679,,8,1,11,0,osm|wri|gem,osm|wri|gem,3,0.6,F01788,BHILAI TPP,power_plant,21.184763890909093,81.42381350909092,gem|osm|wri,3,operating,2060.0,MW,Chhattisgarh,Within the site's immediate surroundings,False,,False,0.6,0.0,0.2,0.0,0.9759615384615384,0.3664,0.3664,0.0962,0.9319,0.3702,0.3702,0.5542,High,insufficient_evidence,Insufficient evidence,,"[{""key"": ""corroboration"", ""label"": ""Registry corroboration"", ""value"": 0.6, ""weight"": 0.3, ""contribution"": 0.18, ""detail"": ""3 of 3 registries place infrastructure within 3 km""}, {""key"": ""intensity"", ""label"": ""Thermal intensity"", ""value"": 0.976, ""weight"": 0.15, ""contribution"": 0.1464, ""detail"": ""FRP 13.4 MW, 98th percentile""}, {""key"": ""persistence"", ""label"": ""Repeat detections"", ""value"": 0.2, ""weight"": 0.2, ""contribution"": 0.04, ""detail"": ""seen on 1 separate days""}, {""key"": ""physics"", ""label"": ""Combustion temperature"", ""value"": 0.0, ""weight"": 0.25, ""contribution"": 0.0, ""detail"": ""retrieved 479 K (smouldering)""}, {""key"": ""nocturnal"", ""label"": ""Burns at night"", ""value"": 0.0, ""weight"": 0.1, ""contribution"": 0.0, ""detail"": ""0% of detections at night""}]",3.0,C28
c27762d743c2,21.26382,72.94082,2026-09-22,2049,N,N20,VIIRS,VIIRS_NOAA20_NRT,n,0.39,0.36,21.26,72.94,0.86,309.93,293.55,,,430.1,0.017644963896800467,2477.4,140400.0,smouldering,False,False,ok,2.46,scene,-0.8175645569413276,0.0,0.11137820512820513,1,1,1.0,0.2,,0.0,0.2,1.0,False,False,False,1.0,5.0,1.076,1.076,8.279,8.279,,2,0,0,0,osm|wri|gem,osm,1,0.2,F00752,,industrial_area,21.2570214,72.9334339,osm,1,unknown,,,,Within the site's immediate surroundings,False,,False,0.2,0.0,0.2,1.0,0.11137820512820513,0.2167,0.2167,0.324,0.3726,0.2723,0.2723,0.1737,Low,insufficient_evidence,Insufficient evidence,,"[{""key"": ""nocturnal"", ""label"": ""Burns at night"", ""value"": 1.0, ""weight"": 0.1, ""contribution"": 0.1, ""detail"": ""100% of detections at night""}, {""key"": ""corroboration"", ""label"": ""Registry corroboration"", ""value"": 0.2, ""weight"": 0.3, ""contribution"": 0.06, ""detail"": ""1 of 3 registries place infrastructure within 3 km""}, {""key"": ""persistence"", ""label"": ""Repeat detections"", ""value"": 0.2, ""weight"": 0.2, ""contribution"": 0.04, ""detail"": ""seen on 1 separate days""}, {""key"": ""intensity"", ""label"": ""Thermal intensity"", ""value"": 0.111, ""weight"": 0.15, ""contribution"": 0.0167, ""detail"": ""FRP 0.9 MW, 11th percentile""}, {""key"": ""physics"", ""label"": ""Combustion temperature"", ""value"": 0.0, ""weight"": 0.25, ""contribution"": 0.0, ""detail"": ""retrieved 430 K (smouldering)""}]",3.0,
32721a6e3aaa,21.27164,72.87063,2026-09-22,2027,N,N,VIIRS,VIIRS_SNPP_NRT,n,0.55,0.51,21.27,72.87,2.06,310.97,288.73,,,,,,280500.0,unknown,False,False,weak_11um,2.46,scene,-0.20439113923533184,0.0,0.41025641025641024,1,1,1.0,0.2,,0.0,0.2,1.0,False,False,False,1.0,5.0,2.748,2.748,4.797,4.797,,1,0,0,0,osm|wri|gem,osm,1,0.2,F00842,,industrial_area,21.2584047,72.8482398,osm,1,unknown,,,,Within the site's immediate surroundings,False,,False,0.2,0.25,0.2,1.0,0.41025641025641024,0.324,0.324,0.21,0.278,0.2829,0.2829,0.2083,Low,insufficient_evidence,Insufficient evidence,,"[{""key"": ""nocturnal"", ""label"": ""Burns at night"", ""value"": 1.0, ""weight"": 0.1, ""contribution"": 0.1, ""detail"": ""100% of detections at night""}, {""key"": ""physics"", ""label"": ""Combustion temperature"", ""value"": 0.25, ""weight"": 0.25, ""contribution"": 0.0625, ""detail"": ""temperature retrieval unavailable""}, {""key"": ""intensity"", ""label"": ""Thermal intensity"", ""value"": 0.41, ""weight"": 0.15, ""contribution"": 0.0615, ""detail"": ""FRP 2.1 MW, 41th percentile""}, {""key"": ""corroboration"", ""label"": ""Registry corroboration"", ""value"": 0.2, ""weight"": 0.3, ""contribution"": 0.06, ""detail"": ""1 of 3 registries place infrastructure within 3 km""}, {""key"": ""persistence"", ""label"": ""Repeat detections"", ""value"": 0.2, ""weight"": 0.2, ""contribution"": 0.04, ""detail"": ""seen on 1 separate days""}]",3.0,
38cccff36017,21.43204,72.97727,2026-09-22,2049,N,N20,VIIRS,VIIRS_NOAA20_NRT,n,0.39,0.36,21.43,72.98,0.84,305.11,291.29,,,480.6,0.004654880094524989,653.5,140400.0,smouldering,False,False,ok,2.46,scene,-0.8277841139030941,0.0,0.10737179487179487,1,1,1.0,0.2,,0.0,0.2,1.0,False,False,False,1.0,5.0,1.782,1.782,10.191,10.163,,1,0,0,0,osm|wri|gem,osm,1,0.2,F00375,,industrial_area,21.4185641,72.967945,osm,1,unknown,,,,Within the site's immediate surroundings,False,,False,0.2,0.0,0.2,1.0,0.10737179487179487,0.2161,0.2161,0.3323,0.3285,0.2678,0.2678,0.1712,Low,insufficient_evidence,Insufficient evidence,,"[{""key"": ""nocturnal"", ""label"": ""Burns at night"", ""value"": 1.0, ""weight"": 0.1, ""contribution"": 0.1, ""detail"": ""100% of detections at night""}, {""key"": ""corroboration"", ""label"": ""Registry corroboration"", ""value"": 0.2, ""weight"": 0.3, ""contribution"": 0.06, ""detail"": ""1 of 3 registries place infrastructure within 3 km""}, {""key"": ""persistence"", ""label"": ""Repeat detections"", ""value"": 0.2, ""weight"": 0.2, ""contribution"": 0.04, ""detail"": ""seen on 1 separate days""}, {""key"": ""intensity"", ""label"": ""Thermal intensity"", ""value"": 0.107, ""weight"": 0.15, ""contribution"": 0.0161, ""detail"": ""FRP 0.8 MW, 11th percentile""}, {""key"": ""physics"", ""label"": ""Combustion temperature"", ""value"": 0.0, ""weight"": 0.25, ""contribution"": 0.0, ""detail"": ""retrieved 481 K (smouldering)""}]",3.0,
9f9563a4533d,21.74708,83.84389,2026-09-22,722,D,N21,VIIRS,VIIRS_NOAA21_NRT,n,0.46,0.39,21.75,83.84,3.3,331.4,291.31,,,638.2,0.0027720897690169314,497.3,179400.0,biomass_like,False,False,ok,2.46,scene,0.4292213923941969,0.14307379746473228,0.6137820512820513,2,2,0.0,0.4,,0.0,0.4,0.0,False,True,False,2.0,5.0,6.569,17.747,6.863,6.486,,0,0,0,0,osm|wri|gem,,0,0.0,F02660,I.B.VALLEY,power_plant,21.689954485714285,83.86009962857143,gem|wri,2,operating,3480.0,MW,Odisha,Near industrial activity,False,,False,0.0,0.0,0.4,0.0,0.6137820512820513,0.1721,0.1721,0.0451,0.8798,0.2402,0.2402,0.2852,Low,insufficient_evidence,Insufficient evidence,,"[{""key"": ""intensity"", ""label"": ""Thermal intensity"", ""value"": 0.614, ""weight"": 0.15, ""contribution"": 0.0921, ""detail"": ""FRP 3.3 MW, 61th percentile""}, {""key"": ""persistence"", ""label"": ""Repeat detections"", ""value"": 0.4, ""weight"": 0.2, ""contribution"": 0.08, ""detail"": ""seen on 2 separate days""}, {""key"": ""corroboration"", ""label"": ""Registry corroboration"", ""value"": 0.0, ""weight"": 0.3, ""contribution"": 0.0, ""detail"": ""0 of 3 registries place infrastructure within 3 km""}, {""key"": ""physics"", ""label"": ""Combustion temperature"", ""value"": 0.0, ""weight"": 0.25, ""contribution"": 0.0, ""detail"": ""retrieved 638 K (biomass like)""}, {""key"": ""nocturnal"", ""label"": ""Burns at night"", ""value"": 0.0, ""weight"": 0.1, ""contribution"": 0.0, ""detail"": ""0% of detections at night""}]",3.0,C29
b94f90210e5f,21.80369,75.58145,2026-09-22,801,D,N,VIIRS,VIIRS_SNPP_NRT,n,0.39,0.44,21.8,75.58,2.7,332.35,298.01,,,524.7,0.009920890578475032,1702.4,171600.0,biomass_like,False,False,ok,2.46,scene,0.12263468354119923,0.04087822784706641,0.5408653846153846,1,1,0.0,0.2,,0.0,0.2,0.0,False,False,False,1.0,5.0,38.861,218.649,38.861,40.296,,0,0,0,0,osm|wri|gem,,0,0.0,F02725,KASRAWAD FACTORY,power_plant,22.1335,75.4568,wri,1,operating,10.0,MW,,No registered industrial site nearby,False,,False,0.0,0.0,0.2,0.0,0.5408653846153846,0.1211,0.1211,0.0,0.133,0.0866,0.0866,0.1433,Low,insufficient_evidence,Insufficient evidence,,"[{""key"": ""intensity"", ""label"": ""Thermal intensity"", ""value"": 0.541, ""weight"": 0.15, ""contribution"": 0.0811, ""detail"": ""FRP 2.7 MW, 54th percentile""}, {""key"": ""persistence"", ""label"": ""Repeat detections"", ""value"": 0.2, ""weight"": 0.2, ""contribution"": 0.04, ""detail"": ""seen on 1 separate days""}, {""key"": ""corroboration"", ""label"": ""Registry corroboration"", ""value"": 0.0, ""weight"": 0.3, ""contribution"": 0.0, ""detail"": ""0 of 3 registries place infrastructure within 3 km""}, {""key"": ""physics"", ""label"": ""Combustion temperature"", ""value"": 0.0, ""weight"": 0.25, ""contribution"": 0.0, ""detail"": ""retrieved 525 K (biomass like)""}, {""key"": ""nocturnal"", ""label"": ""Burns at night"", ""value"": 0.0, ""weight"": 0.1, ""contribution"": 0.0, ""detail"": ""0% of detections at night""}]",3.0,
cfbaab637075,21.86162,75.56395,2026-09-22,724,D,N21,VIIRS,VIIRS_NOAA21_NRT,h,0.48,0.64,21.86,75.56,11.27,367.0,292.62,,,,,,307200.0,unknown,True,False,saturated_lower_bound,2.46,scene,4.501714841658184,1.0,0.9599358974358975,1,1,0.0,0.2,,0.0,0.2,0.0,False,False,False,1.0,5.0,32.187,217.533,32.187,37.341,,0,0,0,0,osm|wri|gem,,0,0.0,F02725,KASRAWAD FACTORY,power_plant,22.1335,75.4568,wri,1,operating,10.0,MW,,No registered industrial site nearby,False,,False,0.0,0.25,0.2,0.0,0.9599358974358975,0.2465,0.2465,0.1783,0.7748,0.3053,0.3053,0.5234,Moderate,insufficient_evidence,Insufficient evidence,,"[{""key"": ""intensity"", ""label"": ""Thermal intensity"", ""value"": 0.96, ""weight"": 0.15, ""contribution"": 0.144, ""detail"": ""FRP 11.3 MW, 96th percentile""}, {""key"": ""physics"", ""label"": ""Combustion temperature"", ""value"": 0.25, ""weight"": 0.25, ""contribution"": 0.0625, ""detail"": ""temperature retrieval unavailable""}, {""key"": ""persistence"", ""label"": ""Repeat detections"", ""value"": 0.2, ""weight"": 0.2, ""contribution"": 0.04, ""detail"": ""seen on 1 separate days""}, {""key"": ""corroboration"", ""label"": ""Registry corroboration"", ""value"": 0.0, ""weight"": 0.3, ""contribution"": 0.0, ""detail"": ""0 of 3 registries place infrastructure within 3 km""}, {""key"": ""nocturnal"", ""label"": ""Burns at night"", ""value"": 0.0, ""weight"": 0.1, ""contribution"": 0.0, ""detail"": ""0% of detections at night""}]",3.0,
ce63044fab24,21.98676,83.23273,2026-09-22,2027,N,N,VIIRS,VIIRS_SNPP_NRT,n,0.42,0.38,21.99,83.23,0.7,295.01,264.67,,,,,,159600.0,unknown,False,False,weak_11um,2.46,scene,-0.8993210126354603,0.0,0.058493589743589744,1,1,1.0,0.2,,0.0,0.2,1.0,False,False,False,1.0,5.0,0.126,0.263,0.243,0.186,,4,1,5,0,osm|wri|gem,osm|wri|gem,3,1.0,F01787,RAIGARH TPP,steel,21.98576668,83.23331844000002,gem|osm|wri,3,operating,1261.5,MW,Chhattisgarh,On a registered industrial site,False,,False,1.0,0.25,0.2,1.0,0.058493589743589744,0.5113,0.5113,0.3073,0.8806,0.5055,0.5055,0.2733,Low,industrial_fire,Industrial fire,Moderate,"[{""key"": ""corroboration"", ""label"": ""Registry corroboration"", ""value"": 1.0, ""weight"": 0.3, ""contribution"": 0.3, ""detail"": ""3 of 3 registries place infrastructure within 3 km""}, {""key"": ""nocturnal"", ""label"": ""Burns at night"", ""value"": 1.0, ""weight"": 0.1, ""contribution"": 0.1, ""detail"": ""100% of detections at night""}, {""key"": ""physics"", ""label"": ""Combustion temperature"", ""value"": 0.25, ""weight"": 0.25, ""contribution"": 0.0625, ""detail"": ""temperature retrieval unavailable""}, {""key"": ""persistence"", ""label"": ""Repeat detections"", ""value"": 0.2, ""weight"": 0.2, ""contribution"": 0.04, ""detail"": ""seen on 1 separate days""}, {""key"": ""intensity"", ""label"": ""Thermal intensity"", ""value"": 0.058, ""weight"": 0.15, ""contribution"": 0.0088, ""detail"": ""FRP 0.7 MW, 6th percentile""}]",3.0,C52
95582f1a9369,22.04179,83.72925,2026-09-22,801,D,N,VIIRS,VIIRS_SNPP_NRT,n,0.44,0.38,22.04,83.73,6.7,329.56,287.54,,,,,,167200.0,unknown,False,False,weak_11um,2.46,scene,2.166546075894518,0.7221820252981727,0.8677884615384616,2,2,0.0,0.4,,0.0,0.4,0.0,False,True,False,2.0,5.0,18.888,29.59,29.333,18.888,,0,0,0,0,osm|wri|gem,,0,0.0,F03522,Darlipali power station,power_plant,21.963554,83.89187,gem,1,operating,4800.0,MW,Odisha,No registered industrial site nearby,False,,False,0.0,0.25,0.4,0.0,0.8677884615384616,0.2727,0.2727,0.0562,0.9231,0.3053,0.3053,0.4847,Moderate,insufficient_evidence,Insufficient evidence,,"[{""key"": ""intensity"", ""label"": ""Thermal intensity"", ""value"": 0.868, ""weight"": 0.15, ""contribution"": 0.1302, ""detail"": ""FRP 6.7 MW, 87th percentile""}, {""key"": ""persistence"", ""label"": ""Repeat detections"", ""value"": 0.4, ""weight"": 0.2, ""contribution"": 0.08, ""detail"": ""seen on 2 separate days""}, {""key"": ""physics"", ""label"": ""Combustion temperature"", ""value"": 0.25, ""weight"": 0.25, ""contribution"": 0.0625, ""detail"": ""temperature retrieval unavailable""}, {""key"": ""corroboration"", ""label"": ""Registry corroboration"", ""value"": 0.0, ""weight"": 0.3, ""contribution"": 0.0, ""detail"": ""0 of 3 registries place infrastructure within 3 km""}, {""key"": ""nocturnal"", ""label"": ""Burns at night"", ""value"": 0.0, ""weight"": 0.1, ""contribution"": 0.0, ""detail"": ""0% of detections at night""}]",3.0,C53
ff56b1558ada,22.11861,75.29721,2026-09-22,820,D,N20,VIIRS,VIIRS_NOAA20_NRT,n,0.39,0.36,22.12,75.3,3.58,334.03,299.23,,,,,,140400.0,unknown,False,False,weak_11um,2.46,scene,0.5722951898589294,0.1907650632863098,0.6514423076923077,1,1,0.0,0.2,,0.0,0.2,0.0,False,False,False,1.0,5.0,16.522,188.902,16.522,57.463,,0,0,0,0,osm|wri|gem,,0,0.0,F02725,KASRAWAD FACTORY,power_plant,22.1335,75.4568,wri,1,operating,10.0,MW,,No registered industrial site nearby,False,,False,0.0,0.25,0.2,0.0,0.6514423076923077,0.2002,0.2002,0.0,0.0633,0.1196,0.1196,0.2067,Low,insufficient_evidence,Insufficient evidence,,"[{""key"": ""intensity"", ""label"": ""Thermal intensity"", ""value"": 0.651, ""weight"": 0.15, ""contribution"": 0.0977, ""detail"": ""FRP 3.6 MW, 65th percentile""}, {""key"": ""physics"", ""label"": ""Combustion temperature"", ""value"": 0.25, ""weight"": 0.25, ""contribution"": 0.0625, ""detail"": ""temperature retrieval unavailable""}, {""key"": ""persistence"", ""label"": ""Repeat detections"", ""value"": 0.2, ""weight"": 0.2, ""contribution"": 0.04, ""detail"": ""seen on 1 separate days""}, {""key"": ""corroboration"", ""label"": ""Registry corroboration"", ""value"": 0.0, ""weight"": 0.3, ""contribution"": 0.0, ""detail"": ""0 of 3 registries place infrastructure within 3 km""}, {""key"": ""nocturnal"", ""label"": ""Burns at night"", ""value"": 0.0, ""weight"": 0.1, ""contribution"": 0.0, ""detail"": ""0% of detections at night""}]",3.0,
8d99d4ba96c6,22.2106,84.86958,2026-09-22,323,D,Terra,MODIS,MODIS_NRT,70,1.21,1.09,22.21,84.87,9.4,,,314.48,293.92,,,,1318900.0,unknown,False,False,weak_11um,2.46,scene,3.5461862657330085,1.0,0.9439102564102564,1,1,0.0,0.2,,0.0,0.2,0.0,False,False,False,1.0,5.0,0.069,1.557,96.164,0.069,,9,0,7,0,osm|wri|gem,osm|gem,2,0.5333,F03826,SAIL Rourkela steel plant,steel,22.210804,84.86895,gem,1,operating,4800.0,ttpa,Odisha,On a registered industrial site,False,,False,0.5333,0.25,0.2,0.0,0.9439102564102564,0.4041,0.4041,0.1783,0.9215,0.414,0.414,0.5707,High,insufficient_evidence,Insufficient evidence,,"[{""key"": ""corroboration"", ""label"": ""Registry corroboration"", ""value"": 0.533, ""weight"": 0.3, ""contribution"": 0.16, ""detail"": ""2 of 3 registries place infrastructure within 3 km""}, {""key"": ""intensity"", ""label"": ""Thermal intensity"", ""value"": 0.944, ""weight"": 0.15, ""contribution"": 0.1416, ""detail"": ""FRP 9.4 MW, 94th percentile""}, {""key"": ""physics"", ""label"": ""Combustion temperature"", ""value"": 0.25, ""weight"": 0.25, ""contribution"": 0.0625, ""detail"": ""temperature retrieval unavailable""}, {""key"": ""persistence"", ""label"": ""Repeat detections"", ""value"": 0.2, ""weight"": 0.2, ""contribution"": 0.04, ""detail"": ""seen on 1 separate days""}, {""key"": ""nocturnal"", ""label"": ""Burns at night"", ""value"": 0.0, ""weight"": 0.1, ""contribution"": 0.0, ""detail"": ""0% of detections at night""}]",3.0,
6054895d2d3c,22.31283,69.86509,2026-09-22,2208,N,N,VIIRS,VIIRS_SNPP_NRT,n,0.68,0.74,22.31,69.87,1.04,304.07,290.99,,,,,,503200.0,unknown,False,False,weak_11um,1.625,region,-0.5296336836158501,0.0,0.15384615384615385,1,1,1.0,0.2,,0.0,0.2,1.0,False,False,False,1.0,5.0,1.502,1.155,12.609,12.612,,3,0,0,0,osm|wri|gem,osm,1,0.2,F00156,,power_plant,22.3260172,69.86194155,osm,1,unknown,,,,Within the site's immediate surroundings,False,,False,0.2,0.25,0.2,1.0,0.15384615384615385,0.2856,0.2856,0.4075,0.2364,0.3148,0.3148,0.197,Low,insufficient_evidence,Insufficient evidence,,"[{""key"": ""nocturnal"", ""label"": ""Burns at night"", ""value"": 1.0, ""weight"": 0.1, ""contribution"": 0.1, ""detail"": ""100% of detections at night""}, {""key"": ""physics"", ""label"": ""Combustion temperature"", ""value"": 0.25, ""weight"": 0.25, ""contribution"": 0.0625, ""detail"": ""temperature retrieval unavailable""}, {""key"": ""corroboration"", ""label"": ""Registry corroboration"", ""value"": 0.2, ""weight"": 0.3, ""contribution"": 0.06, ""detail"": ""1 of 3 registries place infrastructure within 3 km""}, {""key"": ""persistence"", ""label"": ""Repeat detections"", ""value"": 0.2, ""weight"": 0.2, ""contribution"": 0.04, ""detail"": ""seen on 1 separate days""}, {""key"": ""intensity"", ""label"": ""Thermal intensity"", ""value"": 0.154, ""weight"": 0.15, ""contribution"": 0.0231, ""detail"": ""FRP 1.0 MW, 15th percentile""}]",3.0,C6
ea1799adafb1,22.314,69.86107,2026-09-22,2208,N,N,VIIRS,VIIRS_SNPP_NRT,n,0.68,0.74,22.31,69.86,0.7,307.6,290.97,,,,,,503200.0,unknown,False,False,weak_11um,1.625,region,-0.837454969819934,0.0,0.058493589743589744,2,2,1.0,0.4,,0.0,0.4,1.0,False,False,False,3.0,5.0,1.339,1.176,12.364,12.367,,3,0,0,0,osm|wri|gem,osm,1,0.2,F00156,,power_plant,22.3260172,69.86194155,osm,1,unknown,,,,Within the site's immediate surroundings,False,,False,0.2,0.25,0.4,1.0,0.058493589743589744,0.3113,0.3113,0.2317,0.7572,0.3543,0.3543,0.2453,Low,insufficient_evidence,Insufficient evidence,,"[{""key"": ""nocturnal"", ""label"": ""Burns at night"", ""value"": 1.0, ""weight"": 0.1, ""contribution"": 0.1, ""detail"": ""100% of detections at night""}, {""key"": ""persistence"", ""label"": ""Repeat detections"", ""value"": 0.4, ""weight"": 0.2, ""contribution"": 0.08, ""detail"": ""seen on 2 separate days""}, {""key"": ""physics"", ""label"": ""Combustion temperature"", ""value"": 0.25, ""weight"": 0.25, ""contribution"": 0.0625, ""detail"": ""temperature retrieval unavailable""}, {""key"": ""corroboration"", ""label"": ""Registry corroboration"", ""value"": 0.2, ""weight"": 0.3, ""contribution"": 0.06, ""detail"": ""1 of 3 registries place infrastructure within 3 km""}, {""key"": ""intensity"", ""label"": ""Thermal intensity"", ""value"": 0.058, ""weight"": 0.15, ""contribution"": 0.0088, ""detail"": ""FRP 0.7 MW, 6th percentile""}]",3.0,C6
cb61ebdf8215,22.32229,82.59002,2026-09-22,801,D,N,VIIRS,VIIRS_SNPP_NRT,n,0.41,0.37,22.32,82.59,2.58,332.73,287.3,,,,,,151700.0,unknown,False,False,weak_11um,2.46,scene,0.061317341770599616,0.020439113923533207,0.5176282051282052,1,1,0.0,0.2,,0.0,0.2,0.0,False,False,False,1.0,5.0,3.731,3.731,7.45,6.317,,0,0,0,0,osm|wri|gem,,0,0.0,F01932,South Eastern Coalfields Ltd. (SECL) - Junadih Rapid Coal Loading System (JRGR),industrial_area,22.3503301,82.5700986,osm,1,unknown,,,,Near industrial activity,False,,False,0.0,0.25,0.2,0.0,0.5176282051282052,0.1801,0.1801,0.0,0.4824,0.1714,0.1714,0.174,Low,insufficient_evidence,Insufficient evidence,,"[{""key"": ""intensity"", ""label"": ""Thermal intensity"", ""value"": 0.518, ""weight"": 0.15, ""contribution"": 0.0776, ""detail"": ""FRP 2.6 MW, 52th percentile""}, {""key"": ""physics"", ""label"": ""Combustion temperature"", ""value"": 0.25, ""weight"": 0.25, ""contribution"": 0.0625, ""detail"": ""temperature retrieval unavailable""}, {""key"": ""persistence"", ""label"": ""Repeat detections"", ""value"": 0.2, ""weight"": 0.2, ""contribution"": 0.04, ""detail"": ""seen on 1 separate days""}, {""key"": ""corroboration"", ""label"": ""Registry corroboration"", ""value"": 0.0, ""weight"": 0.3, ""contribution"": 0.0, ""detail"": ""0 of 3 registries place infrastructure within 3 km""}, {""key"": ""nocturnal"", ""label"": ""Burns at night"", ""value"": 0.0, ""weight"": 0.1, ""contribution"": 0.0, ""detail"": ""0% of detections at night""}]",3.0,
121c5d365d39,22.33889,69.85475,2026-09-22,2049,N,N20,VIIRS,VIIRS_NOAA20_NRT,n,0.53,0.42,22.34,69.85,2.17,309.11,297.57,,,424.0,0.015078168486826119,3356.4,222600.0,smouldering,False,False,ok,1.625,region,0.4934194146506637,0.1644731382168879,0.4326923076923077,2,2,1.0,0.4,,0.0,0.4,1.0,False,False,True,4.0,5.0,0.897,0.683,9.526,9.529,,6,0,0,0,osm|wri|gem,osm,1,0.3333,F00069,Reliance Refinery,refinery,22.339517200000003,69.86344815000001,osm,1,unknown,,,,On a registered industrial site,False,,False,0.3333,0.0,0.4,1.0,0.4326923076923077,0.3449,0.3449,0.2389,0.6947,0.3656,0.3656,0.3289,Low,insufficient_evidence,Insufficient evidence,,"[{""key"": ""corroboration"", ""label"": ""Registry corroboration"", ""value"": 0.333, ""weight"": 0.3, ""contribution"": 0.1, ""detail"": ""1 of 3 registries place infrastructure within 3 km""}, {""key"": ""nocturnal"", ""label"": ""Burns at night"", ""value"": 1.0, ""weight"": 0.1, ""contribution"": 0.1, ""detail"": ""100% of detections at night""}, {""key"": ""persistence"", ""label"": ""Repeat detections"", ""value"": 0.4, ""weight"": 0.2, ""contribution"": 0.08, ""detail"": ""seen on 2 separate days""}, {""key"": ""intensity"", ""label"": ""Thermal intensity"", ""value"": 0.433, ""weight"": 0.15, ""contribution"": 0.0649, ""detail"": ""FRP 2.2 MW, 43th percentile""}, {""key"": ""physics"", ""label"": ""Combustion temperature"", ""value"": 0.0, ""weight"": 0.25, ""contribution"": 0.0, ""detail"": ""retrieved 424 K (smouldering)""}]",3.0,C6
5a13f842d0a0,22.3562,82.30109,2026-09-22,820,D,N20,VIIRS,VIIRS_NOAA20_NRT,n,0.57,0.52,22.36,82.3,12.31,335.24,285.64,,,,,,296400.0,unknown,False,False,weak_11um,2.46,scene,5.033131803670049,1.0,0.969551282051282,1,1,0.0,0.2,,0.0,0.2,0.0,False,False,False,1.0,5.0,13.576,13.739,13.401,13.427,,0,0,0,0,osm|wri|gem,,0,0.0,F01826,BANDAKHAR TPP,power_plant,22.3417174,82.43216875,gem|osm|wri,3,operating,600.0,MW,Chhattisgarh,No registered industrial site nearby,False,,False,0.0,0.25,0.2,0.0,0.969551282051282,0.2479,0.2479,0.1462,0.7837,0.2978,0.2978,0.521,Moderate,insufficient_evidence,Insufficient evidence,,"[{""key"": ""intensity"", ""label"": ""Thermal intensity"", ""value"": 0.97, ""weight"": 0.15, ""contribution"": 0.1454, ""detail"": ""FRP 12.3 MW, 97th percentile""}, {""key"": ""physics"", ""label"": ""Combustion temperature"", ""value"": 0.25, ""weight"": 0.25, ""contribution"": 0.0625, ""detail"": ""temperature retrieval unavailable""}, {""key"": ""persistence"", ""label"": ""Repeat detections"", ""value"": 0.2, ""weight"": 0.2, ""contribution"": 0.04, ""detail"": ""seen on 1 separate days""}, {""key"": ""corroboration"", ""label"": ""Registry corroboration"", ""value"": 0.0, ""weight"": 0.3, ""contribution"": 0.0, ""detail"": ""0 of 3 registries place infrastructure within 3 km""}, {""key"": ""nocturnal"", ""label"": ""Burns at night"", ""value"": 0.0, ""weight"": 0.1, ""contribution"": 0.0, ""detail"": ""0% of detections at night""}]",3.0,
82b26181e6ba,22.36156,87.01673,2026-09-22,722,D,N21,VIIRS,VIIRS_NOAA21_NRT,n,0.38,0.36,22.36,87.02,5.71,329.31,295.8,,,,,,136800.0,unknown,False,False,weak_11um,2.46,scene,1.6606780062870716,0.5535593354290239,0.8333333333333334,2,2,0.5,0.4,,0.0,0.4,0.5,False,False,True,4.0,5.0,0.277,55.779,35.61,0.277,,0,0,1,0,osm|wri|gem,gem,1,0.3333,F03817,Orissa Steel & Power Jhargram Steel Plant,steel,22.3591,87.017184,gem,1,announced,1800.0,ttpa,West Bengal,On a registered industrial site,False,,False,0.3333,0.25,0.4,0.5,0.8333333333333334,0.4175,0.4175,0.4913,0.9071,0.5131,0.5131,0.5326,Moderate,industrial_fire,Industrial fire,Moderate,"[{""key"": ""intensity"", ""label"": ""Thermal intensity"", ""value"": 0.833, ""weight"": 0.15, ""contribution"": 0.125, ""detail"": ""FRP 5.7 MW, 83th percentile""}, {""key"": ""corroboration"", ""label"": ""Registry corroboration"", ""value"": 0.333, ""weight"": 0.3, ""contribution"": 0.1, ""detail"": ""1 of 3 registries place infrastructure within 3 km""}, {""key"": ""persistence"", ""label"": ""Repeat detections"", ""value"": 0.4, ""weight"": 0.2, ""contribution"": 0.08, ""detail"": ""seen on 2 separate days""}, {""key"": ""physics"", ""label"": ""Combustion temperature"", ""value"": 0.25, ""weight"": 0.25, ""contribution"": 0.0625, ""detail"": ""temperature retrieval unavailable""}, {""key"": ""nocturnal"", ""label"": ""Burns at night"", ""value"": 0.5, ""weight"": 0.1, ""contribution"": 0.05, ""detail"": ""50% of detections at night""}]",3.0,C54
efa92b452b2d,22.37771,87.27961,2026-09-22,722,D,N21,VIIRS,VIIRS_NOAA21_NRT,n,0.38,0.36,22.38,87.28,6.39,345.21,298.05,,,781.9,0.001526585629051141,208.8,136800.0,biomass_like,False,False,ok,2.46,scene,2.008142942987136,0.669380980995712,0.8589743589743589,2,2,0.5,0.4,,0.0,0.4,0.5,False,False,True,4.0,5.0,2.159,80.452,23.098,0.234,,0,0,3,0,osm|wri|gem,gem,1,0.3333,F03815,Orissa Alloy Steel Kharagpur Plant,steel,22.369567333333332,87.29867083333333,gem,1,operating,1000.0,ttpa,West Bengal,Within the site's immediate surroundings,False,,False,0.3333,0.0,0.4,0.5,0.8589743589743589,0.3588,0.3588,0.38,0.9487,0.4536,0.4536,0.5374,Moderate,industrial_fire,Industrial fire,Low,"[{""key"": ""intensity"", ""label"": ""Thermal intensity"", ""value"": 0.859, ""weight"": 0.15, ""contribution"": 0.1288, ""detail"": ""FRP 6.4 MW, 86th percentile""}, {""key"": ""corroboration"", ""label"": ""Registry corroboration"", ""value"": 0.333, ""weight"": 0.3, ""contribution"": 0.1, ""detail"": ""1 of 3 registries place infrastructure within 3 km""}, {""key"": ""persistence"", ""label"": ""Repeat detections"", ""value"": 0.4, ""weight"": 0.2, ""contribution"": 0.08, ""detail"": ""seen on 2 separate days""}, {""key"": ""nocturnal"", ""label"": ""Burns at night"", ""value"": 0.5, ""weight"": 0.1, ""contribution"": 0.05, ""detail"": ""50% of detections at night""}, {""key"": ""physics"", ""label"": ""Combustion temperature"", ""value"": 0.0, ""weight"": 0.25, ""contribution"": 0.0, ""detail"": ""retrieved 782 K (biomass like)""}]",3.0,C55
1aa17c3c0d6f,22.41307,69.04001,2026-09-22,2131,N,N21,VIIRS,VIIRS_NOAA21_NRT,n,0.51,0.5,22.41,69.04,0.69,306.19,294.62,,,,,,255000.0,unknown,False,False,weak_11um,2.4850000000000003,region,-1.2046874758810833,0.0,0.05128205128205128,1,1,1.0,0.2,,0.0,0.2,1.0,False,False,False,1.0,5.0,4.92,58.597,4.92,6.547,,0,0,0,0,osm|wri|gem,,0,0.0,F02958,Mithapur Solar Power Plant,power_plant,22.4077,68.9925,wri,1,operating,17.0,MW,,Near industrial activity,False,,False,0.0,0.25,0.2,1.0,0.05128205128205128,0.2102,0.2102,0.1433,0.597,0.2482,0.2482,0.1568,Low,insufficient_evidence,Insufficient evidence,,"[{""key"": ""nocturnal"", ""label"": ""Burns at night"", ""value"": 1.0, ""weight"": 0.1, ""contribution"": 0.1, ""detail"": ""100% of detections at night""}, {""key"": ""physics"", ""label"": ""Combustion temperature"", ""value"": 0.25, ""weight"": 0.25, ""contribution"": 0.0625, ""detail"": ""temperature retrieval unavailable""}, {""key"": ""persistence"", ""label"": ""Repeat detections"", ""value"": 0.2, ""weight"": 0.2, ""contribution"": 0.04, ""detail"": ""seen on 1 separate days""}, {""key"": ""intensity"", ""label"": ""Thermal intensity"", ""value"": 0.051, ""weight"": 0.15, ""contribution"": 0.0077, ""detail"": ""FRP 0.7 MW, 5th percentile""}, {""key"": ""corroboration"", ""label"": ""Registry corroboration"", ""value"": 0.0, ""weight"": 0.3, ""contribution"": 0.0, ""detail"": ""0 of 3 registries place infrastructure within 3 km""}]",3.0,C10
357191784578,22.41789,69.03757,2026-09-22,2049,N,N20,VIIRS,VIIRS_NOAA20_NRT,n,0.39,0.44,22.42,69.04,1.85,319.53,296.08,,,,,,171600.0,unknown,False,False,weak_11um,3.335,cell,-0.9966355998236257,0.0,0.37419871794871795,4,4,0.5,0.8,1.0,0.44270454101690915,0.8,0.5,False,False,False,4.0,5.0,4.77,58.941,4.77,6.212,,0,0,0,0,osm|wri|gem,,0,0.0,F02958,Mithapur Solar Power Plant,power_plant,22.4077,68.9925,wri,1,operating,17.0,MW,,Near industrial activity,False,,False,0.0,0.25,0.8,0.5,0.37419871794871795,0.3286,0.3286,0.6307,0.5296,0.4494,0.4494,0.3996,Moderate,industrial_fire,Industrial fire,Low,"[{""key"": ""persistence"", ""label"": ""Repeat detections"", ""value"": 0.8, ""weight"": 0.2, ""contribution"": 0.16, ""detail"": ""seen on 4 separate days""}, {""key"": ""physics"", ""label"": ""Combustion temperature"", ""value"": 0.25, ""weight"": 0.25, ""contribution"": 0.0625, ""detail"": ""temperature retrieval unavailable""}, {""key"": ""intensity"", ""label"": ""Thermal intensity"", ""value"": 0.374, ""weight"": 0.15, ""contribution"": 0.0561, ""detail"": ""FRP 1.9 MW, 37th percentile""}, {""key"": ""nocturnal"", ""label"": ""Burns at night"", ""value"": 0.5, ""weight"": 0.1, ""contribution"": 0.05, ""detail"": ""50% of detections at night""}, {""key"": ""corroboration"", ""label"": ""Registry corroboration"", ""value"": 0.0, ""weight"": 0.3, ""contribution"": 0.0, ""detail"": ""0 of 3 registries place infrastructure within 3 km""}]",3.0,C10
15dc3c8f4a69,22.57981,75.41228,2026-09-22,820,D,N20,VIIRS,VIIRS_NOAA20_NRT,n,0.39,0.36,22.58,75.41,2.61,335.77,304.26,,,545.3,0.007750408728720394,1088.2,140400.0,biomass_like,False,False,ok,2.46,scene,0.07664667721324941,0.025548892404416473,0.5280448717948718,1,1,0.0,0.2,,0.0,0.2,0.0,False,False,False,1.0,5.0,49.838,196.512,49.838,72.938,,0,0,0,0,osm|wri|gem,,0,0.0,F02725,KASRAWAD FACTORY,power_plant,22.1335,75.4568,wri,1,operating,10.0,MW,,No registered industrial site nearby,False,,False,0.0,0.0,0.2,0.0,0.5280448717948718,0.1192,0.1192,0.0,0.1466,0.0876,0.0876,0.1386,Low,insufficient_evidence,Insufficient evidence,,"[{""key"": ""intensity"", ""label"": ""Thermal intensity"", ""value"": 0.528, ""weight"": 0.15, ""contribution"": 0.0792, ""detail"": ""FRP 2.6 MW, 53th percentile""}, {""key"": ""persistence"", ""label"": ""Repeat detections"", ""value"": 0.2, ""weight"": 0.2, ""contribution"": 0.04, ""detail"": ""seen on 1 separate days""}, {""key"": ""corroboration"", ""label"": ""Registry corroboration"", ""value"": 0.0, ""weight"": 0.3, ""contribution"": 0.0, ""detail"": ""0 of 3 registries place infrastructure within 3 km""}, {""key"": ""physics"", ""label"": ""Combustion temperature"", ""value"": 0.0, ""weight"": 0.25, ""contribution"": 0.0, ""detail"": ""retrieved 545 K (biomass like)""}, {""key"": ""nocturnal"", ""label"": ""Burns at night"", ""value"": 0.0, ""weight"": 0.1, ""contribution"": 0.0, ""detail"": ""0% of detections at night""}]",3.0,
548b16b05024,22.6099,85.91265,2026-09-22,1951,N,N21,VIIRS,VIIRS_NOAA21_NRT,n,0.39,0.36,22.61,85.91,0.99,304.84,282.82,,,445.1,0.01261060219345824,1770.5,140400.0,smouldering,False,False,ok,2.46,scene,-0.7511374366898447,0.0,0.14102564102564102,1,1,1.0,0.2,,0.0,0.2,1.0,False,False,False,1.0,5.0,2.434,2.434,29.736,15.252,,3,0,0,0,osm|wri|gem,osm,1,0.2,F01309,,industrial_area,22.5885749,85.9072977,osm,1,unknown,,,,Within the site's immediate surroundings,False,,False,0.2,0.0,0.2,1.0,0.14102564102564102,0.2212,0.2212,0.3139,0.2821,0.2581,0.2581,0.1702,Low,insufficient_evidence,Insufficient evidence,,"[{""key"": ""nocturnal"", ""label"": ""Burns at night"", ""value"": 1.0, ""weight"": 0.1, ""contribution"": 0.1, ""detail"": ""100% of detections at night""}, {""key"": ""corroboration"", ""label"": ""Registry corroboration"", ""value"": 0.2, ""weight"": 0.3, ""contribution"": 0.06, ""detail"": ""1 of 3 registries place infrastructure within 3 km""}, {""key"": ""persistence"", ""label"": ""Repeat detections"", ""value"": 0.2, ""weight"": 0.2, ""contribution"": 0.04, ""detail"": ""seen on 1 separate days""}, {""key"": ""intensity"", ""label"": ""Thermal intensity"", ""value"": 0.141, ""weight"": 0.15, ""contribution"": 0.0212, ""detail"": ""FRP 1.0 MW, 14th percentile""}, {""key"": ""physics"", ""label"": ""Combustion temperature"", ""value"": 0.0, ""weight"": 0.25, ""contribution"": 0.0, ""detail"": ""retrieved 445 K (smouldering)""}]",3.0,
01b7d1be1eb2,22.73458,75.26518,2026-09-22,820,D,N20,VIIRS,VIIRS_NOAA20_NRT,n,0.39,0.36,22.73,75.27,5.2,336.91,304.3,,,551.8,0.007573648164559464,1063.3,140400.0,biomass_like,False,False,ok,2.46,scene,1.4000793037620236,0.46669310125400787,0.7964743589743589,1,1,0.0,0.2,,0.0,0.2,0.0,False,False,False,1.0,5.0,69.089,182.266,69.678,69.089,,0,0,0,0,osm|wri|gem,,0,0.0,F03596,Jhabua (Chetak) power station,power_plant,22.769455,74.592483,gem,1,cancelled,1320.0,MW,Madhya Pradesh,No registered industrial site nearby,False,,False,0.0,0.0,0.2,0.0,0.7964743589743589,0.1595,0.1595,0.0167,0.5489,0.1751,0.1751,0.3151,Low,insufficient_evidence,Insufficient evidence,,"[{""key"": ""intensity"", ""label"": ""Thermal intensity"", ""value"": 0.796, ""weight"": 0.15, ""contribution"": 0.1195, ""detail"": ""FRP 5.2 MW, 80th percentile""}, {""key"": ""persistence"", ""label"": ""Repeat detections"", ""value"": 0.2, ""weight"": 0.2, ""contribution"": 0.04, ""detail"": ""seen on 1 separate days""}, {""key"": ""corroboration"", ""label"": ""Registry corroboration"", ""value"": 0.0, ""weight"": 0.3, ""contribution"": 0.0, ""detail"": ""0 of 3 registries place infrastructure within 3 km""}, {""key"": ""physics"", ""label"": ""Combustion temperature"", ""value"": 0.0, ""weight"": 0.25, ""contribution"": 0.0, ""detail"": ""retrieved 552 K (biomass like)""}, {""key"": ""nocturnal"", ""label"": ""Burns at night"", ""value"": 0.0, ""weight"": 0.1, ""contribution"": 0.0, ""detail"": ""0% of detections at night""}]",3.0,
4792bbdb110d,22.78762,86.20168,2026-09-22,2027,N,N,VIIRS,VIIRS_SNPP_NRT,n,0.57,0.43,22.79,86.2,1.17,300.24,280.39,,,537.4,0.002095129258975822,513.5,245100.0,biomass_like,False,False,ok,2.46,scene,-0.6591614240339453,0.0,0.18189102564102563,1,1,1.0,0.2,,0.0,0.2,1.0,False,False,False,1.0,5.0,2.582,0.365,6.039,0.166,,36,0,4,0,osm|wri|gem,osm|gem,2,0.6667,F01137,JOJBERA,steel,22.77319612258065,86.22141611612903,gem|osm|wri,3,operating,1095.0,MW,Jharkhand,Within the site's immediate surroundings,False,,False,0.6667,0.0,0.2,1.0,0.18189102564102563,0.3673,0.3673,0.3082,0.7909,0.4131,0.4131,0.2441,Low,insufficient_evidence,Insufficient evidence,,"[{""key"": ""corroboration"", ""label"": ""Registry corroboration"", ""value"": 0.667, ""weight"": 0.3, ""contribution"": 0.2, ""detail"": ""2 of 3 registries place infrastructure within 3 km""}, {""key"": ""nocturnal"", ""label"": ""Burns at night"", ""value"": 1.0, ""weight"": 0.1, ""contribution"": 0.1, ""detail"": ""100% of detections at night""}, {""key"": ""persistence"", ""label"": ""Repeat detections"", ""value"": 0.2, ""weight"": 0.2, ""contribution"": 0.04, ""detail"": ""seen on 1 separate days""}, {""key"": ""intensity"", ""label"": ""Thermal intensity"", ""value"": 0.182, ""weight"": 0.15, ""contribution"": 0.0273, ""detail"": ""FRP 1.2 MW, 18th percentile""}, {""key"": ""physics"", ""label"": ""Combustion temperature"", ""value"": 0.0, ""weight"": 0.25, ""contribution"": 0.0, ""detail"": ""retrieved 537 K (biomass like)""}]",3.0,C30
1ed788f25f3a,22.78999,86.21065,2026-09-22,1951,N,N21,VIIRS,VIIRS_NOAA21_NRT,n,0.39,0.36,22.79,86.21,1.34,298.92,278.94,,,,,,140400.0,unknown,False,False,weak_11um,2.46,scene,-0.5722951898589292,0.0,0.2283653846153846,1,1,1.0,0.2,,0.0,0.2,1.0,False,False,False,1.0,5.0,2.169,0.522,5.508,1.121,,42,0,4,0,osm|wri|gem,osm|gem,2,0.5333,F01137,JOJBERA,steel,22.77319612258065,86.22141611612903,gem|osm|wri,3,operating,1095.0,MW,Jharkhand,Within the site's immediate surroundings,False,,False,0.5333,0.25,0.2,1.0,0.2283653846153846,0.3967,0.3967,0.3323,0.5449,0.3996,0.3996,0.2427,Low,insufficient_evidence,Insufficient evidence,,"[{""key"": ""corroboration"", ""label"": ""Registry corroboration"", ""value"": 0.533, ""weight"": 0.3, ""contribution"": 0.16, ""detail"": ""2 of 3 registries place infrastructure within 3 km""}, {""key"": ""nocturnal"", ""label"": ""Burns at night"", ""value"": 1.0, ""weight"": 0.1, ""contribution"": 0.1, ""detail"": ""100% of detections at night""}, {""key"": ""physics"", ""label"": ""Combustion temperature"", ""value"": 0.25, ""weight"": 0.25, ""contribution"": 0.0625, ""detail"": ""temperature retrieval unavailable""}, {""key"": ""persistence"", ""label"": ""Repeat detections"", ""value"": 0.2, ""weight"": 0.2, ""contribution"": 0.04, ""detail"": ""seen on 1 separate days""}, {""key"": ""intensity"", ""label"": ""Thermal intensity"", ""value"": 0.228, ""weight"": 0.15, ""contribution"": 0.0343, ""detail"": ""FRP 1.3 MW, 23th percentile""}]",3.0,C30
6e4b4c7c189f,22.80283,86.09015,2026-09-22,2046,N,N20,VIIRS,VIIRS_NOAA20_NRT,n,0.47,0.64,22.8,86.09,2.95,304.68,275.74,,,,,,300800.0,unknown,False,False,weak_11um,2.46,scene,0.25037914556328167,0.08345971518776056,0.5817307692307693,1,1,1.0,0.2,,0.0,0.2,1.0,False,False,False,1.0,5.0,0.593,0.163,5.037,1.283,,15,0,1,0,osm|wri|gem,osm|gem,2,0.5333,F01185,Tata Steel Long Products steel plant,steel,22.807917550000003,86.08841670000001,gem|osm,2,operating,950.0,ttpa,Jharkhand,On a registered industrial site,False,,False,0.5333,0.25,0.2,1.0,0.5817307692307693,0.4497,0.4497,0.764,0.5601,0.5606,0.5606,0.3713,Moderate,industrial_fire,Industrial fire,Moderate,"[{""key"": ""corroboration"", ""label"": ""Registry corroboration"", ""value"": 0.533, ""weight"": 0.3, ""contribution"": 0.16, ""detail"": ""2 of 3 registries place infrastructure within 3 km""}, {""key"": ""nocturnal"", ""label"": ""Burns at night"", ""value"": 1.0, ""weight"": 0.1, ""contribution"": 0.1, ""detail"": ""100% of detections at night""}, {""key"": ""intensity"", ""label"": ""Thermal intensity"", ""value"": 0.582, ""weight"": 0.15, ""contribution"": 0.0873, ""detail"": ""FRP 3.0 MW, 58th percentile""}, {""key"": ""physics"", ""label"": ""Combustion temperature"", ""value"": 0.25, ""weight"": 0.25, ""contribution"": 0.0625, ""detail"": ""temperature retrieval unavailable""}, {""key"": ""persistence"", ""label"": ""Repeat detections"", ""value"": 0.2, ""weight"": 0.2, ""contribution"": 0.04, ""detail"": ""seen on 1 separate days""}]",3.0,
b46671370b57,22.84245,75.37941,2026-09-22,820,D,N20,VIIRS,VIIRS_NOAA20_NRT,n,0.39,0.37,22.84,75.38,2.23,330.15,299.58,,,,,,144300.0,unknown,False,False,weak_11um,2.46,scene,-0.11752490506031582,0.0,0.4479166666666667,1,1,0.0,0.2,,0.0,0.2,0.0,False,False,False,1.0,5.0,67.275,195.379,67.275,81.069,,0,0,0,0,osm|wri|gem,,0,0.0,F02990,NAGDA GRASIM,power_plant,23.4469,75.408,wri,1,operating,45.5,MW,,No registered industrial site nearby,False,,False,0.0,0.25,0.2,0.0,0.4479166666666667,0.1697,0.1697,0.0,0.3582,0.1471,0.1471,0.151,Low,insufficient_evidence,Insufficient evidence,,"[{""key"": ""intensity"", ""label"": ""Thermal intensity"", ""value"": 0.448, ""weight"": 0.15, ""contribution"": 0.0672, ""detail"": ""FRP 2.2 MW, 45th percentile""}, {""key"": ""physics"", ""label"": ""Combustion temperature"", ""value"": 0.25, ""weight"": 0.25, ""contribution"": 0.0625, ""detail"": ""temperature retrieval unavailable""}, {""key"": ""persistence"", ""label"": ""Repeat detections"", ""value"": 0.2, ""weight"": 0.2, ""contribution"": 0.04, ""detail"": ""seen on 1 separate days""}, {""key"": ""corroboration"", ""label"": ""Registry corroboration"", ""value"": 0.0, ""weight"": 0.3, ""contribution"": 0.0, ""detail"": ""0 of 3 registries place infrastructure within 3 km""}, {""key"": ""nocturnal"", ""label"": ""Burns at night"", ""value"": 0.0, ""weight"": 0.1, ""contribution"": 0.0, ""detail"": ""0% of detections at night""}]",3.0,
3f168aba613d,22.86431,76.12888,2026-09-22,820,D,N20,VIIRS,VIIRS_NOAA20_NRT,n,0.41,0.37,22.86,76.13,2.99,335.44,301.94,,,,,,151700.0,unknown,False,False,weak_11um,2.46,scene,0.27081825948681487,0.09027275316227162,0.5833333333333334,1,1,0.0,0.2,,0.0,0.2,0.0,False,False,False,1.0,5.0,6.895,271.832,6.895,93.306,,0,0,0,0,osm|wri|gem,,0,0.0,F02663,IL&FS Kaladeh Wind Farm,power_plant,22.8396,76.1906,wri,1,operating,24.0,MW,,Near industrial activity,False,,False,0.0,0.25,0.2,0.0,0.5833333333333334,0.19,0.19,0.0,0.242,0.1408,0.1408,0.1843,Low,insufficient_evidence,Insufficient evidence,,"[{""key"": ""intensity"", ""label"": ""Thermal intensity"", ""value"": 0.583, ""weight"": 0.15, ""contribution"": 0.0875, ""detail"": ""FRP 3.0 MW, 58th percentile""}, {""key"": ""physics"", ""label"": ""Combustion temperature"", ""value"": 0.25, ""weight"": 0.25, ""contribution"": 0.0625, ""detail"": ""temperature retrieval unavailable""}, {""key"": ""persistence"", ""label"": ""Repeat detections"", ""value"": 0.2, ""weight"": 0.2, ""contribution"": 0.04, ""detail"": ""seen on 1 separate days""}, {""key"": ""corroboration"", ""label"": ""Registry corroboration"", ""value"": 0.0, ""weight"": 0.3, ""contribution"": 0.0, ""detail"": ""0 of 3 registries place infrastructure within 3 km""}, {""key"": ""nocturnal"", ""label"": ""Burns at night"", ""value"": 0.0, ""weight"": 0.1, ""contribution"": 0.0, ""detail"": ""0% of detections at night""}]",3.0,
39b72e69fd92,22.87195,88.21349,2026-09-22,1951,N,N21,VIIRS,VIIRS_NOAA21_NRT,n,0.39,0.36,22.87,88.21,0.25,298.5,275.21,,,,,,140400.0,unknown,False,False,weak_11um,2.46,scene,-1.1292610442752087,0.0,0.003205128205128205,1,1,1.0,0.2,,0.0,0.2,1.0,False,False,False,1.0,5.0,7.093,136.019,22.44,7.093,,0,0,0,0,osm|wri|gem,,0,0.0,F03722,Singur power station,power_plant,22.81,88.23,gem,1,cancelled,1600.0,MW,West Bengal,Near industrial activity,False,,False,0.0,0.25,0.2,1.0,0.003205128205128205,0.203,0.203,0.1233,0.5785,0.2354,0.2354,0.1463,Low,insufficient_evidence,Insufficient evidence,,"[{""key"": ""nocturnal"", ""label"": ""Burns at night"", ""value"": 1.0, ""weight"": 0.1, ""contribution"": 0.1, ""detail"": ""100% of detections at night""}, {""key"": ""physics"", ""label"": ""Combustion temperature"", ""value"": 0.25, ""weight"": 0.25, ""contribution"": 0.0625, ""detail"": ""temperature retrieval unavailable""}, {""key"": ""persistence"", ""label"": ""Repeat detections"", ""value"": 0.2, ""weight"": 0.2, ""contribution"": 0.04, ""detail"": ""seen on 1 separate days""}, {""key"": ""intensity"", ""label"": ""Thermal intensity"", ""value"": 0.003, ""weight"": 0.15, ""contribution"": 0.0005, ""detail"": ""FRP 0.2 MW, 0th percentile""}, {""key"": ""corroboration"", ""label"": ""Registry corroboration"", ""value"": 0.0, ""weight"": 0.3, ""contribution"": 0.0, ""detail"": ""0 of 3 registries place infrastructure within 3 km""}]",3.0,
3fab4f3aa73f,22.93286,69.69775,2026-09-22,2049,N,N20,VIIRS,VIIRS_NOAA20_NRT,n,0.54,0.42,22.93,69.7,1.61,314.02,296.08,,,,,,226800.0,unknown,False,False,weak_11um,1.9900000000000002,cell,-0.6030740908261321,0.0,0.3060897435897436,4,4,0.75,0.8,1.0,0.5603961384005163,0.8,0.75,False,False,False,4.0,5.0,0.517,0.517,4.774,18.821,,1,0,0,0,osm|wri|gem,osm,1,0.3333,F00687,,power_plant,22.9313765,69.7025362,osm,1,unknown,,,,On a registered industrial site,False,,False,0.3333,0.25,0.8,0.75,0.3060897435897436,0.4434,0.4434,0.6307,0.5625,0.5175,0.5175,0.4235,Moderate,industrial_fire,Industrial fire,Moderate,"[{""key"": ""persistence"", ""label"": ""Repeat detections"", ""value"": 0.8, ""weight"": 0.2, ""contribution"": 0.16, ""detail"": ""seen on 4 separate days""}, {""key"": ""corroboration"", ""label"": ""Registry corroboration"", ""value"": 0.333, ""weight"": 0.3, ""contribution"": 0.1, ""detail"": ""1 of 3 registries place infrastructure within 3 km""}, {""key"": ""nocturnal"", ""label"": ""Burns at night"", ""value"": 0.75, ""weight"": 0.1, ""contribution"": 0.075, ""detail"": ""75% of detections at night""}, {""key"": ""physics"", ""label"": ""Combustion temperature"", ""value"": 0.25, ""weight"": 0.25, ""contribution"": 0.0625, ""detail"": ""temperature retrieval unavailable""}, {""key"": ""intensity"", ""label"": ""Thermal intensity"", ""value"": 0.306, ""weight"": 0.15, ""contribution"": 0.0459, ""detail"": ""FRP 1.6 MW, 31th percentile""}]",3.0,C11
f2d4b8a879e6,22.94288,75.72162,2026-09-22,820,D,N20,VIIRS,VIIRS_NOAA20_NRT,n,0.4,0.37,22.94,75.72,3.47,339.25,306.6,,,530.2,0.011038416876940967,1633.7,148000.0,biomass_like,False,False,ok,2.46,scene,0.5160876265692131,0.17202920885640438,0.6370192307692307,1,1,0.0,0.2,,0.0,0.2,0.0,False,False,False,1.0,5.0,36.202,231.783,36.202,98.511,,0,0,0,0,osm|wri|gem,,0,0.0,F03020,Nagda Hills Wind Energy project,power_plant,22.8985,76.0718,wri,1,operating,6.25,MW,,No registered industrial site nearby,False,,False,0.0,0.0,0.2,0.0,0.6370192307692307,0.1356,0.1356,0.0,0.1058,0.0904,0.0904,0.1874,Low,insufficient_evidence,Insufficient evidence,,"[{""key"": ""intensity"", ""label"": ""Thermal intensity"", ""value"": 0.637, ""weight"": 0.15, ""contribution"": 0.0956, ""detail"": ""FRP 3.5 MW, 64th percentile""}, {""key"": ""persistence"", ""label"": ""Repeat detections"", ""value"": 0.2, ""weight"": 0.2, ""contribution"": 0.04, ""detail"": ""seen on 1 separate days""}, {""key"": ""corroboration"", ""label"": ""Registry corroboration"", ""value"": 0.0, ""weight"": 0.3, ""contribution"": 0.0, ""detail"": ""0 of 3 registries place infrastructure within 3 km""}, {""key"": ""physics"", ""label"": ""Combustion temperature"", ""value"": 0.0, ""weight"": 0.25, ""contribution"": 0.0, ""detail"": ""retrieved 530 K (biomass like)""}, {""key"": ""nocturnal"", ""label"": ""Burns at night"", ""value"": 0.0, ""weight"": 0.1, ""contribution"": 0.0, ""detail"": ""0% of detections at night""}]",3.0,
f376f745335a,22.95232,75.78792,2026-09-22,820,D,N20,VIIRS,VIIRS_NOAA20_NRT,n,0.4,0.37,22.95,75.79,3.2,335.98,305.34,,,553.9,0.006784372372356436,1004.1,148000.0,biomass_like,False,False,ok,2.46,scene,0.37812360758536406,0.1260412025284547,0.6041666666666666,1,1,0.0,0.2,,0.0,0.2,0.0,False,False,False,1.0,5.0,29.682,238.651,29.682,98.866,,0,0,0,0,osm|wri|gem,,0,0.0,F03020,Nagda Hills Wind Energy project,power_plant,22.8985,76.0718,wri,1,operating,6.25,MW,,No registered industrial site nearby,False,,False,0.0,0.0,0.2,0.0,0.6041666666666666,0.1306,0.1306,0.0,0.0777,0.0835,0.0835,0.1695,Low,insufficient_evidence,Insufficient evidence,,"[{""key"": ""intensity"", ""label"": ""Thermal intensity"", ""value"": 0.604, ""weight"": 0.15, ""contribution"": 0.0906, ""detail"": ""FRP 3.2 MW, 60th percentile""}, {""key"": ""persistence"", ""label"": ""Repeat detections"", ""value"": 0.2, ""weight"": 0.2, ""contribution"": 0.04, ""detail"": ""seen on 1 separate days""}, {""key"": ""corroboration"", ""label"": ""Registry corroboration"", ""value"": 0.0, ""weight"": 0.3, ""contribution"": 0.0, ""detail"": ""0 of 3 registries place infrastructure within 3 km""}, {""key"": ""physics"", ""label"": ""Combustion temperature"", ""value"": 0.0, ""weight"": 0.25, ""contribution"": 0.0, ""detail"": ""retrieved 554 K (biomass like)""}, {""key"": ""nocturnal"", ""label"": ""Burns at night"", ""value"": 0.0, ""weight"": 0.1, ""contribution"": 0.0, ""detail"": ""0% of detections at night""}]",3.0,C56
04b5b2eba197,23.09834,75.7123,2026-09-22,820,D,N20,VIIRS,VIIRS_NOAA20_NRT,n,0.4,0.37,23.1,75.71,1.87,334.19,305.25,,,544.3,0.0069298462094701755,1025.6,148000.0,biomass_like,False,False,ok,2.46,scene,-0.3014769303721144,0.0,0.38060897435897434,1,1,0.0,0.2,,0.0,0.2,0.0,False,False,False,1.0,5.0,42.986,234.472,42.986,115.775,,0,0,0,0,osm|wri|gem,,0,0.0,F03020,Nagda Hills Wind Energy project,power_plant,22.8985,76.0718,wri,1,operating,6.25,MW,,No registered industrial site nearby,False,,False,0.0,0.0,0.2,0.0,0.38060897435897434,0.0971,0.0971,0.0,0.2171,0.086,0.086,0.1168,Low,insufficient_evidence,Insufficient evidence,,"[{""key"": ""intensity"", ""label"": ""Thermal intensity"", ""value"": 0.381, ""weight"": 0.15, ""contribution"": 0.0571, ""detail"": ""FRP 1.9 MW, 38th percentile""}, {""key"": ""persistence"", ""label"": ""Repeat detections"", ""value"": 0.2, ""weight"": 0.2, ""contribution"": 0.04, ""detail"": ""seen on 1 separate days""}, {""key"": ""corroboration"", ""label"": ""Registry corroboration"", ""value"": 0.0, ""weight"": 0.3, ""contribution"": 0.0, ""detail"": ""0 of 3 registries place infrastructure within 3 km""}, {""key"": ""physics"", ""label"": ""Combustion temperature"", ""value"": 0.0, ""weight"": 0.25, ""contribution"": 0.0, ""detail"": ""retrieved 544 K (biomass like)""}, {""key"": ""nocturnal"", ""label"": ""Burns at night"", ""value"": 0.0, ""weight"": 0.1, ""contribution"": 0.0, ""detail"": ""0% of detections at night""}]",3.0,C57
95f49b5fbd76,23.1648,82.34029,2026-09-22,801,D,N,VIIRS,VIIRS_SNPP_NRT,n,0.4,0.37,23.16,82.34,3.28,330.31,292.31,,,,,,148000.0,unknown,False,False,weak_11um,2.46,scene,0.4190018354324303,0.13966727847747676,0.6121794871794872,1,1,0.0,0.2,,0.0,0.2,0.0,False,False,False,1.0,5.0,37.193,79.813,57.701,37.193,,0,0,0,0,osm|wri|gem,,0,0.0,F03437,Adani Anuppur Thermal Power Plant,power_plant,23.206979,81.979321,gem,1,announced,3200.0,MW,Madhya Pradesh,No registered industrial site nearby,False,,False,0.0,0.25,0.2,0.0,0.6121794871794872,0.1943,0.1943,0.0,0.024,0.1105,0.1105,0.1859,Low,insufficient_evidence,Insufficient evidence,,"[{""key"": ""intensity"", ""label"": ""Thermal intensity"", ""value"": 0.612, ""weight"": 0.15, ""contribution"": 0.0918, ""detail"": ""FRP 3.3 MW, 61th percentile""}, {""key"": ""physics"", ""label"": ""Combustion temperature"", ""value"": 0.25, ""weight"": 0.25, ""contribution"": 0.0625, ""detail"": ""temperature retrieval unavailable""}, {""key"": ""persistence"", ""label"": ""Repeat detections"", ""value"": 0.2, ""weight"": 0.2, ""contribution"": 0.04, ""detail"": ""seen on 1 separate days""}, {""key"": ""corroboration"", ""label"": ""Registry corroboration"", ""value"": 0.0, ""weight"": 0.3, ""contribution"": 0.0, ""detail"": ""0 of 3 registries place infrastructure within 3 km""}, {""key"": ""nocturnal"", ""label"": ""Burns at night"", ""value"": 0.0, ""weight"": 0.1, ""contribution"": 0.0, ""detail"": ""0% of detections at night""}]",3.0,
15713e7ba30d,23.19924,69.42709,2026-09-22,801,D,N,VIIRS,VIIRS_SNPP_NRT,n,0.43,0.62,23.2,69.43,5.34,338.94,298.54,,,,,,266600.0,unknown,False,False,weak_11um,2.46,scene,1.4716162024943895,0.4905387341647965,0.8092948717948718,1,1,0.0,0.2,,0.0,0.2,0.0,False,False,False,1.0,5.0,21.598,21.598,41.55,37.912,,0,0,0,0,osm|wri|gem,,0,0.0,F00750,,industrial_area,23.1793211,69.637278,osm,1,unknown,,,,No registered industrial site nearby,False,,False,0.0,0.25,0.2,0.0,0.8092948717948718,0.2239,0.2239,0.0291,0.2829,0.1743,0.1743,0.322,Low,insufficient_evidence,Insufficient evidence,,"[{""key"": ""intensity"", ""label"": ""Thermal intensity"", ""value"": 0.809, ""weight"": 0.15, ""contribution"": 0.1214, ""detail"": ""FRP 5.3 MW, 81th percentile""}, {""key"": ""physics"", ""label"": ""Combustion temperature"", ""value"": 0.25, ""weight"": 0.25, ""contribution"": 0.0625, ""detail"": ""temperature retrieval unavailable""}, {""key"": ""persistence"", ""label"": ""Repeat detections"", ""value"": 0.2, ""weight"": 0.2, ""contribution"": 0.04, ""detail"": ""seen on 1 separate days""}, {""key"": ""corroboration"", ""label"": ""Registry corroboration"", ""value"": 0.0, ""weight"": 0.3, ""contribution"": 0.0, ""detail"": ""0 of 3 registries place infrastructure within 3 km""}, {""key"": ""nocturnal"", ""label"": ""Burns at night"", ""value"": 0.0, ""weight"": 0.1, ""contribution"": 0.0, ""detail"": ""0% of detections at night""}]",3.0,
29d809da6d97,23.28314,72.4164,2026-09-22,2049,N,N20,VIIRS,VIIRS_NOAA20_NRT,n,0.42,0.37,23.28,72.42,0.81,310.22,294.77,,,,,,155400.0,unknown,False,False,weak_11um,2.46,scene,-0.843113449345744,0.0,0.09615384615384616,1,1,1.0,0.2,,0.0,0.2,1.0,False,False,False,1.0,5.0,1.866,1.866,16.41,26.564,,3,0,0,0,osm|wri|gem,osm,1,0.2,F00138,,industrial_area,23.2857263,72.3983501,osm,1,unknown,,,,Within the site's immediate surroundings,False,,False,0.2,0.25,0.2,1.0,0.09615384615384616,0.2769,0.2769,0.3323,0.2131,0.284,0.284,0.1774,Low,insufficient_evidence,Insufficient evidence,,"[{""key"": ""nocturnal"", ""label"": ""Burns at night"", ""value"": 1.0, ""weight"": 0.1, ""contribution"": 0.1, ""detail"": ""100% of detections at night""}, {""key"": ""physics"", ""label"": ""Combustion temperature"", ""value"": 0.25, ""weight"": 0.25, ""contribution"": 0.0625, ""detail"": ""temperature retrieval unavailable""}, {""key"": ""corroboration"", ""label"": ""Registry corroboration"", ""value"": 0.2, ""weight"": 0.3, ""contribution"": 0.06, ""detail"": ""1 of 3 registries place infrastructure within 3 km""}, {""key"": ""persistence"", ""label"": ""Repeat detections"", ""value"": 0.2, ""weight"": 0.2, ""contribution"": 0.04, ""detail"": ""seen on 1 separate days""}, {""key"": ""intensity"", ""label"": ""Thermal intensity"", ""value"": 0.096, ""weight"": 0.15, ""contribution"": 0.0144, ""detail"": ""FRP 0.8 MW, 10th percentile""}]",3.0,
fa63733a9f75,23.35689,75.066,2026-09-22,820,D,N20,VIIRS,VIIRS_NOAA20_NRT,n,0.39,0.36,23.36,75.07,3.49,345.01,302.87,,,720.2,0.0021751674830881762,305.4,140400.0,biomass_like,False,False,ok,2.46,scene,0.5263071835309797,0.1754357278436599,0.6394230769230769,1,1,0.0,0.2,,0.0,0.2,0.0,False,False,False,1.0,5.0,35.452,173.004,35.452,66.826,,0,0,0,0,osm|wri|gem,,0,0.0,F02448,Bhat Khedi Wind Farm,power_plant,23.6756,75.0565,wri,1,operating,98.7,MW,,No registered industrial site nearby,False,,False,0.0,0.0,0.2,0.0,0.6394230769230769,0.1359,0.1359,0.0,0.4623,0.1441,0.1441,0.2126,Low,insufficient_evidence,Insufficient evidence,,"[{""key"": ""intensity"", ""label"": ""Thermal intensity"", ""value"": 0.639, ""weight"": 0.15, ""contribution"": 0.0959, ""detail"": ""FRP 3.5 MW, 64th percentile""}, {""key"": ""persistence"", ""label"": ""Repeat detections"", ""value"": 0.2, ""weight"": 0.2, ""contribution"": 0.04, ""detail"": ""seen on 1 separate days""}, {""key"": ""corroboration"", ""label"": ""Registry corroboration"", ""value"": 0.0, ""weight"": 0.3, ""contribution"": 0.0, ""detail"": ""0 of 3 registries place infrastructure within 3 km""}, {""key"": ""physics"", ""label"": ""Combustion temperature"", ""value"": 0.0, ""weight"": 0.25, ""contribution"": 0.0, ""detail"": ""retrieved 720 K (biomass like)""}, {""key"": ""nocturnal"", ""label"": ""Burns at night"", ""value"": 0.0, ""weight"": 0.1, ""contribution"": 0.0, ""detail"": ""0% of detections at night""}]",3.0,
9b99bb9b237a,23.51768,87.27235,2026-09-22,2027,N,N,VIIRS,VIIRS_SNPP_NRT,n,0.42,0.45,23.52,87.27,0.76,299.68,279.55,,,437.8,0.01125889136646884,2127.9,189000.0,smouldering,False,False,ok,2.46,scene,-0.8686623417501604,0.0,0.08333333333333333,1,1,1.0,0.2,,0.0,0.2,1.0,False,False,False,1.0,5.0,0.684,38.35,2.718,0.684,,0,1,7,0,osm|wri|gem,wri|gem,2,0.5333,F03824,SAIL Alloy Steel Plant,steel,23.522882,87.275935,gem,1,operating,270.0,ttpa,West Bengal,On a registered industrial site,False,,False,0.5333,0.0,0.2,1.0,0.08333333333333333,0.3125,0.3125,0.6307,0.6434,0.4576,0.4576,0.2543,Low,industrial_fire,Industrial fire,Low,"[{""key"": ""corroboration"", ""label"": ""Registry corroboration"", ""value"": 0.533, ""weight"": 0.3, ""contribution"": 0.16, ""detail"": ""2 of 3 registries place infrastructure within 3 km""}, {""key"": ""nocturnal"", ""label"": ""Burns at night"", ""value"": 1.0, ""weight"": 0.1, ""contribution"": 0.1, ""detail"": ""100% of detections at night""}, {""key"": ""persistence"", ""label"": ""Repeat detections"", ""value"": 0.2, ""weight"": 0.2, ""contribution"": 0.04, ""detail"": ""seen on 1 separate days""}, {""key"": ""intensity"", ""label"": ""Thermal intensity"", ""value"": 0.083, ""weight"": 0.15, ""contribution"": 0.0125, ""detail"": ""FRP 0.8 MW, 8th percentile""}, {""key"": ""physics"", ""label"": ""Combustion temperature"", ""value"": 0.0, ""weight"": 0.25, ""contribution"": 0.0, ""detail"": ""retrieved 438 K (smouldering)""}]",3.0,
9e67bcbf46e5,23.55834,87.23939,2026-09-22,1949,N,N21,VIIRS,VIIRS_NOAA21_NRT,n,0.38,0.36,23.56,87.24,0.64,302.46,273.5,,,,,,136800.0,unknown,False,False,weak_11um,2.46,scene,-0.92997968352076,0.0,0.040865384615384616,1,1,1.0,0.2,,0.0,0.2,1.0,False,False,False,1.0,5.0,1.177,33.347,3.227,1.177,,0,0,4,0,osm|wri|gem,gem,1,0.2,F03538,Durgapur SAIL power station,power_plant,23.551805,87.248475,gem,1,operating,120.0,MW,West Bengal,Within the site's immediate surroundings,False,,False,0.2,0.25,0.2,1.0,0.040865384615384616,0.2686,0.2686,0.1433,0.2115,0.2224,0.2224,0.1442,Low,insufficient_evidence,Insufficient evidence,,"[{""key"": ""nocturnal"", ""label"": ""Burns at night"", ""value"": 1.0, ""weight"": 0.1, ""contribution"": 0.1, ""detail"": ""100% of detections at night""}, {""key"": ""physics"", ""label"": ""Combustion temperature"", ""value"": 0.25, ""weight"": 0.25, ""contribution"": 0.0625, ""detail"": ""temperature retrieval unavailable""}, {""key"": ""corroboration"", ""label"": ""Registry corroboration"", ""value"": 0.2, ""weight"": 0.3, ""contribution"": 0.06, ""detail"": ""1 of 3 registries place infrastructure within 3 km""}, {""key"": ""persistence"", ""label"": ""Repeat detections"", ""value"": 0.2, ""weight"": 0.2, ""contribution"": 0.04, ""detail"": ""seen on 1 separate days""}, {""key"": ""intensity"", ""label"": ""Thermal intensity"", ""value"": 0.041, ""weight"": 0.15, ""contribution"": 0.0061, ""detail"": ""FRP 0.6 MW, 4th percentile""}]",3.0,C58
d3a32299c13a,23.5595,87.23194,2026-09-22,1949,N,N21,VIIRS,VIIRS_NOAA21_NRT,n,0.38,0.36,23.56,87.23,0.42,299.2,271.41,,,,,,136800.0,unknown,False,False,weak_11um,2.46,scene,-1.0423948101001925,0.0,0.008012820512820512,1,1,1.0,0.2,,0.0,0.2,1.0,False,False,False,1.0,5.0,1.832,32.601,3.624,1.832,,0,0,4,0,osm|wri|gem,gem,1,0.2,F03825,SAIL Durgapur steel plant,steel,23.54843,87.245247,gem,1,operating,5300.0,ttpa,West Bengal,Within the site's immediate surroundings,False,,False,0.2,0.25,0.2,1.0,0.008012820512820512,0.2637,0.2637,0.1233,0.278,0.2237,0.2237,0.1415,Low,insufficient_evidence,Insufficient evidence,,"[{""key"": ""nocturnal"", ""label"": ""Burns at night"", ""value"": 1.0, ""weight"": 0.1, ""contribution"": 0.1, ""detail"": ""100% of detections at night""}, {""key"": ""physics"", ""label"": ""Combustion temperature"", ""value"": 0.25, ""weight"": 0.25, ""contribution"": 0.0625, ""detail"": ""temperature retrieval unavailable""}, {""key"": ""corroboration"", ""label"": ""Registry corroboration"", ""value"": 0.2, ""weight"": 0.3, ""contribution"": 0.06, ""detail"": ""1 of 3 registries place infrastructure within 3 km""}, {""key"": ""persistence"", ""label"": ""Repeat detections"", ""value"": 0.2, ""weight"": 0.2, ""contribution"": 0.04, ""detail"": ""seen on 1 separate days""}, {""key"": ""intensity"", ""label"": ""Thermal intensity"", ""value"": 0.008, ""weight"": 0.15, ""contribution"": 0.0012, ""detail"": ""FRP 0.4 MW, 1th percentile""}]",3.0,C58
a3529f23f01a,23.57985,86.72489,2026-09-22,1949,N,N21,VIIRS,VIIRS_NOAA21_NRT,n,0.39,0.36,23.58,86.72,1.2,304.87,286.68,,,,,,140400.0,unknown,False,False,no_bracket,2.46,scene,-0.6438320885912955,0.0,0.19230769230769232,2,2,1.0,0.4,,0.0,0.4,1.0,False,False,True,4.0,5.0,1.153,8.239,8.022,1.153,,0,0,3,0,osm|wri|gem,gem,1,0.2,F03830,Shyam Steel Raghunathpur Steel Plant,steel,23.590212,86.724603,gem,1,operating,1120.0,ttpa,West Bengal,Within the site's immediate surroundings,False,,False,0.2,0.25,0.4,1.0,0.19230769230769232,0.3313,0.3313,0.1917,0.7324,0.3496,0.3496,0.2566,Low,insufficient_evidence,Insufficient evidence,,"[{""key"": ""nocturnal"", ""label"": ""Burns at night"", ""value"": 1.0, ""weight"": 0.1, ""contribution"": 0.1, ""detail"": ""100% of detections at night""}, {""key"": ""persistence"", ""label"": ""Repeat detections"", ""value"": 0.4, ""weight"": 0.2, ""contribution"": 0.08, ""detail"": ""seen on 2 separate days""}, {""key"": ""physics"", ""label"": ""Combustion temperature"", ""value"": 0.25, ""weight"": 0.25, ""contribution"": 0.0625, ""detail"": ""temperature retrieval unavailable""}, {""key"": ""corroboration"", ""label"": ""Registry corroboration"", ""value"": 0.2, ""weight"": 0.3, ""contribution"": 0.06, ""detail"": ""1 of 3 registries place infrastructure within 3 km""}, {""key"": ""intensity"", ""label"": ""Thermal intensity"", ""value"": 0.192, ""weight"": 0.15, ""contribution"": 0.0288, ""detail"": ""FRP 1.2 MW, 19th percentile""}]",3.0,C59
4b6d0a74b588,23.6628,87.15627,2026-09-22,2027,N,N,VIIRS,VIIRS_SNPP_NRT,n,0.41,0.45,23.66,87.16,1.38,307.88,279.35,,,490.6,0.007114401803844018,1312.6,184500.0,smouldering,False,False,ok,2.46,scene,-0.5518560759353961,0.0,0.23717948717948717,1,1,1.0,0.2,,0.0,0.2,1.0,False,False,False,1.0,5.0,5.712,20.769,10.426,4.85,,0,0,0,0,osm|wri|gem,,0,0.0,F03821,Rashmi Metaliks Jamuria steel plant,steel,23.6962678,87.11371679999999,gem,1,operating,2500.0,ttpa,West Bengal,Near industrial activity,False,,False,0.0,0.0,0.2,1.0,0.23717948717948717,0.1756,0.1756,0.3323,0.3021,0.2416,0.2416,0.1724,Low,insufficient_evidence,Insufficient evidence,,"[{""key"": ""nocturnal"", ""label"": ""Burns at night"", ""value"": 1.0, ""weight"": 0.1, ""contribution"": 0.1, ""detail"": ""100% of detections at night""}, {""key"": ""persistence"", ""label"": ""Repeat detections"", ""value"": 0.2, ""weight"": 0.2, ""contribution"": 0.04, ""detail"": ""seen on 1 separate days""}, {""key"": ""intensity"", ""label"": ""Thermal intensity"", ""value"": 0.237, ""weight"": 0.15, ""contribution"": 0.0356, ""detail"": ""FRP 1.4 MW, 24th percentile""}, {""key"": ""corroboration"", ""label"": ""Registry corroboration"", ""value"": 0.0, ""weight"": 0.3, ""contribution"": 0.0, ""detail"": ""0 of 3 registries place infrastructure within 3 km""}, {""key"": ""physics"", ""label"": ""Combustion temperature"", ""value"": 0.0, ""weight"": 0.25, ""contribution"": 0.0, ""detail"": ""retrieved 491 K (smouldering)""}]",3.0,C31
2d0e728f2eba,23.6636,87.15228,2026-09-22,2027,N,N,VIIRS,VIIRS_SNPP_NRT,n,0.41,0.45,23.66,87.15,1.14,301.85,278.98,,,469.3,0.007152379749857681,1319.6,184500.0,smouldering,False,False,ok,2.46,scene,-0.6744907594765952,0.0,0.17387820512820512,1,1,1.0,0.2,,0.0,0.2,1.0,False,False,False,1.0,5.0,5.349,20.357,10.26,4.506,,0,0,0,0,osm|wri|gem,,0,0.0,F03821,Rashmi Metaliks Jamuria steel plant,steel,23.6962678,87.11371679999999,gem,1,operating,2500.0,ttpa,West Bengal,Near industrial activity,False,,False,0.0,0.0,0.2,1.0,0.17387820512820512,0.1661,0.1661,0.2907,0.274,0.2197,0.2197,0.1563,Low,insufficient_evidence,Insufficient evidence,,"[{""key"": ""nocturnal"", ""label"": ""Burns at night"", ""value"": 1.0, ""weight"": 0.1, ""contribution"": 0.1, ""detail"": ""100% of detections at night""}, {""key"": ""persistence"", ""label"": ""Repeat detections"", ""value"": 0.2, ""weight"": 0.2, ""contribution"": 0.04, ""detail"": ""seen on 1 separate days""}, {""key"": ""intensity"", ""label"": ""Thermal intensity"", ""value"": 0.174, ""weight"": 0.15, ""contribution"": 0.0261, ""detail"": ""FRP 1.1 MW, 17th percentile""}, {""key"": ""corroboration"", ""label"": ""Registry corroboration"", ""value"": 0.0, ""weight"": 0.3, ""contribution"": 0.0, ""detail"": ""0 of 3 registries place infrastructure within 3 km""}, {""key"": ""physics"", ""label"": ""Combustion temperature"", ""value"": 0.0, ""weight"": 0.25, ""contribution"": 0.0, ""detail"": ""retrieved 469 K (smouldering)""}]",3.0,C31
d7c774b3d603,23.6661,87.1612,2026-09-22,2027,N,N,VIIRS,VIIRS_SNPP_NRT,n,0.41,0.45,23.67,87.16,1.38,301.87,279.11,,,464.6,0.00779482406941471,1438.1,184500.0,smouldering,False,False,ok,2.46,scene,-0.5518560759353961,0.0,0.23717948717948717,1,1,1.0,0.2,,0.0,0.2,1.0,False,False,False,1.0,5.0,5.885,21.122,10.533,4.981,,0,0,0,0,osm|wri|gem,,0,0.0,F03821,Rashmi Metaliks Jamuria steel plant,steel,23.6962678,87.11371679999999,gem,1,operating,2500.0,ttpa,West Bengal,Near industrial activity,False,,False,0.0,0.0,0.2,1.0,0.23717948717948717,0.1756,0.1756,0.3323,0.2708,0.2369,0.2369,0.1703,Low,insufficient_evidence,Insufficient evidence,,"[{""key"": ""nocturnal"", ""label"": ""Burns at night"", ""value"": 1.0, ""weight"": 0.1, ""contribution"": 0.1, ""detail"": ""100% of detections at night""}, {""key"": ""persistence"", ""label"": ""Repeat detections"", ""value"": 0.2, ""weight"": 0.2, ""contribution"": 0.04, ""detail"": ""seen on 1 separate days""}, {""key"": ""intensity"", ""label"": ""Thermal intensity"", ""value"": 0.237, ""weight"": 0.15, ""contribution"": 0.0356, ""detail"": ""FRP 1.4 MW, 24th percentile""}, {""key"": ""corroboration"", ""label"": ""Registry corroboration"", ""value"": 0.0, ""weight"": 0.3, ""contribution"": 0.0, ""detail"": ""0 of 3 registries place infrastructure within 3 km""}, {""key"": ""physics"", ""label"": ""Combustion temperature"", ""value"": 0.0, ""weight"": 0.25, ""contribution"": 0.0, ""detail"": ""retrieved 465 K (smouldering)""}]",3.0,C31
73a18d8a927a,23.66947,86.93382,2026-09-22,2046,N,N20,VIIRS,VIIRS_NOAA20_NRT,n,0.51,0.66,23.67,86.93,1.58,305.5,273.98,,,,,,336600.0,unknown,False,False,weak_11um,2.46,scene,-0.4496605063177301,0.0,0.29967948717948717,1,1,1.0,0.2,,0.0,0.2,1.0,False,False,False,1.0,5.0,0.87,0.886,14.76,0.884,,6,0,3,0,osm|wri|gem,osm|gem,2,0.6667,F01141,SAIL IISCO steel plant,steel,23.6718734,86.9256878,gem|osm,2,operating,4000.0,ttpa,West Bengal,On a registered industrial site,False,,False,0.6667,0.25,0.2,1.0,0.29967948717948717,0.4475,0.4475,0.3825,0.5377,0.4415,0.4415,0.2686,Low,industrial_fire,Industrial fire,Moderate,"[{""key"": ""corroboration"", ""label"": ""Registry corroboration"", ""value"": 0.667, ""weight"": 0.3, ""contribution"": 0.2, ""detail"": ""2 of 3 registries place infrastructure within 3 km""}, {""key"": ""nocturnal"", ""label"": ""Burns at night"", ""value"": 1.0, ""weight"": 0.1, ""contribution"": 0.1, ""detail"": ""100% of detections at night""}, {""key"": ""physics"", ""label"": ""Combustion temperature"", ""value"": 0.25, ""weight"": 0.25, ""contribution"": 0.0625, ""detail"": ""temperature retrieval unavailable""}, {""key"": ""intensity"", ""label"": ""Thermal intensity"", ""value"": 0.3, ""weight"": 0.15, ""contribution"": 0.045, ""detail"": ""FRP 1.6 MW, 30th percentile""}, {""key"": ""persistence"", ""label"": ""Repeat detections"", ""value"": 0.2, ""weight"": 0.2, ""contribution"": 0.04, ""detail"": ""seen on 1 separate days""}]",3.0,C60
c851d719b0c8,23.66947,86.93599,2026-09-22,2027,N,N,VIIRS,VIIRS_SNPP_NRT,n,0.4,0.44,23.67,86.94,0.82,302.5,280.48,,,430.4,0.015708904962301016,2764.8,176000.0,smouldering,False,False,ok,2.46,scene,-0.8380036708648608,0.0,0.09935897435897435,1,1,1.0,0.2,,0.0,0.2,1.0,False,False,False,1.0,5.0,1.083,1.105,14.554,1.083,,6,0,3,0,osm|wri|gem,osm|gem,2,0.4,F01141,SAIL IISCO steel plant,steel,23.6718734,86.9256878,gem|osm,2,operating,4000.0,ttpa,West Bengal,Within the site's immediate surroundings,False,,False,0.4,0.0,0.2,1.0,0.09935897435897435,0.2749,0.2749,0.324,0.4503,0.3159,0.3159,0.1921,Low,insufficient_evidence,Insufficient evidence,,"[{""key"": ""corroboration"", ""label"": ""Registry corroboration"", ""value"": 0.4, ""weight"": 0.3, ""contribution"": 0.12, ""detail"": ""2 of 3 registries place infrastructure within 3 km""}, {""key"": ""nocturnal"", ""label"": ""Burns at night"", ""value"": 1.0, ""weight"": 0.1, ""contribution"": 0.1, ""detail"": ""100% of detections at night""}, {""key"": ""persistence"", ""label"": ""Repeat detections"", ""value"": 0.2, ""weight"": 0.2, ""contribution"": 0.04, ""detail"": ""seen on 1 separate days""}, {""key"": ""intensity"", ""label"": ""Thermal intensity"", ""value"": 0.099, ""weight"": 0.15, ""contribution"": 0.0149, ""detail"": ""FRP 0.8 MW, 10th percentile""}, {""key"": ""physics"", ""label"": ""Combustion temperature"", ""value"": 0.0, ""weight"": 0.25, ""contribution"": 0.0, ""detail"": ""retrieved 430 K (smouldering)""}]",3.0,C60
451b2b49a713,23.6734,86.3968,2026-09-22,1949,N,N21,VIIRS,VIIRS_NOAA21_NRT,n,0.39,0.36,23.67,86.4,1.47,305.94,287.92,,,517.9,0.003225596691065561,452.9,140400.0,biomass_like,False,False,ok,1.8599999999999999,region,-0.6189444616373461,0.0,0.26121794871794873,1,1,1.0,0.2,,0.0,0.2,1.0,False,False,False,1.0,5.0,3.133,3.133,10.716,10.716,,0,0,0,0,osm|wri|gem,,0,0.0,F01224,,industrial_area,23.701571600000005,86.3975573,osm,1,unknown,,,,Near industrial activity,False,,False,0.0,0.0,0.2,1.0,0.26121794871794873,0.1792,0.1792,0.316,0.4736,0.2644,0.2644,0.1851,Low,insufficient_evidence,Insufficient evidence,,"[{""key"": ""nocturnal"", ""label"": ""Burns at night"", ""value"": 1.0, ""weight"": 0.1, ""contribution"": 0.1, ""detail"": ""100% of detections at night""}, {""key"": ""persistence"", ""label"": ""Repeat detections"", ""value"": 0.2, ""weight"": 0.2, ""contribution"": 0.04, ""detail"": ""seen on 1 separate days""}, {""key"": ""intensity"", ""label"": ""Thermal intensity"", ""value"": 0.261, ""weight"": 0.15, ""contribution"": 0.0392, ""detail"": ""FRP 1.5 MW, 26th percentile""}, {""key"": ""corroboration"", ""label"": ""Registry corroboration"", ""value"": 0.0, ""weight"": 0.3, ""contribution"": 0.0, ""detail"": ""0 of 3 registries place infrastructure within 3 km""}, {""key"": ""physics"", ""label"": ""Combustion temperature"", ""value"": 0.0, ""weight"": 0.25, ""contribution"": 0.0, ""detail"": ""retrieved 518 K (biomass like)""}]",3.0,C13
09525f22095d,23.67615,86.40119,2026-09-22,1949,N,N21,VIIRS,VIIRS_NOAA21_NRT,n,0.39,0.36,23.68,86.4,1.88,319.77,288.85,,,558.1,0.004348509053666957,610.5,140400.0,biomass_like,False,False,ok,1.8599999999999999,region,0.03174074162242804,0.010580247207476015,0.38782051282051283,2,2,1.0,0.4,,0.0,0.4,1.0,False,False,True,4.0,5.0,2.851,2.851,10.661,10.661,,3,0,0,0,osm|wri|gem,osm,1,0.2,F01224,,industrial_area,23.701571600000005,86.3975573,osm,1,unknown,,,,Within the site's immediate surroundings,False,,False,0.2,0.0,0.4,1.0,0.38782051282051283,0.2982,0.2982,0.1816,0.758,0.3322,0.3322,0.2709,Low,insufficient_evidence,Insufficient evidence,,"[{""key"": ""nocturnal"", ""label"": ""Burns at night"", ""value"": 1.0, ""weight"": 0.1, ""contribution"": 0.1, ""detail"": ""100% of detections at night""}, {""key"": ""persistence"", ""label"": ""Repeat detections"", ""value"": 0.4, ""weight"": 0.2, ""contribution"": 0.08, ""detail"": ""seen on 2 separate days""}, {""key"": ""corroboration"", ""label"": ""Registry corroboration"", ""value"": 0.2, ""weight"": 0.3, ""contribution"": 0.06, ""detail"": ""1 of 3 registries place infrastructure within 3 km""}, {""key"": ""intensity"", ""label"": ""Thermal intensity"", ""value"": 0.388, ""weight"": 0.15, ""contribution"": 0.0582, ""detail"": ""FRP 1.9 MW, 39th percentile""}, {""key"": ""physics"", ""label"": ""Combustion temperature"", ""value"": 0.0, ""weight"": 0.25, ""contribution"": 0.0, ""detail"": ""retrieved 558 K (biomass like)""}]",3.0,C13
c7f75a382e9f,23.67728,86.3936,2026-09-22,1949,N,N21,VIIRS,VIIRS_NOAA21_NRT,n,0.39,0.36,23.68,86.39,1.52,303.64,286.35,,,,,,140400.0,unknown,False,False,weak_11um,1.8599999999999999,region,-0.539592607581276,0.0,0.27724358974358976,2,2,1.0,0.4,,0.0,0.4,1.0,False,False,True,4.0,5.0,2.731,2.731,11.255,11.255,,3,0,0,0,osm|wri|gem,osm,1,0.2,F01224,,industrial_area,23.701571600000005,86.3975573,osm,1,unknown,,,,Within the site's immediate surroundings,False,,False,0.2,0.25,0.4,1.0,0.27724358974358976,0.3441,0.3441,0.2317,0.641,0.3549,0.3549,0.2674,Low,insufficient_evidence,Insufficient evidence,,"[{""key"": ""nocturnal"", ""label"": ""Burns at night"", ""value"": 1.0, ""weight"": 0.1, ""contribution"": 0.1, ""detail"": ""100% of detections at night""}, {""key"": ""persistence"", ""label"": ""Repeat detections"", ""value"": 0.4, ""weight"": 0.2, ""contribution"": 0.08, ""detail"": ""seen on 2 separate days""}, {""key"": ""physics"", ""label"": ""Combustion temperature"", ""value"": 0.25, ""weight"": 0.25, ""contribution"": 0.0625, ""detail"": ""temperature retrieval unavailable""}, {""key"": ""corroboration"", ""label"": ""Registry corroboration"", ""value"": 0.2, ""weight"": 0.3, ""contribution"": 0.06, ""detail"": ""1 of 3 registries place infrastructure within 3 km""}, {""key"": ""intensity"", ""label"": ""Thermal intensity"", ""value"": 0.277, ""weight"": 0.15, ""contribution"": 0.0416, ""detail"": ""FRP 1.5 MW, 28th percentile""}]",3.0,C13
8b28e07cbe37,23.68918,87.09769,2026-09-22,1949,N,N21,VIIRS,VIIRS_NOAA21_NRT,n,0.38,0.36,23.69,87.1,1.7,305.62,285.82,,,,,,136800.0,unknown,False,False,no_bracket,2.46,scene,-0.3883431645471306,0.0,0.3405448717948718,1,1,1.0,0.2,,0.0,0.2,1.0,False,False,False,1.0,5.0,1.812,14.178,4.155,2.598,,0,0,5,0,osm|wri|gem,gem,1,0.2,F03821,Rashmi Metaliks Jamuria steel plant,steel,23.6962678,87.11371679999999,gem,1,operating,2500.0,ttpa,West Bengal,Within the site's immediate surroundings,False,,False,0.2,0.25,0.2,1.0,0.3405448717948718,0.3136,0.3136,0.21,0.2636,0.275,0.275,0.1978,Low,insufficient_evidence,Insufficient evidence,,"[{""key"": ""nocturnal"", ""label"": ""Burns at night"", ""value"": 1.0, ""weight"": 0.1, ""contribution"": 0.1, ""detail"": ""100% of detections at night""}, {""key"": ""physics"", ""label"": ""Combustion temperature"", ""value"": 0.25, ""weight"": 0.25, ""contribution"": 0.0625, ""detail"": ""temperature retrieval unavailable""}, {""key"": ""corroboration"", ""label"": ""Registry corroboration"", ""value"": 0.2, ""weight"": 0.3, ""contribution"": 0.06, ""detail"": ""1 of 3 registries place infrastructure within 3 km""}, {""key"": ""intensity"", ""label"": ""Thermal intensity"", ""value"": 0.341, ""weight"": 0.15, ""contribution"": 0.0511, ""detail"": ""FRP 1.7 MW, 34th percentile""}, {""key"": ""persistence"", ""label"": ""Repeat detections"", ""value"": 0.2, ""weight"": 0.2, ""contribution"": 0.04, ""detail"": ""seen on 1 separate days""}]",3.0,C32
ce8eb53dd2c0,23.6923,87.12128,2026-09-22,1949,N,N21,VIIRS,VIIRS_NOAA21_NRT,n,0.38,0.36,23.69,87.12,1.62,304.25,284.17,,,,,,136800.0,unknown,False,False,no_bracket,2.46,scene,-0.4292213923941969,0.0,0.31169871794871795,1,1,1.0,0.2,,0.0,0.2,1.0,False,False,False,1.0,5.0,0.888,16.404,5.904,0.217,,0,0,4,0,osm|wri|gem,gem,1,0.3333,F03821,Rashmi Metaliks Jamuria steel plant,steel,23.6962678,87.11371679999999,gem,1,operating,2500.0,ttpa,West Bengal,On a registered industrial site,False,,False,0.3333,0.25,0.2,1.0,0.31169871794871795,0.3492,0.3492,0.3573,0.4111,0.3609,0.3609,0.2336,Low,insufficient_evidence,Insufficient evidence,,"[{""key"": ""corroboration"", ""label"": ""Registry corroboration"", ""value"": 0.333, ""weight"": 0.3, ""contribution"": 0.1, ""detail"": ""1 of 3 registries place infrastructure within 3 km""}, {""key"": ""nocturnal"", ""label"": ""Burns at night"", ""value"": 1.0, ""weight"": 0.1, ""contribution"": 0.1, ""detail"": ""100% of detections at night""}, {""key"": ""physics"", ""label"": ""Combustion temperature"", ""value"": 0.25, ""weight"": 0.25, ""contribution"": 0.0625, ""detail"": ""temperature retrieval unavailable""}, {""key"": ""intensity"", ""label"": ""Thermal intensity"", ""value"": 0.312, ""weight"": 0.15, ""contribution"": 0.0468, ""detail"": ""FRP 1.6 MW, 31th percentile""}, {""key"": ""persistence"", ""label"": ""Repeat detections"", ""value"": 0.2, ""weight"": 0.2, ""contribution"": 0.04, ""detail"": ""seen on 1 separate days""}]",3.0,C32
31c4ed76a882,23.69633,87.09515,2026-09-22,1949,N,N21,VIIRS,VIIRS_NOAA21_NRT,n,0.38,0.36,23.7,87.1,1.71,307.77,285.53,,,,,,136800.0,unknown,False,False,no_bracket,2.46,scene,-0.3832333860662473,0.0,0.3453525641025641,1,1,1.0,0.2,,0.0,0.2,1.0,False,False,False,1.0,5.0,1.89,13.714,3.421,2.093,,0,0,5,0,osm|wri|gem,gem,1,0.2,F03821,Rashmi Metaliks Jamuria steel plant,steel,23.6962678,87.11371679999999,gem,1,operating,2500.0,ttpa,West Bengal,Within the site's immediate surroundings,False,,False,0.2,0.25,0.2,1.0,0.3453525641025641,0.3143,0.3143,0.21,0.2596,0.2748,0.2748,0.1982,Low,insufficient_evidence,Insufficient evidence,,"[{""key"": ""nocturnal"", ""label"": ""Burns at night"", ""value"": 1.0, ""weight"": 0.1, ""contribution"": 0.1, ""detail"": ""100% of detections at night""}, {""key"": ""physics"", ""label"": ""Combustion temperature"", ""value"": 0.25, ""weight"": 0.25, ""contribution"": 0.0625, ""detail"": ""temperature retrieval unavailable""}, {""key"": ""corroboration"", ""label"": ""Registry corroboration"", ""value"": 0.2, ""weight"": 0.3, ""contribution"": 0.06, ""detail"": ""1 of 3 registries place infrastructure within 3 km""}, {""key"": ""intensity"", ""label"": ""Thermal intensity"", ""value"": 0.345, ""weight"": 0.15, ""contribution"": 0.0518, ""detail"": ""FRP 1.7 MW, 35th percentile""}, {""key"": ""persistence"", ""label"": ""Repeat detections"", ""value"": 0.2, ""weight"": 0.2, ""contribution"": 0.04, ""detail"": ""seen on 1 separate days""}]",3.0,C32
33451b416ad3,23.71214,86.45081,2026-09-22,724,D,N21,VIIRS,VIIRS_NOAA21_NRT,n,0.38,0.36,23.71,86.45,7.86,339.44,300.58,,,528.0,0.012997623115575813,1778.1,136800.0,biomass_like,False,False,ok,2.46,scene,2.7592803796769805,0.9197601265589935,0.9094551282051282,1,1,0.0,0.2,,0.0,0.2,0.0,False,False,False,1.0,5.0,5.548,5.292,12.429,12.429,,0,0,0,0,osm|wri|gem,,0,0.0,F01224,,industrial_area,23.701571600000005,86.3975573,osm,1,unknown,,,,Near industrial activity,False,,False,0.0,0.0,0.2,0.0,0.9094551282051282,0.1764,0.1764,0.0091,0.5072,0.1758,0.1758,0.44,Moderate,insufficient_evidence,Insufficient evidence,,"[{""key"": ""intensity"", ""label"": ""Thermal intensity"", ""value"": 0.909, ""weight"": 0.15, ""contribution"": 0.1364, ""detail"": ""FRP 7.9 MW, 91th percentile""}, {""key"": ""persistence"", ""label"": ""Repeat detections"", ""value"": 0.2, ""weight"": 0.2, ""contribution"": 0.04, ""detail"": ""seen on 1 separate days""}, {""key"": ""corroboration"", ""label"": ""Registry corroboration"", ""value"": 0.0, ""weight"": 0.3, ""contribution"": 0.0, ""detail"": ""0 of 3 registries place infrastructure within 3 km""}, {""key"": ""physics"", ""label"": ""Combustion temperature"", ""value"": 0.0, ""weight"": 0.25, ""contribution"": 0.0, ""detail"": ""retrieved 528 K (biomass like)""}, {""key"": ""nocturnal"", ""label"": ""Burns at night"", ""value"": 0.0, ""weight"": 0.1, ""contribution"": 0.0, ""detail"": ""0% of detections at night""}]",3.0,C2
f1f37c9043df,23.71365,86.4227,2026-09-22,1949,N,N21,VIIRS,VIIRS_NOAA21_NRT,n,0.39,0.36,23.71,86.42,1.38,307.96,286.71,,,,,,140400.0,unknown,False,False,weak_11um,1.8599999999999999,region,-0.7617777989382722,0.0,0.23717948717948717,1,1,1.0,0.2,,0.0,0.2,1.0,False,False,False,1.0,5.0,2.891,2.891,13.269,13.269,,3,0,0,0,osm|wri|gem,osm,1,0.2,F01224,,industrial_area,23.701571600000005,86.3975573,osm,1,unknown,,,,Within the site's immediate surroundings,False,,False,0.2,0.25,0.2,1.0,0.23717948717948717,0.2981,0.2981,0.3167,0.2596,0.2979,0.2979,0.1978,Low,insufficient_evidence,Insufficient evidence,,"[{""key"": ""nocturnal"", ""label"": ""Burns at night"", ""value"": 1.0, ""weight"": 0.1, ""contribution"": 0.1, ""detail"": ""100% of detections at night""}, {""key"": ""physics"", ""label"": ""Combustion temperature"", ""value"": 0.25, ""weight"": 0.25, ""contribution"": 0.0625, ""detail"": ""temperature retrieval unavailable""}, {""key"": ""corroboration"", ""label"": ""Registry corroboration"", ""value"": 0.2, ""weight"": 0.3, ""contribution"": 0.06, ""detail"": ""1 of 3 registries place infrastructure within 3 km""}, {""key"": ""persistence"", ""label"": ""Repeat detections"", ""value"": 0.2, ""weight"": 0.2, ""contribution"": 0.04, ""detail"": ""seen on 1 separate days""}, {""key"": ""intensity"", ""label"": ""Thermal intensity"", ""value"": 0.237, ""weight"": 0.15, ""contribution"": 0.0356, ""detail"": ""FRP 1.4 MW, 24th percentile""}]",3.0,C2
ee834de62da5,23.7164,86.42707,2026-09-22,1949,N,N21,VIIRS,VIIRS_NOAA21_NRT,n,0.39,0.36,23.72,86.43,1.84,307.24,287.26,,,,,,140400.0,unknown,False,False,weak_11um,1.8599999999999999,region,-0.03174074162242769,0.0,0.37099358974358976,1,1,1.0,0.2,,0.0,0.2,1.0,False,False,False,1.0,5.0,3.427,3.427,13.417,13.417,,0,0,0,0,osm|wri|gem,,0,0.0,F01224,,industrial_area,23.701571600000005,86.3975573,osm,1,unknown,,,,Near industrial activity,False,,False,0.0,0.25,0.2,1.0,0.37099358974358976,0.2581,0.2581,0.2155,0.5601,0.2906,0.2906,0.2079,Low,insufficient_evidence,Insufficient evidence,,"[{""key"": ""nocturnal"", ""label"": ""Burns at night"", ""value"": 1.0, ""weight"": 0.1, ""contribution"": 0.1, ""detail"": ""100% of detections at night""}, {""key"": ""physics"", ""label"": ""Combustion temperature"", ""value"": 0.25, ""weight"": 0.25, ""contribution"": 0.0625, ""detail"": ""temperature retrieval unavailable""}, {""key"": ""intensity"", ""label"": ""Thermal intensity"", ""value"": 0.371, ""weight"": 0.15, ""contribution"": 0.0556, ""detail"": ""FRP 1.8 MW, 37th percentile""}, {""key"": ""persistence"", ""label"": ""Repeat detections"", ""value"": 0.2, ""weight"": 0.2, ""contribution"": 0.04, ""detail"": ""seen on 1 separate days""}, {""key"": ""corroboration"", ""label"": ""Registry corroboration"", ""value"": 0.0, ""weight"": 0.3, ""contribution"": 0.0, ""detail"": ""0 of 3 registries place infrastructure within 3 km""}]",3.0,C2
223783d2e5f6,23.71745,86.44283,2026-09-22,1949,N,N21,VIIRS,VIIRS_NOAA21_NRT,n,0.39,0.36,23.72,86.44,2.32,311.39,287.5,,,,,,140400.0,unknown,False,False,weak_11um,1.8599999999999999,region,0.7300370573158442,0.24334568577194807,0.46794871794871795,1,1,1.0,0.2,,0.0,0.2,1.0,False,False,False,1.0,5.0,4.936,4.936,13.14,13.14,,0,0,0,0,osm|wri|gem,,0,0.0,F01224,,industrial_area,23.701571600000005,86.3975573,osm,1,unknown,,,,Near industrial activity,False,,False,0.0,0.25,0.2,1.0,0.46794871794871795,0.2727,0.2727,0.3323,0.6787,0.3515,0.3515,0.3058,Low,insufficient_evidence,Insufficient evidence,,"[{""key"": ""nocturnal"", ""label"": ""Burns at night"", ""value"": 1.0, ""weight"": 0.1, ""contribution"": 0.1, ""detail"": ""100% of detections at night""}, {""key"": ""intensity"", ""label"": ""Thermal intensity"", ""value"": 0.468, ""weight"": 0.15, ""contribution"": 0.0702, ""detail"": ""FRP 2.3 MW, 47th percentile""}, {""key"": ""physics"", ""label"": ""Combustion temperature"", ""value"": 0.25, ""weight"": 0.25, ""contribution"": 0.0625, ""detail"": ""temperature retrieval unavailable""}, {""key"": ""persistence"", ""label"": ""Repeat detections"", ""value"": 0.2, ""weight"": 0.2, ""contribution"": 0.04, ""detail"": ""seen on 1 separate days""}, {""key"": ""corroboration"", ""label"": ""Registry corroboration"", ""value"": 0.0, ""weight"": 0.3, ""contribution"": 0.0, ""detail"": ""0 of 3 registries place infrastructure within 3 km""}]",3.0,C2
f7ccf4a79c8b,23.71752,86.41949,2026-09-22,1949,N,N21,VIIRS,VIIRS_NOAA21_NRT,n,0.39,0.36,23.72,86.42,1.38,311.62,286.6,,,,,,140400.0,unknown,False,False,weak_11um,1.8599999999999999,region,-0.7617777989382722,0.0,0.23717948717948717,1,1,1.0,0.2,,0.0,0.2,1.0,False,False,False,1.0,5.0,2.851,2.851,13.785,13.785,,3,0,0,0,osm|wri|gem,osm,1,0.2,F01224,,industrial_area,23.701571600000005,86.3975573,osm,1,unknown,,,,Within the site's immediate surroundings,False,,False,0.2,0.25,0.2,1.0,0.23717948717948717,0.2981,0.2981,0.3167,0.2564,0.2974,0.2974,0.1975,Low,insufficient_evidence,Insufficient evidence,,"[{""key"": ""nocturnal"", ""label"": ""Burns at night"", ""value"": 1.0, ""weight"": 0.1, ""contribution"": 0.1, ""detail"": ""100% of detections at night""}, {""key"": ""physics"", ""label"": ""Combustion temperature"", ""value"": 0.25, ""weight"": 0.25, ""contribution"": 0.0625, ""detail"": ""temperature retrieval unavailable""}, {""key"": ""corroboration"", ""label"": ""Registry corroboration"", ""value"": 0.2, ""weight"": 0.3, ""contribution"": 0.06, ""detail"": ""1 of 3 registries place infrastructure within 3 km""}, {""key"": ""persistence"", ""label"": ""Repeat detections"", ""value"": 0.2, ""weight"": 0.2, ""contribution"": 0.04, ""detail"": ""seen on 1 separate days""}, {""key"": ""intensity"", ""label"": ""Thermal intensity"", ""value"": 0.237, ""weight"": 0.15, ""contribution"": 0.0356, ""detail"": ""FRP 1.4 MW, 24th percentile""}]",3.0,C2
f6fa20267d7a,23.73671,86.43484,2026-09-22,724,D,N21,VIIRS,VIIRS_NOAA21_NRT,n,0.38,0.36,23.74,86.43,7.89,345.15,298.26,,,655.0,0.004022470853148496,550.3,136800.0,biomass_like,False,False,ok,1.8599999999999999,region,9.569833599162045,1.0,0.9118589743589743,1,1,0.0,0.2,,0.0,0.2,0.0,False,False,False,1.0,5.0,5.447,5.158,15.4,15.4,,0,0,0,0,osm|wri|gem,,0,0.0,F01224,,industrial_area,23.701571600000005,86.3975573,osm,1,unknown,,,,Near industrial activity,False,,False,0.0,0.0,0.2,0.0,0.9118589743589743,0.1768,0.1768,0.1235,0.9095,0.2707,0.2707,0.503,Moderate,insufficient_evidence,Insufficient evidence,,"[{""key"": ""intensity"", ""label"": ""Thermal intensity"", ""value"": 0.912, ""weight"": 0.15, ""contribution"": 0.1368, ""detail"": ""FRP 7.9 MW, 91th percentile""}, {""key"": ""persistence"", ""label"": ""Repeat detections"", ""value"": 0.2, ""weight"": 0.2, ""contribution"": 0.04, ""detail"": ""seen on 1 separate days""}, {""key"": ""corroboration"", ""label"": ""Registry corroboration"", ""value"": 0.0, ""weight"": 0.3, ""contribution"": 0.0, ""detail"": ""0 of 3 registries place infrastructure within 3 km""}, {""key"": ""physics"", ""label"": ""Combustion temperature"", ""value"": 0.0, ""weight"": 0.25, ""contribution"": 0.0, ""detail"": ""retrieved 655 K (biomass like)""}, {""key"": ""nocturnal"", ""label"": ""Burns at night"", ""value"": 0.0, ""weight"": 0.1, ""contribution"": 0.0, ""detail"": ""0% of detections at night""}]",3.0,C2
6499ec1cc007,23.75085,86.41693,2026-09-22,724,D,N21,VIIRS,VIIRS_NOAA21_NRT,n,0.38,0.36,23.75,86.42,2.19,330.31,295.28,,,,,,136800.0,unknown,False,False,weak_11um,2.19,region,0.0,0.0,0.43669871794871795,1,1,0.0,0.2,,0.0,0.2,0.0,False,False,False,1.0,5.0,3.195,3.088,17.381,17.381,,0,0,0,0,osm|wri|gem,,0,0.0,F01245,,industrial_area,23.776237499999997,86.4022323,osm,1,unknown,,,,Near industrial activity,False,,False,0.0,0.25,0.2,0.0,0.43669871794871795,0.168,0.168,0.0,0.5473,0.1745,0.1745,0.1622,Low,insufficient_evidence,Insufficient evidence,,"[{""key"": ""intensity"", ""label"": ""Thermal intensity"", ""value"": 0.437, ""weight"": 0.15, ""contribution"": 0.0655, ""detail"": ""FRP 2.2 MW, 44th percentile""}, {""key"": ""physics"", ""label"": ""Combustion temperature"", ""value"": 0.25, ""weight"": 0.25, ""contribution"": 0.0625, ""detail"": ""temperature retrieval unavailable""}, {""key"": ""persistence"", ""label"": ""Repeat detections"", ""value"": 0.2, ""weight"": 0.2, ""contribution"": 0.04, ""detail"": ""seen on 1 separate days""}, {""key"": ""corroboration"", ""label"": ""Registry corroboration"", ""value"": 0.0, ""weight"": 0.3, ""contribution"": 0.0, ""detail"": ""0 of 3 registries place infrastructure within 3 km""}, {""key"": ""nocturnal"", ""label"": ""Burns at night"", ""value"": 0.0, ""weight"": 0.1, ""contribution"": 0.0, ""detail"": ""0% of detections at night""}]",3.0,C2
dc7dc561f268,23.75529,85.85334,2026-09-22,724,D,N21,VIIRS,VIIRS_NOAA21_NRT,n,0.39,0.36,23.76,85.85,7.58,333.41,296.59,,,716.7,0.001419943305922595,199.4,140400.0,biomass_like,False,False,ok,2.46,scene,2.616206582212248,0.8720688607374161,0.9006410256410257,1,1,0.0,0.2,,0.0,0.2,0.0,False,False,False,1.0,5.0,1.879,1.879,4.103,4.337,,3,0,0,0,osm|wri|gem,osm,1,0.2,F01161,,industrial_area,23.7526637,85.8715745,osm,1,unknown,,,,Within the site's immediate surroundings,False,,False,0.2,0.0,0.2,0.0,0.9006410256410257,0.2351,0.2351,0.0291,0.8309,0.2627,0.2627,0.4663,Moderate,insufficient_evidence,Insufficient evidence,,"[{""key"": ""intensity"", ""label"": ""Thermal intensity"", ""value"": 0.901, ""weight"": 0.15, ""contribution"": 0.1351, ""detail"": ""FRP 7.6 MW, 90th percentile""}, {""key"": ""corroboration"", ""label"": ""Registry corroboration"", ""value"": 0.2, ""weight"": 0.3, ""contribution"": 0.06, ""detail"": ""1 of 3 registries place infrastructure within 3 km""}, {""key"": ""persistence"", ""label"": ""Repeat detections"", ""value"": 0.2, ""weight"": 0.2, ""contribution"": 0.04, ""detail"": ""seen on 1 separate days""}, {""key"": ""physics"", ""label"": ""Combustion temperature"", ""value"": 0.0, ""weight"": 0.25, ""contribution"": 0.0, ""detail"": ""retrieved 717 K (biomass like)""}, {""key"": ""nocturnal"", ""label"": ""Burns at night"", ""value"": 0.0, ""weight"": 0.1, ""contribution"": 0.0, ""detail"": ""0% of detections at night""}]",3.0,
2874d8aa8945,23.75961,86.40238,2026-09-22,323,D,Terra,MODIS,MODIS_NRT,72,1.4,1.17,23.76,86.4,14.61,,,317.78,294.93,,,,1638000.0,unknown,False,False,weak_11um,2.19,region,6.070416835289357,1.0,0.9807692307692307,1,1,0.0,0.2,,0.0,0.2,0.0,False,False,False,1.0,5.0,1.849,1.849,18.779,17.917,,9,0,0,0,osm|wri|gem,osm,1,0.2,F01245,,industrial_area,23.776237499999997,86.4022323,osm,1,unknown,,,,Within the site's immediate surroundings,False,,False,0.2,0.25,0.2,0.0,0.9807692307692307,0.3096,0.3096,0.1462,0.8958,0.3485,0.3485,0.5449,Moderate,insufficient_evidence,Insufficient evidence,,"[{""key"": ""intensity"", ""label"": ""Thermal intensity"", ""value"": 0.981, ""weight"": 0.15, ""contribution"": 0.1471, ""detail"": ""FRP 14.6 MW, 98th percentile""}, {""key"": ""physics"", ""label"": ""Combustion temperature"", ""value"": 0.25, ""weight"": 0.25, ""contribution"": 0.0625, ""detail"": ""temperature retrieval unavailable""}, {""key"": ""corroboration"", ""label"": ""Registry corroboration"", ""value"": 0.2, ""weight"": 0.3, ""contribution"": 0.06, ""detail"": ""1 of 3 registries place infrastructure within 3 km""}, {""key"": ""persistence"", ""label"": ""Repeat detections"", ""value"": 0.2, ""weight"": 0.2, ""contribution"": 0.04, ""detail"": ""seen on 1 separate days""}, {""key"": ""nocturnal"", ""label"": ""Burns at night"", ""value"": 0.0, ""weight"": 0.1, ""contribution"": 0.0, ""detail"": ""0% of detections at night""}]",3.0,C2
fff6dfc6047a,23.77296,86.36301,2026-09-22,724,D,N21,VIIRS,VIIRS_NOAA21_NRT,n,0.38,0.36,23.77,86.36,4.79,333.38,297.84,,,589.9,0.00451803408450727,618.1,136800.0,biomass_like,False,False,ok,2.19,region,1.2707796917674983,0.4235932305891661,0.7692307692307693,1,1,0.0,0.2,,0.0,0.2,0.0,False,False,False,1.0,5.0,2.823,2.23,21.808,17.099,,3,0,0,0,osm|wri|gem,osm,1,0.2,F01195,,industrial_area,23.7559492,86.38360089999999,osm,1,unknown,,,,Within the site's immediate surroundings,False,,False,0.2,0.0,0.2,0.0,0.7692307692307693,0.2154,0.2154,0.1202,0.7075,0.2607,0.2607,0.3401,Low,insufficient_evidence,Insufficient evidence,,"[{""key"": ""intensity"", ""label"": ""Thermal intensity"", ""value"": 0.769, ""weight"": 0.15, ""contribution"": 0.1154, ""detail"": ""FRP 4.8 MW, 77th percentile""}, {""key"": ""corroboration"", ""label"": ""Registry corroboration"", ""value"": 0.2, ""weight"": 0.3, ""contribution"": 0.06, ""detail"": ""1 of 3 registries place infrastructure within 3 km""}, {""key"": ""persistence"", ""label"": ""Repeat detections"", ""value"": 0.2, ""weight"": 0.2, ""contribution"": 0.04, ""detail"": ""seen on 1 separate days""}, {""key"": ""physics"", ""label"": ""Combustion temperature"", ""value"": 0.0, ""weight"": 0.25, ""contribution"": 0.0, ""detail"": ""retrieved 590 K (biomass like)""}, {""key"": ""nocturnal"", ""label"": ""Burns at night"", ""value"": 0.0, ""weight"": 0.1, ""contribution"": 0.0, ""detail"": ""0% of detections at night""}]",3.0,C2
611026f8784b,23.78018,86.21159,2026-09-22,801,D,N,VIIRS,VIIRS_SNPP_NRT,n,0.41,0.45,23.78,86.21,6.74,341.77,295.28,,,,,,184500.0,unknown,False,False,weak_11um,1.79,region,6.8137331824676455,1.0,0.8709935897435898,1,1,0.0,0.2,,0.0,0.2,0.0,False,False,False,1.0,5.0,2.145,2.145,9.798,10.258,,3,0,0,0,osm|wri|gem,osm,1,0.2,F01223,,industrial_area,23.7886386,86.1926472,osm,1,unknown,,,,Within the site's immediate surroundings,False,,False,0.2,0.25,0.2,0.0,0.8709935897435898,0.2931,0.2931,0.0437,0.8798,0.3063,0.3063,0.5149,Moderate,insufficient_evidence,Insufficient evidence,,"[{""key"": ""intensity"", ""label"": ""Thermal intensity"", ""value"": 0.871, ""weight"": 0.15, ""contribution"": 0.1306, ""detail"": ""FRP 6.7 MW, 87th percentile""}, {""key"": ""physics"", ""label"": ""Combustion temperature"", ""value"": 0.25, ""weight"": 0.25, ""contribution"": 0.0625, ""detail"": ""temperature retrieval unavailable""}, {""key"": ""corroboration"", ""label"": ""Registry corroboration"", ""value"": 0.2, ""weight"": 0.3, ""contribution"": 0.06, ""detail"": ""1 of 3 registries place infrastructure within 3 km""}, {""key"": ""persistence"", ""label"": ""Repeat detections"", ""value"": 0.2, ""weight"": 0.2, ""contribution"": 0.04, ""detail"": ""seen on 1 separate days""}, {""key"": ""nocturnal"", ""label"": ""Burns at night"", ""value"": 0.0, ""weight"": 0.1, ""contribution"": 0.0, ""detail"": ""0% of detections at night""}]",3.0,C18
b3f68572a577,23.79894,86.35034,2026-09-22,724,D,N21,VIIRS,VIIRS_NOAA21_NRT,n,0.38,0.36,23.8,86.35,3.57,334.85,297.08,,,664.2,0.002337739803093379,319.8,136800.0,biomass_like,False,False,ok,2.19,region,0.6744907594765951,0.22483025315886504,0.6458333333333334,1,1,0.0,0.2,,0.0,0.2,0.0,False,False,False,1.0,5.0,3.322,2.922,23.7,19.342,,9,0,0,0,osm|wri|gem,osm,1,0.2,F01246,,industrial_area,23.828520421428575,86.3549262714286,osm,1,unknown,,,,Near industrial activity,False,,False,0.2,0.0,0.2,0.0,0.6458333333333334,0.1969,0.1969,0.02,0.7035,0.2198,0.2198,0.2597,Low,insufficient_evidence,Insufficient evidence,,"[{""key"": ""intensity"", ""label"": ""Thermal intensity"", ""value"": 0.646, ""weight"": 0.15, ""contribution"": 0.0969, ""detail"": ""FRP 3.6 MW, 65th percentile""}, {""key"": ""corroboration"", ""label"": ""Registry corroboration"", ""value"": 0.2, ""weight"": 0.3, ""contribution"": 0.06, ""detail"": ""1 of 3 registries place infrastructure within 3 km""}, {""key"": ""persistence"", ""label"": ""Repeat detections"", ""value"": 0.2, ""weight"": 0.2, ""contribution"": 0.04, ""detail"": ""seen on 1 separate days""}, {""key"": ""physics"", ""label"": ""Combustion temperature"", ""value"": 0.0, ""weight"": 0.25, ""contribution"": 0.0, ""detail"": ""retrieved 664 K (biomass like)""}, {""key"": ""nocturnal"", ""label"": ""Burns at night"", ""value"": 0.0, ""weight"": 0.1, ""contribution"": 0.0, ""detail"": ""0% of detections at night""}]",3.0,C19
b33aa37d6c99,23.80288,86.32141,2026-09-22,323,D,Terra,MODIS,MODIS_NRT,54,1.39,1.17,23.8,86.32,11.68,,,316.19,295.15,,,,1626300.0,unknown,False,False,weak_11um,2.46,scene,4.711215759374399,1.0,0.9663461538461539,1,1,0.0,0.2,,0.0,0.2,0.0,False,False,False,1.0,5.0,3.144,3.001,21.045,19.11,,0,0,0,0,osm|wri|gem,,0,0.0,F01159,,industrial_area,23.7748204,86.3176267,osm,1,unknown,,,,Near industrial activity,False,,False,0.0,0.25,0.2,0.0,0.9663461538461539,0.2475,0.2475,0.1869,0.8021,0.3125,0.3125,0.5273,Moderate,insufficient_evidence,Insufficient evidence,,"[{""key"": ""intensity"", ""label"": ""Thermal intensity"", ""value"": 0.966, ""weight"": 0.15, ""contribution"": 0.145, ""detail"": ""FRP 11.7 MW, 97th percentile""}, {""key"": ""physics"", ""label"": ""Combustion temperature"", ""value"": 0.25, ""weight"": 0.25, ""contribution"": 0.0625, ""detail"": ""temperature retrieval unavailable""}, {""key"": ""persistence"", ""label"": ""Repeat detections"", ""value"": 0.2, ""weight"": 0.2, ""contribution"": 0.04, ""detail"": ""seen on 1 separate days""}, {""key"": ""corroboration"", ""label"": ""Registry corroboration"", ""value"": 0.0, ""weight"": 0.3, ""contribution"": 0.0, ""detail"": ""0 of 3 registries place infrastructure within 3 km""}, {""key"": ""nocturnal"", ""label"": ""Burns at night"", ""value"": 0.0, ""weight"": 0.1, ""contribution"": 0.0, ""detail"": ""0% of detections at night""}]",3.0,C19
0373a64a7521,23.80337,86.32916,2026-09-22,323,D,Terra,MODIS,MODIS_NRT,71,1.39,1.17,23.8,86.33,16.08,,,319.56,295.36,,,,1626300.0,unknown,False,False,weak_11um,2.46,scene,6.959518290963049,1.0,0.9871794871794872,1,1,0.0,0.2,,0.0,0.2,0.0,False,False,False,1.0,5.0,3.385,2.758,21.805,19.296,,3,0,0,0,osm|wri|gem,osm,1,0.2,F01159,,industrial_area,23.7748204,86.3176267,osm,1,unknown,,,,Near industrial activity,False,,False,0.2,0.25,0.2,0.0,0.9871794871794872,0.3106,0.3106,0.1462,0.8998,0.3497,0.3497,0.5461,Moderate,insufficient_evidence,Insufficient evidence,,"[{""key"": ""intensity"", ""label"": ""Thermal intensity"", ""value"": 0.987, ""weight"": 0.15, ""contribution"": 0.1481, ""detail"": ""FRP 16.1 MW, 99th percentile""}, {""key"": ""physics"", ""label"": ""Combustion temperature"", ""value"": 0.25, ""weight"": 0.25, ""contribution"": 0.0625, ""detail"": ""temperature retrieval unavailable""}, {""key"": ""corroboration"", ""label"": ""Registry corroboration"", ""value"": 0.2, ""weight"": 0.3, ""contribution"": 0.06, ""detail"": ""1 of 3 registries place infrastructure within 3 km""}, {""key"": ""persistence"", ""label"": ""Repeat detections"", ""value"": 0.2, ""weight"": 0.2, ""contribution"": 0.04, ""detail"": ""seen on 1 separate days""}, {""key"": ""nocturnal"", ""label"": ""Burns at night"", ""value"": 0.0, ""weight"": 0.1, ""contribution"": 0.0, ""detail"": ""0% of detections at night""}]",3.0,C19
a47bada0018b,23.80592,86.32986,2026-09-22,724,D,N21,VIIRS,VIIRS_NOAA21_NRT,n,0.38,0.36,23.81,86.33,4.79,334.33,300.51,,,501.2,0.015114194500102813,2067.6,136800.0,biomass_like,False,False,ok,2.46,scene,1.1905783860458083,0.39685946201526945,0.7692307692307693,1,1,0.0,0.2,,0.0,0.2,0.0,False,False,False,1.0,5.0,3.58,2.468,21.968,19.588,,6,0,0,0,osm|wri|gem,osm,1,0.2,F01246,,industrial_area,23.828520421428575,86.3549262714286,osm,1,unknown,,,,Near industrial activity,False,,False,0.2,0.0,0.2,0.0,0.7692307692307693,0.2154,0.2154,0.1116,0.7027,0.2574,0.2574,0.332,Low,insufficient_evidence,Insufficient evidence,,"[{""key"": ""intensity"", ""label"": ""Thermal intensity"", ""value"": 0.769, ""weight"": 0.15, ""contribution"": 0.1154, ""detail"": ""FRP 4.8 MW, 77th percentile""}, {""key"": ""corroboration"", ""label"": ""Registry corroboration"", ""value"": 0.2, ""weight"": 0.3, ""contribution"": 0.06, ""detail"": ""1 of 3 registries place infrastructure within 3 km""}, {""key"": ""persistence"", ""label"": ""Repeat detections"", ""value"": 0.2, ""weight"": 0.2, ""contribution"": 0.04, ""detail"": ""seen on 1 separate days""}, {""key"": ""physics"", ""label"": ""Combustion temperature"", ""value"": 0.0, ""weight"": 0.25, ""contribution"": 0.0, ""detail"": ""retrieved 501 K (biomass like)""}, {""key"": ""nocturnal"", ""label"": ""Burns at night"", ""value"": 0.0, ""weight"": 0.1, ""contribution"": 0.0, ""detail"": ""0% of detections at night""}]",3.0,C19
ae20f691ef80,24.11636,86.85889,2026-09-22,2027,N,N,VIIRS,VIIRS_SNPP_NRT,n,0.39,0.44,24.12,86.86,0.8,299.53,270.6,,,,,,171600.0,unknown,False,False,weak_11um,2.46,scene,-0.8482232278266273,0.0,0.09134615384615384,1,1,1.0,0.2,,0.0,0.2,1.0,False,False,False,1.0,5.0,22.03,22.027,34.356,34.356,,0,0,0,0,osm|wri|gem,,0,0.0,F01304,,industrial_area,24.268260549999997,86.99833185,osm,1,unknown,,,,No registered industrial site nearby,False,,False,0.0,0.25,0.2,1.0,0.09134615384615384,0.2162,0.2162,0.3323,0.2324,0.2535,0.2535,0.1632,Low,insufficient_evidence,Insufficient evidence,,"[{""key"": ""nocturnal"", ""label"": ""Burns at night"", ""value"": 1.0, ""weight"": 0.1, ""contribution"": 0.1, ""detail"": ""100% of detections at night""}, {""key"": ""physics"", ""label"": ""Combustion temperature"", ""value"": 0.25, ""weight"": 0.25, ""contribution"": 0.0625, ""detail"": ""temperature retrieval unavailable""}, {""key"": ""persistence"", ""label"": ""Repeat detections"", ""value"": 0.2, ""weight"": 0.2, ""contribution"": 0.04, ""detail"": ""seen on 1 separate days""}, {""key"": ""intensity"", ""label"": ""Thermal intensity"", ""value"": 0.091, ""weight"": 0.15, ""contribution"": 0.0137, ""detail"": ""FRP 0.8 MW, 9th percentile""}, {""key"": ""corroboration"", ""label"": ""Registry corroboration"", ""value"": 0.0, ""weight"": 0.3, ""contribution"": 0.0, ""detail"": ""0 of 3 registries place infrastructure within 3 km""}]",3.0,C61
cd37b201fa5e,24.18069,82.64651,2026-09-22,2027,N,N,VIIRS,VIIRS_SNPP_NRT,n,0.39,0.36,24.18,82.65,0.63,297.66,276.61,,,,,,140400.0,unknown,False,False,weak_11um,2.46,scene,-0.9350894620016434,0.0,0.038461538461538464,1,1,1.0,0.2,,0.0,0.2,1.0,False,False,False,1.0,5.0,6.934,188.034,6.934,9.517,,0,0,0,0,osm|wri|gem,,0,0.0,F03287,Singrauli Solar Power Plant,power_plant,24.1185,82.6415,wri,1,operating,15.0,MW,,Near industrial activity,False,,False,0.0,0.25,0.2,1.0,0.038461538461538464,0.2083,0.2083,0.133,0.4671,0.2245,0.2245,0.1449,Low,insufficient_evidence,Insufficient evidence,,"[{""key"": ""nocturnal"", ""label"": ""Burns at night"", ""value"": 1.0, ""weight"": 0.1, ""contribution"": 0.1, ""detail"": ""100% of detections at night""}, {""key"": ""physics"", ""label"": ""Combustion temperature"", ""value"": 0.25, ""weight"": 0.25, ""contribution"": 0.0625, ""detail"": ""temperature retrieval unavailable""}, {""key"": ""persistence"", ""label"": ""Repeat detections"", ""value"": 0.2, ""weight"": 0.2, ""contribution"": 0.04, ""detail"": ""seen on 1 separate days""}, {""key"": ""intensity"", ""label"": ""Thermal intensity"", ""value"": 0.038, ""weight"": 0.15, ""contribution"": 0.0058, ""detail"": ""FRP 0.6 MW, 4th percentile""}, {""key"": ""corroboration"", ""label"": ""Registry corroboration"", ""value"": 0.0, ""weight"": 0.3, ""contribution"": 0.0, ""detail"": ""0 of 3 registries place infrastructure within 3 km""}]",3.0,C62
9fe2134466e6,24.18252,82.65929,2026-09-22,1949,N,N21,VIIRS,VIIRS_NOAA21_NRT,n,0.54,0.42,24.18,82.66,0.88,300.67,279.42,,,,,,226800.0,unknown,False,False,weak_11um,2.46,scene,-0.807344999979561,0.0,0.11858974358974358,1,1,1.0,0.2,,0.0,0.2,1.0,False,False,False,1.0,5.0,7.344,188.271,7.344,9.452,,0,0,0,0,osm|wri|gem,,0,0.0,F03287,Singrauli Solar Power Plant,power_plant,24.1185,82.6415,wri,1,operating,15.0,MW,,Near industrial activity,False,,False,0.0,0.25,0.2,1.0,0.11858974358974358,0.2203,0.2203,0.3323,0.3782,0.2776,0.2776,0.1768,Low,insufficient_evidence,Insufficient evidence,,"[{""key"": ""nocturnal"", ""label"": ""Burns at night"", ""value"": 1.0, ""weight"": 0.1, ""contribution"": 0.1, ""detail"": ""100% of detections at night""}, {""key"": ""physics"", ""label"": ""Combustion temperature"", ""value"": 0.25, ""weight"": 0.25, ""contribution"": 0.0625, ""detail"": ""temperature retrieval unavailable""}, {""key"": ""persistence"", ""label"": ""Repeat detections"", ""value"": 0.2, ""weight"": 0.2, ""contribution"": 0.04, ""detail"": ""seen on 1 separate days""}, {""key"": ""intensity"", ""label"": ""Thermal intensity"", ""value"": 0.119, ""weight"": 0.15, ""contribution"": 0.0178, ""detail"": ""FRP 0.9 MW, 12th percentile""}, {""key"": ""corroboration"", ""label"": ""Registry corroboration"", ""value"": 0.0, ""weight"": 0.3, ""contribution"": 0.0, ""detail"": ""0 of 3 registries place infrastructure within 3 km""}]",3.0,C62
639d63a58383,24.19914,82.7155,2026-09-22,1949,N,N21,VIIRS,VIIRS_NOAA21_NRT,n,0.54,0.42,24.2,82.72,1.54,302.42,281.89,,,442.8,0.011491667125446605,2606.3,226800.0,smouldering,False,False,ok,2.46,scene,-0.4700996202412633,0.0,0.28926282051282054,1,1,1.0,0.2,,0.0,0.2,1.0,False,False,False,1.0,5.0,7.853,190.369,7.468,6.84,,0,0,0,0,osm|wri|gem,,0,0.0,F02296,"ANAPARA ""C""",power_plant,24.201626384615388,82.79288,gem|wri,2,operating,9260.0,MW,Uttar Pradesh,Near industrial activity,False,,False,0.0,0.0,0.2,1.0,0.28926282051282054,0.1834,0.1834,0.3657,0.2788,0.2524,0.2524,0.1825,Low,insufficient_evidence,Insufficient evidence,,"[{""key"": ""nocturnal"", ""label"": ""Burns at night"", ""value"": 1.0, ""weight"": 0.1, ""contribution"": 0.1, ""detail"": ""100% of detections at night""}, {""key"": ""intensity"", ""label"": ""Thermal intensity"", ""value"": 0.289, ""weight"": 0.15, ""contribution"": 0.0434, ""detail"": ""FRP 1.5 MW, 29th percentile""}, {""key"": ""persistence"", ""label"": ""Repeat detections"", ""value"": 0.2, ""weight"": 0.2, ""contribution"": 0.04, ""detail"": ""seen on 1 separate days""}, {""key"": ""corroboration"", ""label"": ""Registry corroboration"", ""value"": 0.0, ""weight"": 0.3, ""contribution"": 0.0, ""detail"": ""0 of 3 registries place infrastructure within 3 km""}, {""key"": ""physics"", ""label"": ""Combustion temperature"", ""value"": 0.0, ""weight"": 0.25, ""contribution"": 0.0, ""detail"": ""retrieved 443 K (smouldering)""}]",3.0,C63
57f70e105c8f,24.2037,82.71055,2026-09-22,1949,N,N21,VIIRS,VIIRS_NOAA21_NRT,n,0.54,0.42,24.2,82.71,1.54,305.01,281.24,,,479.8,0.006889750225704932,1562.6,226800.0,smouldering,False,False,ok,2.46,scene,-0.4700996202412633,0.0,0.28926282051282054,1,1,1.0,0.2,,0.0,0.2,1.0,False,False,False,1.0,5.0,8.353,190.846,7.972,7.316,,0,0,0,0,osm|wri|gem,,0,0.0,F02296,"ANAPARA ""C""",power_plant,24.201626384615388,82.79288,gem|wri,2,operating,9260.0,MW,Uttar Pradesh,Near industrial activity,False,,False,0.0,0.0,0.2,1.0,0.28926282051282054,0.1834,0.1834,0.324,0.347,0.2501,0.2501,0.1815,Low,insufficient_evidence,Insufficient evidence,,"[{""key"": ""nocturnal"", ""label"": ""Burns at night"", ""value"": 1.0, ""weight"": 0.1, ""contribution"": 0.1, ""detail"": ""100% of detections at night""}, {""key"": ""intensity"", ""label"": ""Thermal intensity"", ""value"": 0.289, ""weight"": 0.15, ""contribution"": 0.0434, ""detail"": ""FRP 1.5 MW, 29th percentile""}, {""key"": ""persistence"", ""label"": ""Repeat detections"", ""value"": 0.2, ""weight"": 0.2, ""contribution"": 0.04, ""detail"": ""seen on 1 separate days""}, {""key"": ""corroboration"", ""label"": ""Registry corroboration"", ""value"": 0.0, ""weight"": 0.3, ""contribution"": 0.0, ""detail"": ""0 of 3 registries place infrastructure within 3 km""}, {""key"": ""physics"", ""label"": ""Combustion temperature"", ""value"": 0.0, ""weight"": 0.25, ""contribution"": 0.0, ""detail"": ""retrieved 480 K (smouldering)""}]",3.0,C63
583e82235a37,24.32484,81.32861,2026-09-22,1949,N,N21,VIIRS,VIIRS_NOAA21_NRT,n,0.43,0.46,24.32,81.33,0.71,299.63,273.62,,,,,,197800.0,unknown,False,False,weak_11um,2.46,scene,-0.894211234154577,0.0,0.06650641025641026,1,1,1.0,0.2,,0.0,0.2,1.0,False,False,False,1.0,5.0,0.385,240.813,0.272,0.456,,0,1,3,0,osm|wri|gem,wri|gem,2,0.6667,F02686,JAYPEE SIDHI CEMENT,power_plant,24.3265205,81.33193775000001,gem|wri,2,operating,310.0,MW,Madhya Pradesh,On a registered industrial site,False,,False,0.6667,0.25,0.2,1.0,0.06650641025641026,0.4125,0.4125,0.416,0.601,0.4418,0.4418,0.2455,Low,industrial_fire,Industrial fire,Moderate,"[{""key"": ""corroboration"", ""label"": ""Registry corroboration"", ""value"": 0.667, ""weight"": 0.3, ""contribution"": 0.2, ""detail"": ""2 of 3 registries place infrastructure within 3 km""}, {""key"": ""nocturnal"", ""label"": ""Burns at night"", ""value"": 1.0, ""weight"": 0.1, ""contribution"": 0.1, ""detail"": ""100% of detections at night""}, {""key"": ""physics"", ""label"": ""Combustion temperature"", ""value"": 0.25, ""weight"": 0.25, ""contribution"": 0.0625, ""detail"": ""temperature retrieval unavailable""}, {""key"": ""persistence"", ""label"": ""Repeat detections"", ""value"": 0.2, ""weight"": 0.2, ""contribution"": 0.04, ""detail"": ""seen on 1 separate days""}, {""key"": ""intensity"", ""label"": ""Thermal intensity"", ""value"": 0.067, ""weight"": 0.15, ""contribution"": 0.01, ""detail"": ""FRP 0.7 MW, 7th percentile""}]",3.0,
1e6bf09197f6,24.66031,74.63074,2026-09-22,2027,N,N,VIIRS,VIIRS_SNPP_NRT,n,0.47,0.48,24.66,74.63,2.32,305.94,295.88,,,420.3,0.01289877032914517,2910.0,225600.0,smouldering,False,False,ok,1.74,cell,1.0573098391795273,0.3524366130598424,0.46794871794871795,4,4,1.0,0.8,1.0,0.4823137752442741,0.8,1.0,False,False,False,4.0,5.0,5.752,198.576,5.752,11.826,,0,0,0,0,osm|wri|gem,,0,0.0,F03006,NIMBAHERA JK CEMENT,power_plant,24.6428,74.6843,wri,1,operating,33.2,MW,,Near industrial activity,False,,False,0.0,0.0,0.8,1.0,0.46794871794871795,0.3302,0.3302,0.3723,0.633,0.3882,0.3882,0.4696,Moderate,insufficient_evidence,Insufficient evidence,,"[{""key"": ""persistence"", ""label"": ""Repeat detections"", ""value"": 0.8, ""weight"": 0.2, ""contribution"": 0.16, ""detail"": ""seen on 4 separate days""}, {""key"": ""nocturnal"", ""label"": ""Burns at night"", ""value"": 1.0, ""weight"": 0.1, ""contribution"": 0.1, ""detail"": ""100% of detections at night""}, {""key"": ""intensity"", ""label"": ""Thermal intensity"", ""value"": 0.468, ""weight"": 0.15, ""contribution"": 0.0702, ""detail"": ""FRP 2.3 MW, 47th percentile""}, {""key"": ""corroboration"", ""label"": ""Registry corroboration"", ""value"": 0.0, ""weight"": 0.3, ""contribution"": 0.0, ""detail"": ""0 of 3 registries place infrastructure within 3 km""}, {""key"": ""physics"", ""label"": ""Combustion temperature"", ""value"": 0.0, ""weight"": 0.25, ""contribution"": 0.0, ""detail"": ""retrieved 420 K (smouldering)""}]",3.0,C14
81ed3b5bac53,24.69213,73.00185,2026-09-22,2049,N,N20,VIIRS,VIIRS_NOAA20_NRT,n,0.41,0.37,24.69,73.0,1.45,306.82,294.02,,,,,,151700.0,unknown,False,False,weak_11um,1.87,cell,-0.8400000000000003,0.0,0.2564102564102564,4,4,1.0,0.8,1.0,0.4753003071298104,0.8,1.0,False,False,False,4.0,5.0,0.464,140.41,0.464,84.596,,0,1,0,0,osm|wri|gem,wri,1,0.3333,F02684,JAYKAYPURAM PLANT,power_plant,24.6963,73.0017,wri,1,operating,66.0,MW,,On a registered industrial site,False,,False,0.3333,0.25,0.8,1.0,0.2564102564102564,0.461,0.461,0.3057,0.5529,0.4282,0.4282,0.3783,Moderate,industrial_fire,Industrial fire,Moderate,"[{""key"": ""persistence"", ""label"": ""Repeat detections"", ""value"": 0.8, ""weight"": 0.2, ""contribution"": 0.16, ""detail"": ""seen on 4 separate days""}, {""key"": ""corroboration"", ""label"": ""Registry corroboration"", ""value"": 0.333, ""weight"": 0.3, ""contribution"": 0.1, ""detail"": ""1 of 3 registries place infrastructure within 3 km""}, {""key"": ""nocturnal"", ""label"": ""Burns at night"", ""value"": 1.0, ""weight"": 0.1, ""contribution"": 0.1, ""detail"": ""100% of detections at night""}, {""key"": ""physics"", ""label"": ""Combustion temperature"", ""value"": 0.25, ""weight"": 0.25, ""contribution"": 0.0625, ""detail"": ""temperature retrieval unavailable""}, {""key"": ""intensity"", ""label"": ""Thermal intensity"", ""value"": 0.256, ""weight"": 0.15, ""contribution"": 0.0385, ""detail"": ""FRP 1.4 MW, 26th percentile""}]",3.0,C20
6bbc9b395bbc,24.71566,74.67107,2026-09-22,2049,N,N20,VIIRS,VIIRS_NOAA20_NRT,n,0.38,0.36,24.72,74.67,0.67,304.34,293.48,,,,,,136800.0,unknown,False,False,weak_11um,2.46,scene,-0.9146503480781102,0.0,0.04487179487179487,1,1,1.0,0.2,,0.0,0.2,1.0,False,False,False,1.0,5.0,3.112,205.752,3.112,8.277,,0,0,0,0,osm|wri|gem,,0,0.0,F02345,BAMANIA CEMENT,power_plant,24.6929,74.689,wri,1,operating,10.0,MW,,Near industrial activity,False,,False,0.0,0.25,0.2,1.0,0.04487179487179487,0.2092,0.2092,0.1433,0.5681,0.2433,0.2433,0.154,Low,insufficient_evidence,Insufficient evidence,,"[{""key"": ""nocturnal"", ""label"": ""Burns at night"", ""value"": 1.0, ""weight"": 0.1, ""contribution"": 0.1, ""detail"": ""100% of detections at night""}, {""key"": ""physics"", ""label"": ""Combustion temperature"", ""value"": 0.25, ""weight"": 0.25, ""contribution"": 0.0625, ""detail"": ""temperature retrieval unavailable""}, {""key"": ""persistence"", ""label"": ""Repeat detections"", ""value"": 0.2, ""weight"": 0.2, ""contribution"": 0.04, ""detail"": ""seen on 1 separate days""}, {""key"": ""intensity"", ""label"": ""Thermal intensity"", ""value"": 0.045, ""weight"": 0.15, ""contribution"": 0.0067, ""detail"": ""FRP 0.7 MW, 4th percentile""}, {""key"": ""corroboration"", ""label"": ""Registry corroboration"", ""value"": 0.0, ""weight"": 0.3, ""contribution"": 0.0, ""detail"": ""0 of 3 registries place infrastructure within 3 km""}]",3.0,
dc28efdc8b03,24.7647,74.60931,2026-09-22,2027,N,N,VIIRS,VIIRS_SNPP_NRT,n,0.48,0.48,24.76,74.61,2.7,311.15,296.9,,,430.0,0.016768314212455355,3863.4,230400.0,smouldering,False,False,ok,2.46,scene,0.12263468354119923,0.04087822784706641,0.5408653846153846,1,1,1.0,0.2,,0.0,0.2,1.0,False,False,False,1.0,5.0,0.101,205.102,0.181,0.039,,0,1,1,0,osm|wri|gem,wri|gem,2,0.6667,F02286,ADITYA CEMENT WORKS,power_plant,24.765607000000003,74.6093065,gem|wri,2,operating,128.0,MW,Chhattisgarh,On a registered industrial site,False,,False,0.6667,0.0,0.2,1.0,0.5408653846153846,0.4211,0.4211,0.8247,0.8245,0.6027,0.6027,0.3755,Moderate,industrial_fire,Industrial fire,Moderate,"[{""key"": ""corroboration"", ""label"": ""Registry corroboration"", ""value"": 0.667, ""weight"": 0.3, ""contribution"": 0.2, ""detail"": ""2 of 3 registries place infrastructure within 3 km""}, {""key"": ""nocturnal"", ""label"": ""Burns at night"", ""value"": 1.0, ""weight"": 0.1, ""contribution"": 0.1, ""detail"": ""100% of detections at night""}, {""key"": ""intensity"", ""label"": ""Thermal intensity"", ""value"": 0.541, ""weight"": 0.15, ""contribution"": 0.0811, ""detail"": ""FRP 2.7 MW, 54th percentile""}, {""key"": ""persistence"", ""label"": ""Repeat detections"", ""value"": 0.2, ""weight"": 0.2, ""contribution"": 0.04, ""detail"": ""seen on 1 separate days""}, {""key"": ""physics"", ""label"": ""Combustion temperature"", ""value"": 0.0, ""weight"": 0.25, ""contribution"": 0.0, ""detail"": ""retrieved 430 K (smouldering)""}]",3.0,C33
fed53b8cd237,24.82199,73.09334,2026-09-22,2049,N,N20,VIIRS,VIIRS_NOAA20_NRT,n,0.41,0.37,24.82,73.09,1.28,309.38,290.54,,,,,,151700.0,unknown,False,False,weak_11um,1.56,cell,-0.56,0.0,0.2107371794871795,4,4,1.0,0.8,1.0,0.48568358220963176,0.8,1.0,False,False,False,4.0,5.0,0.58,153.78,0.58,84.539,,0,1,0,0,osm|wri|gem,wri,1,0.3333,F02383,BINANI CEMENT PLANT,power_plant,24.8263,73.0901,wri,1,operating,69.6,MW,,On a registered industrial site,False,,False,0.3333,0.25,0.8,1.0,0.2107371794871795,0.4541,0.4541,0.3057,0.5521,0.4243,0.4243,0.372,Moderate,industrial_fire,Industrial fire,Moderate,"[{""key"": ""persistence"", ""label"": ""Repeat detections"", ""value"": 0.8, ""weight"": 0.2, ""contribution"": 0.16, ""detail"": ""seen on 4 separate days""}, {""key"": ""corroboration"", ""label"": ""Registry corroboration"", ""value"": 0.333, ""weight"": 0.3, ""contribution"": 0.1, ""detail"": ""1 of 3 registries place infrastructure within 3 km""}, {""key"": ""nocturnal"", ""label"": ""Burns at night"", ""value"": 1.0, ""weight"": 0.1, ""contribution"": 0.1, ""detail"": ""100% of detections at night""}, {""key"": ""physics"", ""label"": ""Combustion temperature"", ""value"": 0.25, ""weight"": 0.25, ""contribution"": 0.0625, ""detail"": ""temperature retrieval unavailable""}, {""key"": ""intensity"", ""label"": ""Thermal intensity"", ""value"": 0.211, ""weight"": 0.15, ""contribution"": 0.0316, ""detail"": ""FRP 1.3 MW, 21th percentile""}]",3.0,C21
ae72bb47135b,24.92245,84.15629,2026-09-22,1949,N,N21,VIIRS,VIIRS_NOAA21_NRT,n,0.47,0.39,24.92,84.16,0.56,300.16,273.92,,,,,,183300.0,unknown,False,False,weak_11um,2.46,scene,-0.9708579113678264,0.0,0.02564102564102564,1,1,1.0,0.2,,0.0,0.2,1.0,False,False,False,1.0,5.0,16.295,147.65,16.353,16.285,,0,0,0,0,osm|wri|gem,,0,0.0,F02987,NABI NAGAR TPP,power_plant,24.77591428571429,84.1581357142857,gem|wri,2,operating,5130.0,MW,Bihar,No registered industrial site nearby,False,,False,0.0,0.25,0.2,1.0,0.02564102564102564,0.2063,0.2063,0.1271,0.2107,0.1832,0.1832,0.125,Low,insufficient_evidence,Insufficient evidence,,"[{""key"": ""nocturnal"", ""label"": ""Burns at night"", ""value"": 1.0, ""weight"": 0.1, ""contribution"": 0.1, ""detail"": ""100% of detections at night""}, {""key"": ""physics"", ""label"": ""Combustion temperature"", ""value"": 0.25, ""weight"": 0.25, ""contribution"": 0.0625, ""detail"": ""temperature retrieval unavailable""}, {""key"": ""persistence"", ""label"": ""Repeat detections"", ""value"": 0.2, ""weight"": 0.2, ""contribution"": 0.04, ""detail"": ""seen on 1 separate days""}, {""key"": ""intensity"", ""label"": ""Thermal intensity"", ""value"": 0.026, ""weight"": 0.15, ""contribution"": 0.0038, ""detail"": ""FRP 0.6 MW, 3th percentile""}, {""key"": ""corroboration"", ""label"": ""Registry corroboration"", ""value"": 0.0, ""weight"": 0.3, ""contribution"": 0.0, ""detail"": ""0 of 3 registries place infrastructure within 3 km""}]",3.0,C64
c71c0e015ca0,24.93087,84.14824,2026-09-22,1949,N,N21,VIIRS,VIIRS_NOAA21_NRT,n,0.47,0.4,24.93,84.15,1.06,298.1,273.2,,,,,,188000.0,unknown,False,False,weak_11um,2.46,scene,-0.7153689873236615,0.0,0.1594551282051282,1,1,1.0,0.2,,0.0,0.2,1.0,False,False,False,1.0,5.0,17.259,148.736,17.32,17.249,,0,0,0,0,osm|wri|gem,,0,0.0,F02987,NABI NAGAR TPP,power_plant,24.77591428571429,84.1581357142857,gem|wri,2,operating,5130.0,MW,Bihar,No registered industrial site nearby,False,,False,0.0,0.25,0.2,1.0,0.1594551282051282,0.2264,0.2264,0.3011,0.1779,0.2415,0.2415,0.1646,Low,insufficient_evidence,Insufficient evidence,,"[{""key"": ""nocturnal"", ""label"": ""Burns at night"", ""value"": 1.0, ""weight"": 0.1, ""contribution"": 0.1, ""detail"": ""100% of detections at night""}, {""key"": ""physics"", ""label"": ""Combustion temperature"", ""value"": 0.25, ""weight"": 0.25, ""contribution"": 0.0625, ""detail"": ""temperature retrieval unavailable""}, {""key"": ""persistence"", ""label"": ""Repeat detections"", ""value"": 0.2, ""weight"": 0.2, ""contribution"": 0.04, ""detail"": ""seen on 1 separate days""}, {""key"": ""intensity"", ""label"": ""Thermal intensity"", ""value"": 0.159, ""weight"": 0.15, ""contribution"": 0.0239, ""detail"": ""FRP 1.1 MW, 16th percentile""}, {""key"": ""corroboration"", ""label"": ""Registry corroboration"", ""value"": 0.0, ""weight"": 0.3, ""contribution"": 0.0, ""detail"": ""0 of 3 registries place infrastructure within 3 km""}]",3.0,C64
36d42cc09b2a,24.93251,74.63224,2026-09-22,2046,N,N20,VIIRS,VIIRS_NOAA20_NRT,n,0.39,0.36,24.93,74.63,0.89,306.99,296.08,,,422.5,0.013673654873933534,1919.8,140400.0,smouldering,False,False,ok,1.14,region,-0.4999999999999998,0.0,0.12259615384615384,3,3,1.0,0.6,1.0,0.0,0.6,1.0,False,False,False,3.0,5.0,0.574,220.329,0.574,5.005,,0,1,0,0,osm|wri|gem,wri,1,0.3333,F02475,CHANDERIA CEMENT WORKS,power_plant,24.9293,74.6367,wri,1,operating,35.0,MW,,On a registered industrial site,False,,False,0.3333,0.0,0.6,1.0,0.12259615384615384,0.3384,0.3384,0.244,0.7059,0.3652,0.3652,0.2966,Low,insufficient_evidence,Insufficient evidence,,"[{""key"": ""persistence"", ""label"": ""Repeat detections"", ""value"": 0.6, ""weight"": 0.2, ""contribution"": 0.12, ""detail"": ""seen on 3 separate days""}, {""key"": ""corroboration"", ""label"": ""Registry corroboration"", ""value"": 0.333, ""weight"": 0.3, ""contribution"": 0.1, ""detail"": ""1 of 3 registries place infrastructure within 3 km""}, {""key"": ""nocturnal"", ""label"": ""Burns at night"", ""value"": 1.0, ""weight"": 0.1, ""contribution"": 0.1, ""detail"": ""100% of detections at night""}, {""key"": ""intensity"", ""label"": ""Thermal intensity"", ""value"": 0.123, ""weight"": 0.15, ""contribution"": 0.0184, ""detail"": ""FRP 0.9 MW, 12th percentile""}, {""key"": ""physics"", ""label"": ""Combustion temperature"", ""value"": 0.0, ""weight"": 0.25, ""contribution"": 0.0, ""detail"": ""retrieved 422 K (smouldering)""}]",3.0,C22
0303c4bde713,24.9358,74.63286,2026-09-22,2046,N,N20,VIIRS,VIIRS_NOAA20_NRT,n,0.39,0.36,24.94,74.63,0.89,307.96,296.52,,,417.1,0.016923833037968846,2376.1,140400.0,smouldering,False,False,ok,1.14,region,-0.4999999999999998,0.0,0.12259615384615384,1,1,1.0,0.2,,0.0,0.2,1.0,False,False,False,1.0,5.0,0.82,220.644,0.82,4.715,,0,1,0,0,osm|wri|gem,wri,1,0.3333,F02475,CHANDERIA CEMENT WORKS,power_plant,24.9293,74.6367,wri,1,operating,35.0,MW,,On a registered industrial site,False,,False,0.3333,0.0,0.2,1.0,0.12259615384615384,0.2584,0.2584,0.189,0.4415,0.265,0.265,0.1715,Low,insufficient_evidence,Insufficient evidence,,"[{""key"": ""corroboration"", ""label"": ""Registry corroboration"", ""value"": 0.333, ""weight"": 0.3, ""contribution"": 0.1, ""detail"": ""1 of 3 registries place infrastructure within 3 km""}, {""key"": ""nocturnal"", ""label"": ""Burns at night"", ""value"": 1.0, ""weight"": 0.1, ""contribution"": 0.1, ""detail"": ""100% of detections at night""}, {""key"": ""persistence"", ""label"": ""Repeat detections"", ""value"": 0.2, ""weight"": 0.2, ""contribution"": 0.04, ""detail"": ""seen on 1 separate days""}, {""key"": ""intensity"", ""label"": ""Thermal intensity"", ""value"": 0.123, ""weight"": 0.15, ""contribution"": 0.0184, ""detail"": ""FRP 0.9 MW, 12th percentile""}, {""key"": ""physics"", ""label"": ""Combustion temperature"", ""value"": 0.0, ""weight"": 0.25, ""contribution"": 0.0, ""detail"": ""retrieved 417 K (smouldering)""}]",3.0,C22
ecfe75f72ee2,25.60174,81.36993,2026-09-22,801,D,N,VIIRS,VIIRS_SNPP_NRT,n,0.4,0.37,25.6,81.37,2.8,334.0,296.12,,,618.2,0.003547718743669594,525.1,148000.0,biomass_like,False,False,ok,2.46,scene,0.17373246835003203,0.05791082278334401,0.5584935897435898,1,1,0.0,0.2,,0.0,0.2,0.0,False,False,False,1.0,5.0,34.616,368.055,32.412,34.879,,0,0,0,0,osm|wri|gem,,0,0.0,F03370,UNCHAHAR,power_plant,25.910394025,81.3249026375,gem|wri,2,operating,3110.0,MW,Uttar Pradesh,No registered industrial site nearby,False,,False,0.0,0.0,0.2,0.0,0.5584935897435898,0.1238,0.1238,0.02,0.3317,0.1238,0.1238,0.166,Low,insufficient_evidence,Insufficient evidence,,"[{""key"": ""intensity"", ""label"": ""Thermal intensity"", ""value"": 0.558, ""weight"": 0.15, ""contribution"": 0.0838, ""detail"": ""FRP 2.8 MW, 56th percentile""}, {""key"": ""persistence"", ""label"": ""Repeat detections"", ""value"": 0.2, ""weight"": 0.2, ""contribution"": 0.04, ""detail"": ""seen on 1 separate days""}, {""key"": ""corroboration"", ""label"": ""Registry corroboration"", ""value"": 0.0, ""weight"": 0.3, ""contribution"": 0.0, ""detail"": ""0 of 3 registries place infrastructure within 3 km""}, {""key"": ""physics"", ""label"": ""Combustion temperature"", ""value"": 0.0, ""weight"": 0.25, ""contribution"": 0.0, ""detail"": ""retrieved 618 K (biomass like)""}, {""key"": ""nocturnal"", ""label"": ""Burns at night"", ""value"": 0.0, ""weight"": 0.1, ""contribution"": 0.0, ""detail"": ""0% of detections at night""}]",3.0,
fe0a16f3fdc3,25.84099,81.26147,2026-09-22,820,D,N20,VIIRS,VIIRS_NOAA20_NRT,n,0.54,0.51,25.84,81.26,4.71,336.27,293.04,,,,,,275400.0,unknown,False,False,weak_11um,2.46,scene,1.1497001581987418,0.3832333860662473,0.7620192307692307,1,1,0.0,0.2,,0.0,0.2,0.0,False,False,False,1.0,5.0,9.992,381.562,7.562,9.891,,0,0,0,0,osm|wri|gem,,0,0.0,F03370,UNCHAHAR,power_plant,25.910394025,81.3249026375,gem|wri,2,operating,3110.0,MW,Uttar Pradesh,Near industrial activity,False,,False,0.0,0.25,0.2,0.0,0.7620192307692307,0.2168,0.2168,0.2326,0.3277,0.2382,0.2382,0.3192,Low,insufficient_evidence,Insufficient evidence,,"[{""key"": ""intensity"", ""label"": ""Thermal intensity"", ""value"": 0.762, ""weight"": 0.15, ""contribution"": 0.1143, ""detail"": ""FRP 4.7 MW, 76th percentile""}, {""key"": ""physics"", ""label"": ""Combustion temperature"", ""value"": 0.25, ""weight"": 0.25, ""contribution"": 0.0625, ""detail"": ""temperature retrieval unavailable""}, {""key"": ""persistence"", ""label"": ""Repeat detections"", ""value"": 0.2, ""weight"": 0.2, ""contribution"": 0.04, ""detail"": ""seen on 1 separate days""}, {""key"": ""corroboration"", ""label"": ""Registry corroboration"", ""value"": 0.0, ""weight"": 0.3, ""contribution"": 0.0, ""detail"": ""0 of 3 registries place infrastructure within 3 km""}, {""key"": ""nocturnal"", ""label"": ""Burns at night"", ""value"": 0.0, ""weight"": 0.1, ""contribution"": 0.0, ""detail"": ""0% of detections at night""}]",3.0,
77db6defa6b1,25.9437,72.19227,2026-09-22,2046,N,N20,VIIRS,VIIRS_NOAA20_NRT,n,0.45,0.39,25.94,72.19,1.54,309.83,299.75,,,,,,175500.0,unknown,False,False,weak_11um,2.46,scene,-0.4700996202412633,0.0,0.28926282051282054,1,1,1.0,0.2,,0.0,0.2,1.0,False,False,False,1.0,5.0,16.411,272.337,16.411,86.415,,0,0,0,0,osm|wri|gem,,0,0.0,F03106,Patodi Solar Power Plant,power_plant,26.0748,72.2677,wri,1,operating,1.0,MW,,No registered industrial site nearby,False,,False,0.0,0.25,0.2,1.0,0.28926282051282054,0.2459,0.2459,0.3073,0.1386,0.2482,0.2482,0.1806,Low,insufficient_evidence,Insufficient evidence,,"[{""key"": ""nocturnal"", ""label"": ""Burns at night"", ""value"": 1.0, ""weight"": 0.1, ""contribution"": 0.1, ""detail"": ""100% of detections at night""}, {""key"": ""physics"", ""label"": ""Combustion temperature"", ""value"": 0.25, ""weight"": 0.25, ""contribution"": 0.0625, ""detail"": ""temperature retrieval unavailable""}, {""key"": ""intensity"", ""label"": ""Thermal intensity"", ""value"": 0.289, ""weight"": 0.15, ""contribution"": 0.0434, ""detail"": ""FRP 1.5 MW, 29th percentile""}, {""key"": ""persistence"", ""label"": ""Repeat detections"", ""value"": 0.2, ""weight"": 0.2, ""contribution"": 0.04, ""detail"": ""seen on 1 separate days""}, {""key"": ""corroboration"", ""label"": ""Registry corroboration"", ""value"": 0.0, ""weight"": 0.3, ""contribution"": 0.0, ""detail"": ""0 of 3 registries place infrastructure within 3 km""}]",3.0,
88745172a21f,26.25987,74.09547,2026-09-22,2131,N,N21,VIIRS,VIIRS_NOAA21_NRT,n,0.44,0.62,26.26,74.1,2.19,309.9,297.42,,,,,,272800.0,unknown,False,False,weak_11um,1.53,cell,1.3199999999999998,0.43999999999999995,0.43669871794871795,4,4,1.0,0.8,1.0,0.5078510635421727,0.8,1.0,False,False,False,4.0,5.0,5.11,285.058,5.11,35.533,,0,0,0,0,osm|wri|gem,,0,0.0,F03129,RABRIYAWAS CEMENT,power_plant,26.2984,74.1234,wri,1,operating,18.7,MW,,Near industrial activity,False,,False,0.0,0.25,0.8,1.0,0.43669871794871795,0.388,0.388,0.2907,0.5433,0.3821,0.3821,0.4856,Moderate,insufficient_evidence,Insufficient evidence,,"[{""key"": ""persistence"", ""label"": ""Repeat detections"", ""value"": 0.8, ""weight"": 0.2, ""contribution"": 0.16, ""detail"": ""seen on 4 separate days""}, {""key"": ""nocturnal"", ""label"": ""Burns at night"", ""value"": 1.0, ""weight"": 0.1, ""contribution"": 0.1, ""detail"": ""100% of detections at night""}, {""key"": ""intensity"", ""label"": ""Thermal intensity"", ""value"": 0.437, ""weight"": 0.15, ""contribution"": 0.0655, ""detail"": ""FRP 2.2 MW, 44th percentile""}, {""key"": ""physics"", ""label"": ""Combustion temperature"", ""value"": 0.25, ""weight"": 0.25, ""contribution"": 0.0625, ""detail"": ""temperature retrieval unavailable""}, {""key"": ""corroboration"", ""label"": ""Registry corroboration"", ""value"": 0.0, ""weight"": 0.3, ""contribution"": 0.0, ""detail"": ""0 of 3 registries place infrastructure within 3 km""}]",3.0,C12
578f378dadd3,26.42396,88.79596,2026-09-22,724,D,N21,VIIRS,VIIRS_NOAA21_NRT,n,0.44,0.38,26.42,88.8,4.1,333.77,296.16,,,,,,167200.0,unknown,False,False,weak_11um,2.46,scene,0.8380036708648606,0.2793345569549535,0.7115384615384616,1,1,0.0,0.2,,0.0,0.2,0.0,False,False,False,1.0,5.0,48.349,289.396,48.349,151.824,,0,0,0,0,osm|wri|gem,,0,0.0,F03311,TEESTA  I-III,power_plant,26.4875,88.3155,wri,1,operating,67.5,MW,,No registered industrial site nearby,False,,False,0.0,0.25,0.2,0.0,0.7115384615384616,0.2092,0.2092,0.0424,0.3429,0.1792,0.1792,0.2616,Low,insufficient_evidence,Insufficient evidence,,"[{""key"": ""intensity"", ""label"": ""Thermal intensity"", ""value"": 0.712, ""weight"": 0.15, ""contribution"": 0.1067, ""detail"": ""FRP 4.1 MW, 71th percentile""}, {""key"": ""physics"", ""label"": ""Combustion temperature"", ""value"": 0.25, ""weight"": 0.25, ""contribution"": 0.0625, ""detail"": ""temperature retrieval unavailable""}, {""key"": ""persistence"", ""label"": ""Repeat detections"", ""value"": 0.2, ""weight"": 0.2, ""contribution"": 0.04, ""detail"": ""seen on 1 separate days""}, {""key"": ""corroboration"", ""label"": ""Registry corroboration"", ""value"": 0.0, ""weight"": 0.3, ""contribution"": 0.0, ""detail"": ""0 of 3 registries place infrastructure within 3 km""}, {""key"": ""nocturnal"", ""label"": ""Burns at night"", ""value"": 0.0, ""weight"": 0.1, ""contribution"": 0.0, ""detail"": ""0% of detections at night""}]",3.0,
ac4b8ccd5026,26.42662,80.35898,2026-09-22,801,D,N,VIIRS,VIIRS_SNPP_NRT,n,0.39,0.36,26.43,80.36,3.8,344.56,299.96,,,,,,140400.0,unknown,False,False,weak_11um,2.46,scene,0.6847103164383618,0.2282367721461206,0.6746794871794872,1,1,0.0,0.2,,0.0,0.2,0.0,False,False,False,1.0,5.0,12.994,270.737,72.78,12.994,,0,0,0,0,osm|wri|gem,,0,0.0,F03683,Panki Thermal Power Station,power_plant,26.4766,80.241,gem,1,operating,870.0,MW,Uttar Pradesh,No registered industrial site nearby,False,,False,0.0,0.25,0.2,0.0,0.6746794871794872,0.2037,0.2037,0.0091,0.1739,0.1408,0.1408,0.2279,Low,insufficient_evidence,Insufficient evidence,,"[{""key"": ""intensity"", ""label"": ""Thermal intensity"", ""value"": 0.675, ""weight"": 0.15, ""contribution"": 0.1012, ""detail"": ""FRP 3.8 MW, 67th percentile""}, {""key"": ""physics"", ""label"": ""Combustion temperature"", ""value"": 0.25, ""weight"": 0.25, ""contribution"": 0.0625, ""detail"": ""temperature retrieval unavailable""}, {""key"": ""persistence"", ""label"": ""Repeat detections"", ""value"": 0.2, ""weight"": 0.2, ""contribution"": 0.04, ""detail"": ""seen on 1 separate days""}, {""key"": ""corroboration"", ""label"": ""Registry corroboration"", ""value"": 0.0, ""weight"": 0.3, ""contribution"": 0.0, ""detail"": ""0 of 3 registries place infrastructure within 3 km""}, {""key"": ""nocturnal"", ""label"": ""Burns at night"", ""value"": 0.0, ""weight"": 0.1, ""contribution"": 0.0, ""detail"": ""0% of detections at night""}]",3.0,
9be4abaaff0e,26.53267,77.72529,2026-09-22,820,D,N20,VIIRS,VIIRS_NOAA20_NRT,n,0.52,0.41,26.53,77.73,2.51,333.73,298.89,,,,,,213200.0,unknown,False,False,weak_11um,2.46,scene,0.025548892404416393,0.008516297468138798,0.5064102564102564,1,1,0.0,0.2,,0.0,0.2,0.0,False,False,False,1.0,5.0,22.477,107.948,22.537,22.416,,0,0,0,0,osm|wri|gem,,0,0.0,F02530,DHOLPUR,power_plant,26.7021195,77.8485665,gem|wri,2,operating,660.0,MW,Rajasthan,No registered industrial site nearby,False,,False,0.0,0.25,0.2,0.0,0.5064102564102564,0.1785,0.1785,0.0,0.1018,0.1134,0.1134,0.1438,Low,insufficient_evidence,Insufficient evidence,,"[{""key"": ""intensity"", ""label"": ""Thermal intensity"", ""value"": 0.506, ""weight"": 0.15, ""contribution"": 0.076, ""detail"": ""FRP 2.5 MW, 51th percentile""}, {""key"": ""physics"", ""label"": ""Combustion temperature"", ""value"": 0.25, ""weight"": 0.25, ""contribution"": 0.0625, ""detail"": ""temperature retrieval unavailable""}, {""key"": ""persistence"", ""label"": ""Repeat detections"", ""value"": 0.2, ""weight"": 0.2, ""contribution"": 0.04, ""detail"": ""seen on 1 separate days""}, {""key"": ""corroboration"", ""label"": ""Registry corroboration"", ""value"": 0.0, ""weight"": 0.3, ""contribution"": 0.0, ""detail"": ""0 of 3 registries place infrastructure within 3 km""}, {""key"": ""nocturnal"", ""label"": ""Burns at night"", ""value"": 0.0, ""weight"": 0.1, ""contribution"": 0.0, ""detail"": ""0% of detections at night""}]",3.0,
9d556cd87c68,26.6393,79.47697,2026-09-22,1949,N,N21,VIIRS,VIIRS_NOAA21_NRT,n,0.6,0.53,26.64,79.48,5.18,319.5,290.34,,,500.3,0.0095033120918971,3022.1,318000.0,biomass_like,False,False,ok,2.46,scene,1.3898597468002567,0.46328658226675223,0.7932692307692307,2,2,1.0,0.4,,0.0,0.4,1.0,False,True,False,2.0,5.0,5.278,184.506,5.278,5.278,,0,0,0,0,osm|wri|gem,,0,0.0,F02303,AURAIYA GT,power_plant,26.6282,79.5286,gem|wri,2,operating,1315.0,MW,Uttar Pradesh,Near industrial activity,False,,False,0.0,0.0,0.4,1.0,0.7932692307692307,0.299,0.299,0.3323,0.8301,0.3887,0.3887,0.4501,Moderate,insufficient_evidence,Insufficient evidence,,"[{""key"": ""intensity"", ""label"": ""Thermal intensity"", ""value"": 0.793, ""weight"": 0.15, ""contribution"": 0.119, ""detail"": ""FRP 5.2 MW, 79th percentile""}, {""key"": ""nocturnal"", ""label"": ""Burns at night"", ""value"": 1.0, ""weight"": 0.1, ""contribution"": 0.1, ""detail"": ""100% of detections at night""}, {""key"": ""persistence"", ""label"": ""Repeat detections"", ""value"": 0.4, ""weight"": 0.2, ""contribution"": 0.08, ""detail"": ""seen on 2 separate days""}, {""key"": ""corroboration"", ""label"": ""Registry corroboration"", ""value"": 0.0, ""weight"": 0.3, ""contribution"": 0.0, ""detail"": ""0 of 3 registries place infrastructure within 3 km""}, {""key"": ""physics"", ""label"": ""Combustion temperature"", ""value"": 0.0, ""weight"": 0.25, ""contribution"": 0.0, ""detail"": ""retrieved 500 K (biomass like)""}]",3.0,C65
2b709d370c3d,26.70207,77.84737,2026-09-22,1949,N,N21,VIIRS,VIIRS_NOAA21_NRT,n,0.38,0.59,26.7,77.85,1.46,307.85,296.17,,,,,,224200.0,unknown,False,False,weak_11um,2.46,scene,-0.5109778480883297,0.0,0.25961538461538464,1,1,1.0,0.2,,0.0,0.2,1.0,False,False,False,1.0,5.0,0.119,90.77,0.185,0.062,,0,1,1,0,osm|wri|gem,wri|gem,2,0.6667,F02530,DHOLPUR,power_plant,26.7021195,77.8485665,gem|wri,2,operating,660.0,MW,Rajasthan,On a registered industrial site,False,,False,0.6667,0.25,0.2,1.0,0.25961538461538464,0.4415,0.4415,0.5057,0.7324,0.5044,0.5044,0.2929,Low,industrial_fire,Industrial fire,Moderate,"[{""key"": ""corroboration"", ""label"": ""Registry corroboration"", ""value"": 0.667, ""weight"": 0.3, ""contribution"": 0.2, ""detail"": ""2 of 3 registries place infrastructure within 3 km""}, {""key"": ""nocturnal"", ""label"": ""Burns at night"", ""value"": 1.0, ""weight"": 0.1, ""contribution"": 0.1, ""detail"": ""100% of detections at night""}, {""key"": ""physics"", ""label"": ""Combustion temperature"", ""value"": 0.25, ""weight"": 0.25, ""contribution"": 0.0625, ""detail"": ""temperature retrieval unavailable""}, {""key"": ""persistence"", ""label"": ""Repeat detections"", ""value"": 0.2, ""weight"": 0.2, ""contribution"": 0.04, ""detail"": ""seen on 1 separate days""}, {""key"": ""intensity"", ""label"": ""Thermal intensity"", ""value"": 0.26, ""weight"": 0.15, ""contribution"": 0.0389, ""detail"": ""FRP 1.5 MW, 26th percentile""}]",3.0,
51e2c9b9e180,26.76155,83.19833,2026-09-22,1949,N,N21,VIIRS,VIIRS_NOAA21_NRT,n,0.55,0.42,26.76,83.2,1.86,305.18,284.35,,,,,,231000.0,unknown,False,False,weak_11um,2.46,scene,-0.30658670885299777,0.0,0.3766025641025641,1,1,1.0,0.2,,0.0,0.2,1.0,False,False,False,1.0,5.0,62.369,346.49,62.385,62.336,,0,0,0,0,osm|wri|gem,,0,0.0,F03306,TANDA,power_plant,26.588905114285712,82.60109868571429,gem|wri,2,operating,2200.0,MW,Uttar Pradesh,No registered industrial site nearby,False,,False,0.0,0.25,0.2,1.0,0.3766025641025641,0.259,0.259,0.21,0.7075,0.3116,0.3116,0.2179,Low,insufficient_evidence,Insufficient evidence,,"[{""key"": ""nocturnal"", ""label"": ""Burns at night"", ""value"": 1.0, ""weight"": 0.1, ""contribution"": 0.1, ""detail"": ""100% of detections at night""}, {""key"": ""physics"", ""label"": ""Combustion temperature"", ""value"": 0.25, ""weight"": 0.25, ""contribution"": 0.0625, ""detail"": ""temperature retrieval unavailable""}, {""key"": ""intensity"", ""label"": ""Thermal intensity"", ""value"": 0.377, ""weight"": 0.15, ""contribution"": 0.0565, ""detail"": ""FRP 1.9 MW, 38th percentile""}, {""key"": ""persistence"", ""label"": ""Repeat detections"", ""value"": 0.2, ""weight"": 0.2, ""contribution"": 0.04, ""detail"": ""seen on 1 separate days""}, {""key"": ""corroboration"", ""label"": ""Registry corroboration"", ""value"": 0.0, ""weight"": 0.3, ""contribution"": 0.0, ""detail"": ""0 of 3 registries place infrastructure within 3 km""}]",3.0,
80a80b101de1,26.87814,73.51534,2026-09-22,2131,N,N21,VIIRS,VIIRS_NOAA21_NRT,n,0.39,0.6,26.88,73.52,1.8,306.43,295.76,,,,,,234000.0,unknown,False,False,weak_11um,1.6349999999999998,region,0.2853614751631755,0.0951204917210585,0.3629807692307692,3,3,1.0,0.6,0.6666666666666667,0.0,0.6,1.0,False,False,False,4.0,5.0,15.933,313.027,15.933,41.628,,0,0,0,0,osm|wri|gem,,0,0.0,F02823,Khimsar,power_plant,26.97,73.392,wri,1,operating,5.0,MW,,No registered industrial site nearby,False,,False,0.0,0.25,0.6,1.0,0.3629807692307692,0.3369,0.3369,0.1076,0.5264,0.2965,0.2965,0.3135,Low,insufficient_evidence,Insufficient evidence,,"[{""key"": ""persistence"", ""label"": ""Repeat detections"", ""value"": 0.6, ""weight"": 0.2, ""contribution"": 0.12, ""detail"": ""seen on 3 separate days""}, {""key"": ""nocturnal"", ""label"": ""Burns at night"", ""value"": 1.0, ""weight"": 0.1, ""contribution"": 0.1, ""detail"": ""100% of detections at night""}, {""key"": ""physics"", ""label"": ""Combustion temperature"", ""value"": 0.25, ""weight"": 0.25, ""contribution"": 0.0625, ""detail"": ""temperature retrieval unavailable""}, {""key"": ""intensity"", ""label"": ""Thermal intensity"", ""value"": 0.363, ""weight"": 0.15, ""contribution"": 0.0544, ""detail"": ""FRP 1.8 MW, 36th percentile""}, {""key"": ""corroboration"", ""label"": ""Registry corroboration"", ""value"": 0.0, ""weight"": 0.3, ""contribution"": 0.0, ""detail"": ""0 of 3 registries place infrastructure within 3 km""}]",3.0,C4
264e7f4a49f6,26.87829,73.51489,2026-09-22,2046,N,N20,VIIRS,VIIRS_NOAA20_NRT,n,0.41,0.37,26.88,73.51,2.14,314.04,297.31,,,,,,151700.0,unknown,False,False,weak_11um,1.6349999999999998,region,0.8733790603478999,0.2911263534493,0.422275641025641,3,3,1.0,0.6,1.0,0.0,0.6,1.0,False,False,False,3.0,5.0,15.888,313.066,15.888,41.636,,0,0,0,0,osm|wri|gem,,0,0.0,F02823,Khimsar,power_plant,26.97,73.392,wri,1,operating,5.0,MW,,No registered industrial site nearby,False,,False,0.0,0.25,0.6,1.0,0.422275641025641,0.3458,0.3458,0.1411,0.5713,0.3182,0.3182,0.3782,Moderate,insufficient_evidence,Insufficient evidence,,"[{""key"": ""persistence"", ""label"": ""Repeat detections"", ""value"": 0.6, ""weight"": 0.2, ""contribution"": 0.12, ""detail"": ""seen on 3 separate days""}, {""key"": ""nocturnal"", ""label"": ""Burns at night"", ""value"": 1.0, ""weight"": 0.1, ""contribution"": 0.1, ""detail"": ""100% of detections at night""}, {""key"": ""intensity"", ""label"": ""Thermal intensity"", ""value"": 0.422, ""weight"": 0.15, ""contribution"": 0.0633, ""detail"": ""FRP 2.1 MW, 42th percentile""}, {""key"": ""physics"", ""label"": ""Combustion temperature"", ""value"": 0.25, ""weight"": 0.25, ""contribution"": 0.0625, ""detail"": ""temperature retrieval unavailable""}, {""key"": ""corroboration"", ""label"": ""Registry corroboration"", ""value"": 0.0, ""weight"": 0.3, ""contribution"": 0.0, ""detail"": ""0 of 3 registries place infrastructure within 3 km""}]",3.0,C4
a7c61be5cc2d,26.9268,73.46874,2026-09-22,2046,N,N20,VIIRS,VIIRS_NOAA20_NRT,n,0.41,0.37,26.93,73.47,1.64,308.97,296.74,,,,,,151700.0,unknown,False,False,weak_11um,1.6349999999999998,region,0.008647317429187323,0.002882439143062441,0.32051282051282054,3,3,1.0,0.6,0.6666666666666667,0.0,0.6,1.0,False,False,False,4.0,5.0,8.996,316.268,8.996,39.901,,0,0,0,0,osm|wri|gem,,0,0.0,F02823,Khimsar,power_plant,26.97,73.392,wri,1,operating,5.0,MW,,Near industrial activity,False,,False,0.0,0.25,0.6,1.0,0.32051282051282054,0.3306,0.3306,0.1076,0.4992,0.289,0.289,0.2828,Low,insufficient_evidence,Insufficient evidence,,"[{""key"": ""persistence"", ""label"": ""Repeat detections"", ""value"": 0.6, ""weight"": 0.2, ""contribution"": 0.12, ""detail"": ""seen on 3 separate days""}, {""key"": ""nocturnal"", ""label"": ""Burns at night"", ""value"": 1.0, ""weight"": 0.1, ""contribution"": 0.1, ""detail"": ""100% of detections at night""}, {""key"": ""physics"", ""label"": ""Combustion temperature"", ""value"": 0.25, ""weight"": 0.25, ""contribution"": 0.0625, ""detail"": ""temperature retrieval unavailable""}, {""key"": ""intensity"", ""label"": ""Thermal intensity"", ""value"": 0.321, ""weight"": 0.15, ""contribution"": 0.0481, ""detail"": ""FRP 1.6 MW, 32th percentile""}, {""key"": ""corroboration"", ""label"": ""Registry corroboration"", ""value"": 0.0, ""weight"": 0.3, ""contribution"": 0.0, ""detail"": ""0 of 3 registries place infrastructure within 3 km""}]",3.0,C34
80ac513fe5fe,27.11756,81.2395,2026-09-22,803,D,N,VIIRS,VIIRS_SNPP_NRT,n,0.4,0.37,27.12,81.24,9.22,349.55,299.07,,,,,,148000.0,unknown,False,False,weak_11um,2.46,scene,3.4542102530771093,1.0,0.9415064102564102,1,1,0.0,0.2,,0.0,0.2,0.0,False,False,False,1.0,5.0,22.313,326.266,74.543,22.313,,0,0,0,0,osm|wri|gem,,0,0.0,F03462,Barabanki power station,power_plant,26.92,81.2,gem,1,cancelled,250.0,MW,Uttar Pradesh,No registered industrial site nearby,False,,False,0.0,0.25,0.2,0.0,0.9415064102564102,0.2437,0.2437,0.0876,0.5865,0.2483,0.2483,0.4959,Moderate,insufficient_evidence,Insufficient evidence,,"[{""key"": ""intensity"", ""label"": ""Thermal intensity"", ""value"": 0.942, ""weight"": 0.15, ""contribution"": 0.1412, ""detail"": ""FRP 9.2 MW, 94th percentile""}, {""key"": ""physics"", ""label"": ""Combustion temperature"", ""value"": 0.25, ""weight"": 0.25, ""contribution"": 0.0625, ""detail"": ""temperature retrieval unavailable""}, {""key"": ""persistence"", ""label"": ""Repeat detections"", ""value"": 0.2, ""weight"": 0.2, ""contribution"": 0.04, ""detail"": ""seen on 1 separate days""}, {""key"": ""corroboration"", ""label"": ""Registry corroboration"", ""value"": 0.0, ""weight"": 0.3, ""contribution"": 0.0, ""detail"": ""0 of 3 registries place infrastructure within 3 km""}, {""key"": ""nocturnal"", ""label"": ""Burns at night"", ""value"": 0.0, ""weight"": 0.1, ""contribution"": 0.0, ""detail"": ""0% of detections at night""}]",3.0,
7f75566c8a2d,27.28969,73.83908,2026-09-22,2046,N,N20,VIIRS,VIIRS_NOAA20_NRT,n,0.4,0.37,27.29,73.84,1.37,313.89,298.58,,,512.6,0.004156243470690581,615.1,148000.0,biomass_like,False,False,ok,2.46,scene,-0.5569658544162793,0.0,0.23237179487179488,3,3,1.0,0.6,1.0,0.0,0.6,1.0,False,False,False,3.0,5.0,14.688,273.401,41.504,14.688,,0,0,0,0,osm|wri|gem,,0,0.0,F03676,Nimbri Chandawatan power station,power_plant,27.2,73.73,gem,1,cancelled,120.0,MW,Rajasthan,No registered industrial site nearby,False,,False,0.0,0.0,0.6,1.0,0.23237179487179488,0.2549,0.2549,0.18,0.7292,0.3036,0.3036,0.2799,Low,insufficient_evidence,Insufficient evidence,,"[{""key"": ""persistence"", ""label"": ""Repeat detections"", ""value"": 0.6, ""weight"": 0.2, ""contribution"": 0.12, ""detail"": ""seen on 3 separate days""}, {""key"": ""nocturnal"", ""label"": ""Burns at night"", ""value"": 1.0, ""weight"": 0.1, ""contribution"": 0.1, ""detail"": ""100% of detections at night""}, {""key"": ""intensity"", ""label"": ""Thermal intensity"", ""value"": 0.232, ""weight"": 0.15, ""contribution"": 0.0349, ""detail"": ""FRP 1.4 MW, 23th percentile""}, {""key"": ""corroboration"", ""label"": ""Registry corroboration"", ""value"": 0.0, ""weight"": 0.3, ""contribution"": 0.0, ""detail"": ""0 of 3 registries place infrastructure within 3 km""}, {""key"": ""physics"", ""label"": ""Combustion temperature"", ""value"": 0.0, ""weight"": 0.25, ""contribution"": 0.0, ""detail"": ""retrieved 513 K (biomass like)""}]",3.0,C35
2a0aa4b1377a,27.58669,77.46663,2026-09-22,803,D,N,VIIRS,VIIRS_SNPP_NRT,n,0.41,0.37,27.59,77.47,4.5,339.9,301.39,,,692.1,0.002184727916219622,331.4,151700.0,biomass_like,False,False,ok,2.46,scene,1.0423948101001925,0.3474649367000642,0.7387820512820513,1,1,0.0,0.2,,0.0,0.2,0.0,False,False,False,1.0,5.0,13.997,13.997,78.682,76.977,,0,0,0,0,osm|wri|gem,,0,0.0,F02127,,industrial_area,27.7070456,77.508256,osm,1,unknown,,,,No registered industrial site nearby,False,,False,0.0,0.0,0.2,0.0,0.7387820512820513,0.1508,0.1508,0.0286,0.3654,0.1463,0.1463,0.2666,Low,insufficient_evidence,Insufficient evidence,,"[{""key"": ""intensity"", ""label"": ""Thermal intensity"", ""value"": 0.739, ""weight"": 0.15, ""contribution"": 0.1108, ""detail"": ""FRP 4.5 MW, 74th percentile""}, {""key"": ""persistence"", ""label"": ""Repeat detections"", ""value"": 0.2, ""weight"": 0.2, ""contribution"": 0.04, ""detail"": ""seen on 1 separate days""}, {""key"": ""corroboration"", ""label"": ""Registry corroboration"", ""value"": 0.0, ""weight"": 0.3, ""contribution"": 0.0, ""detail"": ""0 of 3 registries place infrastructure within 3 km""}, {""key"": ""physics"", ""label"": ""Combustion temperature"", ""value"": 0.0, ""weight"": 0.25, ""contribution"": 0.0, ""detail"": ""retrieved 692 K (biomass like)""}, {""key"": ""nocturnal"", ""label"": ""Burns at night"", ""value"": 0.0, ""weight"": 0.1, ""contribution"": 0.0, ""detail"": ""0% of detections at night""}]",3.0,
7186ef1cf38e,27.66992,76.12906,2026-09-22,2046,N,N20,VIIRS,VIIRS_NOAA20_NRT,n,0.38,0.36,27.67,76.13,2.41,315.22,299.31,,,451.9,0.013242022890290514,1811.5,136800.0,smouldering,False,False,ok,2.46,scene,-0.025548892404416393,0.0,0.484775641025641,3,3,1.0,0.6,0.6666666666666667,0.0,0.6,1.0,False,False,False,4.0,5.0,38.099,48.795,38.099,93.587,,0,0,0,0,osm|wri|gem,,0,0.0,F03037,Neemrana,power_plant,27.945,76.36,wri,1,operating,5.0,MW,,No registered industrial site nearby,False,,False,0.0,0.0,0.6,1.0,0.484775641025641,0.2927,0.2927,0.3307,0.8149,0.3824,0.3824,0.3406,Low,insufficient_evidence,Insufficient evidence,,"[{""key"": ""persistence"", ""label"": ""Repeat detections"", ""value"": 0.6, ""weight"": 0.2, ""contribution"": 0.12, ""detail"": ""seen on 3 separate days""}, {""key"": ""nocturnal"", ""label"": ""Burns at night"", ""value"": 1.0, ""weight"": 0.1, ""contribution"": 0.1, ""detail"": ""100% of detections at night""}, {""key"": ""intensity"", ""label"": ""Thermal intensity"", ""value"": 0.485, ""weight"": 0.15, ""contribution"": 0.0727, ""detail"": ""FRP 2.4 MW, 48th percentile""}, {""key"": ""corroboration"", ""label"": ""Registry corroboration"", ""value"": 0.0, ""weight"": 0.3, ""contribution"": 0.0, ""detail"": ""0 of 3 registries place infrastructure within 3 km""}, {""key"": ""physics"", ""label"": ""Combustion temperature"", ""value"": 0.0, ""weight"": 0.25, ""contribution"": 0.0, ""detail"": ""retrieved 452 K (smouldering)""}]",3.0,C36
fbcbae517f1d,27.81773,77.43873,2026-09-22,820,D,N20,VIIRS,VIIRS_NOAA20_NRT,n,0.52,0.41,27.82,77.44,2.07,330.94,298.1,,,,,,213200.0,unknown,False,False,weak_11um,2.46,scene,-0.19928136075444866,0.0,0.41426282051282054,1,1,0.0,0.2,,0.0,0.2,0.0,False,False,False,1.0,5.0,1.497,1.497,52.967,59.317,,6,0,0,0,osm|wri|gem,osm,1,0.2,F02129,,industrial_area,27.8087511,77.4273853,osm,1,unknown,,,,Within the site's immediate surroundings,False,,False,0.2,0.25,0.2,0.0,0.41426282051282054,0.2246,0.2246,0.0,0.7452,0.2353,0.2353,0.1873,Low,insufficient_evidence,Insufficient evidence,,"[{""key"": ""physics"", ""label"": ""Combustion temperature"", ""value"": 0.25, ""weight"": 0.25, ""contribution"": 0.0625, ""detail"": ""temperature retrieval unavailable""}, {""key"": ""intensity"", ""label"": ""Thermal intensity"", ""value"": 0.414, ""weight"": 0.15, ""contribution"": 0.0621, ""detail"": ""FRP 2.1 MW, 41th percentile""}, {""key"": ""corroboration"", ""label"": ""Registry corroboration"", ""value"": 0.2, ""weight"": 0.3, ""contribution"": 0.06, ""detail"": ""1 of 3 registries place infrastructure within 3 km""}, {""key"": ""persistence"", ""label"": ""Repeat detections"", ""value"": 0.2, ""weight"": 0.2, ""contribution"": 0.04, ""detail"": ""seen on 1 separate days""}, {""key"": ""nocturnal"", ""label"": ""Burns at night"", ""value"": 0.0, ""weight"": 0.1, ""contribution"": 0.0, ""detail"": ""0% of detections at night""}]",3.0,
5fb525b3e3d2,27.98707,77.80803,2026-09-22,803,D,N,VIIRS,VIIRS_SNPP_NRT,n,0.4,0.37,27.99,77.81,2.81,336.38,303.35,,,584.4,0.005008393781926265,741.2,148000.0,biomass_like,False,False,ok,2.46,scene,0.17884224683091543,0.05961408227697181,0.5625,1,1,0.0,0.2,,0.0,0.2,0.0,False,False,False,1.0,5.0,1.07,1.07,32.049,21.436,,8,0,0,0,osm|wri|gem,osm,1,0.2,F02252,,industrial_area,27.9962452,77.8113167,osm,1,unknown,,,,Within the site's immediate surroundings,False,,False,0.2,0.0,0.2,0.0,0.5625,0.1844,0.1844,0.02,0.8029,0.2279,0.2279,0.2137,Low,insufficient_evidence,Insufficient evidence,,"[{""key"": ""intensity"", ""label"": ""Thermal intensity"", ""value"": 0.562, ""weight"": 0.15, ""contribution"": 0.0844, ""detail"": ""FRP 2.8 MW, 56th percentile""}, {""key"": ""corroboration"", ""label"": ""Registry corroboration"", ""value"": 0.2, ""weight"": 0.3, ""contribution"": 0.06, ""detail"": ""1 of 3 registries place infrastructure within 3 km""}, {""key"": ""persistence"", ""label"": ""Repeat detections"", ""value"": 0.2, ""weight"": 0.2, ""contribution"": 0.04, ""detail"": ""seen on 1 separate days""}, {""key"": ""physics"", ""label"": ""Combustion temperature"", ""value"": 0.0, ""weight"": 0.25, ""contribution"": 0.0, ""detail"": ""retrieved 584 K (biomass like)""}, {""key"": ""nocturnal"", ""label"": ""Burns at night"", ""value"": 0.0, ""weight"": 0.1, ""contribution"": 0.0, ""detail"": ""0% of detections at night""}]",3.0,
d83fda447603,28.04023,74.92174,2026-09-22,803,D,N,VIIRS,VIIRS_SNPP_NRT,n,0.5,0.41,28.04,74.92,5.98,344.45,313.21,,,,,,205000.0,unknown,False,False,weak_11um,2.46,scene,1.7986420252709208,0.5995473417569736,0.8477564102564102,1,1,0.0,0.2,,0.0,0.2,0.0,False,False,False,1.0,5.0,75.248,162.663,75.248,146.695,,0,0,0,0,osm|wri|gem,,0,0.0,F03176,Rasulpur Solar Power Plant,power_plant,27.9363,75.679,wri,1,operating,1.0,MW,,No registered industrial site nearby,False,,False,0.0,0.25,0.2,0.0,0.8477564102564102,0.2297,0.2297,0.0091,0.5986,0.2189,0.2189,0.3732,Moderate,insufficient_evidence,Insufficient evidence,,"[{""key"": ""intensity"", ""label"": ""Thermal intensity"", ""value"": 0.848, ""weight"": 0.15, ""contribution"": 0.1272, ""detail"": ""FRP 6.0 MW, 85th percentile""}, {""key"": ""physics"", ""label"": ""Combustion temperature"", ""value"": 0.25, ""weight"": 0.25, ""contribution"": 0.0625, ""detail"": ""temperature retrieval unavailable""}, {""key"": ""persistence"", ""label"": ""Repeat detections"", ""value"": 0.2, ""weight"": 0.2, ""contribution"": 0.04, ""detail"": ""seen on 1 separate days""}, {""key"": ""corroboration"", ""label"": ""Registry corroboration"", ""value"": 0.0, ""weight"": 0.3, ""contribution"": 0.0, ""detail"": ""0 of 3 registries place infrastructure within 3 km""}, {""key"": ""nocturnal"", ""label"": ""Burns at night"", ""value"": 0.0, ""weight"": 0.1, ""contribution"": 0.0, ""detail"": ""0% of detections at night""}]",3.0,
9a8b0fb500f9,28.08182,77.72206,2026-09-22,803,D,N,VIIRS,VIIRS_SNPP_NRT,n,0.4,0.37,28.08,77.72,4.38,339.87,300.47,,,,,,148000.0,unknown,False,False,weak_11um,2.46,scene,0.981077468329593,0.32702582277653097,0.7275641025641025,1,1,0.0,0.2,,0.0,0.2,0.0,False,False,False,1.0,5.0,8.072,8.072,40.91,20.152,,0,0,0,0,osm|wri|gem,,0,0.0,F02207,,industrial_area,28.041124,77.6539367,osm,1,unknown,,,,Near industrial activity,False,,False,0.0,0.25,0.2,0.0,0.7275641025641025,0.2116,0.2116,0.0377,0.3413,0.1789,0.1789,0.275,Low,insufficient_evidence,Insufficient evidence,,"[{""key"": ""intensity"", ""label"": ""Thermal intensity"", ""value"": 0.728, ""weight"": 0.15, ""contribution"": 0.1091, ""detail"": ""FRP 4.4 MW, 73th percentile""}, {""key"": ""physics"", ""label"": ""Combustion temperature"", ""value"": 0.25, ""weight"": 0.25, ""contribution"": 0.0625, ""detail"": ""temperature retrieval unavailable""}, {""key"": ""persistence"", ""label"": ""Repeat detections"", ""value"": 0.2, ""weight"": 0.2, ""contribution"": 0.04, ""detail"": ""seen on 1 separate days""}, {""key"": ""corroboration"", ""label"": ""Registry corroboration"", ""value"": 0.0, ""weight"": 0.3, ""contribution"": 0.0, ""detail"": ""0 of 3 registries place infrastructure within 3 km""}, {""key"": ""nocturnal"", ""label"": ""Burns at night"", ""value"": 0.0, ""weight"": 0.1, ""contribution"": 0.0, ""detail"": ""0% of detections at night""}]",3.0,
c8c4d5e1e164,28.10137,77.60917,2026-09-22,803,D,N,VIIRS,VIIRS_SNPP_NRT,n,0.4,0.37,28.1,77.61,2.59,333.83,301.8,,,728.4,0.0011778219042464298,174.3,148000.0,biomass_like,False,False,ok,2.46,scene,0.06642712025148281,0.022142373417160938,0.5216346153846154,1,1,0.0,0.2,,0.0,0.2,0.0,False,False,False,1.0,5.0,2.523,2.523,34.896,30.012,,2,0,0,0,osm|wri|gem,osm,1,0.2,F02257,,industrial_area,28.0952729,77.6339409,osm,1,unknown,,,,Within the site's immediate surroundings,False,,False,0.2,0.0,0.2,0.0,0.5216346153846154,0.1782,0.1782,0.0,0.7732,0.214,0.214,0.194,Low,insufficient_evidence,Insufficient evidence,,"[{""key"": ""intensity"", ""label"": ""Thermal intensity"", ""value"": 0.522, ""weight"": 0.15, ""contribution"": 0.0782, ""detail"": ""FRP 2.6 MW, 52th percentile""}, {""key"": ""corroboration"", ""label"": ""Registry corroboration"", ""value"": 0.2, ""weight"": 0.3, ""contribution"": 0.06, ""detail"": ""1 of 3 registries place infrastructure within 3 km""}, {""key"": ""persistence"", ""label"": ""Repeat detections"", ""value"": 0.2, ""weight"": 0.2, ""contribution"": 0.04, ""detail"": ""seen on 1 separate days""}, {""key"": ""physics"", ""label"": ""Combustion temperature"", ""value"": 0.0, ""weight"": 0.25, ""contribution"": 0.0, ""detail"": ""retrieved 728 K (biomass like)""}, {""key"": ""nocturnal"", ""label"": ""Burns at night"", ""value"": 0.0, ""weight"": 0.1, ""contribution"": 0.0, ""detail"": ""0% of detections at night""}]",3.0,C37
9c0ba46a301a,28.1074,77.62468,2026-09-22,803,D,N,VIIRS,VIIRS_SNPP_NRT,n,0.4,0.37,28.11,77.62,4.15,334.0,302.67,,,611.7,0.003271996150054264,484.3,148000.0,biomass_like,False,False,ok,2.46,scene,0.8635525632692774,0.2878508544230925,0.7163461538461539,1,1,0.0,0.2,,0.0,0.2,0.0,False,False,False,1.0,5.0,1.626,1.626,35.78,28.385,,2,0,0,0,osm|wri|gem,osm,1,0.2,F02257,,industrial_area,28.0952729,77.6339409,osm,1,unknown,,,,Within the site's immediate surroundings,False,,False,0.2,0.0,0.2,0.0,0.7163461538461539,0.2075,0.2075,0.052,0.7588,0.2435,0.2435,0.2932,Low,insufficient_evidence,Insufficient evidence,,"[{""key"": ""intensity"", ""label"": ""Thermal intensity"", ""value"": 0.716, ""weight"": 0.15, ""contribution"": 0.1075, ""detail"": ""FRP 4.2 MW, 72th percentile""}, {""key"": ""corroboration"", ""label"": ""Registry corroboration"", ""value"": 0.2, ""weight"": 0.3, ""contribution"": 0.06, ""detail"": ""1 of 3 registries place infrastructure within 3 km""}, {""key"": ""persistence"", ""label"": ""Repeat detections"", ""value"": 0.2, ""weight"": 0.2, ""contribution"": 0.04, ""detail"": ""seen on 1 separate days""}, {""key"": ""physics"", ""label"": ""Combustion temperature"", ""value"": 0.0, ""weight"": 0.25, ""contribution"": 0.0, ""detail"": ""retrieved 612 K (biomass like)""}, {""key"": ""nocturnal"", ""label"": ""Burns at night"", ""value"": 0.0, ""weight"": 0.1, ""contribution"": 0.0, ""detail"": ""0% of detections at night""}]",3.0,C37
2acf4313ba45,28.34573,77.25457,2026-09-22,2025,N,N,VIIRS,VIIRS_SNPP_NRT,n,0.56,0.43,28.35,77.25,1.32,307.19,296.66,,,424.9,0.012637511829302147,3043.1,240800.0,smouldering,False,False,ok,1.375,region,-0.10999999999999988,0.0,0.22275641025641027,1,1,1.0,0.2,,0.0,0.2,1.0,False,False,False,1.0,5.0,1.611,1.611,9.422,5.917,,2,0,0,0,osm|wri|gem,osm,1,0.2,F02013,,industrial_area,28.3529908,77.2688185,osm,1,unknown,,,,Within the site's immediate surroundings,False,,False,0.2,0.0,0.2,1.0,0.22275641025641027,0.2334,0.2334,0.2557,0.3694,0.2605,0.2605,0.1795,Low,insufficient_evidence,Insufficient evidence,,"[{""key"": ""nocturnal"", ""label"": ""Burns at night"", ""value"": 1.0, ""weight"": 0.1, ""contribution"": 0.1, ""detail"": ""100% of detections at night""}, {""key"": ""corroboration"", ""label"": ""Registry corroboration"", ""value"": 0.2, ""weight"": 0.3, ""contribution"": 0.06, ""detail"": ""1 of 3 registries place infrastructure within 3 km""}, {""key"": ""persistence"", ""label"": ""Repeat detections"", ""value"": 0.2, ""weight"": 0.2, ""contribution"": 0.04, ""detail"": ""seen on 1 separate days""}, {""key"": ""intensity"", ""label"": ""Thermal intensity"", ""value"": 0.223, ""weight"": 0.15, ""contribution"": 0.0334, ""detail"": ""FRP 1.3 MW, 22th percentile""}, {""key"": ""physics"", ""label"": ""Combustion temperature"", ""value"": 0.0, ""weight"": 0.25, ""contribution"": 0.0, ""detail"": ""retrieved 425 K (smouldering)""}]",3.0,C5
c124e26e1d6c,28.34636,77.25795,2026-09-22,1949,N,N21,VIIRS,VIIRS_NOAA21_NRT,n,0.43,0.62,28.35,77.26,1.12,306.69,296.04,,,446.3,0.007709511668280735,2055.4,266600.0,smouldering,False,False,ok,1.375,region,-0.5099999999999998,0.0,0.16826923076923078,2,2,1.0,0.4,,0.0,0.4,1.0,False,True,False,2.0,5.0,1.294,1.294,9.261,5.602,,2,0,0,0,osm|wri|gem,osm,1,0.2,F02013,,industrial_area,28.3529908,77.2688185,osm,1,unknown,,,,Within the site's immediate surroundings,False,,False,0.2,0.0,0.4,1.0,0.16826923076923078,0.2652,0.2652,0.2468,0.6546,0.3181,0.3181,0.24,Low,insufficient_evidence,Insufficient evidence,,"[{""key"": ""nocturnal"", ""label"": ""Burns at night"", ""value"": 1.0, ""weight"": 0.1, ""contribution"": 0.1, ""detail"": ""100% of detections at night""}, {""key"": ""persistence"", ""label"": ""Repeat detections"", ""value"": 0.4, ""weight"": 0.2, ""contribution"": 0.08, ""detail"": ""seen on 2 separate days""}, {""key"": ""corroboration"", ""label"": ""Registry corroboration"", ""value"": 0.2, ""weight"": 0.3, ""contribution"": 0.06, ""detail"": ""1 of 3 registries place infrastructure within 3 km""}, {""key"": ""intensity"", ""label"": ""Thermal intensity"", ""value"": 0.168, ""weight"": 0.15, ""contribution"": 0.0252, ""detail"": ""FRP 1.1 MW, 17th percentile""}, {""key"": ""physics"", ""label"": ""Combustion temperature"", ""value"": 0.0, ""weight"": 0.25, ""contribution"": 0.0, ""detail"": ""retrieved 446 K (smouldering)""}]",3.0,C5
0e6d576f99f7,28.3483,77.23143,2026-09-22,1949,N,N21,VIIRS,VIIRS_NOAA21_NRT,n,0.44,0.62,28.35,77.23,0.93,307.66,295.95,,,460.5,0.006514814776431915,1777.2,272800.0,smouldering,False,False,ok,0.87,region,0.1200000000000001,0.040000000000000036,0.13221153846153846,3,3,1.0,0.6,0.6666666666666667,0.0,0.6,1.0,False,False,False,4.0,5.0,2.681,2.681,11.232,7.807,,2,0,0,0,osm|wri|gem,osm,1,0.2,F02161,,industrial_area,28.3723307,77.2336888,osm,1,unknown,,,,Within the site's immediate surroundings,False,,False,0.2,0.0,0.6,1.0,0.13221153846153846,0.2998,0.2998,0.1983,0.6122,0.3162,0.3162,0.2855,Low,insufficient_evidence,Insufficient evidence,,"[{""key"": ""persistence"", ""label"": ""Repeat detections"", ""value"": 0.6, ""weight"": 0.2, ""contribution"": 0.12, ""detail"": ""seen on 3 separate days""}, {""key"": ""nocturnal"", ""label"": ""Burns at night"", ""value"": 1.0, ""weight"": 0.1, ""contribution"": 0.1, ""detail"": ""100% of detections at night""}, {""key"": ""corroboration"", ""label"": ""Registry corroboration"", ""value"": 0.2, ""weight"": 0.3, ""contribution"": 0.06, ""detail"": ""1 of 3 registries place infrastructure within 3 km""}, {""key"": ""intensity"", ""label"": ""Thermal intensity"", ""value"": 0.132, ""weight"": 0.15, ""contribution"": 0.0198, ""detail"": ""FRP 0.9 MW, 13th percentile""}, {""key"": ""physics"", ""label"": ""Combustion temperature"", ""value"": 0.0, ""weight"": 0.25, ""contribution"": 0.0, ""detail"": ""retrieved 460 K (smouldering)""}]",3.0,C5
5774f57cff72,28.36004,78.75585,2026-09-22,803,D,N,VIIRS,VIIRS_SNPP_NRT,n,0.39,0.36,28.36,78.76,2.71,330.25,298.61,,,,,,140400.0,unknown,False,False,weak_11um,2.46,scene,0.12774446202208242,0.04258148734069414,0.5440705128205128,1,1,0.0,0.2,,0.0,0.2,0.0,False,False,False,1.0,5.0,40.859,75.95,40.859,54.421,,0,0,0,0,osm|wri|gem,,0,0.0,F02986,N.A.P.S,power_plant,28.156,78.4089,wri,1,operating,440.0,MW,,No registered industrial site nearby,False,,False,0.0,0.25,0.2,0.0,0.5440705128205128,0.1841,0.1841,0.0291,0.0681,0.1202,0.1202,0.1591,Low,insufficient_evidence,Insufficient evidence,,"[{""key"": ""intensity"", ""label"": ""Thermal intensity"", ""value"": 0.544, ""weight"": 0.15, ""contribution"": 0.0816, ""detail"": ""FRP 2.7 MW, 54th percentile""}, {""key"": ""physics"", ""label"": ""Combustion temperature"", ""value"": 0.25, ""weight"": 0.25, ""contribution"": 0.0625, ""detail"": ""temperature retrieval unavailable""}, {""key"": ""persistence"", ""label"": ""Repeat detections"", ""value"": 0.2, ""weight"": 0.2, ""contribution"": 0.04, ""detail"": ""seen on 1 separate days""}, {""key"": ""corroboration"", ""label"": ""Registry corroboration"", ""value"": 0.0, ""weight"": 0.3, ""contribution"": 0.0, ""detail"": ""0 of 3 registries place infrastructure within 3 km""}, {""key"": ""nocturnal"", ""label"": ""Burns at night"", ""value"": 0.0, ""weight"": 0.1, ""contribution"": 0.0, ""detail"": ""0% of detections at night""}]",3.0,
9e3e4b6670ff,28.63658,78.55211,2026-09-22,803,D,N,VIIRS,VIIRS_SNPP_NRT,n,0.39,0.36,28.64,78.55,4.28,338.31,298.65,,,,,,140400.0,unknown,False,False,weak_11um,2.46,scene,0.9299796835207602,0.3099932278402534,0.7211538461538461,1,1,0.0,0.2,,0.0,0.2,0.0,False,False,False,1.0,5.0,47.306,55.597,55.244,47.306,,0,0,0,0,osm|wri|gem,,0,0.0,F03632,Lakhisarai power station (SPML),power_plant,28.8,79.0,gem,1,cancelled,1200.0,MW,Bihar,No registered industrial site nearby,False,,False,0.0,0.25,0.2,0.0,0.7211538461538461,0.2107,0.2107,0.0291,0.3726,0.1805,0.1805,0.2708,Low,insufficient_evidence,Insufficient evidence,,"[{""key"": ""intensity"", ""label"": ""Thermal intensity"", ""value"": 0.721, ""weight"": 0.15, ""contribution"": 0.1082, ""detail"": ""FRP 4.3 MW, 72th percentile""}, {""key"": ""physics"", ""label"": ""Combustion temperature"", ""value"": 0.25, ""weight"": 0.25, ""contribution"": 0.0625, ""detail"": ""temperature retrieval unavailable""}, {""key"": ""persistence"", ""label"": ""Repeat detections"", ""value"": 0.2, ""weight"": 0.2, ""contribution"": 0.04, ""detail"": ""seen on 1 separate days""}, {""key"": ""corroboration"", ""label"": ""Registry corroboration"", ""value"": 0.0, ""weight"": 0.3, ""contribution"": 0.0, ""detail"": ""0 of 3 registries place infrastructure within 3 km""}, {""key"": ""nocturnal"", ""label"": ""Burns at night"", ""value"": 0.0, ""weight"": 0.1, ""contribution"": 0.0, ""detail"": ""0% of detections at night""}]",3.0,
f0a14f14eeb8,28.64143,80.14547,2026-09-22,803,D,N,VIIRS,VIIRS_SNPP_NRT,n,0.39,0.36,28.64,80.15,2.43,332.49,298.66,,,666.4,0.0019538881248182113,274.3,140400.0,biomass_like,False,False,ok,2.46,scene,-0.015329335442649791,0.0,0.49038461538461536,1,1,0.0,0.2,,0.0,0.2,0.0,False,False,False,1.0,5.0,33.483,210.001,33.483,38.057,,0,0,0,0,osm|wri|gem,,0,0.0,F02734,KHATIMA,power_plant,28.9232,80.0243,wri,1,operating,41.4,MW,,No registered industrial site nearby,False,,False,0.0,0.0,0.2,0.0,0.49038461538461536,0.1136,0.1136,0.0,0.3574,0.1161,0.1161,0.1413,Low,insufficient_evidence,Insufficient evidence,,"[{""key"": ""intensity"", ""label"": ""Thermal intensity"", ""value"": 0.49, ""weight"": 0.15, ""contribution"": 0.0736, ""detail"": ""FRP 2.4 MW, 49th percentile""}, {""key"": ""persistence"", ""label"": ""Repeat detections"", ""value"": 0.2, ""weight"": 0.2, ""contribution"": 0.04, ""detail"": ""seen on 1 separate days""}, {""key"": ""corroboration"", ""label"": ""Registry corroboration"", ""value"": 0.0, ""weight"": 0.3, ""contribution"": 0.0, ""detail"": ""0 of 3 registries place infrastructure within 3 km""}, {""key"": ""physics"", ""label"": ""Combustion temperature"", ""value"": 0.0, ""weight"": 0.25, ""contribution"": 0.0, ""detail"": ""retrieved 666 K (biomass like)""}, {""key"": ""nocturnal"", ""label"": ""Burns at night"", ""value"": 0.0, ""weight"": 0.1, ""contribution"": 0.0, ""detail"": ""0% of detections at night""}]",3.0,
7fc10725ab30,28.65042,77.56196,2026-09-22,2046,N,N20,VIIRS,VIIRS_NOAA20_NRT,n,0.4,0.37,28.65,77.56,0.72,308.4,296.52,,,,,,148000.0,unknown,False,False,no_bracket,2.46,scene,-0.8891014556736937,0.0,0.06971153846153846,3,3,1.0,0.6,1.0,0.0,0.6,1.0,False,False,False,3.0,5.0,1.449,0.611,6.915,6.915,,16,0,0,0,osm|wri|gem,osm,1,0.3333,F02096,,works,28.6546730625,77.57599570000002,osm,1,unknown,,,,Within the site's immediate surroundings,False,,False,0.3333,0.25,0.6,1.0,0.06971153846153846,0.3929,0.3929,0.24,0.653,0.386,0.386,0.3007,Low,insufficient_evidence,Insufficient evidence,,"[{""key"": ""persistence"", ""label"": ""Repeat detections"", ""value"": 0.6, ""weight"": 0.2, ""contribution"": 0.12, ""detail"": ""seen on 3 separate days""}, {""key"": ""corroboration"", ""label"": ""Registry corroboration"", ""value"": 0.333, ""weight"": 0.3, ""contribution"": 0.1, ""detail"": ""1 of 3 registries place infrastructure within 3 km""}, {""key"": ""nocturnal"", ""label"": ""Burns at night"", ""value"": 1.0, ""weight"": 0.1, ""contribution"": 0.1, ""detail"": ""100% of detections at night""}, {""key"": ""physics"", ""label"": ""Combustion temperature"", ""value"": 0.25, ""weight"": 0.25, ""contribution"": 0.0625, ""detail"": ""temperature retrieval unavailable""}, {""key"": ""intensity"", ""label"": ""Thermal intensity"", ""value"": 0.07, ""weight"": 0.15, ""contribution"": 0.0105, ""detail"": ""FRP 0.7 MW, 7th percentile""}]",3.0,C15
2d4f7cb62aa0,28.65632,77.58835,2026-09-22,2046,N,N20,VIIRS,VIIRS_NOAA20_NRT,n,0.4,0.37,28.66,77.59,0.64,306.26,296.09,,,,,,148000.0,unknown,False,False,no_bracket,2.46,scene,-0.92997968352076,0.0,0.040865384615384616,2,2,1.0,0.4,,0.0,0.4,1.0,False,True,False,2.0,5.0,1.219,0.492,6.225,6.225,,16,0,0,0,osm|wri|gem,osm,1,0.3333,F02096,,works,28.6546730625,77.57599570000002,osm,1,unknown,,,,Within the site's immediate surroundings,False,,False,0.3333,0.25,0.4,1.0,0.040865384615384616,0.3486,0.3486,0.1001,0.7676,0.3369,0.3369,0.2357,Low,insufficient_evidence,Insufficient evidence,,"[{""key"": ""corroboration"", ""label"": ""Registry corroboration"", ""value"": 0.333, ""weight"": 0.3, ""contribution"": 0.1, ""detail"": ""1 of 3 registries place infrastructure within 3 km""}, {""key"": ""nocturnal"", ""label"": ""Burns at night"", ""value"": 1.0, ""weight"": 0.1, ""contribution"": 0.1, ""detail"": ""100% of detections at night""}, {""key"": ""persistence"", ""label"": ""Repeat detections"", ""value"": 0.4, ""weight"": 0.2, ""contribution"": 0.08, ""detail"": ""seen on 2 separate days""}, {""key"": ""physics"", ""label"": ""Combustion temperature"", ""value"": 0.25, ""weight"": 0.25, ""contribution"": 0.0625, ""detail"": ""temperature retrieval unavailable""}, {""key"": ""intensity"", ""label"": ""Thermal intensity"", ""value"": 0.041, ""weight"": 0.15, ""contribution"": 0.0061, ""detail"": ""FRP 0.6 MW, 4th percentile""}]",3.0,C15
8f3379ddfe9a,28.70898,76.85708,2026-09-22,1949,N,N21,VIIRS,VIIRS_NOAA21_NRT,n,0.46,0.64,28.71,76.86,1.75,313.48,295.71,,,495.2,0.006049236131986522,1780.9,294400.0,smouldering,False,False,ok,1.32,region,0.5919000542345629,0.19730001807818764,0.3525641025641026,1,1,1.0,0.2,,0.0,0.2,1.0,False,False,False,1.0,5.0,2.879,1.644,22.964,23.001,,22,0,0,0,osm|wri|gem,osm,1,0.2,F01972,Ramdas Bhatta,works,28.71235929,76.88635045000001,osm,1,unknown,,,,Within the site's immediate surroundings,False,,False,0.2,0.0,0.2,1.0,0.3525641025641026,0.2529,0.2529,0.2539,0.399,0.2751,0.2751,0.2484,Low,insufficient_evidence,Insufficient evidence,,"[{""key"": ""nocturnal"", ""label"": ""Burns at night"", ""value"": 1.0, ""weight"": 0.1, ""contribution"": 0.1, ""detail"": ""100% of detections at night""}, {""key"": ""corroboration"", ""label"": ""Registry corroboration"", ""value"": 0.2, ""weight"": 0.3, ""contribution"": 0.06, ""detail"": ""1 of 3 registries place infrastructure within 3 km""}, {""key"": ""intensity"", ""label"": ""Thermal intensity"", ""value"": 0.353, ""weight"": 0.15, ""contribution"": 0.0529, ""detail"": ""FRP 1.8 MW, 35th percentile""}, {""key"": ""persistence"", ""label"": ""Repeat detections"", ""value"": 0.2, ""weight"": 0.2, ""contribution"": 0.04, ""detail"": ""seen on 1 separate days""}, {""key"": ""physics"", ""label"": ""Combustion temperature"", ""value"": 0.0, ""weight"": 0.25, ""contribution"": 0.0, ""detail"": ""retrieved 495 K (smouldering)""}]",3.0,C23
400a1706fde6,28.74297,76.92613,2026-09-22,2046,N,N20,VIIRS,VIIRS_NOAA20_NRT,n,0.39,0.36,28.74,76.93,0.98,306.72,295.94,,,429.5,0.011327430555500608,1590.4,140400.0,smouldering,False,False,ok,1.32,region,-0.4680139963715151,0.0,0.13862179487179488,3,3,1.0,0.6,0.6666666666666667,0.0,0.6,1.0,False,False,False,4.0,5.0,4.941,3.678,15.275,15.313,,0,0,0,0,osm|wri|gem,,0,0.0,F02049,,industrial_area,28.6987843,76.9207197,osm,1,unknown,,,,Near industrial activity,False,,False,0.0,0.0,0.6,1.0,0.13862179487179488,0.2408,0.2408,0.2586,0.6883,0.3133,0.3133,0.2748,Low,insufficient_evidence,Insufficient evidence,,"[{""key"": ""persistence"", ""label"": ""Repeat detections"", ""value"": 0.6, ""weight"": 0.2, ""contribution"": 0.12, ""detail"": ""seen on 3 separate days""}, {""key"": ""nocturnal"", ""label"": ""Burns at night"", ""value"": 1.0, ""weight"": 0.1, ""contribution"": 0.1, ""detail"": ""100% of detections at night""}, {""key"": ""intensity"", ""label"": ""Thermal intensity"", ""value"": 0.139, ""weight"": 0.15, ""contribution"": 0.0208, ""detail"": ""FRP 1.0 MW, 14th percentile""}, {""key"": ""corroboration"", ""label"": ""Registry corroboration"", ""value"": 0.0, ""weight"": 0.3, ""contribution"": 0.0, ""detail"": ""0 of 3 registries place infrastructure within 3 km""}, {""key"": ""physics"", ""label"": ""Combustion temperature"", ""value"": 0.0, ""weight"": 0.25, ""contribution"": 0.0, ""detail"": ""retrieved 430 K (smouldering)""}]",3.0,C24
f4d26d13a9fa,28.77172,76.69999,2026-09-22,1949,N,N21,VIIRS,VIIRS_NOAA21_NRT,n,0.47,0.64,28.77,76.7,3.09,327.55,295.74,,,601.9,0.0034576073225634145,1040.0,300800.0,biomass_like,False,False,ok,2.46,scene,0.3219160442956477,0.10730534809854923,0.5881410256410257,1,1,1.0,0.2,,0.0,0.2,1.0,False,False,False,1.0,5.0,2.648,2.168,36.221,36.259,,6,0,0,0,osm|wri|gem,osm,1,0.2,F02163,,industrial_area,28.76263035,76.725094675,osm,1,unknown,,,,Within the site's immediate surroundings,False,,False,0.2,0.0,0.2,1.0,0.5881410256410257,0.2882,0.2882,0.3476,0.774,0.3789,0.3789,0.2961,Low,insufficient_evidence,Insufficient evidence,,"[{""key"": ""nocturnal"", ""label"": ""Burns at night"", ""value"": 1.0, ""weight"": 0.1, ""contribution"": 0.1, ""detail"": ""100% of detections at night""}, {""key"": ""intensity"", ""label"": ""Thermal intensity"", ""value"": 0.588, ""weight"": 0.15, ""contribution"": 0.0882, ""detail"": ""FRP 3.1 MW, 59th percentile""}, {""key"": ""corroboration"", ""label"": ""Registry corroboration"", ""value"": 0.2, ""weight"": 0.3, ""contribution"": 0.06, ""detail"": ""1 of 3 registries place infrastructure within 3 km""}, {""key"": ""persistence"", ""label"": ""Repeat detections"", ""value"": 0.2, ""weight"": 0.2, ""contribution"": 0.04, ""detail"": ""seen on 1 separate days""}, {""key"": ""physics"", ""label"": ""Combustion temperature"", ""value"": 0.0, ""weight"": 0.25, ""contribution"": 0.0, ""detail"": ""retrieved 602 K (biomass like)""}]",3.0,
11a8088a745b,28.77274,77.56689,2026-09-22,2046,N,N20,VIIRS,VIIRS_NOAA20_NRT,n,0.4,0.37,28.77,77.57,1.88,320.87,296.36,,,463.0,0.01744150454680555,2581.3,148000.0,smouldering,False,False,ok,2.46,scene,-0.29636715189123125,0.0,0.38782051282051283,1,1,1.0,0.2,,0.0,0.2,1.0,False,False,False,1.0,5.0,5.225,5.225,19.292,19.292,,0,0,0,0,osm|wri|gem,,0,0.0,F02045,,industrial_area,28.7583168,77.5158685,osm,1,unknown,,,,Near industrial activity,False,,False,0.0,0.0,0.2,1.0,0.38782051282051283,0.1982,0.1982,0.1933,0.3141,0.2141,0.2141,0.1751,Low,insufficient_evidence,Insufficient evidence,,"[{""key"": ""nocturnal"", ""label"": ""Burns at night"", ""value"": 1.0, ""weight"": 0.1, ""contribution"": 0.1, ""detail"": ""100% of detections at night""}, {""key"": ""intensity"", ""label"": ""Thermal intensity"", ""value"": 0.388, ""weight"": 0.15, ""contribution"": 0.0582, ""detail"": ""FRP 1.9 MW, 39th percentile""}, {""key"": ""persistence"", ""label"": ""Repeat detections"", ""value"": 0.2, ""weight"": 0.2, ""contribution"": 0.04, ""detail"": ""seen on 1 separate days""}, {""key"": ""corroboration"", ""label"": ""Registry corroboration"", ""value"": 0.0, ""weight"": 0.3, ""contribution"": 0.0, ""detail"": ""0 of 3 registries place infrastructure within 3 km""}, {""key"": ""physics"", ""label"": ""Combustion temperature"", ""value"": 0.0, ""weight"": 0.25, ""contribution"": 0.0, ""detail"": ""retrieved 463 K (smouldering)""}]",3.0,
ca862749dd1c,28.77862,76.94997,2026-09-22,1949,N,N21,VIIRS,VIIRS_NOAA21_NRT,n,0.46,0.63,28.78,76.95,1.88,310.9,294.99,,,522.0,0.0033294154977063202,964.9,289800.0,biomass_like,False,False,ok,2.46,scene,-0.29636715189123125,0.0,0.38782051282051283,1,1,1.0,0.2,,0.0,0.2,1.0,False,False,False,1.0,5.0,6.186,6.095,11.917,11.956,,0,0,0,0,osm|wri|gem,,0,0.0,F02260,Maruti Suzuki Manufacturing Plant Kharkhoda,works,28.83203085,76.93222675,osm,1,unknown,,,,Near industrial activity,False,,False,0.0,0.0,0.2,1.0,0.38782051282051283,0.1982,0.1982,0.21,0.4792,0.2439,0.2439,0.1885,Low,insufficient_evidence,Insufficient evidence,,"[{""key"": ""nocturnal"", ""label"": ""Burns at night"", ""value"": 1.0, ""weight"": 0.1, ""contribution"": 0.1, ""detail"": ""100% of detections at night""}, {""key"": ""intensity"", ""label"": ""Thermal intensity"", ""value"": 0.388, ""weight"": 0.15, ""contribution"": 0.0582, ""detail"": ""FRP 1.9 MW, 39th percentile""}, {""key"": ""persistence"", ""label"": ""Repeat detections"", ""value"": 0.2, ""weight"": 0.2, ""contribution"": 0.04, ""detail"": ""seen on 1 separate days""}, {""key"": ""corroboration"", ""label"": ""Registry corroboration"", ""value"": 0.0, ""weight"": 0.3, ""contribution"": 0.0, ""detail"": ""0 of 3 registries place infrastructure within 3 km""}, {""key"": ""physics"", ""label"": ""Combustion temperature"", ""value"": 0.0, ""weight"": 0.25, ""contribution"": 0.0, ""detail"": ""retrieved 522 K (biomass like)""}]",3.0,C66
da751924a208,28.78234,76.94443,2026-09-22,2025,N,N,VIIRS,VIIRS_SNPP_NRT,n,0.39,0.44,28.78,76.94,0.47,305.6,295.45,,,440.3,0.008060814021091272,1383.2,171600.0,smouldering,False,False,ok,2.46,scene,-1.016845917695776,0.0,0.019230769230769232,1,1,1.0,0.2,,0.0,0.2,1.0,False,False,False,1.0,5.0,5.652,5.583,12.392,12.43,,0,0,0,0,osm|wri|gem,,0,0.0,F02260,Maruti Suzuki Manufacturing Plant Kharkhoda,works,28.83203085,76.93222675,osm,1,unknown,,,,Near industrial activity,False,,False,0.0,0.0,0.2,1.0,0.019230769230769232,0.1429,0.1429,0.2404,0.2973,0.1953,0.1953,0.1298,Low,insufficient_evidence,Insufficient evidence,,"[{""key"": ""nocturnal"", ""label"": ""Burns at night"", ""value"": 1.0, ""weight"": 0.1, ""contribution"": 0.1, ""detail"": ""100% of detections at night""}, {""key"": ""persistence"", ""label"": ""Repeat detections"", ""value"": 0.2, ""weight"": 0.2, ""contribution"": 0.04, ""detail"": ""seen on 1 separate days""}, {""key"": ""intensity"", ""label"": ""Thermal intensity"", ""value"": 0.019, ""weight"": 0.15, ""contribution"": 0.0029, ""detail"": ""FRP 0.5 MW, 2th percentile""}, {""key"": ""corroboration"", ""label"": ""Registry corroboration"", ""value"": 0.0, ""weight"": 0.3, ""contribution"": 0.0, ""detail"": ""0 of 3 registries place infrastructure within 3 km""}, {""key"": ""physics"", ""label"": ""Combustion temperature"", ""value"": 0.0, ""weight"": 0.25, ""contribution"": 0.0, ""detail"": ""retrieved 440 K (smouldering)""}]",3.0,C66
7cb6c3167b8c,28.8086,76.8382,2026-09-22,2046,N,N20,VIIRS,VIIRS_NOAA20_NRT,n,0.39,0.36,28.81,76.84,1.01,307.61,296.15,,,429.5,0.012371260337398979,1736.9,140400.0,smouldering,False,False,ok,2.46,scene,-0.7409178797280781,0.0,0.14423076923076922,1,1,1.0,0.2,,0.0,0.2,1.0,False,False,False,1.0,5.0,1.448,1.367,22.687,22.724,,4,0,0,0,osm|wri|gem,osm,1,0.2,F02165,,industrial_area,28.820863449999997,76.833193,osm,1,unknown,,,,Within the site's immediate surroundings,False,,False,0.2,0.0,0.2,1.0,0.14423076923076922,0.2216,0.2216,0.3147,0.3301,0.2658,0.2658,0.174,Low,insufficient_evidence,Insufficient evidence,,"[{""key"": ""nocturnal"", ""label"": ""Burns at night"", ""value"": 1.0, ""weight"": 0.1, ""contribution"": 0.1, ""detail"": ""100% of detections at night""}, {""key"": ""corroboration"", ""label"": ""Registry corroboration"", ""value"": 0.2, ""weight"": 0.3, ""contribution"": 0.06, ""detail"": ""1 of 3 registries place infrastructure within 3 km""}, {""key"": ""persistence"", ""label"": ""Repeat detections"", ""value"": 0.2, ""weight"": 0.2, ""contribution"": 0.04, ""detail"": ""seen on 1 separate days""}, {""key"": ""intensity"", ""label"": ""Thermal intensity"", ""value"": 0.144, ""weight"": 0.15, ""contribution"": 0.0216, ""detail"": ""FRP 1.0 MW, 14th percentile""}, {""key"": ""physics"", ""label"": ""Combustion temperature"", ""value"": 0.0, ""weight"": 0.25, ""contribution"": 0.0, ""detail"": ""retrieved 430 K (smouldering)""}]",3.0,
a58fefd91447,28.85291,77.14941,2026-09-22,2046,N,N20,VIIRS,VIIRS_NOAA20_NRT,n,0.39,0.36,28.85,77.15,0.61,307.86,296.35,,,425.0,0.013971303857736903,1961.6,140400.0,smouldering,False,False,ok,2.46,scene,-0.94530901896341,0.0,0.03365384615384615,1,1,1.0,0.2,,0.0,0.2,1.0,False,False,False,1.0,5.0,3.318,1.992,9.935,9.902,,28,0,0,0,osm|wri|gem,osm,1,0.2,F02035,All India Radio SW,industrial_area,28.831422399999997,77.12577633333332,osm,1,unknown,,,,Near industrial activity,False,,False,0.2,0.0,0.2,1.0,0.03365384615384615,0.205,0.205,0.1442,0.3614,0.2102,0.2102,0.138,Low,insufficient_evidence,Insufficient evidence,,"[{""key"": ""nocturnal"", ""label"": ""Burns at night"", ""value"": 1.0, ""weight"": 0.1, ""contribution"": 0.1, ""detail"": ""100% of detections at night""}, {""key"": ""corroboration"", ""label"": ""Registry corroboration"", ""value"": 0.2, ""weight"": 0.3, ""contribution"": 0.06, ""detail"": ""1 of 3 registries place infrastructure within 3 km""}, {""key"": ""persistence"", ""label"": ""Repeat detections"", ""value"": 0.2, ""weight"": 0.2, ""contribution"": 0.04, ""detail"": ""seen on 1 separate days""}, {""key"": ""intensity"", ""label"": ""Thermal intensity"", ""value"": 0.034, ""weight"": 0.15, ""contribution"": 0.005, ""detail"": ""FRP 0.6 MW, 3th percentile""}, {""key"": ""physics"", ""label"": ""Combustion temperature"", ""value"": 0.0, ""weight"": 0.25, ""contribution"": 0.0, ""detail"": ""retrieved 425 K (smouldering)""}]",3.0,C67
c8ae202ab26a,29.25152,75.70355,2026-09-22,803,D,N,VIIRS,VIIRS_SNPP_NRT,n,0.45,0.39,29.25,75.7,7.0,346.86,305.15,,,560.2,0.011057026259196447,1940.5,175500.0,biomass_like,False,False,ok,2.46,scene,2.319839430321017,0.7732798101070056,0.8766025641025641,1,1,0.0,0.2,,0.0,0.2,0.0,False,False,False,1.0,5.0,15.378,89.609,19.808,15.378,,0,0,0,0,osm|wri|gem,,0,0.0,F03795,Jindal Stainless Hisar steel plant,steel,29.127253,75.773075,gem,1,operating,800.0,ttpa,Haryana,No registered industrial site nearby,False,,False,0.0,0.0,0.2,0.0,0.8766025641025641,0.1715,0.1715,0.0091,0.4599,0.166,0.166,0.3957,Moderate,insufficient_evidence,Insufficient evidence,,"[{""key"": ""intensity"", ""label"": ""Thermal intensity"", ""value"": 0.877, ""weight"": 0.15, ""contribution"": 0.1315, ""detail"": ""FRP 7.0 MW, 88th percentile""}, {""key"": ""persistence"", ""label"": ""Repeat detections"", ""value"": 0.2, ""weight"": 0.2, ""contribution"": 0.04, ""detail"": ""seen on 1 separate days""}, {""key"": ""corroboration"", ""label"": ""Registry corroboration"", ""value"": 0.0, ""weight"": 0.3, ""contribution"": 0.0, ""detail"": ""0 of 3 registries place infrastructure within 3 km""}, {""key"": ""physics"", ""label"": ""Combustion temperature"", ""value"": 0.0, ""weight"": 0.25, ""contribution"": 0.0, ""detail"": ""retrieved 560 K (biomass like)""}, {""key"": ""nocturnal"", ""label"": ""Burns at night"", ""value"": 0.0, ""weight"": 0.1, ""contribution"": 0.0, ""detail"": ""0% of detections at night""}]",3.0,
a76d7015e4a9,30.22848,76.19668,2026-09-22,803,D,N,VIIRS,VIIRS_SNPP_NRT,n,0.42,0.38,30.23,76.2,28.31,340.79,305.92,,,481.7,0.026814965067605556,4279.7,159600.0,smouldering,False,False,ok,2.46,scene,13.208777373083322,1.0,0.9983974358974359,1,1,0.0,0.2,,0.0,0.2,0.0,False,False,False,1.0,5.0,24.806,152.075,32.627,24.806,,0,0,0,0,osm|wri|gem,,0,0.0,F03557,Gidderbaha power station,power_plant,30.0208,76.1025,gem,1,cancelled,2640.0,MW,Punjab,No registered industrial site nearby,False,,False,0.0,0.0,0.2,0.0,0.9983974358974359,0.1898,0.1898,0.0962,0.9808,0.2804,0.2804,0.516,Moderate,insufficient_evidence,Insufficient evidence,,"[{""key"": ""intensity"", ""label"": ""Thermal intensity"", ""value"": 0.998, ""weight"": 0.15, ""contribution"": 0.1498, ""detail"": ""FRP 28.3 MW, 100th percentile""}, {""key"": ""persistence"", ""label"": ""Repeat detections"", ""value"": 0.2, ""weight"": 0.2, ""contribution"": 0.04, ""detail"": ""seen on 1 separate days""}, {""key"": ""corroboration"", ""label"": ""Registry corroboration"", ""value"": 0.0, ""weight"": 0.3, ""contribution"": 0.0, ""detail"": ""0 of 3 registries place infrastructure within 3 km""}, {""key"": ""physics"", ""label"": ""Combustion temperature"", ""value"": 0.0, ""weight"": 0.25, ""contribution"": 0.0, ""detail"": ""retrieved 482 K (smouldering)""}, {""key"": ""nocturnal"", ""label"": ""Burns at night"", ""value"": 0.0, ""weight"": 0.1, ""contribution"": 0.0, ""detail"": ""0% of detections at night""}]",3.0,
136578e8c543,30.23521,76.06618,2026-09-22,726,D,N21,VIIRS,VIIRS_NOAA21_NRT,n,0.58,0.52,30.24,76.07,5.23,334.08,298.82,,,,,,301600.0,unknown,False,False,weak_11um,2.46,scene,1.4154086392046734,0.47180287973489116,0.8028846153846154,1,1,0.0,0.2,,0.0,0.2,0.0,False,False,False,1.0,5.0,24.096,156.089,36.745,24.096,,0,0,0,0,osm|wri|gem,,0,0.0,F03557,Gidderbaha power station,power_plant,30.0208,76.1025,gem,1,cancelled,2640.0,MW,Punjab,No registered industrial site nearby,False,,False,0.0,0.25,0.2,0.0,0.8028846153846154,0.2229,0.2229,0.0291,0.3173,0.1789,0.1789,0.3187,Low,insufficient_evidence,Insufficient evidence,,"[{""key"": ""intensity"", ""label"": ""Thermal intensity"", ""value"": 0.803, ""weight"": 0.15, ""contribution"": 0.1204, ""detail"": ""FRP 5.2 MW, 80th percentile""}, {""key"": ""physics"", ""label"": ""Combustion temperature"", ""value"": 0.25, ""weight"": 0.25, ""contribution"": 0.0625, ""detail"": ""temperature retrieval unavailable""}, {""key"": ""persistence"", ""label"": ""Repeat detections"", ""value"": 0.2, ""weight"": 0.2, ""contribution"": 0.04, ""detail"": ""seen on 1 separate days""}, {""key"": ""corroboration"", ""label"": ""Registry corroboration"", ""value"": 0.0, ""weight"": 0.3, ""contribution"": 0.0, ""detail"": ""0 of 3 registries place infrastructure within 3 km""}, {""key"": ""nocturnal"", ""label"": ""Burns at night"", ""value"": 0.0, ""weight"": 0.1, ""contribution"": 0.0, ""detail"": ""0% of detections at night""}]",3.0,
76d9a02a577a,30.60375,76.83249,2026-09-22,803,D,N,VIIRS,VIIRS_SNPP_NRT,n,0.4,0.37,30.6,76.83,2.63,332.38,304.75,,,499.0,0.01242788088382166,1839.3,148000.0,smouldering,False,False,ok,2.46,scene,0.08686623417501602,0.028955411391672004,0.532051282051282,1,1,0.0,0.2,,0.0,0.2,0.0,False,False,False,1.0,5.0,23.379,180.643,23.379,24.904,,0,0,0,0,osm|wri|gem,,0,0.0,F02819,Khera,power_plant,30.81,76.88,wri,1,operating,5.0,MW,,No registered industrial site nearby,False,,False,0.0,0.0,0.2,0.0,0.532051282051282,0.1198,0.1198,0.0091,0.1707,0.0942,0.0942,0.1428,Low,insufficient_evidence,Insufficient evidence,,"[{""key"": ""intensity"", ""label"": ""Thermal intensity"", ""value"": 0.532, ""weight"": 0.15, ""contribution"": 0.0798, ""detail"": ""FRP 2.6 MW, 53th percentile""}, {""key"": ""persistence"", ""label"": ""Repeat detections"", ""value"": 0.2, ""weight"": 0.2, ""contribution"": 0.04, ""detail"": ""seen on 1 separate days""}, {""key"": ""corroboration"", ""label"": ""Registry corroboration"", ""value"": 0.0, ""weight"": 0.3, ""contribution"": 0.0, ""detail"": ""0 of 3 registries place infrastructure within 3 km""}, {""key"": ""physics"", ""label"": ""Combustion temperature"", ""value"": 0.0, ""weight"": 0.25, ""contribution"": 0.0, ""detail"": ""retrieved 499 K (smouldering)""}, {""key"": ""nocturnal"", ""label"": ""Burns at night"", ""value"": 0.0, ""weight"": 0.1, ""contribution"": 0.0, ""detail"": ""0% of detections at night""}]",3.0,C68
deb7ef866386,31.16594,76.26553,2026-09-22,822,D,N20,VIIRS,VIIRS_NOAA20_NRT,n,0.5,0.41,31.17,76.27,5.78,341.24,304.75,,,512.1,0.016801024326335234,3444.2,205000.0,biomass_like,False,False,ok,2.46,scene,1.6964464556532548,0.5654821518844183,0.8405448717948718,1,1,0.0,0.2,,0.0,0.2,0.0,False,False,False,1.0,5.0,24.458,253.234,24.343,33.358,,0,0,0,0,osm|wri|gem,,0,0.0,F02295,ANANDPUR SAHIB ST-I&II,power_plant,31.269233333333332,76.4926,wri,1,operating,289.3,MW,,No registered industrial site nearby,False,,False,0.0,0.0,0.2,0.0,0.8405448717948718,0.1661,0.1661,0.0291,0.2228,0.1335,0.1335,0.3255,Low,insufficient_evidence,Insufficient evidence,,"[{""key"": ""intensity"", ""label"": ""Thermal intensity"", ""value"": 0.841, ""weight"": 0.15, ""contribution"": 0.1261, ""detail"": ""FRP 5.8 MW, 84th percentile""}, {""key"": ""persistence"", ""label"": ""Repeat detections"", ""value"": 0.2, ""weight"": 0.2, ""contribution"": 0.04, ""detail"": ""seen on 1 separate days""}, {""key"": ""corroboration"", ""label"": ""Registry corroboration"", ""value"": 0.0, ""weight"": 0.3, ""contribution"": 0.0, ""detail"": ""0 of 3 registries place infrastructure within 3 km""}, {""key"": ""physics"", ""label"": ""Combustion temperature"", ""value"": 0.0, ""weight"": 0.25, ""contribution"": 0.0, ""detail"": ""retrieved 512 K (biomass like)""}, {""key"": ""nocturnal"", ""label"": ""Burns at night"", ""value"": 0.0, ""weight"": 0.1, ""contribution"": 0.0, ""detail"": ""0% of detections at night""}]",3.0,
efa86b370287,31.25109,76.93018,2026-09-22,2046,N,N20,VIIRS,VIIRS_NOAA20_NRT,n,0.38,0.36,31.25,76.93,0.56,302.94,290.28,,,483.9,0.0037617094720971706,514.6,136800.0,smouldering,False,False,ok,1.035,region,-0.9499999999999997,0.0,0.02564102564102564,2,2,1.0,0.4,,0.0,0.4,1.0,False,False,True,4.0,5.0,15.436,251.739,15.436,40.287,,0,0,0,0,osm|wri|gem,,0,0.0,F02742,KOLDAM,power_plant,31.382,76.8761,wri,1,operating,800.0,MW,,No registered industrial site nearby,False,,False,0.0,0.0,0.4,1.0,0.02564102564102564,0.1838,0.1838,0.0753,0.7524,0.2365,0.2365,0.189,Low,insufficient_evidence,Insufficient evidence,,"[{""key"": ""nocturnal"", ""label"": ""Burns at night"", ""value"": 1.0, ""weight"": 0.1, ""contribution"": 0.1, ""detail"": ""100% of detections at night""}, {""key"": ""persistence"", ""label"": ""Repeat detections"", ""value"": 0.4, ""weight"": 0.2, ""contribution"": 0.08, ""detail"": ""seen on 2 separate days""}, {""key"": ""intensity"", ""label"": ""Thermal intensity"", ""value"": 0.026, ""weight"": 0.15, ""contribution"": 0.0038, ""detail"": ""FRP 0.6 MW, 3th percentile""}, {""key"": ""corroboration"", ""label"": ""Registry corroboration"", ""value"": 0.0, ""weight"": 0.3, ""contribution"": 0.0, ""detail"": ""0 of 3 registries place infrastructure within 3 km""}, {""key"": ""physics"", ""label"": ""Combustion temperature"", ""value"": 0.0, ""weight"": 0.25, ""contribution"": 0.0, ""detail"": ""retrieved 484 K (smouldering)""}]",3.0,C7
eef8f28ca84b,31.25591,76.92395,2026-09-22,2129,N,N21,VIIRS,VIIRS_NOAA21_NRT,n,0.49,0.65,31.26,76.92,1.26,299.84,289.26,,,,,,318500.0,unknown,False,False,weak_11um,1.24,cell,0.040000000000000036,0.013333333333333345,0.20432692307692307,4,4,1.0,0.8,1.0,0.5489060625407045,0.8,1.0,False,False,False,4.0,5.0,14.739,252.301,14.739,40.12,,0,0,0,0,osm|wri|gem,,0,0.0,F02742,KOLDAM,power_plant,31.382,76.8761,wri,1,operating,800.0,MW,,No registered industrial site nearby,False,,False,0.0,0.25,0.8,1.0,0.20432692307692307,0.3531,0.3531,0.264,0.5401,0.3544,0.3544,0.3432,Low,insufficient_evidence,Insufficient evidence,,"[{""key"": ""persistence"", ""label"": ""Repeat detections"", ""value"": 0.8, ""weight"": 0.2, ""contribution"": 0.16, ""detail"": ""seen on 4 separate days""}, {""key"": ""nocturnal"", ""label"": ""Burns at night"", ""value"": 1.0, ""weight"": 0.1, ""contribution"": 0.1, ""detail"": ""100% of detections at night""}, {""key"": ""physics"", ""label"": ""Combustion temperature"", ""value"": 0.25, ""weight"": 0.25, ""contribution"": 0.0625, ""detail"": ""temperature retrieval unavailable""}, {""key"": ""intensity"", ""label"": ""Thermal intensity"", ""value"": 0.204, ""weight"": 0.15, ""contribution"": 0.0306, ""detail"": ""FRP 1.3 MW, 20th percentile""}, {""key"": ""corroboration"", ""label"": ""Registry corroboration"", ""value"": 0.0, ""weight"": 0.3, ""contribution"": 0.0, ""detail"": ""0 of 3 registries place infrastructure within 3 km""}]",3.0,C7
616fb8a339ac,31.52064,74.91309,2026-09-22,822,D,N20,VIIRS,VIIRS_NOAA20_NRT,n,0.44,0.38,31.52,74.91,2.24,330.99,298.17,,,,,,167200.0,unknown,False,False,weak_11um,2.46,scene,-0.11241512657943241,0.0,0.45032051282051283,1,1,0.0,0.2,,0.0,0.2,0.0,False,False,False,1.0,5.0,26.843,331.468,26.838,26.844,,0,0,0,0,osm|wri|gem,,0,0.0,F02591,GOINDWAL SAHIB TPP,power_plant,31.384132,75.1464824,gem|wri,2,operating,2400.0,MW,Punjab,No registered industrial site nearby,False,,False,0.0,0.25,0.2,0.0,0.45032051282051283,0.17,0.17,0.0,0.0962,0.1079,0.1079,0.1336,Low,insufficient_evidence,Insufficient evidence,,"[{""key"": ""intensity"", ""label"": ""Thermal intensity"", ""value"": 0.45, ""weight"": 0.15, ""contribution"": 0.0675, ""detail"": ""FRP 2.2 MW, 45th percentile""}, {""key"": ""physics"", ""label"": ""Combustion temperature"", ""value"": 0.25, ""weight"": 0.25, ""contribution"": 0.0625, ""detail"": ""temperature retrieval unavailable""}, {""key"": ""persistence"", ""label"": ""Repeat detections"", ""value"": 0.2, ""weight"": 0.2, ""contribution"": 0.04, ""detail"": ""seen on 1 separate days""}, {""key"": ""corroboration"", ""label"": ""Registry corroboration"", ""value"": 0.0, ""weight"": 0.3, ""contribution"": 0.0, ""detail"": ""0 of 3 registries place infrastructure within 3 km""}, {""key"": ""nocturnal"", ""label"": ""Burns at night"", ""value"": 0.0, ""weight"": 0.1, ""contribution"": 0.0, ""detail"": ""0% of detections at night""}]",3.0,
5d385c13ec99,31.52943,75.14214,2026-09-22,1015,D,Aqua,MODIS,MODIS_NRT,69,1.04,1.02,31.53,75.14,9.76,,,317.84,299.4,555.7,0.0026716709715449336,2834.1,1060800.0,biomass_like,False,False,ok,2.53,region,5.0534385399127295,1.0,0.9487179487179487,1,1,0.0,0.2,,0.0,0.2,0.0,False,False,False,1.0,5.0,16.162,322.515,16.165,16.161,,0,0,0,0,osm|wri|gem,,0,0.0,F02591,GOINDWAL SAHIB TPP,power_plant,31.384132,75.1464824,gem|wri,2,operating,2400.0,MW,Punjab,No registered industrial site nearby,False,,False,0.0,0.0,0.2,0.0,0.9487179487179487,0.1823,0.1823,0.1376,0.7364,0.252,0.252,0.4983,Moderate,insufficient_evidence,Insufficient evidence,,"[{""key"": ""intensity"", ""label"": ""Thermal intensity"", ""value"": 0.949, ""weight"": 0.15, ""contribution"": 0.1423, ""detail"": ""FRP 9.8 MW, 95th percentile""}, {""key"": ""persistence"", ""label"": ""Repeat detections"", ""value"": 0.2, ""weight"": 0.2, ""contribution"": 0.04, ""detail"": ""seen on 1 separate days""}, {""key"": ""corroboration"", ""label"": ""Registry corroboration"", ""value"": 0.0, ""weight"": 0.3, ""contribution"": 0.0, ""detail"": ""0 of 3 registries place infrastructure within 3 km""}, {""key"": ""physics"", ""label"": ""Combustion temperature"", ""value"": 0.0, ""weight"": 0.25, ""contribution"": 0.0, ""detail"": ""retrieved 556 K (biomass like)""}, {""key"": ""nocturnal"", ""label"": ""Burns at night"", ""value"": 0.0, ""weight"": 0.1, ""contribution"": 0.0, ""detail"": ""0% of detections at night""}]",3.0,
d05d274f52f8,31.53741,74.82207,2026-09-22,803,D,N,VIIRS,VIIRS_SNPP_NRT,n,0.45,0.39,31.54,74.82,4.53,332.6,299.97,,,619.9,0.002972467992724183,521.7,175500.0,biomass_like,False,False,ok,2.46,scene,1.0577241455428426,0.3525747151809475,0.7435897435897436,1,1,0.0,0.2,,0.0,0.2,0.0,False,False,False,1.0,5.0,35.175,337.314,35.17,35.176,,0,0,0,0,osm|wri|gem,,0,0.0,F02591,GOINDWAL SAHIB TPP,power_plant,31.384132,75.1464824,gem|wri,2,operating,2400.0,MW,Punjab,No registered industrial site nearby,False,,False,0.0,0.0,0.2,0.0,0.7435897435897436,0.1515,0.1515,0.051,0.3734,0.1546,0.1546,0.2721,Low,insufficient_evidence,Insufficient evidence,,"[{""key"": ""intensity"", ""label"": ""Thermal intensity"", ""value"": 0.744, ""weight"": 0.15, ""contribution"": 0.1115, ""detail"": ""FRP 4.5 MW, 74th percentile""}, {""key"": ""persistence"", ""label"": ""Repeat detections"", ""value"": 0.2, ""weight"": 0.2, ""contribution"": 0.04, ""detail"": ""seen on 1 separate days""}, {""key"": ""corroboration"", ""label"": ""Registry corroboration"", ""value"": 0.0, ""weight"": 0.3, ""contribution"": 0.0, ""detail"": ""0 of 3 registries place infrastructure within 3 km""}, {""key"": ""physics"", ""label"": ""Combustion temperature"", ""value"": 0.0, ""weight"": 0.25, ""contribution"": 0.0, ""detail"": ""retrieved 620 K (biomass like)""}, {""key"": ""nocturnal"", ""label"": ""Burns at night"", ""value"": 0.0, ""weight"": 0.1, ""contribution"": 0.0, ""detail"": ""0% of detections at night""}]",3.0,
697e942ce2f2,31.64179,75.04122,2026-09-22,822,D,N20,VIIRS,VIIRS_NOAA20_NRT,n,0.45,0.39,31.64,75.04,4.67,346.35,300.99,,,658.8,0.0039527146585439646,693.7,175500.0,biomass_like,False,False,ok,2.46,scene,1.1292610442752087,0.37642034809173625,0.7572115384615384,1,1,0.0,0.2,,0.0,0.2,0.0,False,False,False,1.0,5.0,29.448,337.902,29.393,30.338,,0,0,0,0,osm|wri|gem,,0,0.0,F02420,Beas,power_plant,31.5456,75.3309,wri,1,operating,19.6,MW,,No registered industrial site nearby,False,,False,0.0,0.0,0.2,0.0,0.7572115384615384,0.1536,0.1536,0.1742,0.3317,0.1865,0.1865,0.2938,Low,insufficient_evidence,Insufficient evidence,,"[{""key"": ""intensity"", ""label"": ""Thermal intensity"", ""value"": 0.757, ""weight"": 0.15, ""contribution"": 0.1136, ""detail"": ""FRP 4.7 MW, 76th percentile""}, {""key"": ""persistence"", ""label"": ""Repeat detections"", ""value"": 0.2, ""weight"": 0.2, ""contribution"": 0.04, ""detail"": ""seen on 1 separate days""}, {""key"": ""corroboration"", ""label"": ""Registry corroboration"", ""value"": 0.0, ""weight"": 0.3, ""contribution"": 0.0, ""detail"": ""0 of 3 registries place infrastructure within 3 km""}, {""key"": ""physics"", ""label"": ""Combustion temperature"", ""value"": 0.0, ""weight"": 0.25, ""contribution"": 0.0, ""detail"": ""retrieved 659 K (biomass like)""}, {""key"": ""nocturnal"", ""label"": ""Burns at night"", ""value"": 0.0, ""weight"": 0.1, ""contribution"": 0.0, ""detail"": ""0% of detections at night""}]",3.0,
e2be2c1ddcdf,31.68173,75.16161,2026-09-22,1015,D,Aqua,MODIS,MODIS_NRT,73,1.03,1.02,31.68,75.16,9.2,,,320.12,301.36,463.9,0.012239602614413278,12858.9,1050600.0,smouldering,False,False,ok,2.46,scene,3.4439906961153417,1.0,0.9391025641025641,1,1,0.0,0.2,,0.0,0.2,0.0,False,False,False,1.0,5.0,22.048,337.185,22.032,33.122,,0,0,0,0,osm|wri|gem,,0,0.0,F02420,Beas,power_plant,31.5456,75.3309,wri,1,operating,19.6,MW,,No registered industrial site nearby,False,,False,0.0,0.0,0.2,0.0,0.9391025641025641,0.1809,0.1809,0.0916,0.6514,0.2247,0.2247,0.485,Moderate,insufficient_evidence,Insufficient evidence,,"[{""key"": ""intensity"", ""label"": ""Thermal intensity"", ""value"": 0.939, ""weight"": 0.15, ""contribution"": 0.1409, ""detail"": ""FRP 9.2 MW, 94th percentile""}, {""key"": ""persistence"", ""label"": ""Repeat detections"", ""value"": 0.2, ""weight"": 0.2, ""contribution"": 0.04, ""detail"": ""seen on 1 separate days""}, {""key"": ""corroboration"", ""label"": ""Registry corroboration"", ""value"": 0.0, ""weight"": 0.3, ""contribution"": 0.0, ""detail"": ""0 of 3 registries place infrastructure within 3 km""}, {""key"": ""physics"", ""label"": ""Combustion temperature"", ""value"": 0.0, ""weight"": 0.25, ""contribution"": 0.0, ""detail"": ""retrieved 464 K (smouldering)""}, {""key"": ""nocturnal"", ""label"": ""Burns at night"", ""value"": 0.0, ""weight"": 0.1, ""contribution"": 0.0, ""detail"": ""0% of detections at night""}]",3.0,C69
c81364972e94,31.70098,75.16823,2026-09-22,1015,D,Aqua,MODIS,MODIS_NRT,67,1.03,1.02,31.7,75.17,10.02,,,320.52,301.95,449.6,0.01632744206793021,17153.6,1050600.0,smouldering,False,False,ok,2.46,scene,3.8629925315477722,1.0,0.9503205128205128,1,1,0.0,0.2,,0.0,0.2,0.0,False,False,False,1.0,5.0,23.146,338.899,23.139,35.291,,0,0,0,0,osm|wri|gem,,0,0.0,F02420,Beas,power_plant,31.5456,75.3309,wri,1,operating,19.6,MW,,No registered industrial site nearby,False,,False,0.0,0.0,0.2,0.0,0.9503205128205128,0.1825,0.1825,0.1116,0.7444,0.2455,0.2455,0.4955,Moderate,insufficient_evidence,Insufficient evidence,,"[{""key"": ""intensity"", ""label"": ""Thermal intensity"", ""value"": 0.95, ""weight"": 0.15, ""contribution"": 0.1425, ""detail"": ""FRP 10.0 MW, 95th percentile""}, {""key"": ""persistence"", ""label"": ""Repeat detections"", ""value"": 0.2, ""weight"": 0.2, ""contribution"": 0.04, ""detail"": ""seen on 1 separate days""}, {""key"": ""corroboration"", ""label"": ""Registry corroboration"", ""value"": 0.0, ""weight"": 0.3, ""contribution"": 0.0, ""detail"": ""0 of 3 registries place infrastructure within 3 km""}, {""key"": ""physics"", ""label"": ""Combustion temperature"", ""value"": 0.0, ""weight"": 0.25, ""contribution"": 0.0, ""detail"": ""retrieved 450 K (smouldering)""}, {""key"": ""nocturnal"", ""label"": ""Burns at night"", ""value"": 0.0, ""weight"": 0.1, ""contribution"": 0.0, ""detail"": ""0% of detections at night""}]",3.0,C69
8656019e0ac2,31.79421,74.94135,2026-09-22,803,D,N,VIIRS,VIIRS_SNPP_NRT,n,0.45,0.39,31.79,74.94,3.13,335.93,301.72,,,546.3,0.008204132455278606,1439.8,175500.0,biomass_like,False,False,ok,2.46,scene,0.3423551582191809,0.1141183860730603,0.5913461538461539,1,1,0.0,0.2,,0.0,0.2,0.0,False,False,False,1.0,5.0,46.079,357.273,46.051,49.566,,0,0,0,0,osm|wri|gem,,0,0.0,F02420,Beas,power_plant,31.5456,75.3309,wri,1,operating,19.6,MW,,No registered industrial site nearby,False,,False,0.0,0.0,0.2,0.0,0.5913461538461539,0.1287,0.1287,0.0,0.1202,0.0888,0.0888,0.1676,Low,insufficient_evidence,Insufficient evidence,,"[{""key"": ""intensity"", ""label"": ""Thermal intensity"", ""value"": 0.591, ""weight"": 0.15, ""contribution"": 0.0887, ""detail"": ""FRP 3.1 MW, 59th percentile""}, {""key"": ""persistence"", ""label"": ""Repeat detections"", ""value"": 0.2, ""weight"": 0.2, ""contribution"": 0.04, ""detail"": ""seen on 1 separate days""}, {""key"": ""corroboration"", ""label"": ""Registry corroboration"", ""value"": 0.0, ""weight"": 0.3, ""contribution"": 0.0, ""detail"": ""0 of 3 registries place infrastructure within 3 km""}, {""key"": ""physics"", ""label"": ""Combustion temperature"", ""value"": 0.0, ""weight"": 0.25, ""contribution"": 0.0, ""detail"": ""retrieved 546 K (biomass like)""}, {""key"": ""nocturnal"", ""label"": ""Burns at night"", ""value"": 0.0, ""weight"": 0.1, ""contribution"": 0.0, ""detail"": ""0% of detections at night""}]",3.0,
a06b9225fc35,31.84063,74.64835,2026-09-22,803,D,N,VIIRS,VIIRS_SNPP_NRT,n,0.46,0.39,31.84,74.65,3.58,333.51,299.96,,,629.4,0.002843249185367599,510.1,179400.0,biomass_like,False,False,ok,2.46,scene,0.5722951898589294,0.1907650632863098,0.6514423076923077,1,1,0.0,0.2,,0.0,0.2,0.0,False,False,False,1.0,5.0,69.294,374.745,69.291,69.295,,0,0,0,0,osm|wri|gem,,0,0.0,F02591,GOINDWAL SAHIB TPP,power_plant,31.384132,75.1464824,gem|wri,2,operating,2400.0,MW,Punjab,No registered industrial site nearby,False,,False,0.0,0.0,0.2,0.0,0.6514423076923077,0.1377,0.1377,0.0,0.4696,0.1462,0.1462,0.2186,Low,insufficient_evidence,Insufficient evidence,,"[{""key"": ""intensity"", ""label"": ""Thermal intensity"", ""value"": 0.651, ""weight"": 0.15, ""contribution"": 0.0977, ""detail"": ""FRP 3.6 MW, 65th percentile""}, {""key"": ""persistence"", ""label"": ""Repeat detections"", ""value"": 0.2, ""weight"": 0.2, ""contribution"": 0.04, ""detail"": ""seen on 1 separate days""}, {""key"": ""corroboration"", ""label"": ""Registry corroboration"", ""value"": 0.0, ""weight"": 0.3, ""contribution"": 0.0, ""detail"": ""0 of 3 registries place infrastructure within 3 km""}, {""key"": ""physics"", ""label"": ""Combustion temperature"", ""value"": 0.0, ""weight"": 0.25, ""contribution"": 0.0, ""detail"": ""retrieved 629 K (biomass like)""}, {""key"": ""nocturnal"", ""label"": ""Burns at night"", ""value"": 0.0, ""weight"": 0.1, ""contribution"": 0.0, ""detail"": ""0% of detections at night""}]",3.0,
080ede9a669e,31.87299,74.67269,2026-09-22,726,D,N21,VIIRS,VIIRS_NOAA21_NRT,n,0.32,0.55,31.87,74.67,2.59,333.46,296.52,,,,,,176000.0,unknown,False,False,weak_11um,2.61,region,-0.012044477847796355,0.0,0.5216346153846154,1,1,0.0,0.2,,0.0,0.2,0.0,False,False,False,1.0,5.0,70.477,376.759,70.475,70.478,,0,0,0,0,osm|wri|gem,,0,0.0,F02591,GOINDWAL SAHIB TPP,power_plant,31.384132,75.1464824,gem|wri,2,operating,2400.0,MW,Punjab,No registered industrial site nearby,False,,False,0.0,0.25,0.2,0.0,0.5216346153846154,0.1807,0.1807,0.0,0.3237,0.1479,0.1479,0.1587,Low,insufficient_evidence,Insufficient evidence,,"[{""key"": ""intensity"", ""label"": ""Thermal intensity"", ""value"": 0.522, ""weight"": 0.15, ""contribution"": 0.0782, ""detail"": ""FRP 2.6 MW, 52th percentile""}, {""key"": ""physics"", ""label"": ""Combustion temperature"", ""value"": 0.25, ""weight"": 0.25, ""contribution"": 0.0625, ""detail"": ""temperature retrieval unavailable""}, {""key"": ""persistence"", ""label"": ""Repeat detections"", ""value"": 0.2, ""weight"": 0.2, ""contribution"": 0.04, ""detail"": ""seen on 1 separate days""}, {""key"": ""corroboration"", ""label"": ""Registry corroboration"", ""value"": 0.0, ""weight"": 0.3, ""contribution"": 0.0, ""detail"": ""0 of 3 registries place infrastructure within 3 km""}, {""key"": ""nocturnal"", ""label"": ""Burns at night"", ""value"": 0.0, ""weight"": 0.1, ""contribution"": 0.0, ""detail"": ""0% of detections at night""}]",3.0,C8
eaa07955d7a2,31.87895,74.67175,2026-09-22,726,D,N21,VIIRS,VIIRS_NOAA21_NRT,n,0.32,0.55,31.88,74.67,5.43,338.32,296.25,,,,,,176000.0,unknown,False,False,weak_11um,2.61,region,1.6982713765392845,0.5660904588464282,0.8197115384615384,1,1,0.0,0.2,,0.0,0.2,0.0,False,False,False,1.0,5.0,71.045,377.382,71.043,71.046,,0,0,0,0,osm|wri|gem,,0,0.0,F02591,GOINDWAL SAHIB TPP,power_plant,31.384132,75.1464824,gem|wri,2,operating,2400.0,MW,Punjab,No registered industrial site nearby,False,,False,0.0,0.25,0.2,0.0,0.8197115384615384,0.2255,0.2255,0.0291,0.5529,0.2157,0.2157,0.3606,Moderate,insufficient_evidence,Insufficient evidence,,"[{""key"": ""intensity"", ""label"": ""Thermal intensity"", ""value"": 0.82, ""weight"": 0.15, ""contribution"": 0.123, ""detail"": ""FRP 5.4 MW, 82th percentile""}, {""key"": ""physics"", ""label"": ""Combustion temperature"", ""value"": 0.25, ""weight"": 0.25, ""contribution"": 0.0625, ""detail"": ""temperature retrieval unavailable""}, {""key"": ""persistence"", ""label"": ""Repeat detections"", ""value"": 0.2, ""weight"": 0.2, ""contribution"": 0.04, ""detail"": ""seen on 1 separate days""}, {""key"": ""corroboration"", ""label"": ""Registry corroboration"", ""value"": 0.0, ""weight"": 0.3, ""contribution"": 0.0, ""detail"": ""0 of 3 registries place infrastructure within 3 km""}, {""key"": ""nocturnal"", ""label"": ""Burns at night"", ""value"": 0.0, ""weight"": 0.1, ""contribution"": 0.0, ""detail"": ""0% of detections at night""}]",3.0,C8
82d06489bedf,31.89183,74.68181,2026-09-22,726,D,N21,VIIRS,VIIRS_NOAA21_NRT,n,0.32,0.55,31.89,74.68,2.61,335.71,296.24,,,,,,176000.0,unknown,False,False,weak_11um,2.61,region,0.0,0.0,0.5280448717948718,1,1,0.0,0.2,,0.0,0.2,0.0,False,False,False,1.0,5.0,71.569,378.179,71.567,71.569,,0,0,0,0,osm|wri|gem,,0,0.0,F02591,GOINDWAL SAHIB TPP,power_plant,31.384132,75.1464824,gem|wri,2,operating,2400.0,MW,Punjab,No registered industrial site nearby,False,,False,0.0,0.25,0.2,0.0,0.5280448717948718,0.1817,0.1817,0.0,0.3285,0.1492,0.1492,0.1599,Low,insufficient_evidence,Insufficient evidence,,"[{""key"": ""intensity"", ""label"": ""Thermal intensity"", ""value"": 0.528, ""weight"": 0.15, ""contribution"": 0.0792, ""detail"": ""FRP 2.6 MW, 53th percentile""}, {""key"": ""physics"", ""label"": ""Combustion temperature"", ""value"": 0.25, ""weight"": 0.25, ""contribution"": 0.0625, ""detail"": ""temperature retrieval unavailable""}, {""key"": ""persistence"", ""label"": ""Repeat detections"", ""value"": 0.2, ""weight"": 0.2, ""contribution"": 0.04, ""detail"": ""seen on 1 separate days""}, {""key"": ""corroboration"", ""label"": ""Registry corroboration"", ""value"": 0.0, ""weight"": 0.3, ""contribution"": 0.0, ""detail"": ""0 of 3 registries place infrastructure within 3 km""}, {""key"": ""nocturnal"", ""label"": ""Burns at night"", ""value"": 0.0, ""weight"": 0.1, ""contribution"": 0.0, ""detail"": ""0% of detections at night""}]",3.0,C8
e59573c42bc1,31.90933,74.71143,2026-09-22,726,D,N21,VIIRS,VIIRS_NOAA21_NRT,n,0.32,0.55,31.91,74.71,1.49,329.77,296.24,,,,,,176000.0,unknown,False,False,weak_11um,2.61,region,-0.6744907594765952,0.0,0.2676282051282051,1,1,0.0,0.2,,0.0,0.2,0.0,False,False,False,1.0,5.0,71.192,378.558,71.16,71.46,,0,0,0,0,osm|wri|gem,,0,0.0,F02420,Beas,power_plant,31.5456,75.3309,wri,1,operating,19.6,MW,,No registered industrial site nearby,False,,False,0.0,0.25,0.2,0.0,0.2676282051282051,0.1426,0.1426,0.0377,0.6018,0.18,0.18,0.1478,Low,insufficient_evidence,Insufficient evidence,,"[{""key"": ""physics"", ""label"": ""Combustion temperature"", ""value"": 0.25, ""weight"": 0.25, ""contribution"": 0.0625, ""detail"": ""temperature retrieval unavailable""}, {""key"": ""intensity"", ""label"": ""Thermal intensity"", ""value"": 0.268, ""weight"": 0.15, ""contribution"": 0.0401, ""detail"": ""FRP 1.5 MW, 27th percentile""}, {""key"": ""persistence"", ""label"": ""Repeat detections"", ""value"": 0.2, ""weight"": 0.2, ""contribution"": 0.04, ""detail"": ""seen on 1 separate days""}, {""key"": ""corroboration"", ""label"": ""Registry corroboration"", ""value"": 0.0, ""weight"": 0.3, ""contribution"": 0.0, ""detail"": ""0 of 3 registries place infrastructure within 3 km""}, {""key"": ""nocturnal"", ""label"": ""Burns at night"", ""value"": 0.0, ""weight"": 0.1, ""contribution"": 0.0, ""detail"": ""0% of detections at night""}]",3.0,
85def847e880,8.81421,77.98473,2026-09-23,839,D,N21,VIIRS,VIIRS_NOAA21_NRT,n,0.33,0.55,8.81,77.98,1.76,331.35,296.21,,,,,,181500.0,unknown,False,False,weak_11um,2.46,scene,-0.35768449366183075,0.0,0.3541666666666667,1,1,0.0,0.2,,0.0,0.2,0.0,False,False,False,1.0,5.0,5.342,467.939,6.031,5.342,,0,0,0,0,osm|wri|gem,,0,0.0,F03713,Savarimangalam power station,power_plant,8.862239,77.985642,gem,1,cancelled,2640.0,MW,Tamil Nadu,Near industrial activity,False,,False,0.0,0.25,0.2,0.0,0.3541666666666667,0.1556,0.1556,0.02,0.4407,0.1577,0.1577,0.1464,Low,insufficient_evidence,Insufficient evidence,,"[{""key"": ""physics"", ""label"": ""Combustion temperature"", ""value"": 0.25, ""weight"": 0.25, ""contribution"": 0.0625, ""detail"": ""temperature retrieval unavailable""}, {""key"": ""intensity"", ""label"": ""Thermal intensity"", ""value"": 0.354, ""weight"": 0.15, ""contribution"": 0.0531, ""detail"": ""FRP 1.8 MW, 35th percentile""}, {""key"": ""persistence"", ""label"": ""Repeat detections"", ""value"": 0.2, ""weight"": 0.2, ""contribution"": 0.04, ""detail"": ""seen on 1 separate days""}, {""key"": ""corroboration"", ""label"": ""Registry corroboration"", ""value"": 0.0, ""weight"": 0.3, ""contribution"": 0.0, ""detail"": ""0 of 3 registries place infrastructure within 3 km""}, {""key"": ""nocturnal"", ""label"": ""Burns at night"", ""value"": 0.0, ""weight"": 0.1, ""contribution"": 0.0, ""detail"": ""0% of detections at night""}]",3.0,
5e4620ddc790,8.83991,77.94456,2026-09-23,839,D,N21,VIIRS,VIIRS_NOAA21_NRT,h,0.33,0.55,8.84,77.94,10.74,367.0,298.06,,,,,,181500.0,unknown,True,False,saturated_lower_bound,2.46,scene,4.23089658217137,1.0,0.9567307692307693,1,1,0.0,0.2,,0.0,0.2,0.0,False,False,False,1.0,5.0,5.152,467.314,8.094,5.152,,0,0,0,0,osm|wri|gem,,0,0.0,F03713,Savarimangalam power station,power_plant,8.862239,77.985642,gem,1,cancelled,2640.0,MW,Tamil Nadu,Near industrial activity,False,,False,0.0,0.25,0.2,0.0,0.9567307692307693,0.246,0.246,0.1783,0.7436,0.3003,0.3003,0.5208,Moderate,insufficient_evidence,Insufficient evidence,,"[{""key"": ""intensity"", ""label"": ""Thermal intensity"", ""value"": 0.957, ""weight"": 0.15, ""contribution"": 0.1435, ""detail"": ""FRP 10.7 MW, 96th percentile""}, {""key"": ""physics"", ""label"": ""Combustion temperature"", ""value"": 0.25, ""weight"": 0.25, ""contribution"": 0.0625, ""detail"": ""temperature retrieval unavailable""}, {""key"": ""persistence"", ""label"": ""Repeat detections"", ""value"": 0.2, ""weight"": 0.2, ""contribution"": 0.04, ""detail"": ""seen on 1 separate days""}, {""key"": ""corroboration"", ""label"": ""Registry corroboration"", ""value"": 0.0, ""weight"": 0.3, ""contribution"": 0.0, ""detail"": ""0 of 3 registries place infrastructure within 3 km""}, {""key"": ""nocturnal"", ""label"": ""Burns at night"", ""value"": 0.0, ""weight"": 0.1, ""contribution"": 0.0, ""detail"": ""0% of detections at night""}]",3.0,
f66096678542,8.91941,78.07498,2026-09-23,839,D,N21,VIIRS,VIIRS_NOAA21_NRT,n,0.34,0.56,8.92,78.07,4.29,332.18,294.55,,,,,,190400.0,unknown,False,False,weak_11um,2.46,scene,0.9350894620016434,0.31169648733388117,0.7227564102564102,1,1,0.0,0.2,,0.0,0.2,0.0,False,False,False,1.0,5.0,4.38,453.109,3.67,4.295,,0,0,0,0,osm|wri|gem,,0,0.0,F02333,Arasadi,power_plant,8.883822499999999,78.05789483333334,gem|wri,2,operating,1780.0,MW,Tamil Nadu,Near industrial activity,False,,False,0.0,0.25,0.2,0.0,0.7227564102564102,0.2109,0.2109,0.0291,0.4583,0.1935,0.1935,0.2773,Low,insufficient_evidence,Insufficient evidence,,"[{""key"": ""intensity"", ""label"": ""Thermal intensity"", ""value"": 0.723, ""weight"": 0.15, ""contribution"": 0.1084, ""detail"": ""FRP 4.3 MW, 72th percentile""}, {""key"": ""physics"", ""label"": ""Combustion temperature"", ""value"": 0.25, ""weight"": 0.25, ""contribution"": 0.0625, ""detail"": ""temperature retrieval unavailable""}, {""key"": ""persistence"", ""label"": ""Repeat detections"", ""value"": 0.2, ""weight"": 0.2, ""contribution"": 0.04, ""detail"": ""seen on 1 separate days""}, {""key"": ""corroboration"", ""label"": ""Registry corroboration"", ""value"": 0.0, ""weight"": 0.3, ""contribution"": 0.0, ""detail"": ""0 of 3 registries place infrastructure within 3 km""}, {""key"": ""nocturnal"", ""label"": ""Burns at night"", ""value"": 0.0, ""weight"": 0.1, ""contribution"": 0.0, ""detail"": ""0% of detections at night""}]",3.0,C70
9cb5b0071d15,8.91982,78.07803,2026-09-23,839,D,N21,VIIRS,VIIRS_NOAA21_NRT,h,0.34,0.56,8.92,78.08,7.43,367.0,295.65,,,,,,190400.0,unknown,True,False,saturated_lower_bound,2.46,scene,2.5395599049989985,0.8465199683329995,0.8958333333333334,1,1,0.0,0.2,,0.0,0.2,0.0,False,False,False,1.0,5.0,4.573,452.924,3.832,4.466,,0,0,0,0,osm|wri|gem,,0,0.0,F02333,Arasadi,power_plant,8.883822499999999,78.05789483333334,gem|wri,2,operating,1780.0,MW,Tamil Nadu,Near industrial activity,False,,False,0.0,0.25,0.2,0.0,0.8958333333333334,0.2369,0.2369,0.0091,0.601,0.2232,0.2232,0.4417,Moderate,insufficient_evidence,Insufficient evidence,,"[{""key"": ""intensity"", ""label"": ""Thermal intensity"", ""value"": 0.896, ""weight"": 0.15, ""contribution"": 0.1344, ""detail"": ""FRP 7.4 MW, 90th percentile""}, {""key"": ""physics"", ""label"": ""Combustion temperature"", ""value"": 0.25, ""weight"": 0.25, ""contribution"": 0.0625, ""detail"": ""temperature retrieval unavailable""}, {""key"": ""persistence"", ""label"": ""Repeat detections"", ""value"": 0.2, ""weight"": 0.2, ""contribution"": 0.04, ""detail"": ""seen on 1 separate days""}, {""key"": ""corroboration"", ""label"": ""Registry corroboration"", ""value"": 0.0, ""weight"": 0.3, ""contribution"": 0.0, ""detail"": ""0 of 3 registries place infrastructure within 3 km""}, {""key"": ""nocturnal"", ""label"": ""Burns at night"", ""value"": 0.0, ""weight"": 0.1, ""contribution"": 0.0, ""detail"": ""0% of detections at night""}]",3.0,C70
fb4773c61e81,9.0476,78.19106,2026-09-23,839,D,N21,VIIRS,VIIRS_NOAA21_NRT,n,0.34,0.56,9.05,78.19,1.45,331.03,288.67,,,,,,190400.0,unknown,False,False,weak_11um,2.46,scene,-0.516087626569213,0.0,0.2564102564102564,1,1,0.0,0.2,,0.0,0.2,0.0,False,False,False,1.0,5.0,12.511,434.805,12.511,14.916,,0,0,0,0,osm|wri|gem,,0,0.0,F02790,Kamalapuram,power_plant,9.119,78.103,wri,1,operating,10.0,MW,,No registered industrial site nearby,False,,False,0.0,0.25,0.2,0.0,0.2564102564102564,0.141,0.141,0.0377,0.3293,0.1383,0.1383,0.1279,Low,insufficient_evidence,Insufficient evidence,,"[{""key"": ""physics"", ""label"": ""Combustion temperature"", ""value"": 0.25, ""weight"": 0.25, ""contribution"": 0.0625, ""detail"": ""temperature retrieval unavailable""}, {""key"": ""persistence"", ""label"": ""Repeat detections"", ""value"": 0.2, ""weight"": 0.2, ""contribution"": 0.04, ""detail"": ""seen on 1 separate days""}, {""key"": ""intensity"", ""label"": ""Thermal intensity"", ""value"": 0.256, ""weight"": 0.15, ""contribution"": 0.0385, ""detail"": ""FRP 1.4 MW, 26th percentile""}, {""key"": ""corroboration"", ""label"": ""Registry corroboration"", ""value"": 0.0, ""weight"": 0.3, ""contribution"": 0.0, ""detail"": ""0 of 3 registries place infrastructure within 3 km""}, {""key"": ""nocturnal"", ""label"": ""Burns at night"", ""value"": 0.0, ""weight"": 0.1, ""contribution"": 0.0, ""detail"": ""0% of detections at night""}]",3.0,
2cb93eadc568,9.27542,77.92335,2026-09-23,2032,N,N20,VIIRS,VIIRS_NOAA20_NRT,n,0.41,0.37,9.28,77.92,1.01,309.83,291.78,,,437.3,0.01600440507883564,2427.9,151700.0,smouldering,False,False,ok,2.46,scene,-0.7409178797280781,0.0,0.14423076923076922,1,1,1.0,0.2,,0.0,0.2,1.0,False,False,False,1.0,5.0,17.33,425.635,17.33,45.945,,0,0,0,0,osm|wri|gem,,0,0.0,F03262,Sattur,power_plant,9.41,78.003,wri,1,operating,50.0,MW,,No registered industrial site nearby,False,,False,0.0,0.0,0.2,1.0,0.14423076923076922,0.1616,0.1616,0.2557,0.4183,0.2283,0.2283,0.1572,Low,insufficient_evidence,Insufficient evidence,,"[{""key"": ""nocturnal"", ""label"": ""Burns at night"", ""value"": 1.0, ""weight"": 0.1, ""contribution"": 0.1, ""detail"": ""100% of detections at night""}, {""key"": ""persistence"", ""label"": ""Repeat detections"", ""value"": 0.2, ""weight"": 0.2, ""contribution"": 0.04, ""detail"": ""seen on 1 separate days""}, {""key"": ""intensity"", ""label"": ""Thermal intensity"", ""value"": 0.144, ""weight"": 0.15, ""contribution"": 0.0216, ""detail"": ""FRP 1.0 MW, 14th percentile""}, {""key"": ""corroboration"", ""label"": ""Registry corroboration"", ""value"": 0.0, ""weight"": 0.3, ""contribution"": 0.0, ""detail"": ""0 of 3 registries place infrastructure within 3 km""}, {""key"": ""physics"", ""label"": ""Combustion temperature"", ""value"": 0.0, ""weight"": 0.25, ""contribution"": 0.0, ""detail"": ""retrieved 437 K (smouldering)""}]",3.0,
84bb628d2d6f,10.25534,77.17133,2026-09-23,2032,N,N20,VIIRS,VIIRS_NOAA20_NRT,n,0.39,0.36,10.26,77.17,0.43,304.24,287.25,,,,,,140400.0,unknown,False,False,weak_11um,2.46,scene,-1.0372850316193092,0.0,0.01201923076923077,1,1,1.0,0.2,,0.0,0.2,1.0,False,False,False,1.0,5.0,22.2,385.367,22.2,91.957,,0,0,0,0,osm|wri|gem,,0,0.0,F02705,KADAMPARI,power_plant,10.4104,77.0435,wri,1,operating,400.0,MW,,No registered industrial site nearby,False,,False,0.0,0.25,0.2,1.0,0.01201923076923077,0.2043,0.2043,0.1233,0.3654,0.2042,0.2042,0.1331,Low,insufficient_evidence,Insufficient evidence,,"[{""key"": ""nocturnal"", ""label"": ""Burns at night"", ""value"": 1.0, ""weight"": 0.1, ""contribution"": 0.1, ""detail"": ""100% of detections at night""}, {""key"": ""physics"", ""label"": ""Combustion temperature"", ""value"": 0.25, ""weight"": 0.25, ""contribution"": 0.0625, ""detail"": ""temperature retrieval unavailable""}, {""key"": ""persistence"", ""label"": ""Repeat detections"", ""value"": 0.2, ""weight"": 0.2, ""contribution"": 0.04, ""detail"": ""seen on 1 separate days""}, {""key"": ""intensity"", ""label"": ""Thermal intensity"", ""value"": 0.012, ""weight"": 0.15, ""contribution"": 0.0018, ""detail"": ""FRP 0.4 MW, 1th percentile""}, {""key"": ""corroboration"", ""label"": ""Registry corroboration"", ""value"": 0.0, ""weight"": 0.3, ""contribution"": 0.0, ""detail"": ""0 of 3 registries place infrastructure within 3 km""}]",3.0,
20c6fa37e2cb,10.6167,77.42141,2026-09-23,2032,N,N20,VIIRS,VIIRS_NOAA20_NRT,n,0.39,0.36,10.62,77.42,0.43,303.17,285.49,,,,,,140400.0,unknown,False,False,weak_11um,2.46,scene,-1.0372850316193092,0.0,0.01201923076923077,1,1,1.0,0.2,,0.0,0.2,1.0,False,False,False,1.0,5.0,13.601,337.63,13.601,79.292,,0,0,0,0,osm|wri|gem,,0,0.0,F02405,Bannari Amman Spinning Mills Wind Power Project,power_plant,10.7389,77.416,wri,1,operating,11.2,MW,,No registered industrial site nearby,False,,False,0.0,0.25,0.2,1.0,0.01201923076923077,0.2043,0.2043,0.1233,0.2724,0.1902,0.1902,0.1268,Low,insufficient_evidence,Insufficient evidence,,"[{""key"": ""nocturnal"", ""label"": ""Burns at night"", ""value"": 1.0, ""weight"": 0.1, ""contribution"": 0.1, ""detail"": ""100% of detections at night""}, {""key"": ""physics"", ""label"": ""Combustion temperature"", ""value"": 0.25, ""weight"": 0.25, ""contribution"": 0.0625, ""detail"": ""temperature retrieval unavailable""}, {""key"": ""persistence"", ""label"": ""Repeat detections"", ""value"": 0.2, ""weight"": 0.2, ""contribution"": 0.04, ""detail"": ""seen on 1 separate days""}, {""key"": ""intensity"", ""label"": ""Thermal intensity"", ""value"": 0.012, ""weight"": 0.15, ""contribution"": 0.0018, ""detail"": ""FRP 0.4 MW, 1th percentile""}, {""key"": ""corroboration"", ""label"": ""Registry corroboration"", ""value"": 0.0, ""weight"": 0.3, ""contribution"": 0.0, ""detail"": ""0 of 3 registries place infrastructure within 3 km""}]",3.0,
b11202d3c542,11.81378,77.91667,2026-09-23,2012,N,N,VIIRS,VIIRS_SNPP_NRT,n,0.4,0.44,11.81,77.92,0.56,295.38,274.35,,,,,,176000.0,unknown,False,False,weak_11um,2.46,scene,-0.9708579113678264,0.0,0.02564102564102564,2,2,0.5,0.4,,0.0,0.4,0.5,False,False,True,4.0,5.0,0.232,214.205,11.854,0.232,,0,0,4,0,osm|wri|gem,gem,1,0.3333,F03803,JSW Steel Salem steel plant,steel,11.814912,77.918465,gem,1,operating,1260.0,ttpa,Tamil Nadu,On a registered industrial site,False,,False,0.3333,0.25,0.4,0.5,0.02564102564102564,0.2963,0.2963,0.186,0.8742,0.3499,0.3499,0.24,Low,insufficient_evidence,Insufficient evidence,,"[{""key"": ""corroboration"", ""label"": ""Registry corroboration"", ""value"": 0.333, ""weight"": 0.3, ""contribution"": 0.1, ""detail"": ""1 of 3 registries place infrastructure within 3 km""}, {""key"": ""persistence"", ""label"": ""Repeat detections"", ""value"": 0.4, ""weight"": 0.2, ""contribution"": 0.08, ""detail"": ""seen on 2 separate days""}, {""key"": ""physics"", ""label"": ""Combustion temperature"", ""value"": 0.25, ""weight"": 0.25, ""contribution"": 0.0625, ""detail"": ""temperature retrieval unavailable""}, {""key"": ""nocturnal"", ""label"": ""Burns at night"", ""value"": 0.5, ""weight"": 0.1, ""contribution"": 0.05, ""detail"": ""50% of detections at night""}, {""key"": ""intensity"", ""label"": ""Thermal intensity"", ""value"": 0.026, ""weight"": 0.15, ""contribution"": 0.0038, ""detail"": ""FRP 0.6 MW, 3th percentile""}]",3.0,C38
e128d6e79255,11.81518,77.91682,2026-09-23,2032,N,N20,VIIRS,VIIRS_NOAA20_NRT,n,0.4,0.37,11.82,77.92,1.17,316.54,284.17,,,439.9,0.02717974479047898,4022.6,148000.0,smouldering,False,False,ok,2.46,scene,-0.6591614240339453,0.0,0.18189102564102563,1,1,1.0,0.2,,0.0,0.2,1.0,False,False,False,1.0,5.0,0.182,214.116,11.889,0.182,,0,0,4,0,osm|wri|gem,gem,1,0.3333,F03803,JSW Steel Salem steel plant,steel,11.814912,77.918465,gem,1,operating,1260.0,ttpa,Tamil Nadu,On a registered industrial site,False,,False,0.3333,0.0,0.2,1.0,0.18189102564102563,0.2673,0.2673,0.2557,0.7276,0.3329,0.3329,0.208,Low,insufficient_evidence,Insufficient evidence,,"[{""key"": ""corroboration"", ""label"": ""Registry corroboration"", ""value"": 0.333, ""weight"": 0.3, ""contribution"": 0.1, ""detail"": ""1 of 3 registries place infrastructure within 3 km""}, {""key"": ""nocturnal"", ""label"": ""Burns at night"", ""value"": 1.0, ""weight"": 0.1, ""contribution"": 0.1, ""detail"": ""100% of detections at night""}, {""key"": ""persistence"", ""label"": ""Repeat detections"", ""value"": 0.2, ""weight"": 0.2, ""contribution"": 0.04, ""detail"": ""seen on 1 separate days""}, {""key"": ""intensity"", ""label"": ""Thermal intensity"", ""value"": 0.182, ""weight"": 0.15, ""contribution"": 0.0273, ""detail"": ""FRP 1.2 MW, 18th percentile""}, {""key"": ""physics"", ""label"": ""Combustion temperature"", ""value"": 0.0, ""weight"": 0.25, ""contribution"": 0.0, ""detail"": ""retrieved 440 K (smouldering)""}]",3.0,C38
058aaaefd62d,18.69296,73.03981,2026-09-23,2029,N,N20,VIIRS,VIIRS_NOAA20_NRT,n,0.39,0.44,18.69,73.04,0.81,298.27,271.78,,,,,,171600.0,unknown,False,False,weak_11um,2.56,region,-2.4590808939250866,0.0,0.09615384615384616,3,3,1.0,0.6,1.0,0.0,0.6,1.0,False,False,False,3.0,5.0,0.744,0.358,0.34,0.506,,24,1,2,0,osm|wri|gem,osm|wri|gem,3,1.0,F01539,DOLVI ISPAT,steel,18.688115666666665,73.04468646111111,gem|osm|wri,3,operating,67.6,MW,Maharashtra,On a registered industrial site,False,,False,1.0,0.25,0.6,1.0,0.09615384615384616,0.5969,0.5969,0.24,0.9231,0.5388,0.5388,0.3721,Moderate,industrial_fire,Industrial fire,Moderate,"[{""key"": ""corroboration"", ""label"": ""Registry corroboration"", ""value"": 1.0, ""weight"": 0.3, ""contribution"": 0.3, ""detail"": ""3 of 3 registries place infrastructure within 3 km""}, {""key"": ""persistence"", ""label"": ""Repeat detections"", ""value"": 0.6, ""weight"": 0.2, ""contribution"": 0.12, ""detail"": ""seen on 3 separate days""}, {""key"": ""nocturnal"", ""label"": ""Burns at night"", ""value"": 1.0, ""weight"": 0.1, ""contribution"": 0.1, ""detail"": ""100% of detections at night""}, {""key"": ""physics"", ""label"": ""Combustion temperature"", ""value"": 0.25, ""weight"": 0.25, ""contribution"": 0.0625, ""detail"": ""temperature retrieval unavailable""}, {""key"": ""intensity"", ""label"": ""Thermal intensity"", ""value"": 0.096, ""weight"": 0.15, ""contribution"": 0.0144, ""detail"": ""FRP 0.8 MW, 10th percentile""}]",3.0,C3
ac5a322cca9a,18.86057,72.92706,2026-09-23,2029,N,N20,VIIRS,VIIRS_NOAA20_NRT,n,0.4,0.44,18.86,72.93,2.01,310.13,285.32,,,,,,176000.0,unknown,False,False,weak_11um,3.3449999999999998,region,-0.6002967759341696,0.0,0.3958333333333333,3,3,0.6666666666666666,0.6,1.0,0.0,0.6,0.6666666666666666,False,False,False,3.0,5.0,0.597,0.508,0.87,5.151,,3,1,0,0,osm|wri|gem,osm|wri,2,0.6667,F01535,URAN ONGC,power_plant,18.86555255,72.929162525,osm|wri,2,operating,62.6,MW,,On a registered industrial site,False,,False,0.6667,0.25,0.6,0.6666666666666666,0.3958333333333333,0.5086,0.5086,0.6864,0.8341,0.6108,0.6108,0.4344,Moderate,industrial_fire,Industrial fire,Moderate,"[{""key"": ""corroboration"", ""label"": ""Registry corroboration"", ""value"": 0.667, ""weight"": 0.3, ""contribution"": 0.2, ""detail"": ""2 of 3 registries place infrastructure within 3 km""}, {""key"": ""persistence"", ""label"": ""Repeat detections"", ""value"": 0.6, ""weight"": 0.2, ""contribution"": 0.12, ""detail"": ""seen on 3 separate days""}, {""key"": ""nocturnal"", ""label"": ""Burns at night"", ""value"": 0.667, ""weight"": 0.1, ""contribution"": 0.0667, ""detail"": ""67% of detections at night""}, {""key"": ""physics"", ""label"": ""Combustion temperature"", ""value"": 0.25, ""weight"": 0.25, ""contribution"": 0.0625, ""detail"": ""temperature retrieval unavailable""}, {""key"": ""intensity"", ""label"": ""Thermal intensity"", ""value"": 0.396, ""weight"": 0.15, ""contribution"": 0.0594, ""detail"": ""FRP 2.0 MW, 40th percentile""}]",3.0,C25
dcd810817c50,19.96283,79.33596,2026-09-23,801,D,N20,VIIRS,VIIRS_NOAA20_NRT,n,0.38,0.36,19.96,79.34,2.12,332.47,284.71,,,,,,136800.0,unknown,False,False,weak_11um,2.46,scene,-0.17373246835003203,0.0,0.4198717948717949,1,1,0.0,0.2,,0.0,0.2,0.0,False,False,False,1.0,5.0,7.045,215.665,6.814,6.814,,0,0,0,0,osm|wri|gem,,0,0.0,F02478,CHANDRAPUR_Coal,power_plant,20.007627272727277,79.2882909090909,gem|wri,2,operating,6265.0,MW,Maharashtra,Near industrial activity,False,,False,0.0,0.25,0.2,0.0,0.4198717948717949,0.1655,0.1655,0.0,0.3277,0.1402,0.1402,0.1451,Low,insufficient_evidence,Insufficient evidence,,"[{""key"": ""intensity"", ""label"": ""Thermal intensity"", ""value"": 0.42, ""weight"": 0.15, ""contribution"": 0.063, ""detail"": ""FRP 2.1 MW, 42th percentile""}, {""key"": ""physics"", ""label"": ""Combustion temperature"", ""value"": 0.25, ""weight"": 0.25, ""contribution"": 0.0625, ""detail"": ""temperature retrieval unavailable""}, {""key"": ""persistence"", ""label"": ""Repeat detections"", ""value"": 0.2, ""weight"": 0.2, ""contribution"": 0.04, ""detail"": ""seen on 1 separate days""}, {""key"": ""corroboration"", ""label"": ""Registry corroboration"", ""value"": 0.0, ""weight"": 0.3, ""contribution"": 0.0, ""detail"": ""0 of 3 registries place infrastructure within 3 km""}, {""key"": ""nocturnal"", ""label"": ""Burns at night"", ""value"": 0.0, ""weight"": 0.1, ""contribution"": 0.0, ""detail"": ""0% of detections at night""}]",3.0,
c310591ef370,20.90861,71.4605,2026-09-23,2114,N,N21,VIIRS,VIIRS_NOAA21_NRT,n,0.39,0.44,20.91,71.46,2.22,308.25,293.22,,,424.7,0.017584297566063476,3017.5,171600.0,smouldering,False,False,ok,1.175,cell,2.0900000000000003,0.6966666666666668,0.4439102564102564,4,4,1.0,0.8,1.0,0.3010088532370955,0.8,1.0,False,False,False,4.0,5.0,0.876,0.106,1.44,0.291,,4,1,3,0,osm|wri|gem,osm|wri|gem,3,0.8667,F00130,PIPAVAV CCCP,power_plant,20.902270383333335,71.46550115000001,gem|osm|wri,3,operating,1454.86,MW,Gujarat,On a registered industrial site,False,,False,0.8667,0.0,0.8,1.0,0.4439102564102564,0.5866,0.5866,0.7087,0.7484,0.6475,0.6475,0.6699,High,persistent_industrial_source,Persistent industrial source,Moderate,"[{""key"": ""corroboration"", ""label"": ""Registry corroboration"", ""value"": 0.867, ""weight"": 0.3, ""contribution"": 0.26, ""detail"": ""3 of 3 registries place infrastructure within 3 km""}, {""key"": ""persistence"", ""label"": ""Repeat detections"", ""value"": 0.8, ""weight"": 0.2, ""contribution"": 0.16, ""detail"": ""seen on 4 separate days""}, {""key"": ""nocturnal"", ""label"": ""Burns at night"", ""value"": 1.0, ""weight"": 0.1, ""contribution"": 0.1, ""detail"": ""100% of detections at night""}, {""key"": ""intensity"", ""label"": ""Thermal intensity"", ""value"": 0.444, ""weight"": 0.15, ""contribution"": 0.0666, ""detail"": ""FRP 2.2 MW, 44th percentile""}, {""key"": ""physics"", ""label"": ""Combustion temperature"", ""value"": 0.0, ""weight"": 0.25, ""contribution"": 0.0, ""detail"": ""retrieved 425 K (smouldering)""}]",3.0,C17
bee2801419a5,21.10316,72.63433,2026-09-23,758,D,N20,VIIRS,VIIRS_NOAA20_NRT,n,0.47,0.48,21.1,72.63,8.46,339.89,297.53,,,484.9,0.027603718958702655,6227.4,225600.0,smouldering,False,False,ok,5.2,cell,0.6744907594765952,0.22483025315886507,0.9246794871794872,5,5,0.6,1.0,1.0,0.44045296316707583,1.0,0.6,False,False,False,5.0,5.0,1.485,1.228,2.315,1.692,,6,1,7,0,osm|wri|gem,osm|wri|gem,3,0.6,F00081,Shell Energy India Private Limited,industrial_area,21.0972812,72.6214717,osm,1,unknown,,,,Within the site's immediate surroundings,False,,False,0.6,0.0,1.0,0.6,0.9246794871794872,0.5787,0.5787,1.0,0.6346,0.7135,0.7135,0.6698,High,persistent_industrial_source,Persistent industrial source,Moderate,"[{""key"": ""persistence"", ""label"": ""Repeat detections"", ""value"": 1.0, ""weight"": 0.2, ""contribution"": 0.2, ""detail"": ""seen on 5 separate days""}, {""key"": ""corroboration"", ""label"": ""Registry corroboration"", ""value"": 0.6, ""weight"": 0.3, ""contribution"": 0.18, ""detail"": ""3 of 3 registries place infrastructure within 3 km""}, {""key"": ""intensity"", ""label"": ""Thermal intensity"", ""value"": 0.925, ""weight"": 0.15, ""contribution"": 0.1387, ""detail"": ""FRP 8.5 MW, 92th percentile""}, {""key"": ""nocturnal"", ""label"": ""Burns at night"", ""value"": 0.6, ""weight"": 0.1, ""contribution"": 0.06, ""detail"": ""60% of detections at night""}, {""key"": ""physics"", ""label"": ""Combustion temperature"", ""value"": 0.0, ""weight"": 0.25, ""contribution"": 0.0, ""detail"": ""retrieved 485 K (smouldering)""}]",3.0,C1
b7d6bc87d838,21.10402,72.63878,2026-09-23,758,D,N20,VIIRS,VIIRS_NOAA20_NRT,n,0.47,0.48,21.1,72.64,11.77,341.32,296.57,,,503.7,0.021730560216079987,4902.4,225600.0,biomass_like,False,False,ok,11.77,cell,0.0,0.0,0.967948717948718,5,5,0.0,1.0,1.0,0.32450306033456144,1.0,0.0,False,False,False,5.0,5.0,1.168,0.828,1.853,1.283,,6,1,7,0,osm|wri|gem,osm|wri|gem,3,0.7333,F00071,ArcelorMittal Nippon Steel Hazira Plant,steel,21.11174835,72.64641135000001,gem|osm,2,operating,9600.0,ttpa,Gujarat,Within the site's immediate surroundings,False,,False,0.7333,0.0,1.0,0.0,0.967948717948718,0.5652,0.5652,0.3152,0.7131,0.5124,0.5124,0.5274,Moderate,industrial_fire,Industrial fire,Moderate,"[{""key"": ""corroboration"", ""label"": ""Registry corroboration"", ""value"": 0.733, ""weight"": 0.3, ""contribution"": 0.22, ""detail"": ""3 of 3 registries place infrastructure within 3 km""}, {""key"": ""persistence"", ""label"": ""Repeat detections"", ""value"": 1.0, ""weight"": 0.2, ""contribution"": 0.2, ""detail"": ""seen on 5 separate days""}, {""key"": ""intensity"", ""label"": ""Thermal intensity"", ""value"": 0.968, ""weight"": 0.15, ""contribution"": 0.1452, ""detail"": ""FRP 11.8 MW, 97th percentile""}, {""key"": ""physics"", ""label"": ""Combustion temperature"", ""value"": 0.0, ""weight"": 0.25, ""contribution"": 0.0, ""detail"": ""retrieved 504 K (biomass like)""}, {""key"": ""nocturnal"", ""label"": ""Burns at night"", ""value"": 0.0, ""weight"": 0.1, ""contribution"": 0.0, ""detail"": ""0% of detections at night""}]",3.0,C1
6e7eddb57b24,21.10433,72.64516,2026-09-23,2114,N,N21,VIIRS,VIIRS_NOAA21_NRT,n,0.46,0.47,21.1,72.65,13.4,349.35,297.07,,,558.3,0.014462743258530728,3126.8,216200.0,biomass_like,False,False,ok,7.03,cell,2.4411966692419966,0.8137322230806655,0.9743589743589743,5,5,0.6,1.0,1.0,0.3655656018722616,1.0,0.6,False,False,False,5.0,5.0,0.835,0.633,1.262,0.922,,6,1,7,0,osm|wri|gem,osm|wri|gem,3,0.8667,F00071,ArcelorMittal Nippon Steel Hazira Plant,steel,21.11174835,72.64641135000001,gem|osm,2,operating,9600.0,ttpa,Gujarat,On a registered industrial site,False,,False,0.8667,0.0,1.0,0.6,0.9743589743589743,0.6662,0.6662,1.0,0.8117,0.7882,0.7882,0.8556,Critical,persistent_industrial_source,Persistent industrial source,Moderate,"[{""key"": ""corroboration"", ""label"": ""Registry corroboration"", ""value"": 0.867, ""weight"": 0.3, ""contribution"": 0.26, ""detail"": ""3 of 3 registries place infrastructure within 3 km""}, {""key"": ""persistence"", ""label"": ""Repeat detections"", ""value"": 1.0, ""weight"": 0.2, ""contribution"": 0.2, ""detail"": ""seen on 5 separate days""}, {""key"": ""intensity"", ""label"": ""Thermal intensity"", ""value"": 0.974, ""weight"": 0.15, ""contribution"": 0.1462, ""detail"": ""FRP 13.4 MW, 97th percentile""}, {""key"": ""nocturnal"", ""label"": ""Burns at night"", ""value"": 0.6, ""weight"": 0.1, ""contribution"": 0.06, ""detail"": ""60% of detections at night""}, {""key"": ""physics"", ""label"": ""Combustion temperature"", ""value"": 0.0, ""weight"": 0.25, ""contribution"": 0.0, ""detail"": ""retrieved 558 K (biomass like)""}]",3.0,C1
4a29df5b0bbf,21.10516,72.63345,2026-09-23,2029,N,N20,VIIRS,VIIRS_NOAA20_NRT,n,0.44,0.46,21.11,72.63,2.72,339.39,296.5,,,521.5,0.016258250203772254,3290.7,202400.0,biomass_like,False,False,ok,7.32,region,-1.463517685656763,0.0,0.5472756410256411,3,3,1.0,0.6,1.0,0.0,0.6,1.0,False,False,False,3.0,5.0,1.52,1.188,2.328,1.646,,6,1,7,0,osm|wri|gem,osm|wri|gem,3,0.6,F00081,Shell Energy India Private Limited,industrial_area,21.0972812,72.6214717,osm,1,unknown,,,,Within the site's immediate surroundings,False,,False,0.6,0.0,0.6,1.0,0.5472756410256411,0.4821,0.4821,0.3307,0.8341,0.4895,0.4895,0.395,Moderate,industrial_fire,Industrial fire,Moderate,"[{""key"": ""corroboration"", ""label"": ""Registry corroboration"", ""value"": 0.6, ""weight"": 0.3, ""contribution"": 0.18, ""detail"": ""3 of 3 registries place infrastructure within 3 km""}, {""key"": ""persistence"", ""label"": ""Repeat detections"", ""value"": 0.6, ""weight"": 0.2, ""contribution"": 0.12, ""detail"": ""seen on 3 separate days""}, {""key"": ""nocturnal"", ""label"": ""Burns at night"", ""value"": 1.0, ""weight"": 0.1, ""contribution"": 0.1, ""detail"": ""100% of detections at night""}, {""key"": ""intensity"", ""label"": ""Thermal intensity"", ""value"": 0.547, ""weight"": 0.15, ""contribution"": 0.0821, ""detail"": ""FRP 2.7 MW, 55th percentile""}, {""key"": ""physics"", ""label"": ""Combustion temperature"", ""value"": 0.0, ""weight"": 0.25, ""contribution"": 0.0, ""detail"": ""retrieved 522 K (biomass like)""}]",3.0,C1
90e1479c5c5e,21.10767,72.64611,2026-09-23,922,D,N,VIIRS,VIIRS_SNPP_NRT,h,0.53,0.67,21.11,72.65,12.9,367.0,292.69,,,772.8,0.003708339436478151,1316.8,355100.0,biomass_like,True,True,saturated_lower_bound,11.32,cell,0.6744907594765952,0.22483025315886507,0.9727564102564102,5,5,0.2,1.0,1.0,0.3415053040623589,1.0,0.2,False,False,False,5.0,5.0,0.455,0.347,0.994,0.538,,6,1,7,0,osm|wri|gem,osm|wri|gem,3,1.0,F00071,ArcelorMittal Nippon Steel Hazira Plant,steel,21.11174835,72.64641135000001,gem|osm,2,operating,9600.0,ttpa,Gujarat,On a registered industrial site,False,,False,1.0,0.0,1.0,0.2,0.9727564102564102,0.6659,0.6659,1.0,0.9439,0.8078,0.8078,0.717,High,persistent_industrial_source,Persistent industrial source,Moderate,"[{""key"": ""corroboration"", ""label"": ""Registry corroboration"", ""value"": 1.0, ""weight"": 0.3, ""contribution"": 0.3, ""detail"": ""3 of 3 registries place infrastructure within 3 km""}, {""key"": ""persistence"", ""label"": ""Repeat detections"", ""value"": 1.0, ""weight"": 0.2, ""contribution"": 0.2, ""detail"": ""seen on 5 separate days""}, {""key"": ""intensity"", ""label"": ""Thermal intensity"", ""value"": 0.973, ""weight"": 0.15, ""contribution"": 0.1459, ""detail"": ""FRP 12.9 MW, 97th percentile""}, {""key"": ""nocturnal"", ""label"": ""Burns at night"", ""value"": 0.2, ""weight"": 0.1, ""contribution"": 0.02, ""detail"": ""20% of detections at night""}, {""key"": ""physics"", ""label"": ""Combustion temperature"", ""value"": 0.0, ""weight"": 0.25, ""contribution"": 0.0, ""detail"": ""retrieved 773 K (biomass like)""}]",3.0,C1
273cbe0c4d01,21.1084,72.64253,2026-09-23,2029,N,N20,VIIRS,VIIRS_NOAA20_NRT,n,0.44,0.46,21.11,72.64,7.86,339.67,296.11,,,530.3,0.014532866306855637,2941.5,202400.0,biomass_like,False,False,ok,7.15,cell,0.362794272142714,0.12093142404757133,0.9094551282051282,4,4,0.75,0.8,1.0,0.5725017151435423,0.8,0.75,False,False,False,4.0,5.0,0.548,0.205,1.325,0.664,,6,1,7,0,osm|wri|gem,osm|wri|gem,3,0.8667,F00071,ArcelorMittal Nippon Steel Hazira Plant,steel,21.11174835,72.64641135000001,gem|osm,2,operating,9600.0,ttpa,Gujarat,On a registered industrial site,False,,False,0.8667,0.0,0.8,0.75,0.9094551282051282,0.6314,0.6314,0.9996,0.6891,0.7505,0.7505,0.6189,High,persistent_industrial_source,Persistent industrial source,Moderate,"[{""key"": ""corroboration"", ""label"": ""Registry corroboration"", ""value"": 0.867, ""weight"": 0.3, ""contribution"": 0.26, ""detail"": ""3 of 3 registries place infrastructure within 3 km""}, {""key"": ""persistence"", ""label"": ""Repeat detections"", ""value"": 0.8, ""weight"": 0.2, ""contribution"": 0.16, ""detail"": ""seen on 4 separate days""}, {""key"": ""intensity"", ""label"": ""Thermal intensity"", ""value"": 0.909, ""weight"": 0.15, ""contribution"": 0.1364, ""detail"": ""FRP 7.9 MW, 91th percentile""}, {""key"": ""nocturnal"", ""label"": ""Burns at night"", ""value"": 0.75, ""weight"": 0.1, ""contribution"": 0.075, ""detail"": ""75% of detections at night""}, {""key"": ""physics"", ""label"": ""Combustion temperature"", ""value"": 0.0, ""weight"": 0.25, ""contribution"": 0.0, ""detail"": ""retrieved 530 K (biomass like)""}]",3.0,C1
b18348cc6522,21.6728,84.04043,2026-09-23,739,D,N,VIIRS,VIIRS_SNPP_NRT,n,0.4,0.37,21.67,84.04,3.89,329.34,291.65,,,595.6,0.0038660076962855547,572.2,148000.0,biomass_like,False,False,ok,2.46,scene,0.7306983227663115,0.2435661075887705,0.6907051282051282,1,1,0.0,0.2,,0.0,0.2,0.0,False,False,False,1.0,5.0,0.521,0.392,12.554,0.851,,9,0,7,0,osm|wri|gem,osm|gem,2,0.6667,F01732,Rengali Bhushan power station,steel,21.677260407692305,84.04198009999998,gem|osm,2,operating,360.0,MW,Odisha,On a registered industrial site,False,,False,0.6667,0.0,0.2,0.0,0.6907051282051282,0.3436,0.3436,0.2,0.8734,0.38,0.38,0.341,Low,insufficient_evidence,Insufficient evidence,,"[{""key"": ""corroboration"", ""label"": ""Registry corroboration"", ""value"": 0.667, ""weight"": 0.3, ""contribution"": 0.2, ""detail"": ""2 of 3 registries place infrastructure within 3 km""}, {""key"": ""intensity"", ""label"": ""Thermal intensity"", ""value"": 0.691, ""weight"": 0.15, ""contribution"": 0.1036, ""detail"": ""FRP 3.9 MW, 69th percentile""}, {""key"": ""persistence"", ""label"": ""Repeat detections"", ""value"": 0.2, ""weight"": 0.2, ""contribution"": 0.04, ""detail"": ""seen on 1 separate days""}, {""key"": ""physics"", ""label"": ""Combustion temperature"", ""value"": 0.0, ""weight"": 0.25, ""contribution"": 0.0, ""detail"": ""retrieved 596 K (biomass like)""}, {""key"": ""nocturnal"", ""label"": ""Burns at night"", ""value"": 0.0, ""weight"": 0.1, ""contribution"": 0.0, ""detail"": ""0% of detections at night""}]",3.0,C71
2dca078612c7,21.67955,84.03915,2026-09-23,739,D,N,VIIRS,VIIRS_SNPP_NRT,n,0.4,0.37,21.68,84.04,4.78,334.13,294.64,,,515.1,0.013365277356382129,1978.1,148000.0,biomass_like,False,False,ok,2.46,scene,1.185468607564925,0.3951562025216417,0.7660256410256411,1,1,0.0,0.2,,0.0,0.2,0.0,False,False,False,1.0,5.0,0.388,0.513,12.544,0.198,,9,0,7,0,osm|wri|gem,osm|gem,2,0.6667,F01732,Rengali Bhushan power station,steel,21.677260407692305,84.04198009999998,gem|osm,2,operating,360.0,MW,Odisha,On a registered industrial site,False,,False,0.6667,0.0,0.2,0.0,0.7660256410256411,0.3549,0.3549,0.2357,0.8598,0.3949,0.3949,0.3931,Moderate,insufficient_evidence,Insufficient evidence,,"[{""key"": ""corroboration"", ""label"": ""Registry corroboration"", ""value"": 0.667, ""weight"": 0.3, ""contribution"": 0.2, ""detail"": ""2 of 3 registries place infrastructure within 3 km""}, {""key"": ""intensity"", ""label"": ""Thermal intensity"", ""value"": 0.766, ""weight"": 0.15, ""contribution"": 0.1149, ""detail"": ""FRP 4.8 MW, 77th percentile""}, {""key"": ""persistence"", ""label"": ""Repeat detections"", ""value"": 0.2, ""weight"": 0.2, ""contribution"": 0.04, ""detail"": ""seen on 1 separate days""}, {""key"": ""physics"", ""label"": ""Combustion temperature"", ""value"": 0.0, ""weight"": 0.25, ""contribution"": 0.0, ""detail"": ""retrieved 515 K (biomass like)""}, {""key"": ""nocturnal"", ""label"": ""Burns at night"", ""value"": 0.0, ""weight"": 0.1, ""contribution"": 0.0, ""detail"": ""0% of detections at night""}]",3.0,C71
c1d81a055790,21.74591,83.84197,2026-09-23,758,D,N20,VIIRS,VIIRS_NOAA20_NRT,n,0.54,0.42,21.75,83.84,7.04,337.45,290.95,,,735.6,0.001634328525225552,370.7,226800.0,biomass_like,False,False,ok,2.46,scene,2.34027854424455,0.7800928480815167,0.8814102564102564,2,2,0.0,0.4,,0.0,0.4,0.0,False,True,False,2.0,5.0,6.498,17.983,6.789,6.415,,0,0,0,0,osm|wri|gem,,0,0.0,F02660,I.B.VALLEY,power_plant,21.689954485714285,83.86009962857143,gem|wri,2,operating,3480.0,MW,Odisha,Near industrial activity,False,,False,0.0,0.0,0.4,0.0,0.8814102564102564,0.2122,0.2122,0.0562,0.8798,0.2655,0.2655,0.4826,Moderate,insufficient_evidence,Insufficient evidence,,"[{""key"": ""intensity"", ""label"": ""Thermal intensity"", ""value"": 0.881, ""weight"": 0.15, ""contribution"": 0.1322, ""detail"": ""FRP 7.0 MW, 88th percentile""}, {""key"": ""persistence"", ""label"": ""Repeat detections"", ""value"": 0.4, ""weight"": 0.2, ""contribution"": 0.08, ""detail"": ""seen on 2 separate days""}, {""key"": ""corroboration"", ""label"": ""Registry corroboration"", ""value"": 0.0, ""weight"": 0.3, ""contribution"": 0.0, ""detail"": ""0 of 3 registries place infrastructure within 3 km""}, {""key"": ""physics"", ""label"": ""Combustion temperature"", ""value"": 0.0, ""weight"": 0.25, ""contribution"": 0.0, ""detail"": ""retrieved 736 K (biomass like)""}, {""key"": ""nocturnal"", ""label"": ""Burns at night"", ""value"": 0.0, ""weight"": 0.1, ""contribution"": 0.0, ""detail"": ""0% of detections at night""}]",3.0,C29
a761d3c1a413,21.7543,83.84614,2026-09-23,758,D,N20,VIIRS,VIIRS_NOAA20_NRT,n,0.54,0.42,21.75,83.85,3.22,329.5,289.79,,,,,,226800.0,unknown,False,False,weak_11um,2.46,scene,0.3883431645471307,0.12944772151571024,0.6081730769230769,1,1,0.0,0.2,,0.0,0.2,0.0,False,False,False,1.0,5.0,7.299,17.175,7.597,7.214,,0,0,0,0,osm|wri|gem,,0,0.0,F02660,I.B.VALLEY,power_plant,21.689954485714285,83.86009962857143,gem|wri,2,operating,3480.0,MW,Odisha,Near industrial activity,False,,False,0.0,0.25,0.2,0.0,0.6081730769230769,0.1937,0.1937,0.0,0.2252,0.1403,0.1403,0.1963,Low,insufficient_evidence,Insufficient evidence,,"[{""key"": ""intensity"", ""label"": ""Thermal intensity"", ""value"": 0.608, ""weight"": 0.15, ""contribution"": 0.0912, ""detail"": ""FRP 3.2 MW, 61th percentile""}, {""key"": ""physics"", ""label"": ""Combustion temperature"", ""value"": 0.25, ""weight"": 0.25, ""contribution"": 0.0625, ""detail"": ""temperature retrieval unavailable""}, {""key"": ""persistence"", ""label"": ""Repeat detections"", ""value"": 0.2, ""weight"": 0.2, ""contribution"": 0.04, ""detail"": ""seen on 1 separate days""}, {""key"": ""corroboration"", ""label"": ""Registry corroboration"", ""value"": 0.0, ""weight"": 0.3, ""contribution"": 0.0, ""detail"": ""0 of 3 registries place infrastructure within 3 km""}, {""key"": ""nocturnal"", ""label"": ""Burns at night"", ""value"": 0.0, ""weight"": 0.1, ""contribution"": 0.0, ""detail"": ""0% of detections at night""}]",3.0,C29
9a0067564b08,21.76,84.02171,2026-09-23,758,D,N20,VIIRS,VIIRS_NOAA20_NRT,n,0.55,0.43,21.76,84.02,11.6,338.19,292.74,,,599.4,0.005562678472509975,1315.6,236500.0,biomass_like,False,False,ok,2.46,scene,4.670337531527334,1.0,0.9647435897435898,1,1,0.0,0.2,,0.0,0.2,0.0,False,False,False,1.0,5.0,0.357,0.265,6.349,0.452,,6,0,3,0,osm|wri|gem,osm|gem,2,0.6667,F01660,JSW BPSL Odisha steel plant,steel,21.76318735,84.02215685,gem|osm,2,operating,2750.0,ttpa,Odisha,On a registered industrial site,False,,False,0.6667,0.0,0.2,0.0,0.9647435897435898,0.3847,0.3847,0.244,0.9415,0.426,0.426,0.5782,High,industrial_fire,Industrial fire,Low,"[{""key"": ""corroboration"", ""label"": ""Registry corroboration"", ""value"": 0.667, ""weight"": 0.3, ""contribution"": 0.2, ""detail"": ""2 of 3 registries place infrastructure within 3 km""}, {""key"": ""intensity"", ""label"": ""Thermal intensity"", ""value"": 0.965, ""weight"": 0.15, ""contribution"": 0.1447, ""detail"": ""FRP 11.6 MW, 96th percentile""}, {""key"": ""persistence"", ""label"": ""Repeat detections"", ""value"": 0.2, ""weight"": 0.2, ""contribution"": 0.04, ""detail"": ""seen on 1 separate days""}, {""key"": ""physics"", ""label"": ""Combustion temperature"", ""value"": 0.0, ""weight"": 0.25, ""contribution"": 0.0, ""detail"": ""retrieved 599 K (biomass like)""}, {""key"": ""nocturnal"", ""label"": ""Burns at night"", ""value"": 0.0, ""weight"": 0.1, ""contribution"": 0.0, ""detail"": ""0% of detections at night""}]",3.0,C72
de63181d45cd,21.76612,84.02019,2026-09-23,1932,N,N21,VIIRS,VIIRS_NOAA21_NRT,n,0.54,0.51,21.77,84.02,4.09,305.06,282.18,,,,,,275400.0,unknown,False,False,weak_11um,2.46,scene,0.8328938923839774,0.2776312974613258,0.7091346153846154,1,1,1.0,0.2,,0.0,0.2,1.0,False,False,False,1.0,5.0,0.384,0.447,5.76,0.338,,6,0,3,0,osm|wri|gem,osm|gem,2,0.6667,F01660,JSW BPSL Odisha steel plant,steel,21.76318735,84.02215685,gem|osm,2,operating,2750.0,ttpa,Odisha,On a registered industrial site,False,,False,0.6667,0.25,0.2,1.0,0.7091346153846154,0.5089,0.5089,0.764,0.7556,0.6224,0.6224,0.4604,Moderate,industrial_fire,Industrial fire,Moderate,"[{""key"": ""corroboration"", ""label"": ""Registry corroboration"", ""value"": 0.667, ""weight"": 0.3, ""contribution"": 0.2, ""detail"": ""2 of 3 registries place infrastructure within 3 km""}, {""key"": ""intensity"", ""label"": ""Thermal intensity"", ""value"": 0.709, ""weight"": 0.15, ""contribution"": 0.1064, ""detail"": ""FRP 4.1 MW, 71th percentile""}, {""key"": ""nocturnal"", ""label"": ""Burns at night"", ""value"": 1.0, ""weight"": 0.1, ""contribution"": 0.1, ""detail"": ""100% of detections at night""}, {""key"": ""physics"", ""label"": ""Combustion temperature"", ""value"": 0.25, ""weight"": 0.25, ""contribution"": 0.0625, ""detail"": ""temperature retrieval unavailable""}, {""key"": ""persistence"", ""label"": ""Repeat detections"", ""value"": 0.2, ""weight"": 0.2, ""contribution"": 0.04, ""detail"": ""seen on 1 separate days""}]",3.0,C72
bac571c66096,21.87668,83.49562,2026-09-23,2010,N,N,VIIRS,VIIRS_SNPP_NRT,n,0.41,0.37,21.88,83.5,0.46,297.98,273.76,,,476.7,0.005543057263762885,840.9,151700.0,smouldering,False,False,ok,2.46,scene,-1.0219556961766594,0.0,0.016826923076923076,1,1,1.0,0.2,,0.0,0.2,1.0,False,False,False,1.0,5.0,0.463,0.136,13.883,0.569,,4,0,1,0,osm|wri|gem,osm|gem,2,0.6667,F01868,Raigarh Ind Power power station,power_plant,21.87806557333333,83.49138551,gem|osm,2,operating,1385.0,MW,Chhattisgarh,On a registered industrial site,False,,False,0.6667,0.0,0.2,1.0,0.016826923076923076,0.3425,0.3425,0.2374,0.7284,0.3689,0.3689,0.2077,Low,insufficient_evidence,Insufficient evidence,,"[{""key"": ""corroboration"", ""label"": ""Registry corroboration"", ""value"": 0.667, ""weight"": 0.3, ""contribution"": 0.2, ""detail"": ""2 of 3 registries place infrastructure within 3 km""}, {""key"": ""nocturnal"", ""label"": ""Burns at night"", ""value"": 1.0, ""weight"": 0.1, ""contribution"": 0.1, ""detail"": ""100% of detections at night""}, {""key"": ""persistence"", ""label"": ""Repeat detections"", ""value"": 0.2, ""weight"": 0.2, ""contribution"": 0.04, ""detail"": ""seen on 1 separate days""}, {""key"": ""intensity"", ""label"": ""Thermal intensity"", ""value"": 0.017, ""weight"": 0.15, ""contribution"": 0.0025, ""detail"": ""FRP 0.5 MW, 2th percentile""}, {""key"": ""physics"", ""label"": ""Combustion temperature"", ""value"": 0.0, ""weight"": 0.25, ""contribution"": 0.0, ""detail"": ""retrieved 477 K (smouldering)""}]",3.0,
f7efc0dfe681,21.89955,76.94043,2026-09-23,402,D,Terra,MODIS,MODIS_NRT,54,1.6,1.25,21.9,76.94,7.57,,,309.01,292.11,,,,2000000.0,unknown,False,False,weak_11um,2.46,scene,2.611096803731365,0.8703656012437883,0.8982371794871795,1,1,0.0,0.2,,0.0,0.2,0.0,False,False,False,1.0,5.0,21.655,359.046,47.522,21.655,,0,0,0,0,osm|wri|gem,,0,0.0,F03615,Khandwa power station (Dwarkesh Energy),power_plant,22.008889,76.766667,gem,1,cancelled,1320.0,MW,Madhya Pradesh,No registered industrial site nearby,False,,False,0.0,0.25,0.2,0.0,0.8982371794871795,0.2372,0.2372,0.0091,0.3942,0.1923,0.1923,0.434,Moderate,insufficient_evidence,Insufficient evidence,,"[{""key"": ""intensity"", ""label"": ""Thermal intensity"", ""value"": 0.898, ""weight"": 0.15, ""contribution"": 0.1347, ""detail"": ""FRP 7.6 MW, 90th percentile""}, {""key"": ""physics"", ""label"": ""Combustion temperature"", ""value"": 0.25, ""weight"": 0.25, ""contribution"": 0.0625, ""detail"": ""temperature retrieval unavailable""}, {""key"": ""persistence"", ""label"": ""Repeat detections"", ""value"": 0.2, ""weight"": 0.2, ""contribution"": 0.04, ""detail"": ""seen on 1 separate days""}, {""key"": ""corroboration"", ""label"": ""Registry corroboration"", ""value"": 0.0, ""weight"": 0.3, ""contribution"": 0.0, ""detail"": ""0 of 3 registries place infrastructure within 3 km""}, {""key"": ""nocturnal"", ""label"": ""Burns at night"", ""value"": 0.0, ""weight"": 0.1, ""contribution"": 0.0, ""detail"": ""0% of detections at night""}]",3.0,
f89333b6f5ef,21.92245,83.35098,2026-09-23,2010,N,N,VIIRS,VIIRS_SNPP_NRT,n,0.42,0.38,21.92,83.35,3.7,330.61,280.36,,,488.3,0.0214177445305482,3418.3,159600.0,smouldering,False,False,ok,2.46,scene,0.6336125316295289,0.21120417720984297,0.6666666666666666,1,1,1.0,0.2,,0.0,0.2,1.0,False,False,False,1.0,5.0,0.464,0.65,7.451,0.393,,6,0,6,0,osm|wri|gem,osm|gem,2,0.6667,F01779,JSPL Chhattisgarh steel plant,steel,21.9251178,83.34752205,gem|osm,2,operating,8100.0,ttpa,Chhattisgarh,On a registered industrial site,False,,False,0.6667,0.0,0.2,1.0,0.6666666666666666,0.44,0.44,0.6233,0.774,0.5451,0.5451,0.4048,Moderate,industrial_fire,Industrial fire,Moderate,"[{""key"": ""corroboration"", ""label"": ""Registry corroboration"", ""value"": 0.667, ""weight"": 0.3, ""contribution"": 0.2, ""detail"": ""2 of 3 registries place infrastructure within 3 km""}, {""key"": ""nocturnal"", ""label"": ""Burns at night"", ""value"": 1.0, ""weight"": 0.1, ""contribution"": 0.1, ""detail"": ""100% of detections at night""}, {""key"": ""intensity"", ""label"": ""Thermal intensity"", ""value"": 0.667, ""weight"": 0.15, ""contribution"": 0.1, ""detail"": ""FRP 3.7 MW, 67th percentile""}, {""key"": ""persistence"", ""label"": ""Repeat detections"", ""value"": 0.2, ""weight"": 0.2, ""contribution"": 0.04, ""detail"": ""seen on 1 separate days""}, {""key"": ""physics"", ""label"": ""Combustion temperature"", ""value"": 0.0, ""weight"": 0.25, ""contribution"": 0.0, ""detail"": ""retrieved 488 K (smouldering)""}]",3.0,
9a347e24b0c4,21.96508,83.77345,2026-09-23,2010,N,N,VIIRS,VIIRS_SNPP_NRT,n,0.41,0.37,21.97,83.77,0.89,304.67,283.88,,,506.0,0.004064503440336727,616.6,151700.0,biomass_like,False,False,ok,2.46,scene,-0.8022352214986775,0.0,0.12259615384615384,1,1,1.0,0.2,,0.0,0.2,1.0,False,False,False,1.0,5.0,12.213,27.912,32.165,12.213,,0,0,0,0,osm|wri|gem,,0,0.0,F03522,Darlipali power station,power_plant,21.963554,83.89187,gem,1,operating,4800.0,MW,Odisha,No registered industrial site nearby,False,,False,0.0,0.0,0.2,1.0,0.12259615384615384,0.1584,0.1584,0.3323,0.4046,0.2475,0.2475,0.1636,Low,insufficient_evidence,Insufficient evidence,,"[{""key"": ""nocturnal"", ""label"": ""Burns at night"", ""value"": 1.0, ""weight"": 0.1, ""contribution"": 0.1, ""detail"": ""100% of detections at night""}, {""key"": ""persistence"", ""label"": ""Repeat detections"", ""value"": 0.2, ""weight"": 0.2, ""contribution"": 0.04, ""detail"": ""seen on 1 separate days""}, {""key"": ""intensity"", ""label"": ""Thermal intensity"", ""value"": 0.123, ""weight"": 0.15, ""contribution"": 0.0184, ""detail"": ""FRP 0.9 MW, 12th percentile""}, {""key"": ""corroboration"", ""label"": ""Registry corroboration"", ""value"": 0.0, ""weight"": 0.3, ""contribution"": 0.0, ""detail"": ""0 of 3 registries place infrastructure within 3 km""}, {""key"": ""physics"", ""label"": ""Combustion temperature"", ""value"": 0.0, ""weight"": 0.25, ""contribution"": 0.0, ""detail"": ""retrieved 506 K (biomass like)""}]",3.0,
13ad944b12c5,21.98416,83.23089,2026-09-23,2010,N,N,VIIRS,VIIRS_SNPP_NRT,n,0.42,0.38,21.98,83.23,1.42,306.52,283.37,,,,,,159600.0,unknown,False,False,no_bracket,2.46,scene,-0.531416962011863,0.0,0.24919871794871795,1,1,1.0,0.2,,0.0,0.2,1.0,False,False,False,1.0,5.0,0.308,0.282,0.233,0.405,,4,1,5,0,osm|wri|gem,osm|wri|gem,3,1.0,F01787,RAIGARH TPP,steel,21.98576668,83.23331844000002,gem|osm|wri,3,operating,1261.5,MW,Chhattisgarh,On a registered industrial site,False,,False,1.0,0.25,0.2,1.0,0.24919871794871795,0.5399,0.5399,0.5723,0.8189,0.5915,0.5915,0.3311,Low,industrial_fire,Industrial fire,Moderate,"[{""key"": ""corroboration"", ""label"": ""Registry corroboration"", ""value"": 1.0, ""weight"": 0.3, ""contribution"": 0.3, ""detail"": ""3 of 3 registries place infrastructure within 3 km""}, {""key"": ""nocturnal"", ""label"": ""Burns at night"", ""value"": 1.0, ""weight"": 0.1, ""contribution"": 0.1, ""detail"": ""100% of detections at night""}, {""key"": ""physics"", ""label"": ""Combustion temperature"", ""value"": 0.25, ""weight"": 0.25, ""contribution"": 0.0625, ""detail"": ""temperature retrieval unavailable""}, {""key"": ""persistence"", ""label"": ""Repeat detections"", ""value"": 0.2, ""weight"": 0.2, ""contribution"": 0.04, ""detail"": ""seen on 1 separate days""}, {""key"": ""intensity"", ""label"": ""Thermal intensity"", ""value"": 0.249, ""weight"": 0.15, ""contribution"": 0.0374, ""detail"": ""FRP 1.4 MW, 25th percentile""}]",3.0,C52
a27a100bb43d,22.01605,83.75665,2026-09-23,2010,N,N,VIIRS,VIIRS_SNPP_NRT,n,0.41,0.37,22.02,83.76,0.7,304.13,284.08,,,489.8,0.005040425181708025,764.6,151700.0,smouldering,False,False,ok,2.46,scene,-0.8993210126354603,0.0,0.058493589743589744,1,1,1.0,0.2,,0.0,0.2,1.0,False,False,False,1.0,5.0,15.115,30.928,32.783,15.115,,0,0,0,0,osm|wri|gem,,0,0.0,F03522,Darlipali power station,power_plant,21.963554,83.89187,gem,1,operating,4800.0,MW,Odisha,No registered industrial site nearby,False,,False,0.0,0.0,0.2,1.0,0.058493589743589744,0.1488,0.1488,0.3573,0.399,0.2489,0.2489,0.1579,Low,insufficient_evidence,Insufficient evidence,,"[{""key"": ""nocturnal"", ""label"": ""Burns at night"", ""value"": 1.0, ""weight"": 0.1, ""contribution"": 0.1, ""detail"": ""100% of detections at night""}, {""key"": ""persistence"", ""label"": ""Repeat detections"", ""value"": 0.2, ""weight"": 0.2, ""contribution"": 0.04, ""detail"": ""seen on 1 separate days""}, {""key"": ""intensity"", ""label"": ""Thermal intensity"", ""value"": 0.058, ""weight"": 0.15, ""contribution"": 0.0088, ""detail"": ""FRP 0.7 MW, 6th percentile""}, {""key"": ""corroboration"", ""label"": ""Registry corroboration"", ""value"": 0.0, ""weight"": 0.3, ""contribution"": 0.0, ""detail"": ""0 of 3 registries place infrastructure within 3 km""}, {""key"": ""physics"", ""label"": ""Combustion temperature"", ""value"": 0.0, ""weight"": 0.25, ""contribution"": 0.0, ""detail"": ""retrieved 490 K (smouldering)""}]",3.0,C73
89c0caf13921,22.01663,83.75273,2026-09-23,2010,N,N,VIIRS,VIIRS_SNPP_NRT,n,0.41,0.37,22.02,83.75,0.7,307.91,283.73,,,542.0,0.003014775527944154,457.3,151700.0,biomass_like,False,False,ok,2.46,scene,-0.8993210126354603,0.0,0.058493589743589744,1,1,1.0,0.2,,0.0,0.2,1.0,False,False,False,1.0,5.0,15.513,30.611,32.377,15.513,,0,0,0,0,osm|wri|gem,,0,0.0,F03522,Darlipali power station,power_plant,21.963554,83.89187,gem,1,operating,4800.0,MW,Odisha,No registered industrial site nearby,False,,False,0.0,0.0,0.2,1.0,0.058493589743589744,0.1488,0.1488,0.2807,0.7212,0.2742,0.2742,0.1692,Low,insufficient_evidence,Insufficient evidence,,"[{""key"": ""nocturnal"", ""label"": ""Burns at night"", ""value"": 1.0, ""weight"": 0.1, ""contribution"": 0.1, ""detail"": ""100% of detections at night""}, {""key"": ""persistence"", ""label"": ""Repeat detections"", ""value"": 0.2, ""weight"": 0.2, ""contribution"": 0.04, ""detail"": ""seen on 1 separate days""}, {""key"": ""intensity"", ""label"": ""Thermal intensity"", ""value"": 0.058, ""weight"": 0.15, ""contribution"": 0.0088, ""detail"": ""FRP 0.7 MW, 6th percentile""}, {""key"": ""corroboration"", ""label"": ""Registry corroboration"", ""value"": 0.0, ""weight"": 0.3, ""contribution"": 0.0, ""detail"": ""0 of 3 registries place infrastructure within 3 km""}, {""key"": ""physics"", ""label"": ""Combustion temperature"", ""value"": 0.0, ""weight"": 0.25, ""contribution"": 0.0, ""detail"": ""retrieved 542 K (biomass like)""}]",3.0,C73
b1e27ced29db,22.03116,83.36672,2026-09-23,1932,N,N21,VIIRS,VIIRS_NOAA21_NRT,n,0.6,0.53,22.03,83.37,1.45,295.29,271.59,,,,,,318000.0,unknown,False,False,weak_11um,2.46,scene,-0.516087626569213,0.0,0.2564102564102564,1,1,1.0,0.2,,0.0,0.2,1.0,False,False,False,1.0,5.0,1.744,1.744,11.505,11.51,,2,0,0,0,osm|wri|gem,osm,1,0.2,F01890,,industrial_area,22.021415,83.3799755,osm,1,unknown,,,,Within the site's immediate surroundings,False,,False,0.2,0.25,0.2,1.0,0.2564102564102564,0.301,0.301,0.5057,0.2588,0.3561,0.3561,0.2259,Low,insufficient_evidence,Insufficient evidence,,"[{""key"": ""nocturnal"", ""label"": ""Burns at night"", ""value"": 1.0, ""weight"": 0.1, ""contribution"": 0.1, ""detail"": ""100% of detections at night""}, {""key"": ""physics"", ""label"": ""Combustion temperature"", ""value"": 0.25, ""weight"": 0.25, ""contribution"": 0.0625, ""detail"": ""temperature retrieval unavailable""}, {""key"": ""corroboration"", ""label"": ""Registry corroboration"", ""value"": 0.2, ""weight"": 0.3, ""contribution"": 0.06, ""detail"": ""1 of 3 registries place infrastructure within 3 km""}, {""key"": ""persistence"", ""label"": ""Repeat detections"", ""value"": 0.2, ""weight"": 0.2, ""contribution"": 0.04, ""detail"": ""seen on 1 separate days""}, {""key"": ""intensity"", ""label"": ""Thermal intensity"", ""value"": 0.256, ""weight"": 0.15, ""contribution"": 0.0385, ""detail"": ""FRP 1.4 MW, 26th percentile""}]",3.0,
edf73d28745a,22.03982,76.99017,2026-09-23,402,D,Terra,MODIS,MODIS_NRT,55,1.6,1.25,22.04,76.99,7.83,,,309.33,292.93,,,,2000000.0,unknown,False,False,weak_11um,2.46,scene,2.7439510442343304,0.9146503480781102,0.907051282051282,1,1,0.0,0.2,,0.0,0.2,0.0,False,False,False,1.0,5.0,23.294,363.42,47.672,23.294,,0,0,0,0,osm|wri|gem,,0,0.0,F03615,Khandwa power station (Dwarkesh Energy),power_plant,22.008889,76.766667,gem,1,cancelled,1320.0,MW,Madhya Pradesh,No registered industrial site nearby,False,,False,0.0,0.25,0.2,0.0,0.907051282051282,0.2386,0.2386,0.0091,0.4559,0.2023,0.2023,0.4504,Moderate,insufficient_evidence,Insufficient evidence,,"[{""key"": ""intensity"", ""label"": ""Thermal intensity"", ""value"": 0.907, ""weight"": 0.15, ""contribution"": 0.1361, ""detail"": ""FRP 7.8 MW, 91th percentile""}, {""key"": ""physics"", ""label"": ""Combustion temperature"", ""value"": 0.25, ""weight"": 0.25, ""contribution"": 0.0625, ""detail"": ""temperature retrieval unavailable""}, {""key"": ""persistence"", ""label"": ""Repeat detections"", ""value"": 0.2, ""weight"": 0.2, ""contribution"": 0.04, ""detail"": ""seen on 1 separate days""}, {""key"": ""corroboration"", ""label"": ""Registry corroboration"", ""value"": 0.0, ""weight"": 0.3, ""contribution"": 0.0, ""detail"": ""0 of 3 registries place infrastructure within 3 km""}, {""key"": ""nocturnal"", ""label"": ""Burns at night"", ""value"": 0.0, ""weight"": 0.1, ""contribution"": 0.0, ""detail"": ""0% of detections at night""}]",3.0,
21f8db841ab1,22.04193,83.73155,2026-09-23,758,D,N20,VIIRS,VIIRS_NOAA20_NRT,n,0.53,0.42,22.04,83.73,7.42,332.56,287.68,,,,,,222600.0,unknown,False,False,weak_11um,2.46,scene,2.534450126518115,0.8448167088393718,0.8942307692307693,2,2,0.0,0.4,,0.0,0.4,0.0,False,True,False,2.0,5.0,18.685,29.817,29.561,18.685,,0,0,0,0,osm|wri|gem,,0,0.0,F03522,Darlipali power station,power_plant,21.963554,83.89187,gem,1,operating,4800.0,MW,Odisha,No registered industrial site nearby,False,,False,0.0,0.25,0.4,0.0,0.8942307692307693,0.2766,0.2766,0.0553,0.9191,0.3066,0.3066,0.5186,Moderate,insufficient_evidence,Insufficient evidence,,"[{""key"": ""intensity"", ""label"": ""Thermal intensity"", ""value"": 0.894, ""weight"": 0.15, ""contribution"": 0.1341, ""detail"": ""FRP 7.4 MW, 89th percentile""}, {""key"": ""persistence"", ""label"": ""Repeat detections"", ""value"": 0.4, ""weight"": 0.2, ""contribution"": 0.08, ""detail"": ""seen on 2 separate days""}, {""key"": ""physics"", ""label"": ""Combustion temperature"", ""value"": 0.25, ""weight"": 0.25, ""contribution"": 0.0625, ""detail"": ""temperature retrieval unavailable""}, {""key"": ""corroboration"", ""label"": ""Registry corroboration"", ""value"": 0.0, ""weight"": 0.3, ""contribution"": 0.0, ""detail"": ""0 of 3 registries place infrastructure within 3 km""}, {""key"": ""nocturnal"", ""label"": ""Burns at night"", ""value"": 0.0, ""weight"": 0.1, ""contribution"": 0.0, ""detail"": ""0% of detections at night""}]",3.0,C53
5479c52b2146,22.06565,83.70436,2026-09-23,2010,N,N,VIIRS,VIIRS_SNPP_NRT,n,0.41,0.37,22.07,83.7,1.05,305.23,275.49,,,,,,151700.0,unknown,False,False,weak_11um,2.46,scene,-0.7204787658045448,0.0,0.15705128205128205,1,1,1.0,0.2,,0.0,0.2,1.0,False,False,False,1.0,5.0,18.685,26.541,26.333,18.685,,0,0,0,0,osm|wri|gem,,0,0.0,F03534,Dongamahua Captive Power Plant,power_plant,22.1279449,83.53591919999998,gem,1,operating,840.0,MW,Chhattisgarh,No registered industrial site nearby,False,,False,0.0,0.25,0.2,1.0,0.15705128205128205,0.2261,0.2261,0.2983,0.2027,0.2442,0.2442,0.1656,Low,insufficient_evidence,Insufficient evidence,,"[{""key"": ""nocturnal"", ""label"": ""Burns at night"", ""value"": 1.0, ""weight"": 0.1, ""contribution"": 0.1, ""detail"": ""100% of detections at night""}, {""key"": ""physics"", ""label"": ""Combustion temperature"", ""value"": 0.25, ""weight"": 0.25, ""contribution"": 0.0625, ""detail"": ""temperature retrieval unavailable""}, {""key"": ""persistence"", ""label"": ""Repeat detections"", ""value"": 0.2, ""weight"": 0.2, ""contribution"": 0.04, ""detail"": ""seen on 1 separate days""}, {""key"": ""intensity"", ""label"": ""Thermal intensity"", ""value"": 0.157, ""weight"": 0.15, ""contribution"": 0.0236, ""detail"": ""FRP 1.1 MW, 16th percentile""}, {""key"": ""corroboration"", ""label"": ""Registry corroboration"", ""value"": 0.0, ""weight"": 0.3, ""contribution"": 0.0, ""detail"": ""0 of 3 registries place infrastructure within 3 km""}]",3.0,
0f690476e086,22.26427,75.13342,2026-09-23,2010,N,N,VIIRS,VIIRS_SNPP_NRT,n,0.41,0.61,22.26,75.13,0.98,303.88,288.89,,,425.7,0.014330391047438574,3584.0,250100.0,smouldering,False,False,ok,0.8300000000000001,region,0.2999999999999998,0.09999999999999994,0.13862179487179488,1,1,1.0,0.2,,0.0,0.2,1.0,False,False,False,1.0,5.0,36.33,171.383,36.33,77.233,,0,0,0,0,osm|wri|gem,,0,0.0,F02725,KASRAWAD FACTORY,power_plant,22.1335,75.4568,wri,1,operating,10.0,MW,,No registered industrial site nearby,False,,False,0.0,0.0,0.2,1.0,0.13862179487179488,0.1608,0.1608,0.239,0.6474,0.2572,0.2572,0.1946,Low,insufficient_evidence,Insufficient evidence,,"[{""key"": ""nocturnal"", ""label"": ""Burns at night"", ""value"": 1.0, ""weight"": 0.1, ""contribution"": 0.1, ""detail"": ""100% of detections at night""}, {""key"": ""persistence"", ""label"": ""Repeat detections"", ""value"": 0.2, ""weight"": 0.2, ""contribution"": 0.04, ""detail"": ""seen on 1 separate days""}, {""key"": ""intensity"", ""label"": ""Thermal intensity"", ""value"": 0.139, ""weight"": 0.15, ""contribution"": 0.0208, ""detail"": ""FRP 1.0 MW, 14th percentile""}, {""key"": ""corroboration"", ""label"": ""Registry corroboration"", ""value"": 0.0, ""weight"": 0.3, ""contribution"": 0.0, ""detail"": ""0 of 3 registries place infrastructure within 3 km""}, {""key"": ""physics"", ""label"": ""Combustion temperature"", ""value"": 0.0, ""weight"": 0.25, ""contribution"": 0.0, ""detail"": ""retrieved 426 K (smouldering)""}]",3.0,C26
e09803bf76cd,22.26721,75.13126,2026-09-23,2010,N,N,VIIRS,VIIRS_SNPP_NRT,n,0.41,0.61,22.27,75.13,0.68,306.53,291.19,,,,,,250100.0,unknown,False,False,no_bracket,0.8300000000000001,region,-0.30000000000000004,0.0,0.04887820512820513,2,2,1.0,0.4,,0.0,0.4,1.0,False,False,False,2.0,5.0,36.665,171.1,36.665,77.54,,0,0,0,0,osm|wri|gem,,0,0.0,F02725,KASRAWAD FACTORY,power_plant,22.1335,75.4568,wri,1,operating,10.0,MW,,No registered industrial site nearby,False,,False,0.0,0.25,0.4,1.0,0.04887820512820513,0.2498,0.2498,0.1325,0.8381,0.3029,0.3029,0.2212,Low,insufficient_evidence,Insufficient evidence,,"[{""key"": ""nocturnal"", ""label"": ""Burns at night"", ""value"": 1.0, ""weight"": 0.1, ""contribution"": 0.1, ""detail"": ""100% of detections at night""}, {""key"": ""persistence"", ""label"": ""Repeat detections"", ""value"": 0.4, ""weight"": 0.2, ""contribution"": 0.08, ""detail"": ""seen on 2 separate days""}, {""key"": ""physics"", ""label"": ""Combustion temperature"", ""value"": 0.25, ""weight"": 0.25, ""contribution"": 0.0625, ""detail"": ""temperature retrieval unavailable""}, {""key"": ""intensity"", ""label"": ""Thermal intensity"", ""value"": 0.049, ""weight"": 0.15, ""contribution"": 0.0073, ""detail"": ""FRP 0.7 MW, 5th percentile""}, {""key"": ""corroboration"", ""label"": ""Registry corroboration"", ""value"": 0.0, ""weight"": 0.3, ""contribution"": 0.0, ""detail"": ""0 of 3 registries place infrastructure within 3 km""}]",3.0,C26
98f7beb11eed,22.31483,69.8546,2026-09-23,2027,N,N20,VIIRS,VIIRS_NOAA20_NRT,n,0.34,0.56,22.31,69.85,0.33,304.84,294.71,,,,,,190400.0,unknown,False,False,weak_11um,1.625,region,-1.1724369577479072,0.0,0.004807692307692308,1,1,1.0,0.2,,0.0,0.2,1.0,False,False,False,1.0,5.0,1.455,1.566,11.859,12.071,,3,0,0,0,osm|wri|gem,osm,1,0.2,F00156,,power_plant,22.3260172,69.86194155,osm,1,unknown,,,,Within the site's immediate surroundings,False,,False,0.2,0.25,0.2,1.0,0.004807692307692308,0.2632,0.2632,0.1233,0.2893,0.2251,0.2251,0.1418,Low,insufficient_evidence,Insufficient evidence,,"[{""key"": ""nocturnal"", ""label"": ""Burns at night"", ""value"": 1.0, ""weight"": 0.1, ""contribution"": 0.1, ""detail"": ""100% of detections at night""}, {""key"": ""physics"", ""label"": ""Combustion temperature"", ""value"": 0.25, ""weight"": 0.25, ""contribution"": 0.0625, ""detail"": ""temperature retrieval unavailable""}, {""key"": ""corroboration"", ""label"": ""Registry corroboration"", ""value"": 0.2, ""weight"": 0.3, ""contribution"": 0.06, ""detail"": ""1 of 3 registries place infrastructure within 3 km""}, {""key"": ""persistence"", ""label"": ""Repeat detections"", ""value"": 0.2, ""weight"": 0.2, ""contribution"": 0.04, ""detail"": ""seen on 1 separate days""}, {""key"": ""intensity"", ""label"": ""Thermal intensity"", ""value"": 0.005, ""weight"": 0.15, ""contribution"": 0.0007, ""detail"": ""FRP 0.3 MW, 0th percentile""}]",3.0,C6
61f2cf5435fb,22.36418,73.11755,2026-09-23,2114,N,N21,VIIRS,VIIRS_NOAA21_NRT,n,0.47,0.48,22.36,73.12,8.91,344.55,296.51,,,776.5,0.0016786210402946703,378.7,225600.0,biomass_like,False,False,ok,2.46,scene,3.2958071201697265,1.0,0.9342948717948718,1,1,1.0,0.2,,0.0,0.2,1.0,False,False,False,1.0,5.0,1.267,1.267,2.08,2.261,,5,1,2,0,osm|wri|gem,osm|wri|gem,3,0.6,F00696,,power_plant,22.3621316,73.129667,osm,1,unknown,,,,Within the site's immediate surroundings,False,,False,0.6,0.0,0.2,1.0,0.9342948717948718,0.4601,0.4601,0.3323,0.9655,0.4976,0.4976,0.6073,High,industrial_fire,Industrial fire,Moderate,"[{""key"": ""corroboration"", ""label"": ""Registry corroboration"", ""value"": 0.6, ""weight"": 0.3, ""contribution"": 0.18, ""detail"": ""3 of 3 registries place infrastructure within 3 km""}, {""key"": ""intensity"", ""label"": ""Thermal intensity"", ""value"": 0.934, ""weight"": 0.15, ""contribution"": 0.1401, ""detail"": ""FRP 8.9 MW, 93th percentile""}, {""key"": ""nocturnal"", ""label"": ""Burns at night"", ""value"": 1.0, ""weight"": 0.1, ""contribution"": 0.1, ""detail"": ""100% of detections at night""}, {""key"": ""persistence"", ""label"": ""Repeat detections"", ""value"": 0.2, ""weight"": 0.2, ""contribution"": 0.04, ""detail"": ""seen on 1 separate days""}, {""key"": ""physics"", ""label"": ""Combustion temperature"", ""value"": 0.0, ""weight"": 0.25, ""contribution"": 0.0, ""detail"": ""retrieved 776 K (biomass like)""}]",3.0,C39
e728c5f217b6,22.36667,73.11252,2026-09-23,2027,N,N20,VIIRS,VIIRS_NOAA20_NRT,n,0.43,0.46,22.37,73.11,2.22,312.7,297.21,,,462.2,0.009587693790387201,1896.4,197800.0,smouldering,False,False,ok,2.46,scene,-0.12263468354119901,0.0,0.4439102564102564,1,1,1.0,0.2,,0.0,0.2,1.0,False,False,False,1.0,5.0,1.424,1.312,1.506,1.68,,5,1,2,0,osm|wri|gem,osm|wri|gem,3,0.6,F00048,Gujarat Refinery,refinery,22.37799265,73.119,osm,1,unknown,,,,Within the site's immediate surroundings,False,,False,0.6,0.0,0.2,1.0,0.4439102564102564,0.3866,0.3866,0.264,0.6394,0.3877,0.3877,0.2589,Low,insufficient_evidence,Insufficient evidence,,"[{""key"": ""corroboration"", ""label"": ""Registry corroboration"", ""value"": 0.6, ""weight"": 0.3, ""contribution"": 0.18, ""detail"": ""3 of 3 registries place infrastructure within 3 km""}, {""key"": ""nocturnal"", ""label"": ""Burns at night"", ""value"": 1.0, ""weight"": 0.1, ""contribution"": 0.1, ""detail"": ""100% of detections at night""}, {""key"": ""intensity"", ""label"": ""Thermal intensity"", ""value"": 0.444, ""weight"": 0.15, ""contribution"": 0.0666, ""detail"": ""FRP 2.2 MW, 44th percentile""}, {""key"": ""persistence"", ""label"": ""Repeat detections"", ""value"": 0.2, ""weight"": 0.2, ""contribution"": 0.04, ""detail"": ""seen on 1 separate days""}, {""key"": ""physics"", ""label"": ""Combustion temperature"", ""value"": 0.0, ""weight"": 0.25, ""contribution"": 0.0, ""detail"": ""retrieved 462 K (smouldering)""}]",3.0,C39
46c8cc7e4ed8,22.36764,73.12083,2026-09-23,2150,N,N,VIIRS,VIIRS_SNPP_NRT,n,0.55,0.68,22.37,73.12,2.3,317.95,292.8,,,,,,374000.0,unknown,False,False,weak_11um,2.46,scene,-0.08175645569413283,0.0,0.46314102564102566,1,1,1.0,0.2,,0.0,0.2,1.0,False,False,False,1.0,5.0,1.096,1.017,2.166,2.373,,8,1,2,0,osm|wri|gem,osm|wri|gem,3,0.6,F00696,,power_plant,22.3621316,73.129667,osm,1,unknown,,,,Within the site's immediate surroundings,False,,False,0.6,0.25,0.2,1.0,0.46314102564102566,0.452,0.452,0.264,0.5457,0.4097,0.4097,0.2707,Low,insufficient_evidence,Insufficient evidence,,"[{""key"": ""corroboration"", ""label"": ""Registry corroboration"", ""value"": 0.6, ""weight"": 0.3, ""contribution"": 0.18, ""detail"": ""3 of 3 registries place infrastructure within 3 km""}, {""key"": ""nocturnal"", ""label"": ""Burns at night"", ""value"": 1.0, ""weight"": 0.1, ""contribution"": 0.1, ""detail"": ""100% of detections at night""}, {""key"": ""intensity"", ""label"": ""Thermal intensity"", ""value"": 0.463, ""weight"": 0.15, ""contribution"": 0.0695, ""detail"": ""FRP 2.3 MW, 46th percentile""}, {""key"": ""physics"", ""label"": ""Combustion temperature"", ""value"": 0.25, ""weight"": 0.25, ""contribution"": 0.0625, ""detail"": ""temperature retrieval unavailable""}, {""key"": ""persistence"", ""label"": ""Repeat detections"", ""value"": 0.2, ""weight"": 0.2, ""contribution"": 0.04, ""detail"": ""seen on 1 separate days""}]",3.0,C39
eaaef7663429,22.417,69.04057,2026-09-23,845,D,N21,VIIRS,VIIRS_NOAA21_NRT,n,0.43,0.38,22.42,69.04,3.86,338.06,307.13,,,,,,163400.0,unknown,False,False,weak_11um,3.335,cell,0.35234591912956464,0.11744863970985488,0.6834935897435898,4,4,0.5,0.8,1.0,0.44270454101690915,0.8,0.5,False,False,False,4.0,5.0,5.048,58.62,5.048,6.137,,0,0,0,0,osm|wri|gem,,0,0.0,F02958,Mithapur Solar Power Plant,power_plant,22.4077,68.9925,wri,1,operating,17.0,MW,,Near industrial activity,False,,False,0.0,0.25,0.8,0.5,0.6834935897435898,0.375,0.375,0.911,0.5353,0.5598,0.5598,0.5096,Moderate,industrial_fire,Industrial fire,Low,"[{""key"": ""persistence"", ""label"": ""Repeat detections"", ""value"": 0.8, ""weight"": 0.2, ""contribution"": 0.16, ""detail"": ""seen on 4 separate days""}, {""key"": ""intensity"", ""label"": ""Thermal intensity"", ""value"": 0.683, ""weight"": 0.15, ""contribution"": 0.1025, ""detail"": ""FRP 3.9 MW, 68th percentile""}, {""key"": ""physics"", ""label"": ""Combustion temperature"", ""value"": 0.25, ""weight"": 0.25, ""contribution"": 0.0625, ""detail"": ""temperature retrieval unavailable""}, {""key"": ""nocturnal"", ""label"": ""Burns at night"", ""value"": 0.5, ""weight"": 0.1, ""contribution"": 0.05, ""detail"": ""50% of detections at night""}, {""key"": ""corroboration"", ""label"": ""Registry corroboration"", ""value"": 0.0, ""weight"": 0.3, ""contribution"": 0.0, ""detail"": ""0 of 3 registries place infrastructure within 3 km""}]",3.0,C10
d9c14b3f630c,22.5447,75.89993,2026-09-23,758,D,N20,VIIRS,VIIRS_NOAA20_NRT,n,0.45,0.39,22.54,75.9,2.94,333.42,302.96,,,,,,175500.0,unknown,False,False,weak_11um,2.46,scene,0.24526936708239824,0.08175645569413274,0.5801282051282052,1,1,0.0,0.2,,0.0,0.2,0.0,False,False,False,1.0,5.0,43.11,246.618,43.11,53.55,,0,0,0,0,osm|wri|gem,,0,0.0,F03020,Nagda Hills Wind Energy project,power_plant,22.8985,76.0718,wri,1,operating,6.25,MW,,No registered industrial site nearby,False,,False,0.0,0.25,0.2,0.0,0.5801282051282052,0.1895,0.1895,0.0,0.0785,0.116,0.116,0.1707,Low,insufficient_evidence,Insufficient evidence,,"[{""key"": ""intensity"", ""label"": ""Thermal intensity"", ""value"": 0.58, ""weight"": 0.15, ""contribution"": 0.087, ""detail"": ""FRP 2.9 MW, 58th percentile""}, {""key"": ""physics"", ""label"": ""Combustion temperature"", ""value"": 0.25, ""weight"": 0.25, ""contribution"": 0.0625, ""detail"": ""temperature retrieval unavailable""}, {""key"": ""persistence"", ""label"": ""Repeat detections"", ""value"": 0.2, ""weight"": 0.2, ""contribution"": 0.04, ""detail"": ""seen on 1 separate days""}, {""key"": ""corroboration"", ""label"": ""Registry corroboration"", ""value"": 0.0, ""weight"": 0.3, ""contribution"": 0.0, ""detail"": ""0 of 3 registries place infrastructure within 3 km""}, {""key"": ""nocturnal"", ""label"": ""Burns at night"", ""value"": 0.0, ""weight"": 0.1, ""contribution"": 0.0, ""detail"": ""0% of detections at night""}]",3.0,
2613117d1476,22.61763,75.45729,2026-09-23,843,D,N21,VIIRS,VIIRS_NOAA21_NRT,n,0.34,0.56,22.62,75.46,2.67,335.56,299.64,,,,,,190400.0,unknown,False,False,weak_11um,2.46,scene,0.10730534809854922,0.03576844936618307,0.5384615384615384,1,1,0.0,0.2,,0.0,0.2,0.0,False,False,False,1.0,5.0,53.833,201.182,53.833,73.629,,0,0,0,0,osm|wri|gem,,0,0.0,F02725,KASRAWAD FACTORY,power_plant,22.1335,75.4568,wri,1,operating,10.0,MW,,No registered industrial site nearby,False,,False,0.0,0.25,0.2,0.0,0.5384615384615384,0.1833,0.1833,0.0,0.2412,0.137,0.137,0.1644,Low,insufficient_evidence,Insufficient evidence,,"[{""key"": ""intensity"", ""label"": ""Thermal intensity"", ""value"": 0.538, ""weight"": 0.15, ""contribution"": 0.0808, ""detail"": ""FRP 2.7 MW, 54th percentile""}, {""key"": ""physics"", ""label"": ""Combustion temperature"", ""value"": 0.25, ""weight"": 0.25, ""contribution"": 0.0625, ""detail"": ""temperature retrieval unavailable""}, {""key"": ""persistence"", ""label"": ""Repeat detections"", ""value"": 0.2, ""weight"": 0.2, ""contribution"": 0.04, ""detail"": ""seen on 1 separate days""}, {""key"": ""corroboration"", ""label"": ""Registry corroboration"", ""value"": 0.0, ""weight"": 0.3, ""contribution"": 0.0, ""detail"": ""0 of 3 registries place infrastructure within 3 km""}, {""key"": ""nocturnal"", ""label"": ""Burns at night"", ""value"": 0.0, ""weight"": 0.1, ""contribution"": 0.0, ""detail"": ""0% of detections at night""}]",3.0,
3d995067eae2,22.6736,75.88835,2026-09-23,758,D,N20,VIIRS,VIIRS_NOAA20_NRT,n,0.45,0.39,22.67,75.89,2.16,332.58,303.36,,,709.1,0.0012081655352316335,212.0,175500.0,biomass_like,False,False,ok,2.46,scene,-0.15329335442649883,0.0,0.4270833333333333,1,1,0.0,0.2,,0.0,0.2,0.0,False,False,False,1.0,5.0,31.29,245.594,31.29,67.758,,0,0,0,0,osm|wri|gem,,0,0.0,F03020,Nagda Hills Wind Energy project,power_plant,22.8985,76.0718,wri,1,operating,6.25,MW,,No registered industrial site nearby,False,,False,0.0,0.0,0.2,0.0,0.4270833333333333,0.1041,0.1041,0.0,0.5553,0.1406,0.1406,0.146,Low,insufficient_evidence,Insufficient evidence,,"[{""key"": ""intensity"", ""label"": ""Thermal intensity"", ""value"": 0.427, ""weight"": 0.15, ""contribution"": 0.0641, ""detail"": ""FRP 2.2 MW, 43th percentile""}, {""key"": ""persistence"", ""label"": ""Repeat detections"", ""value"": 0.2, ""weight"": 0.2, ""contribution"": 0.04, ""detail"": ""seen on 1 separate days""}, {""key"": ""corroboration"", ""label"": ""Registry corroboration"", ""value"": 0.0, ""weight"": 0.3, ""contribution"": 0.0, ""detail"": ""0 of 3 registries place infrastructure within 3 km""}, {""key"": ""physics"", ""label"": ""Combustion temperature"", ""value"": 0.0, ""weight"": 0.25, ""contribution"": 0.0, ""detail"": ""retrieved 709 K (biomass like)""}, {""key"": ""nocturnal"", ""label"": ""Burns at night"", ""value"": 0.0, ""weight"": 0.1, ""contribution"": 0.0, ""detail"": ""0% of detections at night""}]",3.0,
509d66280984,22.73318,75.29805,2026-09-23,758,D,N20,VIIRS,VIIRS_NOAA20_NRT,n,0.47,0.4,22.73,75.3,1.78,332.79,302.95,,,594.2,0.0036533385779997404,686.8,188000.0,biomass_like,False,False,ok,2.46,scene,-0.3474649367000642,0.0,0.358974358974359,1,1,0.0,0.2,,0.0,0.2,0.0,False,False,False,1.0,5.0,68.649,185.607,68.649,72.463,,0,0,0,0,osm|wri|gem,,0,0.0,F02725,KASRAWAD FACTORY,power_plant,22.1335,75.4568,wri,1,operating,10.0,MW,,No registered industrial site nearby,False,,False,0.0,0.0,0.2,0.0,0.358974358974359,0.0938,0.0938,0.02,0.4407,0.1237,0.1237,0.1316,Low,insufficient_evidence,Insufficient evidence,,"[{""key"": ""intensity"", ""label"": ""Thermal intensity"", ""value"": 0.359, ""weight"": 0.15, ""contribution"": 0.0538, ""detail"": ""FRP 1.8 MW, 36th percentile""}, {""key"": ""persistence"", ""label"": ""Repeat detections"", ""value"": 0.2, ""weight"": 0.2, ""contribution"": 0.04, ""detail"": ""seen on 1 separate days""}, {""key"": ""corroboration"", ""label"": ""Registry corroboration"", ""value"": 0.0, ""weight"": 0.3, ""contribution"": 0.0, ""detail"": ""0 of 3 registries place infrastructure within 3 km""}, {""key"": ""physics"", ""label"": ""Combustion temperature"", ""value"": 0.0, ""weight"": 0.25, ""contribution"": 0.0, ""detail"": ""retrieved 594 K (biomass like)""}, {""key"": ""nocturnal"", ""label"": ""Burns at night"", ""value"": 0.0, ""weight"": 0.1, ""contribution"": 0.0, ""detail"": ""0% of detections at night""}]",3.0,
43dea756c6c8,22.87031,75.41198,2026-09-23,758,D,N20,VIIRS,VIIRS_NOAA20_NRT,n,0.47,0.39,22.87,75.41,2.34,336.57,305.75,,,504.2,0.014432381307803588,2645.5,183300.0,biomass_like,False,False,ok,2.46,scene,-0.061317341770599616,0.0,0.47115384615384615,1,1,0.0,0.2,,0.0,0.2,0.0,False,False,False,1.0,5.0,64.115,199.161,64.115,84.737,,0,0,0,0,osm|wri|gem,,0,0.0,F02990,NAGDA GRASIM,power_plant,23.4469,75.408,wri,1,operating,45.5,MW,,No registered industrial site nearby,False,,False,0.0,0.0,0.2,0.0,0.47115384615384615,0.1107,0.1107,0.0091,0.3766,0.1201,0.1201,0.1412,Low,insufficient_evidence,Insufficient evidence,,"[{""key"": ""intensity"", ""label"": ""Thermal intensity"", ""value"": 0.471, ""weight"": 0.15, ""contribution"": 0.0707, ""detail"": ""FRP 2.3 MW, 47th percentile""}, {""key"": ""persistence"", ""label"": ""Repeat detections"", ""value"": 0.2, ""weight"": 0.2, ""contribution"": 0.04, ""detail"": ""seen on 1 separate days""}, {""key"": ""corroboration"", ""label"": ""Registry corroboration"", ""value"": 0.0, ""weight"": 0.3, ""contribution"": 0.0, ""detail"": ""0 of 3 registries place infrastructure within 3 km""}, {""key"": ""physics"", ""label"": ""Combustion temperature"", ""value"": 0.0, ""weight"": 0.25, ""contribution"": 0.0, ""detail"": ""retrieved 504 K (biomass like)""}, {""key"": ""nocturnal"", ""label"": ""Burns at night"", ""value"": 0.0, ""weight"": 0.1, ""contribution"": 0.0, ""detail"": ""0% of detections at night""}]",3.0,
1727d803d1e2,22.91474,69.46352,2026-09-23,1049,D,Aqua,MODIS,MODIS_NRT,58,1.0,1.0,22.91,69.46,7.09,,,318.9,304.64,433.9,0.01432439846373782,14324.4,1000000.0,smouldering,False,False,ok,2.46,scene,2.3658274366489667,0.7886091455496556,0.8854166666666666,1,1,0.0,0.2,,0.0,0.2,0.0,False,False,False,1.0,5.0,9.684,11.977,12.838,9.684,,0,0,0,0,osm|wri|gem,,0,0.0,F03656,Mota Layja power station,power_plant,22.86,69.39,gem,1,cancelled,3960.0,MW,Gujarat,Near industrial activity,False,,False,0.0,0.0,0.2,0.0,0.8854166666666666,0.1728,0.1728,0.1202,0.6146,0.2233,0.2233,0.4262,Moderate,insufficient_evidence,Insufficient evidence,,"[{""key"": ""intensity"", ""label"": ""Thermal intensity"", ""value"": 0.885, ""weight"": 0.15, ""contribution"": 0.1328, ""detail"": ""FRP 7.1 MW, 89th percentile""}, {""key"": ""persistence"", ""label"": ""Repeat detections"", ""value"": 0.2, ""weight"": 0.2, ""contribution"": 0.04, ""detail"": ""seen on 1 separate days""}, {""key"": ""corroboration"", ""label"": ""Registry corroboration"", ""value"": 0.0, ""weight"": 0.3, ""contribution"": 0.0, ""detail"": ""0 of 3 registries place infrastructure within 3 km""}, {""key"": ""physics"", ""label"": ""Combustion temperature"", ""value"": 0.0, ""weight"": 0.25, ""contribution"": 0.0, ""detail"": ""retrieved 434 K (smouldering)""}, {""key"": ""nocturnal"", ""label"": ""Burns at night"", ""value"": 0.0, ""weight"": 0.1, ""contribution"": 0.0, ""detail"": ""0% of detections at night""}]",3.0,C74
fe8dd9878e7f,22.92669,69.82512,2026-09-23,2150,N,N,VIIRS,VIIRS_SNPP_NRT,n,0.34,0.56,22.93,69.83,0.8,308.41,297.32,,,,,,190400.0,unknown,False,False,weak_11um,2.46,scene,-0.8482232278266273,0.0,0.09134615384615384,1,1,1.0,0.2,,0.0,0.2,1.0,False,False,False,1.0,5.0,0.234,0.234,13.938,7.901,,1,0,0,0,osm|wri|gem,osm,1,0.3333,F00518,,industrial_area,22.9277353,69.8231363,osm,1,unknown,,,,On a registered industrial site,False,,False,0.3333,0.25,0.2,1.0,0.09134615384615384,0.3162,0.3162,0.3323,0.7204,0.3817,0.3817,0.2209,Low,insufficient_evidence,Insufficient evidence,,"[{""key"": ""corroboration"", ""label"": ""Registry corroboration"", ""value"": 0.333, ""weight"": 0.3, ""contribution"": 0.1, ""detail"": ""1 of 3 registries place infrastructure within 3 km""}, {""key"": ""nocturnal"", ""label"": ""Burns at night"", ""value"": 1.0, ""weight"": 0.1, ""contribution"": 0.1, ""detail"": ""100% of detections at night""}, {""key"": ""physics"", ""label"": ""Combustion temperature"", ""value"": 0.25, ""weight"": 0.25, ""contribution"": 0.0625, ""detail"": ""temperature retrieval unavailable""}, {""key"": ""persistence"", ""label"": ""Repeat detections"", ""value"": 0.2, ""weight"": 0.2, ""contribution"": 0.04, ""detail"": ""seen on 1 separate days""}, {""key"": ""intensity"", ""label"": ""Thermal intensity"", ""value"": 0.091, ""weight"": 0.15, ""contribution"": 0.0137, ""detail"": ""FRP 0.8 MW, 9th percentile""}]",3.0,
646f66b96221,22.93182,69.70041,2026-09-23,2114,N,N21,VIIRS,VIIRS_NOAA21_NRT,n,0.45,0.39,22.93,69.7,1.52,308.82,298.45,,,441.1,0.009187787287170315,1612.5,175500.0,smouldering,False,False,ok,1.9900000000000002,cell,-0.7459074281270582,0.0,0.27724358974358976,4,4,0.75,0.8,1.0,0.5603961384005163,0.8,0.75,False,False,False,4.0,5.0,0.223,0.223,4.683,18.956,,1,0,0,0,osm|wri|gem,osm,1,0.3333,F00687,,power_plant,22.9313765,69.7025362,osm,1,unknown,,,,On a registered industrial site,False,,False,0.3333,0.0,0.8,0.75,0.27724358974358976,0.3766,0.3766,0.5307,0.6106,0.4579,0.4579,0.3938,Moderate,industrial_fire,Industrial fire,Low,"[{""key"": ""persistence"", ""label"": ""Repeat detections"", ""value"": 0.8, ""weight"": 0.2, ""contribution"": 0.16, ""detail"": ""seen on 4 separate days""}, {""key"": ""corroboration"", ""label"": ""Registry corroboration"", ""value"": 0.333, ""weight"": 0.3, ""contribution"": 0.1, ""detail"": ""1 of 3 registries place infrastructure within 3 km""}, {""key"": ""nocturnal"", ""label"": ""Burns at night"", ""value"": 0.75, ""weight"": 0.1, ""contribution"": 0.075, ""detail"": ""75% of detections at night""}, {""key"": ""intensity"", ""label"": ""Thermal intensity"", ""value"": 0.277, ""weight"": 0.15, ""contribution"": 0.0416, ""detail"": ""FRP 1.5 MW, 28th percentile""}, {""key"": ""physics"", ""label"": ""Combustion temperature"", ""value"": 0.0, ""weight"": 0.25, ""contribution"": 0.0, ""detail"": ""retrieved 441 K (smouldering)""}]",3.0,C11
8f2cb0889331,22.93655,69.69582,2026-09-23,2027,N,N20,VIIRS,VIIRS_NOAA20_NRT,n,0.36,0.57,22.94,69.7,0.87,307.62,296.8,,,,,,205200.0,unknown,False,False,weak_11um,1.9900000000000002,region,-0.9502259756148259,0.0,0.11538461538461539,2,2,1.0,0.4,,0.0,0.4,1.0,False,False,False,3.0,5.0,0.897,0.897,5.177,18.94,,1,0,0,0,osm|wri|gem,osm,1,0.3333,F00687,,power_plant,22.9313765,69.7025362,osm,1,unknown,,,,On a registered industrial site,False,,False,0.3333,0.25,0.4,1.0,0.11538461538461539,0.3598,0.3598,0.1917,0.7396,0.3663,0.3663,0.2564,Low,insufficient_evidence,Insufficient evidence,,"[{""key"": ""corroboration"", ""label"": ""Registry corroboration"", ""value"": 0.333, ""weight"": 0.3, ""contribution"": 0.1, ""detail"": ""1 of 3 registries place infrastructure within 3 km""}, {""key"": ""nocturnal"", ""label"": ""Burns at night"", ""value"": 1.0, ""weight"": 0.1, ""contribution"": 0.1, ""detail"": ""100% of detections at night""}, {""key"": ""persistence"", ""label"": ""Repeat detections"", ""value"": 0.4, ""weight"": 0.2, ""contribution"": 0.08, ""detail"": ""seen on 2 separate days""}, {""key"": ""physics"", ""label"": ""Combustion temperature"", ""value"": 0.25, ""weight"": 0.25, ""contribution"": 0.0625, ""detail"": ""temperature retrieval unavailable""}, {""key"": ""intensity"", ""label"": ""Thermal intensity"", ""value"": 0.115, ""weight"": 0.15, ""contribution"": 0.0173, ""detail"": ""FRP 0.9 MW, 12th percentile""}]",3.0,C11
7e8300ad712c,22.96249,75.97882,2026-09-23,758,D,N20,VIIRS,VIIRS_NOAA20_NRT,n,0.44,0.38,22.96,75.98,1.64,332.73,303.76,,,643.3,0.0021292530195210135,356.0,167200.0,biomass_like,False,False,ok,2.46,scene,-0.4190018354324304,0.0,0.32051282051282054,1,1,0.0,0.2,,0.0,0.2,0.0,False,False,False,1.0,5.0,11.887,258.111,11.887,100.625,,0,0,0,0,osm|wri|gem,,0,0.0,F03020,Nagda Hills Wind Energy project,power_plant,22.8985,76.0718,wri,1,operating,6.25,MW,,No registered industrial site nearby,False,,False,0.0,0.0,0.2,0.0,0.32051282051282054,0.0881,0.0881,0.02,0.488,0.1277,0.1277,0.1295,Low,insufficient_evidence,Insufficient evidence,,"[{""key"": ""intensity"", ""label"": ""Thermal intensity"", ""value"": 0.321, ""weight"": 0.15, ""contribution"": 0.0481, ""detail"": ""FRP 1.6 MW, 32th percentile""}, {""key"": ""persistence"", ""label"": ""Repeat detections"", ""value"": 0.2, ""weight"": 0.2, ""contribution"": 0.04, ""detail"": ""seen on 1 separate days""}, {""key"": ""corroboration"", ""label"": ""Registry corroboration"", ""value"": 0.0, ""weight"": 0.3, ""contribution"": 0.0, ""detail"": ""0 of 3 registries place infrastructure within 3 km""}, {""key"": ""physics"", ""label"": ""Combustion temperature"", ""value"": 0.0, ""weight"": 0.25, ""contribution"": 0.0, ""detail"": ""retrieved 643 K (biomass like)""}, {""key"": ""nocturnal"", ""label"": ""Burns at night"", ""value"": 0.0, ""weight"": 0.1, ""contribution"": 0.0, ""detail"": ""0% of detections at night""}]",3.0,
e6eb37a8c95d,22.97701,75.7805,2026-09-23,845,D,N21,VIIRS,VIIRS_NOAA21_NRT,n,0.36,0.57,22.98,75.78,3.31,336.94,302.66,,,,,,205200.0,unknown,False,False,weak_11um,2.46,scene,0.4343311708750803,0.1447770569583601,0.6153846153846154,1,1,0.0,0.2,,0.0,0.2,0.0,False,False,False,1.0,5.0,31.081,238.393,31.081,101.657,,0,0,0,0,osm|wri|gem,,0,0.0,F03020,Nagda Hills Wind Energy project,power_plant,22.8985,76.0718,wri,1,operating,6.25,MW,,No registered industrial site nearby,False,,False,0.0,0.25,0.2,0.0,0.6153846153846154,0.1948,0.1948,0.0,0.0296,0.1116,0.1116,0.188,Low,insufficient_evidence,Insufficient evidence,,"[{""key"": ""intensity"", ""label"": ""Thermal intensity"", ""value"": 0.615, ""weight"": 0.15, ""contribution"": 0.0923, ""detail"": ""FRP 3.3 MW, 62th percentile""}, {""key"": ""physics"", ""label"": ""Combustion temperature"", ""value"": 0.25, ""weight"": 0.25, ""contribution"": 0.0625, ""detail"": ""temperature retrieval unavailable""}, {""key"": ""persistence"", ""label"": ""Repeat detections"", ""value"": 0.2, ""weight"": 0.2, ""contribution"": 0.04, ""detail"": ""seen on 1 separate days""}, {""key"": ""corroboration"", ""label"": ""Registry corroboration"", ""value"": 0.0, ""weight"": 0.3, ""contribution"": 0.0, ""detail"": ""0 of 3 registries place infrastructure within 3 km""}, {""key"": ""nocturnal"", ""label"": ""Burns at night"", ""value"": 0.0, ""weight"": 0.1, ""contribution"": 0.0, ""detail"": ""0% of detections at night""}]",3.0,C56
d341ac87b4b5,23.17384,69.86118,2026-09-23,402,D,Terra,MODIS,MODIS_NRT,60,1.16,1.07,23.17,69.86,7.9,,,315.81,302.18,,,,1241200.0,unknown,False,False,weak_11um,2.46,scene,2.779719493600514,0.9265731645335046,0.9134615384615384,1,1,0.0,0.2,,0.0,0.2,0.0,False,False,False,1.0,5.0,8.142,8.142,17.901,23.45,,0,0,0,0,osm|wri|gem,,0,0.0,F00433,,industrial_area,23.2470439,69.8627686,osm,1,unknown,,,,Near industrial activity,False,,False,0.0,0.25,0.2,0.0,0.9134615384615384,0.2395,0.2395,0.0091,0.5401,0.2155,0.2155,0.46,Moderate,insufficient_evidence,Insufficient evidence,,"[{""key"": ""intensity"", ""label"": ""Thermal intensity"", ""value"": 0.913, ""weight"": 0.15, ""contribution"": 0.137, ""detail"": ""FRP 7.9 MW, 91th percentile""}, {""key"": ""physics"", ""label"": ""Combustion temperature"", ""value"": 0.25, ""weight"": 0.25, ""contribution"": 0.0625, ""detail"": ""temperature retrieval unavailable""}, {""key"": ""persistence"", ""label"": ""Repeat detections"", ""value"": 0.2, ""weight"": 0.2, ""contribution"": 0.04, ""detail"": ""seen on 1 separate days""}, {""key"": ""corroboration"", ""label"": ""Registry corroboration"", ""value"": 0.0, ""weight"": 0.3, ""contribution"": 0.0, ""detail"": ""0 of 3 registries place infrastructure within 3 km""}, {""key"": ""nocturnal"", ""label"": ""Burns at night"", ""value"": 0.0, ""weight"": 0.1, ""contribution"": 0.0, ""detail"": ""0% of detections at night""}]",3.0,
c310a0e2e65e,23.25508,70.26201,2026-09-23,2114,N,N21,VIIRS,VIIRS_NOAA21_NRT,n,0.47,0.4,23.26,70.26,3.13,330.16,298.35,,,627.4,0.0028906978270460304,543.5,188000.0,biomass_like,False,False,ok,1.145,region,3.9699999999999998,1.0,0.5913461538461539,2,2,1.0,0.4,,0.0,0.4,1.0,False,False,False,3.0,5.0,2.575,0.861,16.642,8.835,,8,0,0,0,osm|wri|gem,osm,1,0.3333,F00807,,industrial_area,23.2376097,70.278554,osm,1,unknown,,,,Within the site's immediate surroundings,False,,False,0.3333,0.0,0.4,1.0,0.5913461538461539,0.3687,0.3687,0.3323,0.9255,0.4413,0.4413,0.5877,High,industrial_fire,Industrial fire,Low,"[{""key"": ""corroboration"", ""label"": ""Registry corroboration"", ""value"": 0.333, ""weight"": 0.3, ""contribution"": 0.1, ""detail"": ""1 of 3 registries place infrastructure within 3 km""}, {""key"": ""nocturnal"", ""label"": ""Burns at night"", ""value"": 1.0, ""weight"": 0.1, ""contribution"": 0.1, ""detail"": ""100% of detections at night""}, {""key"": ""intensity"", ""label"": ""Thermal intensity"", ""value"": 0.591, ""weight"": 0.15, ""contribution"": 0.0887, ""detail"": ""FRP 3.1 MW, 59th percentile""}, {""key"": ""persistence"", ""label"": ""Repeat detections"", ""value"": 0.4, ""weight"": 0.2, ""contribution"": 0.08, ""detail"": ""seen on 2 separate days""}, {""key"": ""physics"", ""label"": ""Combustion temperature"", ""value"": 0.0, ""weight"": 0.25, ""contribution"": 0.0, ""detail"": ""retrieved 627 K (biomass like)""}]",3.0,C27
33da1609f3da,23.28215,76.15114,2026-09-23,758,D,N20,VIIRS,VIIRS_NOAA20_NRT,n,0.43,0.38,23.28,76.15,1.53,334.62,304.87,,,567.2,0.00533370138545173,871.5,163400.0,biomass_like,False,False,ok,2.46,scene,-0.47520939872214657,0.0,0.28205128205128205,1,1,0.0,0.2,,0.0,0.2,0.0,False,False,False,1.0,5.0,19.735,283.094,19.735,137.217,,0,0,0,0,osm|wri|gem,,0,0.0,F02802,Kapeli,power_plant,23.457,76.118,wri,1,operating,10.2,MW,,No registered industrial site nearby,False,,False,0.0,0.0,0.2,0.0,0.28205128205128205,0.0823,0.0823,0.0377,0.27,0.0971,0.0971,0.1119,Low,insufficient_evidence,Insufficient evidence,,"[{""key"": ""intensity"", ""label"": ""Thermal intensity"", ""value"": 0.282, ""weight"": 0.15, ""contribution"": 0.0423, ""detail"": ""FRP 1.5 MW, 28th percentile""}, {""key"": ""persistence"", ""label"": ""Repeat detections"", ""value"": 0.2, ""weight"": 0.2, ""contribution"": 0.04, ""detail"": ""seen on 1 separate days""}, {""key"": ""corroboration"", ""label"": ""Registry corroboration"", ""value"": 0.0, ""weight"": 0.3, ""contribution"": 0.0, ""detail"": ""0 of 3 registries place infrastructure within 3 km""}, {""key"": ""physics"", ""label"": ""Combustion temperature"", ""value"": 0.0, ""weight"": 0.25, ""contribution"": 0.0, ""detail"": ""retrieved 567 K (biomass like)""}, {""key"": ""nocturnal"", ""label"": ""Burns at night"", ""value"": 0.0, ""weight"": 0.1, ""contribution"": 0.0, ""detail"": ""0% of detections at night""}]",3.0,
3a33ddad847a,23.30098,70.47238,2026-09-23,2027,N,N20,VIIRS,VIIRS_NOAA20_NRT,n,0.32,0.55,23.3,70.47,0.48,308.39,296.44,,,,,,176000.0,unknown,False,False,weak_11um,2.46,scene,-1.011736139214893,0.0,0.020833333333333332,1,1,1.0,0.2,,0.0,0.2,1.0,False,False,False,1.0,5.0,0.509,0.381,6.422,27.645,,3,0,0,0,osm|wri|gem,osm,1,0.3333,F00352,,industrial_area,23.3055431,70.4719774,osm,1,unknown,,,,On a registered industrial site,False,,False,0.3333,0.25,0.2,1.0,0.020833333333333332,0.3056,0.3056,0.1325,0.649,0.3052,0.3052,0.1794,Low,insufficient_evidence,Insufficient evidence,,"[{""key"": ""corroboration"", ""label"": ""Registry corroboration"", ""value"": 0.333, ""weight"": 0.3, ""contribution"": 0.1, ""detail"": ""1 of 3 registries place infrastructure within 3 km""}, {""key"": ""nocturnal"", ""label"": ""Burns at night"", ""value"": 1.0, ""weight"": 0.1, ""contribution"": 0.1, ""detail"": ""100% of detections at night""}, {""key"": ""physics"", ""label"": ""Combustion temperature"", ""value"": 0.25, ""weight"": 0.25, ""contribution"": 0.0625, ""detail"": ""temperature retrieval unavailable""}, {""key"": ""persistence"", ""label"": ""Repeat detections"", ""value"": 0.2, ""weight"": 0.2, ""contribution"": 0.04, ""detail"": ""seen on 1 separate days""}, {""key"": ""intensity"", ""label"": ""Thermal intensity"", ""value"": 0.021, ""weight"": 0.15, ""contribution"": 0.0031, ""detail"": ""FRP 0.5 MW, 2th percentile""}]",3.0,C40
171bfc209715,23.33205,69.15276,2026-09-23,922,D,N,VIIRS,VIIRS_SNPP_NRT,n,0.34,0.56,23.33,69.15,0.91,331.8,301.84,,,,,,190400.0,unknown,False,False,weak_11um,2.46,scene,-0.792015664536911,0.0,0.12980769230769232,1,1,0.0,0.2,,0.0,0.2,0.0,False,False,False,1.0,5.0,15.392,50.901,15.392,52.562,,0,0,0,0,osm|wri|gem,,0,0.0,F02463,Bitta Solar Power Plant,power_plant,23.2579,69.0255,wri,1,operating,40.0,MW,,No registered industrial site nearby,False,,False,0.0,0.25,0.2,0.0,0.12980769230769232,0.122,0.122,0.051,0.5457,0.1643,0.1643,0.1269,Low,insufficient_evidence,Insufficient evidence,,"[{""key"": ""physics"", ""label"": ""Combustion temperature"", ""value"": 0.25, ""weight"": 0.25, ""contribution"": 0.0625, ""detail"": ""temperature retrieval unavailable""}, {""key"": ""persistence"", ""label"": ""Repeat detections"", ""value"": 0.2, ""weight"": 0.2, ""contribution"": 0.04, ""detail"": ""seen on 1 separate days""}, {""key"": ""intensity"", ""label"": ""Thermal intensity"", ""value"": 0.13, ""weight"": 0.15, ""contribution"": 0.0195, ""detail"": ""FRP 0.9 MW, 13th percentile""}, {""key"": ""corroboration"", ""label"": ""Registry corroboration"", ""value"": 0.0, ""weight"": 0.3, ""contribution"": 0.0, ""detail"": ""0 of 3 registries place infrastructure within 3 km""}, {""key"": ""nocturnal"", ""label"": ""Burns at night"", ""value"": 0.0, ""weight"": 0.1, ""contribution"": 0.0, ""detail"": ""0% of detections at night""}]",3.0,
b44bceb11d55,23.49771,68.57907,2026-09-23,2114,N,N21,VIIRS,VIIRS_NOAA21_NRT,n,0.41,0.37,23.5,68.58,1.54,315.33,300.41,,,,,,151700.0,unknown,False,False,weak_11um,2.46,scene,-0.4700996202412633,0.0,0.28926282051282054,1,1,1.0,0.2,,0.0,0.2,1.0,False,False,False,1.0,5.0,10.924,112.167,23.393,10.924,,0,0,0,0,osm|wri|gem,,0,0.0,F03708,Sanghipuram Cement power station,power_plant,23.39980829,68.57017281,gem,1,operating,130.0,MW,Gujarat,No registered industrial site nearby,False,,False,0.0,0.25,0.2,1.0,0.28926282051282054,0.2459,0.2459,0.3073,0.1138,0.2445,0.2445,0.179,Low,insufficient_evidence,Insufficient evidence,,"[{""key"": ""nocturnal"", ""label"": ""Burns at night"", ""value"": 1.0, ""weight"": 0.1, ""contribution"": 0.1, ""detail"": ""100% of detections at night""}, {""key"": ""physics"", ""label"": ""Combustion temperature"", ""value"": 0.25, ""weight"": 0.25, ""contribution"": 0.0625, ""detail"": ""temperature retrieval unavailable""}, {""key"": ""intensity"", ""label"": ""Thermal intensity"", ""value"": 0.289, ""weight"": 0.15, ""contribution"": 0.0434, ""detail"": ""FRP 1.5 MW, 29th percentile""}, {""key"": ""persistence"", ""label"": ""Repeat detections"", ""value"": 0.2, ""weight"": 0.2, ""contribution"": 0.04, ""detail"": ""seen on 1 separate days""}, {""key"": ""corroboration"", ""label"": ""Registry corroboration"", ""value"": 0.0, ""weight"": 0.3, ""contribution"": 0.0, ""detail"": ""0 of 3 registries place infrastructure within 3 km""}]",3.0,
f13dbdcf8067,23.51054,72.41356,2026-09-23,2150,N,N,VIIRS,VIIRS_SNPP_NRT,n,0.47,0.64,23.51,72.41,0.7,307.45,291.93,,,,,,300800.0,unknown,False,False,weak_11um,2.46,scene,-0.8993210126354603,0.0,0.058493589743589744,1,1,1.0,0.2,,0.0,0.2,1.0,False,False,False,1.0,5.0,1.716,1.397,41.463,39.333,,2,0,0,0,osm|wri|gem,osm,1,0.2,F00008,Bhupendra Crain servies,works,23.4991578,72.4021898,osm,1,unknown,,,,Within the site's immediate surroundings,False,,False,0.2,0.25,0.2,1.0,0.058493589743589744,0.2713,0.2713,0.3073,0.2228,0.2748,0.2748,0.1695,Low,insufficient_evidence,Insufficient evidence,,"[{""key"": ""nocturnal"", ""label"": ""Burns at night"", ""value"": 1.0, ""weight"": 0.1, ""contribution"": 0.1, ""detail"": ""100% of detections at night""}, {""key"": ""physics"", ""label"": ""Combustion temperature"", ""value"": 0.25, ""weight"": 0.25, ""contribution"": 0.0625, ""detail"": ""temperature retrieval unavailable""}, {""key"": ""corroboration"", ""label"": ""Registry corroboration"", ""value"": 0.2, ""weight"": 0.3, ""contribution"": 0.06, ""detail"": ""1 of 3 registries place infrastructure within 3 km""}, {""key"": ""persistence"", ""label"": ""Repeat detections"", ""value"": 0.2, ""weight"": 0.2, ""contribution"": 0.04, ""detail"": ""seen on 1 separate days""}, {""key"": ""intensity"", ""label"": ""Thermal intensity"", ""value"": 0.058, ""weight"": 0.15, ""contribution"": 0.0088, ""detail"": ""FRP 0.7 MW, 6th percentile""}]",3.0,
e331bb6f9ba9,24.01024,71.30527,2026-09-23,845,D,N21,VIIRS,VIIRS_NOAA21_NRT,n,0.39,0.44,24.01,71.31,4.45,341.76,306.38,,,,,,171600.0,unknown,False,False,weak_11um,2.46,scene,1.0168459176957763,0.3389486392319254,0.7339743589743589,1,1,0.0,0.2,,0.0,0.2,0.0,False,False,False,1.0,5.0,15.684,65.992,13.181,136.566,,0,0,0,0,osm|wri|gem,,0,0.0,F02488,ChSP} AES,power_plant,23.90336285714286,71.20455428571427,wri,1,operating,1033.1,MW,,No registered industrial site nearby,False,,False,0.0,0.25,0.2,0.0,0.7339743589743589,0.2126,0.2126,0.051,0.226,0.1661,0.1661,0.2729,Low,insufficient_evidence,Insufficient evidence,,"[{""key"": ""intensity"", ""label"": ""Thermal intensity"", ""value"": 0.734, ""weight"": 0.15, ""contribution"": 0.1101, ""detail"": ""FRP 4.5 MW, 73th percentile""}, {""key"": ""physics"", ""label"": ""Combustion temperature"", ""value"": 0.25, ""weight"": 0.25, ""contribution"": 0.0625, ""detail"": ""temperature retrieval unavailable""}, {""key"": ""persistence"", ""label"": ""Repeat detections"", ""value"": 0.2, ""weight"": 0.2, ""contribution"": 0.04, ""detail"": ""seen on 1 separate days""}, {""key"": ""corroboration"", ""label"": ""Registry corroboration"", ""value"": 0.0, ""weight"": 0.3, ""contribution"": 0.0, ""detail"": ""0 of 3 registries place infrastructure within 3 km""}, {""key"": ""nocturnal"", ""label"": ""Burns at night"", ""value"": 0.0, ""weight"": 0.1, ""contribution"": 0.0, ""detail"": ""0% of detections at night""}]",3.0,
7f8bc211093f,24.21687,72.29862,2026-09-23,845,D,N21,VIIRS,VIIRS_NOAA21_NRT,n,0.45,0.47,24.22,72.3,34.08,348.44,308.0,,,517.8,0.02066883063187056,4371.5,211500.0,biomass_like,False,False,ok,2.46,scene,16.157119556552985,1.0,1.0,1,1,0.0,0.2,,0.0,0.2,0.0,False,False,False,1.0,5.0,35.329,80.198,35.329,114.125,,0,0,0,0,osm|wri|gem,,0,0.0,F02556,Dhanera Solar Power Plant,power_plant,24.5216,72.1999,wri,1,operating,25.0,MW,,No registered industrial site nearby,False,,False,0.0,0.0,0.2,0.0,1.0,0.19,0.19,0.0962,0.9888,0.2817,0.2817,0.5168,Moderate,insufficient_evidence,Insufficient evidence,,"[{""key"": ""intensity"", ""label"": ""Thermal intensity"", ""value"": 1.0, ""weight"": 0.15, ""contribution"": 0.15, ""detail"": ""FRP 34.1 MW, 100th percentile""}, {""key"": ""persistence"", ""label"": ""Repeat detections"", ""value"": 0.2, ""weight"": 0.2, ""contribution"": 0.04, ""detail"": ""seen on 1 separate days""}, {""key"": ""corroboration"", ""label"": ""Registry corroboration"", ""value"": 0.0, ""weight"": 0.3, ""contribution"": 0.0, ""detail"": ""0 of 3 registries place infrastructure within 3 km""}, {""key"": ""physics"", ""label"": ""Combustion temperature"", ""value"": 0.0, ""weight"": 0.25, ""contribution"": 0.0, ""detail"": ""retrieved 518 K (biomass like)""}, {""key"": ""nocturnal"", ""label"": ""Burns at night"", ""value"": 0.0, ""weight"": 0.1, ""contribution"": 0.0, ""detail"": ""0% of detections at night""}]",3.0,
e68af5b832ae,24.65983,74.63229,2026-09-23,2112,N,N21,VIIRS,VIIRS_NOAA21_NRT,n,0.52,0.5,24.66,74.63,2.04,309.89,296.38,,,435.7,0.013463143398710613,3500.4,260000.0,smouldering,False,False,ok,1.74,cell,0.5468843995756177,0.18229479985853925,0.40625,4,4,1.0,0.8,1.0,0.4823137752442741,0.8,1.0,False,False,False,4.0,5.0,5.587,198.655,5.587,11.907,,0,0,0,0,osm|wri|gem,,0,0.0,F03006,NIMBAHERA JK CEMENT,power_plant,24.6428,74.6843,wri,1,operating,33.2,MW,,Near industrial activity,False,,False,0.0,0.0,0.8,1.0,0.40625,0.3209,0.3209,0.3723,0.6298,0.3827,0.3827,0.4184,Moderate,insufficient_evidence,Insufficient evidence,,"[{""key"": ""persistence"", ""label"": ""Repeat detections"", ""value"": 0.8, ""weight"": 0.2, ""contribution"": 0.16, ""detail"": ""seen on 4 separate days""}, {""key"": ""nocturnal"", ""label"": ""Burns at night"", ""value"": 1.0, ""weight"": 0.1, ""contribution"": 0.1, ""detail"": ""100% of detections at night""}, {""key"": ""intensity"", ""label"": ""Thermal intensity"", ""value"": 0.406, ""weight"": 0.15, ""contribution"": 0.0609, ""detail"": ""FRP 2.0 MW, 41th percentile""}, {""key"": ""corroboration"", ""label"": ""Registry corroboration"", ""value"": 0.0, ""weight"": 0.3, ""contribution"": 0.0, ""detail"": ""0 of 3 registries place infrastructure within 3 km""}, {""key"": ""physics"", ""label"": ""Combustion temperature"", ""value"": 0.0, ""weight"": 0.25, ""contribution"": 0.0, ""detail"": ""retrieved 436 K (smouldering)""}]",3.0,C14
7886c384a938,24.69162,73.00175,2026-09-23,2112,N,N21,VIIRS,VIIRS_NOAA21_NRT,n,0.42,0.45,24.69,73.0,1.7,307.71,296.87,,,424.8,0.01325093694439465,2504.4,189000.0,smouldering,False,False,ok,1.87,cell,-0.3400000000000003,0.0,0.3405448717948718,4,4,1.0,0.8,1.0,0.4753003071298104,0.8,1.0,False,False,False,4.0,5.0,0.52,140.355,0.52,84.58,,0,1,0,0,osm|wri|gem,wri,1,0.3333,F02684,JAYKAYPURAM PLANT,power_plant,24.6963,73.0017,wri,1,operating,66.0,MW,,On a registered industrial site,False,,False,0.3333,0.0,0.8,1.0,0.3405448717948718,0.4111,0.4111,0.2655,0.5825,0.3931,0.3931,0.3709,Moderate,insufficient_evidence,Insufficient evidence,,"[{""key"": ""persistence"", ""label"": ""Repeat detections"", ""value"": 0.8, ""weight"": 0.2, ""contribution"": 0.16, ""detail"": ""seen on 4 separate days""}, {""key"": ""corroboration"", ""label"": ""Registry corroboration"", ""value"": 0.333, ""weight"": 0.3, ""contribution"": 0.1, ""detail"": ""1 of 3 registries place infrastructure within 3 km""}, {""key"": ""nocturnal"", ""label"": ""Burns at night"", ""value"": 1.0, ""weight"": 0.1, ""contribution"": 0.1, ""detail"": ""100% of detections at night""}, {""key"": ""intensity"", ""label"": ""Thermal intensity"", ""value"": 0.341, ""weight"": 0.15, ""contribution"": 0.0511, ""detail"": ""FRP 1.7 MW, 34th percentile""}, {""key"": ""physics"", ""label"": ""Combustion temperature"", ""value"": 0.0, ""weight"": 0.25, ""contribution"": 0.0, ""detail"": ""retrieved 425 K (smouldering)""}]",3.0,C20
0f43ed9f0a6b,24.76546,74.60892,2026-09-23,2027,N,N20,VIIRS,VIIRS_NOAA20_NRT,n,0.56,0.43,24.77,74.61,2.38,308.73,296.15,,,434.2,0.012552138666153304,3022.6,240800.0,smouldering,False,False,ok,2.46,scene,-0.04087822784706641,0.0,0.47836538461538464,1,1,1.0,0.2,,0.0,0.2,1.0,False,False,False,1.0,5.0,0.042,205.135,0.094,0.093,,0,1,1,0,osm|wri|gem,wri|gem,2,0.6667,F02286,ADITYA CEMENT WORKS,power_plant,24.765607000000003,74.6093065,gem|wri,2,operating,128.0,MW,Chhattisgarh,On a registered industrial site,False,,False,0.6667,0.0,0.2,1.0,0.47836538461538464,0.4118,0.4118,0.7307,0.8558,0.5741,0.5741,0.3462,Low,industrial_fire,Industrial fire,Moderate,"[{""key"": ""corroboration"", ""label"": ""Registry corroboration"", ""value"": 0.667, ""weight"": 0.3, ""contribution"": 0.2, ""detail"": ""2 of 3 registries place infrastructure within 3 km""}, {""key"": ""nocturnal"", ""label"": ""Burns at night"", ""value"": 1.0, ""weight"": 0.1, ""contribution"": 0.1, ""detail"": ""100% of detections at night""}, {""key"": ""intensity"", ""label"": ""Thermal intensity"", ""value"": 0.478, ""weight"": 0.15, ""contribution"": 0.0718, ""detail"": ""FRP 2.4 MW, 48th percentile""}, {""key"": ""persistence"", ""label"": ""Repeat detections"", ""value"": 0.2, ""weight"": 0.2, ""contribution"": 0.04, ""detail"": ""seen on 1 separate days""}, {""key"": ""physics"", ""label"": ""Combustion temperature"", ""value"": 0.0, ""weight"": 0.25, ""contribution"": 0.0, ""detail"": ""retrieved 434 K (smouldering)""}]",3.0,C33
d2c553379f1c,24.81977,73.09304,2026-09-23,2150,N,N,VIIRS,VIIRS_SNPP_NRT,n,0.49,0.65,24.82,73.09,1.77,308.27,294.42,,,,,,318500.0,unknown,False,False,weak_11um,1.56,cell,0.41999999999999993,0.13999999999999999,0.35657051282051283,4,4,1.0,0.8,1.0,0.48568358220963176,0.8,1.0,False,False,False,4.0,5.0,0.784,153.536,0.784,84.411,,0,1,0,0,osm|wri|gem,wri,1,0.3333,F02383,BINANI CEMENT PLANT,power_plant,24.8263,73.0901,wri,1,operating,69.6,MW,,On a registered industrial site,False,,False,0.3333,0.25,0.8,1.0,0.35657051282051283,0.476,0.476,0.2603,0.5264,0.4188,0.4188,0.4191,Moderate,insufficient_evidence,Insufficient evidence,,"[{""key"": ""persistence"", ""label"": ""Repeat detections"", ""value"": 0.8, ""weight"": 0.2, ""contribution"": 0.16, ""detail"": ""seen on 4 separate days""}, {""key"": ""corroboration"", ""label"": ""Registry corroboration"", ""value"": 0.333, ""weight"": 0.3, ""contribution"": 0.1, ""detail"": ""1 of 3 registries place infrastructure within 3 km""}, {""key"": ""nocturnal"", ""label"": ""Burns at night"", ""value"": 1.0, ""weight"": 0.1, ""contribution"": 0.1, ""detail"": ""100% of detections at night""}, {""key"": ""physics"", ""label"": ""Combustion temperature"", ""value"": 0.25, ""weight"": 0.25, ""contribution"": 0.0625, ""detail"": ""temperature retrieval unavailable""}, {""key"": ""intensity"", ""label"": ""Thermal intensity"", ""value"": 0.357, ""weight"": 0.15, ""contribution"": 0.0535, ""detail"": ""FRP 1.8 MW, 36th percentile""}]",3.0,C21
db6827c1517b,24.9317,74.63189,2026-09-23,2112,N,N21,VIIRS,VIIRS_NOAA21_NRT,n,0.52,0.5,24.93,74.63,1.49,305.52,295.07,,,452.9,0.0063187389630490155,1642.9,260000.0,smouldering,False,False,ok,1.14,region,0.7000000000000002,0.2333333333333334,0.2676282051282051,3,3,1.0,0.6,1.0,0.0,0.6,1.0,False,False,False,3.0,5.0,0.554,220.238,0.554,5.093,,0,1,0,0,osm|wri|gem,wri,1,0.3333,F02475,CHANDERIA CEMENT WORKS,power_plant,24.9293,74.6367,wri,1,operating,35.0,MW,,On a registered industrial site,False,,False,0.3333,0.0,0.6,1.0,0.2676282051282051,0.3601,0.3601,0.1656,0.7075,0.3539,0.3539,0.3644,Moderate,insufficient_evidence,Insufficient evidence,,"[{""key"": ""persistence"", ""label"": ""Repeat detections"", ""value"": 0.6, ""weight"": 0.2, ""contribution"": 0.12, ""detail"": ""seen on 3 separate days""}, {""key"": ""corroboration"", ""label"": ""Registry corroboration"", ""value"": 0.333, ""weight"": 0.3, ""contribution"": 0.1, ""detail"": ""1 of 3 registries place infrastructure within 3 km""}, {""key"": ""nocturnal"", ""label"": ""Burns at night"", ""value"": 1.0, ""weight"": 0.1, ""contribution"": 0.1, ""detail"": ""100% of detections at night""}, {""key"": ""intensity"", ""label"": ""Thermal intensity"", ""value"": 0.268, ""weight"": 0.15, ""contribution"": 0.0401, ""detail"": ""FRP 1.5 MW, 27th percentile""}, {""key"": ""physics"", ""label"": ""Combustion temperature"", ""value"": 0.0, ""weight"": 0.25, ""contribution"": 0.0, ""detail"": ""retrieved 453 K (smouldering)""}]",3.0,C22
8e6cfe24928a,25.28458,74.79762,2026-09-23,845,D,N21,VIIRS,VIIRS_NOAA21_NRT,n,0.33,0.55,25.28,74.8,1.93,331.29,299.15,,,,,,181500.0,unknown,False,False,weak_11um,2.46,scene,-0.27081825948681476,0.0,0.3926282051282051,1,1,0.0,0.2,,0.0,0.2,0.0,False,False,False,1.0,5.0,18.835,261.017,18.835,38.023,,0,0,0,0,osm|wri|gem,,0,0.0,F02380,BILIYAKALAN PLANT,power_plant,25.2267,74.6216,wri,1,operating,10.0,MW,,No registered industrial site nearby,False,,False,0.0,0.25,0.2,0.0,0.3926282051282051,0.1614,0.1614,0.0,0.2372,0.1244,0.1244,0.1352,Low,insufficient_evidence,Insufficient evidence,,"[{""key"": ""physics"", ""label"": ""Combustion temperature"", ""value"": 0.25, ""weight"": 0.25, ""contribution"": 0.0625, ""detail"": ""temperature retrieval unavailable""}, {""key"": ""intensity"", ""label"": ""Thermal intensity"", ""value"": 0.393, ""weight"": 0.15, ""contribution"": 0.0589, ""detail"": ""FRP 1.9 MW, 39th percentile""}, {""key"": ""persistence"", ""label"": ""Repeat detections"", ""value"": 0.2, ""weight"": 0.2, ""contribution"": 0.04, ""detail"": ""seen on 1 separate days""}, {""key"": ""corroboration"", ""label"": ""Registry corroboration"", ""value"": 0.0, ""weight"": 0.3, ""contribution"": 0.0, ""detail"": ""0 of 3 registries place infrastructure within 3 km""}, {""key"": ""nocturnal"", ""label"": ""Burns at night"", ""value"": 0.0, ""weight"": 0.1, ""contribution"": 0.0, ""detail"": ""0% of detections at night""}]",3.0,
c0bf1241294b,25.56269,74.7977,2026-09-23,845,D,N21,VIIRS,VIIRS_NOAA21_NRT,n,0.33,0.56,25.56,74.8,4.89,354.14,304.34,,,,,,184800.0,unknown,False,False,weak_11um,2.46,scene,1.241676170854641,0.413892056951547,0.7780448717948718,1,1,0.0,0.2,,0.0,0.2,0.0,False,False,False,1.0,5.0,12.117,282.083,12.117,67.912,,0,0,0,0,osm|wri|gem,,0,0.0,F03044,Nimbera,power_plant,25.65,74.87,wri,1,operating,10.0,MW,,No registered industrial site nearby,False,,False,0.0,0.25,0.2,0.0,0.7780448717948718,0.2192,0.2192,0.0562,0.2812,0.1796,0.1796,0.3021,Low,insufficient_evidence,Insufficient evidence,,"[{""key"": ""intensity"", ""label"": ""Thermal intensity"", ""value"": 0.778, ""weight"": 0.15, ""contribution"": 0.1167, ""detail"": ""FRP 4.9 MW, 78th percentile""}, {""key"": ""physics"", ""label"": ""Combustion temperature"", ""value"": 0.25, ""weight"": 0.25, ""contribution"": 0.0625, ""detail"": ""temperature retrieval unavailable""}, {""key"": ""persistence"", ""label"": ""Repeat detections"", ""value"": 0.2, ""weight"": 0.2, ""contribution"": 0.04, ""detail"": ""seen on 1 separate days""}, {""key"": ""corroboration"", ""label"": ""Registry corroboration"", ""value"": 0.0, ""weight"": 0.3, ""contribution"": 0.0, ""detail"": ""0 of 3 registries place infrastructure within 3 km""}, {""key"": ""nocturnal"", ""label"": ""Burns at night"", ""value"": 0.0, ""weight"": 0.1, ""contribution"": 0.0, ""detail"": ""0% of detections at night""}]",3.0,
a166824ff438,26.25531,74.0969,2026-09-23,2112,N,N21,VIIRS,VIIRS_NOAA21_NRT,n,0.45,0.47,26.26,74.1,1.72,307.94,296.7,,,,,,211500.0,unknown,False,False,weak_11um,1.53,cell,0.3799999999999999,0.12666666666666662,0.34935897435897434,4,4,1.0,0.8,1.0,0.5078510635421727,0.8,1.0,False,False,False,4.0,5.0,5.472,285.19,5.472,35.124,,0,0,0,0,osm|wri|gem,,0,0.0,F03129,RABRIYAWAS CEMENT,power_plant,26.2984,74.1234,wri,1,operating,18.7,MW,,Near industrial activity,False,,False,0.0,0.25,0.8,1.0,0.34935897435897434,0.3749,0.3749,0.259,0.5256,0.3627,0.3627,0.3898,Moderate,insufficient_evidence,Insufficient evidence,,"[{""key"": ""persistence"", ""label"": ""Repeat detections"", ""value"": 0.8, ""weight"": 0.2, ""contribution"": 0.16, ""detail"": ""seen on 4 separate days""}, {""key"": ""nocturnal"", ""label"": ""Burns at night"", ""value"": 1.0, ""weight"": 0.1, ""contribution"": 0.1, ""detail"": ""100% of detections at night""}, {""key"": ""physics"", ""label"": ""Combustion temperature"", ""value"": 0.25, ""weight"": 0.25, ""contribution"": 0.0625, ""detail"": ""temperature retrieval unavailable""}, {""key"": ""intensity"", ""label"": ""Thermal intensity"", ""value"": 0.349, ""weight"": 0.15, ""contribution"": 0.0524, ""detail"": ""FRP 1.7 MW, 35th percentile""}, {""key"": ""corroboration"", ""label"": ""Registry corroboration"", ""value"": 0.0, ""weight"": 0.3, ""contribution"": 0.0, ""detail"": ""0 of 3 registries place infrastructure within 3 km""}]",3.0,C12
a298261a3da4,26.3876,76.48326,2026-09-23,2112,N,N21,VIIRS,VIIRS_NOAA21_NRT,n,0.63,0.54,26.39,76.48,1.3,306.45,296.25,,,,,,340200.0,unknown,False,False,weak_11um,2.46,scene,-0.5927343037824624,0.0,0.21794871794871795,1,1,1.0,0.2,,0.0,0.2,1.0,False,False,False,1.0,5.0,84.666,125.387,84.666,135.318,,0,0,0,0,osm|wri|gem,,0,0.0,F02856,LAKHERI CEMENT PLANT,power_plant,25.6732,76.1901,wri,1,operating,25.0,MW,,No registered industrial site nearby,False,,False,0.0,0.25,0.2,1.0,0.21794871794871795,0.2352,0.2352,0.3323,0.7524,0.3419,0.3419,0.2156,Low,insufficient_evidence,Insufficient evidence,,"[{""key"": ""nocturnal"", ""label"": ""Burns at night"", ""value"": 1.0, ""weight"": 0.1, ""contribution"": 0.1, ""detail"": ""100% of detections at night""}, {""key"": ""physics"", ""label"": ""Combustion temperature"", ""value"": 0.25, ""weight"": 0.25, ""contribution"": 0.0625, ""detail"": ""temperature retrieval unavailable""}, {""key"": ""persistence"", ""label"": ""Repeat detections"", ""value"": 0.2, ""weight"": 0.2, ""contribution"": 0.04, ""detail"": ""seen on 1 separate days""}, {""key"": ""intensity"", ""label"": ""Thermal intensity"", ""value"": 0.218, ""weight"": 0.15, ""contribution"": 0.0327, ""detail"": ""FRP 1.3 MW, 22th percentile""}, {""key"": ""corroboration"", ""label"": ""Registry corroboration"", ""value"": 0.0, ""weight"": 0.3, ""contribution"": 0.0, ""detail"": ""0 of 3 registries place infrastructure within 3 km""}]",3.0,
c2b3657ff7bb,26.53399,77.68007,2026-09-23,801,D,N20,VIIRS,VIIRS_NOAA20_NRT,n,0.38,0.36,26.53,77.68,2.72,335.77,301.7,,,620.6,0.0033803945603373175,462.4,136800.0,biomass_like,False,False,ok,2.46,scene,0.13285424050296585,0.04428474683432195,0.5472756410256411,1,1,0.0,0.2,,0.0,0.2,0.0,False,False,False,1.0,5.0,25.101,107.557,25.167,25.036,,0,0,0,0,osm|wri|gem,,0,0.0,F02530,DHOLPUR,power_plant,26.7021195,77.8485665,gem|wri,2,operating,660.0,MW,Rajasthan,No registered industrial site nearby,False,,False,0.0,0.0,0.2,0.0,0.5472756410256411,0.1221,0.1221,0.02,0.3045,0.1188,0.1188,0.1593,Low,insufficient_evidence,Insufficient evidence,,"[{""key"": ""intensity"", ""label"": ""Thermal intensity"", ""value"": 0.547, ""weight"": 0.15, ""contribution"": 0.0821, ""detail"": ""FRP 2.7 MW, 55th percentile""}, {""key"": ""persistence"", ""label"": ""Repeat detections"", ""value"": 0.2, ""weight"": 0.2, ""contribution"": 0.04, ""detail"": ""seen on 1 separate days""}, {""key"": ""corroboration"", ""label"": ""Registry corroboration"", ""value"": 0.0, ""weight"": 0.3, ""contribution"": 0.0, ""detail"": ""0 of 3 registries place infrastructure within 3 km""}, {""key"": ""physics"", ""label"": ""Combustion temperature"", ""value"": 0.0, ""weight"": 0.25, ""contribution"": 0.0, ""detail"": ""retrieved 621 K (biomass like)""}, {""key"": ""nocturnal"", ""label"": ""Burns at night"", ""value"": 0.0, ""weight"": 0.1, ""contribution"": 0.0, ""detail"": ""0% of detections at night""}]",3.0,
14b573e0f80d,26.60048,72.62276,2026-09-23,2027,N,N20,VIIRS,VIIRS_NOAA20_NRT,n,0.52,0.5,26.6,72.62,1.5,314.13,297.12,,,,,,260000.0,unknown,False,False,weak_11um,2.46,scene,-0.4905387341647965,0.0,0.27163461538461536,1,1,1.0,0.2,,0.0,0.2,1.0,False,False,False,1.0,5.0,10.289,345.239,10.289,95.193,,0,0,0,0,osm|wri|gem,,0,0.0,F02616,Godelai Solar Power Plant,power_plant,26.6532,72.5377,wri,1,operating,1.0,MW,,No registered industrial site nearby,False,,False,0.0,0.25,0.2,1.0,0.27163461538461536,0.2432,0.2432,0.3255,0.1338,0.2515,0.2515,0.1803,Low,insufficient_evidence,Insufficient evidence,,"[{""key"": ""nocturnal"", ""label"": ""Burns at night"", ""value"": 1.0, ""weight"": 0.1, ""contribution"": 0.1, ""detail"": ""100% of detections at night""}, {""key"": ""physics"", ""label"": ""Combustion temperature"", ""value"": 0.25, ""weight"": 0.25, ""contribution"": 0.0625, ""detail"": ""temperature retrieval unavailable""}, {""key"": ""intensity"", ""label"": ""Thermal intensity"", ""value"": 0.272, ""weight"": 0.15, ""contribution"": 0.0407, ""detail"": ""FRP 1.5 MW, 27th percentile""}, {""key"": ""persistence"", ""label"": ""Repeat detections"", ""value"": 0.2, ""weight"": 0.2, ""contribution"": 0.04, ""detail"": ""seen on 1 separate days""}, {""key"": ""corroboration"", ""label"": ""Registry corroboration"", ""value"": 0.0, ""weight"": 0.3, ""contribution"": 0.0, ""detail"": ""0 of 3 registries place infrastructure within 3 km""}]",3.0,
f61afc7aa745,26.60619,73.68221,2026-09-23,2027,N,N20,VIIRS,VIIRS_NOAA20_NRT,n,0.45,0.47,26.61,73.68,1.58,308.11,297.92,,,,,,211500.0,unknown,False,False,weak_11um,2.46,scene,-0.4496605063177301,0.0,0.29967948717948717,1,1,1.0,0.2,,0.0,0.2,1.0,False,False,False,1.0,5.0,49.662,306.044,49.662,66.199,,0,0,0,0,osm|wri|gem,,0,0.0,F02823,Khimsar,power_plant,26.97,73.392,wri,1,operating,5.0,MW,,No registered industrial site nearby,False,,False,0.0,0.25,0.2,1.0,0.29967948717948717,0.2475,0.2475,0.3825,0.6338,0.3459,0.3459,0.2256,Low,insufficient_evidence,Insufficient evidence,,"[{""key"": ""nocturnal"", ""label"": ""Burns at night"", ""value"": 1.0, ""weight"": 0.1, ""contribution"": 0.1, ""detail"": ""100% of detections at night""}, {""key"": ""physics"", ""label"": ""Combustion temperature"", ""value"": 0.25, ""weight"": 0.25, ""contribution"": 0.0625, ""detail"": ""temperature retrieval unavailable""}, {""key"": ""intensity"", ""label"": ""Thermal intensity"", ""value"": 0.3, ""weight"": 0.15, ""contribution"": 0.045, ""detail"": ""FRP 1.6 MW, 30th percentile""}, {""key"": ""persistence"", ""label"": ""Repeat detections"", ""value"": 0.2, ""weight"": 0.2, ""contribution"": 0.04, ""detail"": ""seen on 1 separate days""}, {""key"": ""corroboration"", ""label"": ""Registry corroboration"", ""value"": 0.0, ""weight"": 0.3, ""contribution"": 0.0, ""detail"": ""0 of 3 registries place infrastructure within 3 km""}]",3.0,
56ab31e68def,26.6337,72.26392,2026-09-23,801,D,N20,VIIRS,VIIRS_NOAA20_NRT,n,0.39,0.44,26.63,72.26,7.22,345.23,315.0,,,,,,171600.0,unknown,False,False,weak_11um,2.46,scene,2.4322545569004492,0.8107515189668164,0.8910256410256411,1,1,0.0,0.2,,0.0,0.2,0.0,False,False,False,1.0,5.0,27.297,348.509,27.297,92.072,,0,0,0,0,osm|wri|gem,,0,0.0,F02616,Godelai Solar Power Plant,power_plant,26.6532,72.5377,wri,1,operating,1.0,MW,,No registered industrial site nearby,False,,False,0.0,0.25,0.2,0.0,0.8910256410256411,0.2362,0.2362,0.0091,0.3678,0.1878,0.1878,0.4163,Moderate,insufficient_evidence,Insufficient evidence,,"[{""key"": ""intensity"", ""label"": ""Thermal intensity"", ""value"": 0.891, ""weight"": 0.15, ""contribution"": 0.1337, ""detail"": ""FRP 7.2 MW, 89th percentile""}, {""key"": ""physics"", ""label"": ""Combustion temperature"", ""value"": 0.25, ""weight"": 0.25, ""contribution"": 0.0625, ""detail"": ""temperature retrieval unavailable""}, {""key"": ""persistence"", ""label"": ""Repeat detections"", ""value"": 0.2, ""weight"": 0.2, ""contribution"": 0.04, ""detail"": ""seen on 1 separate days""}, {""key"": ""corroboration"", ""label"": ""Registry corroboration"", ""value"": 0.0, ""weight"": 0.3, ""contribution"": 0.0, ""detail"": ""0 of 3 registries place infrastructure within 3 km""}, {""key"": ""nocturnal"", ""label"": ""Burns at night"", ""value"": 0.0, ""weight"": 0.1, ""contribution"": 0.0, ""detail"": ""0% of detections at night""}]",3.0,C75
f24e8e25e52f,26.63767,72.26295,2026-09-23,801,D,N20,VIIRS,VIIRS_NOAA20_NRT,n,0.39,0.44,26.64,72.26,9.69,345.85,315.78,,,,,,171600.0,unknown,False,False,weak_11um,2.46,scene,3.6943698416786237,1.0,0.9455128205128205,1,1,0.0,0.2,,0.0,0.2,0.0,False,False,False,1.0,5.0,27.361,348.954,27.361,91.66,,0,0,0,0,osm|wri|gem,,0,0.0,F02616,Godelai Solar Power Plant,power_plant,26.6532,72.5377,wri,1,operating,1.0,MW,,No registered industrial site nearby,False,,False,0.0,0.25,0.2,0.0,0.9455128205128205,0.2443,0.2443,0.1783,0.6514,0.2856,0.2856,0.5131,Moderate,insufficient_evidence,Insufficient evidence,,"[{""key"": ""intensity"", ""label"": ""Thermal intensity"", ""value"": 0.946, ""weight"": 0.15, ""contribution"": 0.1418, ""detail"": ""FRP 9.7 MW, 95th percentile""}, {""key"": ""physics"", ""label"": ""Combustion temperature"", ""value"": 0.25, ""weight"": 0.25, ""contribution"": 0.0625, ""detail"": ""temperature retrieval unavailable""}, {""key"": ""persistence"", ""label"": ""Repeat detections"", ""value"": 0.2, ""weight"": 0.2, ""contribution"": 0.04, ""detail"": ""seen on 1 separate days""}, {""key"": ""corroboration"", ""label"": ""Registry corroboration"", ""value"": 0.0, ""weight"": 0.3, ""contribution"": 0.0, ""detail"": ""0 of 3 registries place infrastructure within 3 km""}, {""key"": ""nocturnal"", ""label"": ""Burns at night"", ""value"": 0.0, ""weight"": 0.1, ""contribution"": 0.0, ""detail"": ""0% of detections at night""}]",3.0,C75
ca77719fc52a,26.63978,79.47709,2026-09-23,1932,N,N21,VIIRS,VIIRS_NOAA21_NRT,n,0.6,0.71,26.64,79.48,1.61,303.35,285.52,,,,,,426000.0,unknown,False,False,weak_11um,2.46,scene,-0.43433117087508016,0.0,0.3060897435897436,2,2,1.0,0.4,,0.0,0.4,1.0,False,True,False,2.0,5.0,5.279,184.483,5.279,5.279,,0,0,0,0,osm|wri|gem,,0,0.0,F02303,AURAIYA GT,power_plant,26.6282,79.5286,gem|wri,2,operating,1315.0,MW,Uttar Pradesh,Near industrial activity,False,,False,0.0,0.25,0.4,1.0,0.3060897435897436,0.2884,0.2884,0.2557,0.6418,0.3316,0.3316,0.2598,Low,insufficient_evidence,Insufficient evidence,,"[{""key"": ""nocturnal"", ""label"": ""Burns at night"", ""value"": 1.0, ""weight"": 0.1, ""contribution"": 0.1, ""detail"": ""100% of detections at night""}, {""key"": ""persistence"", ""label"": ""Repeat detections"", ""value"": 0.4, ""weight"": 0.2, ""contribution"": 0.08, ""detail"": ""seen on 2 separate days""}, {""key"": ""physics"", ""label"": ""Combustion temperature"", ""value"": 0.25, ""weight"": 0.25, ""contribution"": 0.0625, ""detail"": ""temperature retrieval unavailable""}, {""key"": ""intensity"", ""label"": ""Thermal intensity"", ""value"": 0.306, ""weight"": 0.15, ""contribution"": 0.0459, ""detail"": ""FRP 1.6 MW, 31th percentile""}, {""key"": ""corroboration"", ""label"": ""Registry corroboration"", ""value"": 0.0, ""weight"": 0.3, ""contribution"": 0.0, ""detail"": ""0 of 3 registries place infrastructure within 3 km""}]",3.0,C65
0b92f9f1f1a8,26.87499,73.51781,2026-09-23,2112,N,N21,VIIRS,VIIRS_NOAA21_NRT,n,0.41,0.45,26.87,73.52,1.48,307.78,297.62,,,,,,184500.0,unknown,False,False,weak_11um,1.6349999999999998,region,-0.26806684030480044,0.0,0.2636217948717949,3,3,1.0,0.6,1.0,0.0,0.6,1.0,False,False,False,3.0,5.0,16.346,312.874,16.346,41.806,,0,0,0,0,osm|wri|gem,,0,0.0,F02823,Khimsar,power_plant,26.97,73.392,wri,1,operating,5.0,MW,,No registered industrial site nearby,False,,False,0.0,0.25,0.6,1.0,0.2636217948717949,0.322,0.322,0.1019,0.504,0.2833,0.2833,0.2738,Low,insufficient_evidence,Insufficient evidence,,"[{""key"": ""persistence"", ""label"": ""Repeat detections"", ""value"": 0.6, ""weight"": 0.2, ""contribution"": 0.12, ""detail"": ""seen on 3 separate days""}, {""key"": ""nocturnal"", ""label"": ""Burns at night"", ""value"": 1.0, ""weight"": 0.1, ""contribution"": 0.1, ""detail"": ""100% of detections at night""}, {""key"": ""physics"", ""label"": ""Combustion temperature"", ""value"": 0.25, ""weight"": 0.25, ""contribution"": 0.0625, ""detail"": ""temperature retrieval unavailable""}, {""key"": ""intensity"", ""label"": ""Thermal intensity"", ""value"": 0.264, ""weight"": 0.15, ""contribution"": 0.0395, ""detail"": ""FRP 1.5 MW, 26th percentile""}, {""key"": ""corroboration"", ""label"": ""Registry corroboration"", ""value"": 0.0, ""weight"": 0.3, ""contribution"": 0.0, ""detail"": ""0 of 3 registries place infrastructure within 3 km""}]",3.0,C4
63fc02c76361,26.8758,73.51379,2026-09-23,2112,N,N21,VIIRS,VIIRS_NOAA21_NRT,n,0.41,0.45,26.88,73.51,1.48,309.18,297.41,,,,,,184500.0,unknown,False,False,weak_11um,1.6349999999999998,region,-0.26806684030480044,0.0,0.2636217948717949,3,3,1.0,0.6,1.0,0.0,0.6,1.0,False,False,False,3.0,5.0,15.985,313.239,15.985,41.93,,0,0,0,0,osm|wri|gem,,0,0.0,F02823,Khimsar,power_plant,26.97,73.392,wri,1,operating,5.0,MW,,No registered industrial site nearby,False,,False,0.0,0.25,0.6,1.0,0.2636217948717949,0.322,0.322,0.1019,0.5024,0.283,0.283,0.2737,Low,insufficient_evidence,Insufficient evidence,,"[{""key"": ""persistence"", ""label"": ""Repeat detections"", ""value"": 0.6, ""weight"": 0.2, ""contribution"": 0.12, ""detail"": ""seen on 3 separate days""}, {""key"": ""nocturnal"", ""label"": ""Burns at night"", ""value"": 1.0, ""weight"": 0.1, ""contribution"": 0.1, ""detail"": ""100% of detections at night""}, {""key"": ""physics"", ""label"": ""Combustion temperature"", ""value"": 0.25, ""weight"": 0.25, ""contribution"": 0.0625, ""detail"": ""temperature retrieval unavailable""}, {""key"": ""intensity"", ""label"": ""Thermal intensity"", ""value"": 0.264, ""weight"": 0.15, ""contribution"": 0.0395, ""detail"": ""FRP 1.5 MW, 26th percentile""}, {""key"": ""corroboration"", ""label"": ""Registry corroboration"", ""value"": 0.0, ""weight"": 0.3, ""contribution"": 0.0, ""detail"": ""0 of 3 registries place infrastructure within 3 km""}]",3.0,C4
4d13710b38b5,26.87691,73.5162,2026-09-23,2148,N,N,VIIRS,VIIRS_SNPP_NRT,n,0.46,0.64,26.88,73.52,2.3,307.21,295.05,,,,,,294400.0,unknown,False,False,weak_11um,1.6349999999999998,region,1.1500932180818872,0.38336440602729577,0.46314102564102566,3,3,1.0,0.6,0.6666666666666667,0.0,0.6,1.0,False,False,False,4.0,5.0,16.086,312.977,16.086,41.702,,0,0,0,0,osm|wri|gem,,0,0.0,F02823,Khimsar,power_plant,26.97,73.392,wri,1,operating,5.0,MW,,No registered industrial site nearby,False,,False,0.0,0.25,0.6,1.0,0.46314102564102566,0.352,0.352,0.2633,0.6002,0.3626,0.3626,0.4253,Moderate,insufficient_evidence,Insufficient evidence,,"[{""key"": ""persistence"", ""label"": ""Repeat detections"", ""value"": 0.6, ""weight"": 0.2, ""contribution"": 0.12, ""detail"": ""seen on 3 separate days""}, {""key"": ""nocturnal"", ""label"": ""Burns at night"", ""value"": 1.0, ""weight"": 0.1, ""contribution"": 0.1, ""detail"": ""100% of detections at night""}, {""key"": ""intensity"", ""label"": ""Thermal intensity"", ""value"": 0.463, ""weight"": 0.15, ""contribution"": 0.0695, ""detail"": ""FRP 2.3 MW, 46th percentile""}, {""key"": ""physics"", ""label"": ""Combustion temperature"", ""value"": 0.25, ""weight"": 0.25, ""contribution"": 0.0625, ""detail"": ""temperature retrieval unavailable""}, {""key"": ""corroboration"", ""label"": ""Registry corroboration"", ""value"": 0.0, ""weight"": 0.3, ""contribution"": 0.0, ""detail"": ""0 of 3 registries place infrastructure within 3 km""}]",3.0,C4
e3d35cb6db35,26.92724,73.46787,2026-09-23,2112,N,N21,VIIRS,VIIRS_NOAA21_NRT,n,0.41,0.45,26.93,73.47,2.44,308.68,297.41,,,,,,184500.0,unknown,False,False,weak_11um,1.6349999999999998,region,1.392218106099127,0.46407270203304235,0.4935897435897436,3,3,1.0,0.6,0.6666666666666667,0.0,0.6,1.0,False,False,False,4.0,5.0,8.897,316.341,8.897,39.92,,0,0,0,0,osm|wri|gem,,0,0.0,F02823,Khimsar,power_plant,26.97,73.392,wri,1,operating,5.0,MW,,Near industrial activity,False,,False,0.0,0.25,0.6,1.0,0.4935897435897436,0.3565,0.3565,0.3323,0.6026,0.3862,0.3862,0.4592,Moderate,insufficient_evidence,Insufficient evidence,,"[{""key"": ""persistence"", ""label"": ""Repeat detections"", ""value"": 0.6, ""weight"": 0.2, ""contribution"": 0.12, ""detail"": ""seen on 3 separate days""}, {""key"": ""nocturnal"", ""label"": ""Burns at night"", ""value"": 1.0, ""weight"": 0.1, ""contribution"": 0.1, ""detail"": ""100% of detections at night""}, {""key"": ""intensity"", ""label"": ""Thermal intensity"", ""value"": 0.494, ""weight"": 0.15, ""contribution"": 0.074, ""detail"": ""FRP 2.4 MW, 49th percentile""}, {""key"": ""physics"", ""label"": ""Combustion temperature"", ""value"": 0.25, ""weight"": 0.25, ""contribution"": 0.0625, ""detail"": ""temperature retrieval unavailable""}, {""key"": ""corroboration"", ""label"": ""Registry corroboration"", ""value"": 0.0, ""weight"": 0.3, ""contribution"": 0.0, ""detail"": ""0 of 3 registries place infrastructure within 3 km""}]",3.0,C34
619c77094e57,27.24188,70.47696,2026-09-23,922,D,N,VIIRS,VIIRS_SNPP_NRT,n,0.45,0.63,27.24,70.48,5.37,357.8,314.24,,,,,,283500.0,unknown,False,False,weak_11um,2.46,scene,1.4869455379370395,0.49564851264567983,0.813301282051282,1,1,0.0,0.2,,0.0,0.2,0.0,False,False,False,1.0,5.0,11.863,429.659,12.08,11.676,,0,0,0,0,osm|wri|gem,,0,0.0,F03139,RAMGARH GT,power_plant,27.3368465,70.531657,gem|wri,2,operating,541.0,MW,Rajasthan,No registered industrial site nearby,False,,False,0.0,0.25,0.2,0.0,0.813301282051282,0.2245,0.2245,0.0291,0.278,0.1739,0.1739,0.3235,Low,insufficient_evidence,Insufficient evidence,,"[{""key"": ""intensity"", ""label"": ""Thermal intensity"", ""value"": 0.813, ""weight"": 0.15, ""contribution"": 0.122, ""detail"": ""FRP 5.4 MW, 81th percentile""}, {""key"": ""physics"", ""label"": ""Combustion temperature"", ""value"": 0.25, ""weight"": 0.25, ""contribution"": 0.0625, ""detail"": ""temperature retrieval unavailable""}, {""key"": ""persistence"", ""label"": ""Repeat detections"", ""value"": 0.2, ""weight"": 0.2, ""contribution"": 0.04, ""detail"": ""seen on 1 separate days""}, {""key"": ""corroboration"", ""label"": ""Registry corroboration"", ""value"": 0.0, ""weight"": 0.3, ""contribution"": 0.0, ""detail"": ""0 of 3 registries place infrastructure within 3 km""}, {""key"": ""nocturnal"", ""label"": ""Burns at night"", ""value"": 0.0, ""weight"": 0.1, ""contribution"": 0.0, ""detail"": ""0% of detections at night""}]",3.0,
c626eed82d2b,27.28836,73.83954,2026-09-23,2112,N,N21,VIIRS,VIIRS_NOAA21_NRT,n,0.42,0.45,27.29,73.84,1.52,308.93,298.46,,,470.7,0.005105260495724285,964.9,189000.0,smouldering,False,False,ok,2.46,scene,-0.4803191772030299,0.0,0.27724358974358976,3,3,1.0,0.6,1.0,0.0,0.6,1.0,False,False,False,3.0,5.0,14.622,273.372,41.433,14.622,,0,0,0,0,osm|wri|gem,,0,0.0,F03676,Nimbri Chandawatan power station,power_plant,27.2,73.73,gem,1,cancelled,120.0,MW,Rajasthan,No registered industrial site nearby,False,,False,0.0,0.0,0.6,1.0,0.27724358974358976,0.2616,0.2616,0.1576,0.7308,0.3008,0.3008,0.2831,Low,insufficient_evidence,Insufficient evidence,,"[{""key"": ""persistence"", ""label"": ""Repeat detections"", ""value"": 0.6, ""weight"": 0.2, ""contribution"": 0.12, ""detail"": ""seen on 3 separate days""}, {""key"": ""nocturnal"", ""label"": ""Burns at night"", ""value"": 1.0, ""weight"": 0.1, ""contribution"": 0.1, ""detail"": ""100% of detections at night""}, {""key"": ""intensity"", ""label"": ""Thermal intensity"", ""value"": 0.277, ""weight"": 0.15, ""contribution"": 0.0416, ""detail"": ""FRP 1.5 MW, 28th percentile""}, {""key"": ""corroboration"", ""label"": ""Registry corroboration"", ""value"": 0.0, ""weight"": 0.3, ""contribution"": 0.0, ""detail"": ""0 of 3 registries place infrastructure within 3 km""}, {""key"": ""physics"", ""label"": ""Combustion temperature"", ""value"": 0.0, ""weight"": 0.25, ""contribution"": 0.0, ""detail"": ""retrieved 471 K (smouldering)""}]",3.0,C35
c8bdcbfd60c1,27.51308,78.42581,2026-09-23,801,D,N20,VIIRS,VIIRS_NOAA20_NRT,n,0.39,0.36,27.51,78.43,2.87,330.4,301.49,,,,,,140400.0,unknown,False,False,weak_11um,2.46,scene,0.20950091771621526,0.06983363923873842,0.5705128205128205,1,1,0.0,0.2,,0.0,0.2,0.0,False,False,False,1.0,5.0,27.356,45.369,63.113,27.356,,0,0,0,0,osm|wri|gem,,0,0.0,F03552,Gayatree power station,power_plant,27.63,78.67,gem,1,cancelled,1320.0,MW,Uttar Pradesh,No registered industrial site nearby,False,,False,0.0,0.25,0.2,0.0,0.5705128205128205,0.1881,0.1881,0.0,0.0224,0.1068,0.1068,0.1626,Low,insufficient_evidence,Insufficient evidence,,"[{""key"": ""intensity"", ""label"": ""Thermal intensity"", ""value"": 0.571, ""weight"": 0.15, ""contribution"": 0.0856, ""detail"": ""FRP 2.9 MW, 57th percentile""}, {""key"": ""physics"", ""label"": ""Combustion temperature"", ""value"": 0.25, ""weight"": 0.25, ""contribution"": 0.0625, ""detail"": ""temperature retrieval unavailable""}, {""key"": ""persistence"", ""label"": ""Repeat detections"", ""value"": 0.2, ""weight"": 0.2, ""contribution"": 0.04, ""detail"": ""seen on 1 separate days""}, {""key"": ""corroboration"", ""label"": ""Registry corroboration"", ""value"": 0.0, ""weight"": 0.3, ""contribution"": 0.0, ""detail"": ""0 of 3 registries place infrastructure within 3 km""}, {""key"": ""nocturnal"", ""label"": ""Burns at night"", ""value"": 0.0, ""weight"": 0.1, ""contribution"": 0.0, ""detail"": ""0% of detections at night""}]",3.0,C76
96d1aa3f4a2c,27.51587,78.42472,2026-09-23,741,D,N,VIIRS,VIIRS_SNPP_NRT,n,0.4,0.44,27.52,78.42,1.66,330.97,299.51,,,,,,176000.0,unknown,False,False,weak_11um,2.46,scene,-0.4087822784706638,0.0,0.328525641025641,1,1,0.0,0.2,,0.0,0.2,0.0,False,False,False,1.0,5.0,27.305,45.173,62.788,27.305,,0,0,0,0,osm|wri|gem,,0,0.0,F03552,Gayatree power station,power_plant,27.63,78.67,gem,1,cancelled,1320.0,MW,Uttar Pradesh,No registered industrial site nearby,False,,False,0.0,0.25,0.2,0.0,0.328525641025641,0.1518,0.1518,0.0291,0.3229,0.1407,0.1407,0.1362,Low,insufficient_evidence,Insufficient evidence,,"[{""key"": ""physics"", ""label"": ""Combustion temperature"", ""value"": 0.25, ""weight"": 0.25, ""contribution"": 0.0625, ""detail"": ""temperature retrieval unavailable""}, {""key"": ""intensity"", ""label"": ""Thermal intensity"", ""value"": 0.329, ""weight"": 0.15, ""contribution"": 0.0493, ""detail"": ""FRP 1.7 MW, 33th percentile""}, {""key"": ""persistence"", ""label"": ""Repeat detections"", ""value"": 0.2, ""weight"": 0.2, ""contribution"": 0.04, ""detail"": ""seen on 1 separate days""}, {""key"": ""corroboration"", ""label"": ""Registry corroboration"", ""value"": 0.0, ""weight"": 0.3, ""contribution"": 0.0, ""detail"": ""0 of 3 registries place infrastructure within 3 km""}, {""key"": ""nocturnal"", ""label"": ""Burns at night"", ""value"": 0.0, ""weight"": 0.1, ""contribution"": 0.0, ""detail"": ""0% of detections at night""}]",3.0,C76
33f4700d0a95,27.77869,77.67394,2026-09-23,741,D,N,VIIRS,VIIRS_SNPP_NRT,n,0.43,0.46,27.78,77.67,5.25,341.58,302.25,,,740.1,0.0016147705967779697,319.4,197800.0,biomass_like,False,False,ok,2.46,scene,1.4256281961664399,0.4752093987221466,0.8044871794871795,1,1,0.0,0.2,,0.0,0.2,0.0,False,False,False,1.0,5.0,7.258,7.258,52.337,48.083,,0,0,0,0,osm|wri|gem,,0,0.0,F02122,,industrial_area,27.815937,77.6133442,osm,1,unknown,,,,Near industrial activity,False,,False,0.0,0.0,0.2,0.0,0.8044871794871795,0.1607,0.1607,0.0291,0.5946,0.1863,0.1863,0.3231,Low,insufficient_evidence,Insufficient evidence,,"[{""key"": ""intensity"", ""label"": ""Thermal intensity"", ""value"": 0.804, ""weight"": 0.15, ""contribution"": 0.1207, ""detail"": ""FRP 5.2 MW, 80th percentile""}, {""key"": ""persistence"", ""label"": ""Repeat detections"", ""value"": 0.2, ""weight"": 0.2, ""contribution"": 0.04, ""detail"": ""seen on 1 separate days""}, {""key"": ""corroboration"", ""label"": ""Registry corroboration"", ""value"": 0.0, ""weight"": 0.3, ""contribution"": 0.0, ""detail"": ""0 of 3 registries place infrastructure within 3 km""}, {""key"": ""physics"", ""label"": ""Combustion temperature"", ""value"": 0.0, ""weight"": 0.25, ""contribution"": 0.0, ""detail"": ""retrieved 740 K (biomass like)""}, {""key"": ""nocturnal"", ""label"": ""Burns at night"", ""value"": 0.0, ""weight"": 0.1, ""contribution"": 0.0, ""detail"": ""0% of detections at night""}]",3.0,
4efae1b8c894,28.0289,76.49574,2026-09-23,2027,N,N20,VIIRS,VIIRS_NOAA20_NRT,n,0.49,0.4,28.03,76.5,1.84,313.7,296.13,,,,,,196000.0,unknown,False,False,weak_11um,2.46,scene,-0.31680626581476434,0.0,0.37099358974358976,1,1,1.0,0.2,,0.0,0.2,1.0,False,False,False,1.0,5.0,13.4,10.423,16.269,52.128,,0,0,0,0,osm|wri|gem,,0,0.0,F01979,NTN NEI Manufacturing,works,28.10353696568625,76.60296686274506,osm,1,unknown,,,,No registered industrial site nearby,False,,False,0.0,0.25,0.2,1.0,0.37099358974358976,0.2581,0.2581,0.21,0.1611,0.2291,0.2291,0.1802,Low,insufficient_evidence,Insufficient evidence,,"[{""key"": ""nocturnal"", ""label"": ""Burns at night"", ""value"": 1.0, ""weight"": 0.1, ""contribution"": 0.1, ""detail"": ""100% of detections at night""}, {""key"": ""physics"", ""label"": ""Combustion temperature"", ""value"": 0.25, ""weight"": 0.25, ""contribution"": 0.0625, ""detail"": ""temperature retrieval unavailable""}, {""key"": ""intensity"", ""label"": ""Thermal intensity"", ""value"": 0.371, ""weight"": 0.15, ""contribution"": 0.0556, ""detail"": ""FRP 1.8 MW, 37th percentile""}, {""key"": ""persistence"", ""label"": ""Repeat detections"", ""value"": 0.2, ""weight"": 0.2, ""contribution"": 0.04, ""detail"": ""seen on 1 separate days""}, {""key"": ""corroboration"", ""label"": ""Registry corroboration"", ""value"": 0.0, ""weight"": 0.3, ""contribution"": 0.0, ""detail"": ""0 of 3 registries place infrastructure within 3 km""}]",3.0,C77
32f597ebbe8d,28.03079,76.49374,2026-09-23,2027,N,N20,VIIRS,VIIRS_NOAA20_NRT,n,0.49,0.4,28.03,76.49,1.62,318.41,296.42,,,,,,196000.0,unknown,False,False,weak_11um,2.46,scene,-0.4292213923941969,0.0,0.31169871794871795,1,1,1.0,0.2,,0.0,0.2,1.0,False,False,False,1.0,5.0,13.427,10.449,16.231,51.878,,0,0,0,0,osm|wri|gem,,0,0.0,F01979,NTN NEI Manufacturing,works,28.10353696568625,76.60296686274506,osm,1,unknown,,,,No registered industrial site nearby,False,,False,0.0,0.25,0.2,1.0,0.31169871794871795,0.2493,0.2493,0.3573,0.1346,0.2645,0.2645,0.1902,Low,insufficient_evidence,Insufficient evidence,,"[{""key"": ""nocturnal"", ""label"": ""Burns at night"", ""value"": 1.0, ""weight"": 0.1, ""contribution"": 0.1, ""detail"": ""100% of detections at night""}, {""key"": ""physics"", ""label"": ""Combustion temperature"", ""value"": 0.25, ""weight"": 0.25, ""contribution"": 0.0625, ""detail"": ""temperature retrieval unavailable""}, {""key"": ""intensity"", ""label"": ""Thermal intensity"", ""value"": 0.312, ""weight"": 0.15, ""contribution"": 0.0468, ""detail"": ""FRP 1.6 MW, 31th percentile""}, {""key"": ""persistence"", ""label"": ""Repeat detections"", ""value"": 0.2, ""weight"": 0.2, ""contribution"": 0.04, ""detail"": ""seen on 1 separate days""}, {""key"": ""corroboration"", ""label"": ""Registry corroboration"", ""value"": 0.0, ""weight"": 0.3, ""contribution"": 0.0, ""detail"": ""0 of 3 registries place infrastructure within 3 km""}]",3.0,C77
ac50c65d9573,28.0389,75.06685,2026-09-23,801,D,N20,VIIRS,VIIRS_NOAA20_NRT,n,0.42,0.38,28.04,75.07,8.84,343.65,313.23,,,,,,159600.0,unknown,False,False,weak_11um,2.46,scene,3.2600386708035436,1.0,0.9326923076923077,1,1,0.0,0.2,,0.0,0.2,0.0,False,False,False,1.0,5.0,61.18,148.44,61.18,135.463,,0,0,0,0,osm|wri|gem,,0,0.0,F03176,Rasulpur Solar Power Plant,power_plant,27.9363,75.679,wri,1,operating,1.0,MW,,No registered industrial site nearby,False,,False,0.0,0.25,0.2,0.0,0.9326923076923077,0.2424,0.2424,0.0476,0.7252,0.2564,0.2564,0.4986,Moderate,insufficient_evidence,Insufficient evidence,,"[{""key"": ""intensity"", ""label"": ""Thermal intensity"", ""value"": 0.933, ""weight"": 0.15, ""contribution"": 0.1399, ""detail"": ""FRP 8.8 MW, 93th percentile""}, {""key"": ""physics"", ""label"": ""Combustion temperature"", ""value"": 0.25, ""weight"": 0.25, ""contribution"": 0.0625, ""detail"": ""temperature retrieval unavailable""}, {""key"": ""persistence"", ""label"": ""Repeat detections"", ""value"": 0.2, ""weight"": 0.2, ""contribution"": 0.04, ""detail"": ""seen on 1 separate days""}, {""key"": ""corroboration"", ""label"": ""Registry corroboration"", ""value"": 0.0, ""weight"": 0.3, ""contribution"": 0.0, ""detail"": ""0 of 3 registries place infrastructure within 3 km""}, {""key"": ""nocturnal"", ""label"": ""Burns at night"", ""value"": 0.0, ""weight"": 0.1, ""contribution"": 0.0, ""detail"": ""0% of detections at night""}]",3.0,
b5f0611eee56,28.13097,77.62788,2026-09-23,801,D,N20,VIIRS,VIIRS_NOAA20_NRT,n,0.38,0.36,28.13,77.63,4.83,334.92,303.73,,,553.4,0.0067034127807297115,917.0,136800.0,biomass_like,False,False,ok,2.46,scene,1.2110174999693415,0.4036724999897805,0.7740384615384616,1,1,0.0,0.2,,0.0,0.2,0.0,False,False,False,1.0,5.0,4.014,4.014,34.7,27.665,,0,0,0,0,osm|wri|gem,,0,0.0,F02257,,industrial_area,28.0952729,77.6339409,osm,1,unknown,,,,Near industrial activity,False,,False,0.0,0.0,0.2,0.0,0.7740384615384616,0.1561,0.1561,0.0343,0.4623,0.1655,0.1655,0.2928,Low,insufficient_evidence,Insufficient evidence,,"[{""key"": ""intensity"", ""label"": ""Thermal intensity"", ""value"": 0.774, ""weight"": 0.15, ""contribution"": 0.1161, ""detail"": ""FRP 4.8 MW, 77th percentile""}, {""key"": ""persistence"", ""label"": ""Repeat detections"", ""value"": 0.2, ""weight"": 0.2, ""contribution"": 0.04, ""detail"": ""seen on 1 separate days""}, {""key"": ""corroboration"", ""label"": ""Registry corroboration"", ""value"": 0.0, ""weight"": 0.3, ""contribution"": 0.0, ""detail"": ""0 of 3 registries place infrastructure within 3 km""}, {""key"": ""physics"", ""label"": ""Combustion temperature"", ""value"": 0.0, ""weight"": 0.25, ""contribution"": 0.0, ""detail"": ""retrieved 553 K (biomass like)""}, {""key"": ""nocturnal"", ""label"": ""Burns at night"", ""value"": 0.0, ""weight"": 0.1, ""contribution"": 0.0, ""detail"": ""0% of detections at night""}]",3.0,C37
d708d3049d9b,28.17372,76.85616,2026-09-23,2008,N,N,VIIRS,VIIRS_SNPP_NRT,n,0.37,0.58,28.17,76.86,0.95,305.54,295.19,,,,,,214600.0,unknown,False,False,weak_11um,2.46,scene,-0.7715765506133778,0.0,0.1346153846153846,1,1,1.0,0.2,,0.0,0.2,1.0,False,False,False,1.0,5.0,2.284,0.612,40.951,21.69,,134,0,0,0,osm|wri|gem,osm,1,0.3333,F02105,,industrial_area,28.1589519,76.8399627,osm,1,unknown,,,,Within the site's immediate surroundings,False,,False,0.3333,0.25,0.2,1.0,0.1346153846153846,0.3227,0.3227,0.3261,0.2917,0.3191,0.3191,0.1971,Low,insufficient_evidence,Insufficient evidence,,"[{""key"": ""corroboration"", ""label"": ""Registry corroboration"", ""value"": 0.333, ""weight"": 0.3, ""contribution"": 0.1, ""detail"": ""1 of 3 registries place infrastructure within 3 km""}, {""key"": ""nocturnal"", ""label"": ""Burns at night"", ""value"": 1.0, ""weight"": 0.1, ""contribution"": 0.1, ""detail"": ""100% of detections at night""}, {""key"": ""physics"", ""label"": ""Combustion temperature"", ""value"": 0.25, ""weight"": 0.25, ""contribution"": 0.0625, ""detail"": ""temperature retrieval unavailable""}, {""key"": ""persistence"", ""label"": ""Repeat detections"", ""value"": 0.2, ""weight"": 0.2, ""contribution"": 0.04, ""detail"": ""seen on 1 separate days""}, {""key"": ""intensity"", ""label"": ""Thermal intensity"", ""value"": 0.135, ""weight"": 0.15, ""contribution"": 0.0202, ""detail"": ""FRP 0.9 MW, 13th percentile""}]",3.0,
177a4a8dac7b,28.20892,77.32211,2026-09-23,2008,N,N,VIIRS,VIIRS_SNPP_NRT,n,0.35,0.57,28.21,77.32,1.4,309.78,294.72,,,,,,199500.0,unknown,False,False,weak_11um,2.46,scene,-0.5416365189736295,0.0,0.24519230769230768,1,1,1.0,0.2,,0.0,0.2,1.0,False,False,False,1.0,5.0,1.22,1.089,8.136,15.721,,16,0,0,0,osm|wri|gem,osm,1,0.2,F02133,,industrial_area,28.2031603,77.3115093,osm,1,unknown,,,,Within the site's immediate surroundings,False,,False,0.2,0.25,0.2,1.0,0.24519230769230768,0.2993,0.2993,0.4054,0.2268,0.3203,0.3203,0.2087,Low,insufficient_evidence,Insufficient evidence,,"[{""key"": ""nocturnal"", ""label"": ""Burns at night"", ""value"": 1.0, ""weight"": 0.1, ""contribution"": 0.1, ""detail"": ""100% of detections at night""}, {""key"": ""physics"", ""label"": ""Combustion temperature"", ""value"": 0.25, ""weight"": 0.25, ""contribution"": 0.0625, ""detail"": ""temperature retrieval unavailable""}, {""key"": ""corroboration"", ""label"": ""Registry corroboration"", ""value"": 0.2, ""weight"": 0.3, ""contribution"": 0.06, ""detail"": ""1 of 3 registries place infrastructure within 3 km""}, {""key"": ""persistence"", ""label"": ""Repeat detections"", ""value"": 0.2, ""weight"": 0.2, ""contribution"": 0.04, ""detail"": ""seen on 1 separate days""}, {""key"": ""intensity"", ""label"": ""Thermal intensity"", ""value"": 0.245, ""weight"": 0.15, ""contribution"": 0.0368, ""detail"": ""FRP 1.4 MW, 25th percentile""}]",3.0,
f7ffd14b950f,28.27911,77.27263,2026-09-23,2027,N,N20,VIIRS,VIIRS_NOAA20_NRT,n,0.46,0.39,28.28,77.27,1.56,308.81,296.48,,,445.5,0.009661245350825262,1733.2,179400.0,smouldering,False,False,ok,1.375,region,0.3700000000000001,0.12333333333333336,0.2956730769230769,1,1,1.0,0.2,,0.0,0.2,1.0,False,False,False,1.0,5.0,0.591,0.447,4.454,11.078,,20,0,0,0,osm|wri|gem,osm,1,0.3333,F02015,,industrial_area,28.27404283333333,77.27079191666665,osm,1,unknown,,,,On a registered industrial site,False,,False,0.3333,0.0,0.2,1.0,0.2956730769230769,0.2843,0.2843,0.3294,0.5,0.3302,0.3302,0.249,Low,insufficient_evidence,Insufficient evidence,,"[{""key"": ""corroboration"", ""label"": ""Registry corroboration"", ""value"": 0.333, ""weight"": 0.3, ""contribution"": 0.1, ""detail"": ""1 of 3 registries place infrastructure within 3 km""}, {""key"": ""nocturnal"", ""label"": ""Burns at night"", ""value"": 1.0, ""weight"": 0.1, ""contribution"": 0.1, ""detail"": ""100% of detections at night""}, {""key"": ""intensity"", ""label"": ""Thermal intensity"", ""value"": 0.296, ""weight"": 0.15, ""contribution"": 0.0444, ""detail"": ""FRP 1.6 MW, 30th percentile""}, {""key"": ""persistence"", ""label"": ""Repeat detections"", ""value"": 0.2, ""weight"": 0.2, ""contribution"": 0.04, ""detail"": ""seen on 1 separate days""}, {""key"": ""physics"", ""label"": ""Combustion temperature"", ""value"": 0.0, ""weight"": 0.25, ""contribution"": 0.0, ""detail"": ""retrieved 446 K (smouldering)""}]",3.0,
1c501f16a145,28.34724,77.25582,2026-09-23,2027,N,N20,VIIRS,VIIRS_NOAA20_NRT,n,0.46,0.39,28.35,77.26,1.43,307.81,296.98,,,419.6,0.015090947232294006,2707.3,179400.0,smouldering,False,False,ok,1.375,region,0.10999999999999988,0.036666666666666625,0.2516025641025641,2,2,1.0,0.4,,0.0,0.4,1.0,False,True,False,2.0,5.0,1.424,1.424,9.47,5.724,,2,0,0,0,osm|wri|gem,osm,1,0.2,F02013,,industrial_area,28.3529908,77.2688185,osm,1,unknown,,,,Within the site's immediate surroundings,False,,False,0.2,0.0,0.4,1.0,0.2516025641025641,0.2777,0.2777,0.1773,0.7019,0.3112,0.3112,0.2544,Low,insufficient_evidence,Insufficient evidence,,"[{""key"": ""nocturnal"", ""label"": ""Burns at night"", ""value"": 1.0, ""weight"": 0.1, ""contribution"": 0.1, ""detail"": ""100% of detections at night""}, {""key"": ""persistence"", ""label"": ""Repeat detections"", ""value"": 0.4, ""weight"": 0.2, ""contribution"": 0.08, ""detail"": ""seen on 2 separate days""}, {""key"": ""corroboration"", ""label"": ""Registry corroboration"", ""value"": 0.2, ""weight"": 0.3, ""contribution"": 0.06, ""detail"": ""1 of 3 registries place infrastructure within 3 km""}, {""key"": ""intensity"", ""label"": ""Thermal intensity"", ""value"": 0.252, ""weight"": 0.15, ""contribution"": 0.0377, ""detail"": ""FRP 1.4 MW, 25th percentile""}, {""key"": ""physics"", ""label"": ""Combustion temperature"", ""value"": 0.0, ""weight"": 0.25, ""contribution"": 0.0, ""detail"": ""retrieved 420 K (smouldering)""}]",3.0,C5
a93ce459a053,28.37028,77.26236,2026-09-23,2027,N,N20,VIIRS,VIIRS_NOAA20_NRT,n,0.46,0.39,28.37,77.26,1.66,310.49,297.14,,,435.6,0.013682045154065613,2454.6,179400.0,smouldering,False,False,ok,2.46,scene,-0.4087822784706638,0.0,0.328525641025641,1,1,1.0,0.2,,0.0,0.2,1.0,False,False,False,1.0,5.0,1.79,1.091,10.094,4.244,,20,0,0,0,osm|wri|gem,osm,1,0.2,F02236,,industrial_area,28.3850102,77.25498320000001,osm,1,unknown,,,,Within the site's immediate surroundings,False,,False,0.2,0.0,0.2,1.0,0.328525641025641,0.2493,0.2493,0.3567,0.3109,0.2908,0.2908,0.2037,Low,insufficient_evidence,Insufficient evidence,,"[{""key"": ""nocturnal"", ""label"": ""Burns at night"", ""value"": 1.0, ""weight"": 0.1, ""contribution"": 0.1, ""detail"": ""100% of detections at night""}, {""key"": ""corroboration"", ""label"": ""Registry corroboration"", ""value"": 0.2, ""weight"": 0.3, ""contribution"": 0.06, ""detail"": ""1 of 3 registries place infrastructure within 3 km""}, {""key"": ""intensity"", ""label"": ""Thermal intensity"", ""value"": 0.329, ""weight"": 0.15, ""contribution"": 0.0493, ""detail"": ""FRP 1.7 MW, 33th percentile""}, {""key"": ""persistence"", ""label"": ""Repeat detections"", ""value"": 0.2, ""weight"": 0.2, ""contribution"": 0.04, ""detail"": ""seen on 1 separate days""}, {""key"": ""physics"", ""label"": ""Combustion temperature"", ""value"": 0.0, ""weight"": 0.25, ""contribution"": 0.0, ""detail"": ""retrieved 436 K (smouldering)""}]",3.0,C5
4763242eb391,28.39633,78.19869,2026-09-23,801,D,N20,VIIRS,VIIRS_NOAA20_NRT,n,0.39,0.36,28.4,78.2,2.17,332.71,302.58,,,607.3,0.003179310993854355,446.4,140400.0,biomass_like,False,False,ok,2.46,scene,-0.14818357594561563,0.0,0.4326923076923077,1,1,0.0,0.2,,0.0,0.2,0.0,False,False,False,1.0,5.0,23.573,23.573,33.733,38.843,,0,0,0,0,osm|wri|gem,,0,0.0,F02141,,industrial_area,28.5159242,77.9995876,osm,1,unknown,,,,No registered industrial site nearby,False,,False,0.0,0.0,0.2,0.0,0.4326923076923077,0.1049,0.1049,0.02,0.2764,0.1052,0.1052,0.1306,Low,insufficient_evidence,Insufficient evidence,,"[{""key"": ""intensity"", ""label"": ""Thermal intensity"", ""value"": 0.433, ""weight"": 0.15, ""contribution"": 0.0649, ""detail"": ""FRP 2.2 MW, 43th percentile""}, {""key"": ""persistence"", ""label"": ""Repeat detections"", ""value"": 0.2, ""weight"": 0.2, ""contribution"": 0.04, ""detail"": ""seen on 1 separate days""}, {""key"": ""corroboration"", ""label"": ""Registry corroboration"", ""value"": 0.0, ""weight"": 0.3, ""contribution"": 0.0, ""detail"": ""0 of 3 registries place infrastructure within 3 km""}, {""key"": ""physics"", ""label"": ""Combustion temperature"", ""value"": 0.0, ""weight"": 0.25, ""contribution"": 0.0, ""detail"": ""retrieved 607 K (biomass like)""}, {""key"": ""nocturnal"", ""label"": ""Burns at night"", ""value"": 0.0, ""weight"": 0.1, ""contribution"": 0.0, ""detail"": ""0% of detections at night""}]",3.0,
46c141b8533a,28.63872,78.51069,2026-09-23,801,D,N20,VIIRS,VIIRS_NOAA20_NRT,n,0.39,0.36,28.64,78.51,2.28,335.13,302.64,,,560.5,0.006365765329077781,893.8,140400.0,biomass_like,False,False,ok,2.46,scene,-0.09197601265589943,0.0,0.45753205128205127,1,1,0.0,0.2,,0.0,0.2,0.0,False,False,False,1.0,5.0,50.974,51.742,54.592,50.974,,0,0,0,0,osm|wri|gem,,0,0.0,F03632,Lakhisarai power station (SPML),power_plant,28.8,79.0,gem,1,cancelled,1200.0,MW,Bihar,No registered industrial site nearby,False,,False,0.0,0.0,0.2,0.0,0.45753205128205127,0.1086,0.1086,0.0,0.1787,0.0865,0.0865,0.1247,Low,insufficient_evidence,Insufficient evidence,,"[{""key"": ""intensity"", ""label"": ""Thermal intensity"", ""value"": 0.458, ""weight"": 0.15, ""contribution"": 0.0686, ""detail"": ""FRP 2.3 MW, 46th percentile""}, {""key"": ""persistence"", ""label"": ""Repeat detections"", ""value"": 0.2, ""weight"": 0.2, ""contribution"": 0.04, ""detail"": ""seen on 1 separate days""}, {""key"": ""corroboration"", ""label"": ""Registry corroboration"", ""value"": 0.0, ""weight"": 0.3, ""contribution"": 0.0, ""detail"": ""0 of 3 registries place infrastructure within 3 km""}, {""key"": ""physics"", ""label"": ""Combustion temperature"", ""value"": 0.0, ""weight"": 0.25, ""contribution"": 0.0, ""detail"": ""retrieved 560 K (biomass like)""}, {""key"": ""nocturnal"", ""label"": ""Burns at night"", ""value"": 0.0, ""weight"": 0.1, ""contribution"": 0.0, ""detail"": ""0% of detections at night""}]",3.0,
2588c55240c5,28.64878,77.56,2026-09-23,2112,N,N21,VIIRS,VIIRS_NOAA21_NRT,n,0.33,0.55,28.65,77.56,1.3,313.59,294.67,,,463.3,0.01120381532513417,2033.5,181500.0,smouldering,False,False,ok,1.16,region,0.28000000000000025,0.09333333333333342,0.21794871794871795,3,3,1.0,0.6,1.0,0.0,0.6,1.0,False,False,False,3.0,5.0,1.693,0.804,6.905,6.905,,16,0,0,0,osm|wri|gem,osm,1,0.3333,F02096,,works,28.6546730625,77.57599570000002,osm,1,unknown,,,,Within the site's immediate surroundings,False,,False,0.3333,0.0,0.6,1.0,0.21794871794871795,0.3527,0.3527,0.1722,0.6298,0.3401,0.3401,0.3182,Low,insufficient_evidence,Insufficient evidence,,"[{""key"": ""persistence"", ""label"": ""Repeat detections"", ""value"": 0.6, ""weight"": 0.2, ""contribution"": 0.12, ""detail"": ""seen on 3 separate days""}, {""key"": ""corroboration"", ""label"": ""Registry corroboration"", ""value"": 0.333, ""weight"": 0.3, ""contribution"": 0.1, ""detail"": ""1 of 3 registries place infrastructure within 3 km""}, {""key"": ""nocturnal"", ""label"": ""Burns at night"", ""value"": 1.0, ""weight"": 0.1, ""contribution"": 0.1, ""detail"": ""100% of detections at night""}, {""key"": ""intensity"", ""label"": ""Thermal intensity"", ""value"": 0.218, ""weight"": 0.15, ""contribution"": 0.0327, ""detail"": ""FRP 1.3 MW, 22th percentile""}, {""key"": ""physics"", ""label"": ""Combustion temperature"", ""value"": 0.0, ""weight"": 0.25, ""contribution"": 0.0, ""detail"": ""retrieved 463 K (smouldering)""}]",3.0,C15
be4e21d19f3d,28.65901,77.58726,2026-09-23,2027,N,N20,VIIRS,VIIRS_NOAA20_NRT,n,0.45,0.39,28.66,77.59,0.7,308.6,295.29,,,414.7,0.02085873952314463,3660.7,175500.0,smouldering,False,False,ok,2.46,scene,-0.8993210126354603,0.0,0.058493589743589744,2,2,1.0,0.4,,0.0,0.4,1.0,False,True,False,2.0,5.0,1.2,0.676,6.543,6.543,,16,0,0,0,osm|wri|gem,osm,1,0.3333,F02096,,works,28.6546730625,77.57599570000002,osm,1,unknown,,,,Within the site's immediate surroundings,False,,False,0.3333,0.0,0.4,1.0,0.058493589743589744,0.2888,0.2888,0.1316,0.7604,0.3124,0.3124,0.2264,Low,insufficient_evidence,Insufficient evidence,,"[{""key"": ""corroboration"", ""label"": ""Registry corroboration"", ""value"": 0.333, ""weight"": 0.3, ""contribution"": 0.1, ""detail"": ""1 of 3 registries place infrastructure within 3 km""}, {""key"": ""nocturnal"", ""label"": ""Burns at night"", ""value"": 1.0, ""weight"": 0.1, ""contribution"": 0.1, ""detail"": ""100% of detections at night""}, {""key"": ""persistence"", ""label"": ""Repeat detections"", ""value"": 0.4, ""weight"": 0.2, ""contribution"": 0.08, ""detail"": ""seen on 2 separate days""}, {""key"": ""intensity"", ""label"": ""Thermal intensity"", ""value"": 0.058, ""weight"": 0.15, ""contribution"": 0.0088, ""detail"": ""FRP 0.7 MW, 6th percentile""}, {""key"": ""physics"", ""label"": ""Combustion temperature"", ""value"": 0.0, ""weight"": 0.25, ""contribution"": 0.0, ""detail"": ""retrieved 415 K (smouldering)""}]",3.0,C15
4910bfce04d3,28.71257,76.83175,2026-09-23,2027,N,N20,VIIRS,VIIRS_NOAA20_NRT,n,0.48,0.4,28.71,76.83,1.66,308.29,296.79,,,415.7,0.01788068355481009,3433.1,192000.0,smouldering,False,False,ok,2.46,scene,-0.4087822784706638,0.0,0.328525641025641,1,1,1.0,0.2,,0.0,0.2,1.0,False,False,False,1.0,5.0,3.221,2.576,25.072,25.11,,20,0,0,0,osm|wri|gem,osm,1,0.2,F02099,Hindustan petroleum corporation limited,power_plant,28.741484019354846,76.8296850483871,osm,1,unknown,,,,Near industrial activity,False,,False,0.2,0.0,0.2,1.0,0.328525641025641,0.2493,0.2493,0.1818,0.3365,0.2421,0.2421,0.1818,Low,insufficient_evidence,Insufficient evidence,,"[{""key"": ""nocturnal"", ""label"": ""Burns at night"", ""value"": 1.0, ""weight"": 0.1, ""contribution"": 0.1, ""detail"": ""100% of detections at night""}, {""key"": ""corroboration"", ""label"": ""Registry corroboration"", ""value"": 0.2, ""weight"": 0.3, ""contribution"": 0.06, ""detail"": ""1 of 3 registries place infrastructure within 3 km""}, {""key"": ""intensity"", ""label"": ""Thermal intensity"", ""value"": 0.329, ""weight"": 0.15, ""contribution"": 0.0493, ""detail"": ""FRP 1.7 MW, 33th percentile""}, {""key"": ""persistence"", ""label"": ""Repeat detections"", ""value"": 0.2, ""weight"": 0.2, ""contribution"": 0.04, ""detail"": ""seen on 1 separate days""}, {""key"": ""physics"", ""label"": ""Combustion temperature"", ""value"": 0.0, ""weight"": 0.25, ""contribution"": 0.0, ""detail"": ""retrieved 416 K (smouldering)""}]",3.0,C23
5a8791248923,28.7444,76.92877,2026-09-23,2027,N,N20,VIIRS,VIIRS_NOAA20_NRT,n,0.48,0.4,28.74,76.93,1.32,309.74,296.43,,,437.0,0.012837821947262943,2464.9,192000.0,smouldering,False,False,ok,1.32,region,0.0,0.0,0.22275641025641027,3,3,1.0,0.6,0.6666666666666667,0.0,0.6,1.0,False,False,False,4.0,5.0,5.133,3.98,14.976,15.014,,0,0,0,0,osm|wri|gem,,0,0.0,F02049,,industrial_area,28.6987843,76.9207197,osm,1,unknown,,,,Near industrial activity,False,,False,0.0,0.0,0.6,1.0,0.22275641025641027,0.2534,0.2534,0.2466,0.6795,0.3153,0.3153,0.2842,Low,insufficient_evidence,Insufficient evidence,,"[{""key"": ""persistence"", ""label"": ""Repeat detections"", ""value"": 0.6, ""weight"": 0.2, ""contribution"": 0.12, ""detail"": ""seen on 3 separate days""}, {""key"": ""nocturnal"", ""label"": ""Burns at night"", ""value"": 1.0, ""weight"": 0.1, ""contribution"": 0.1, ""detail"": ""100% of detections at night""}, {""key"": ""intensity"", ""label"": ""Thermal intensity"", ""value"": 0.223, ""weight"": 0.15, ""contribution"": 0.0334, ""detail"": ""FRP 1.3 MW, 22th percentile""}, {""key"": ""corroboration"", ""label"": ""Registry corroboration"", ""value"": 0.0, ""weight"": 0.3, ""contribution"": 0.0, ""detail"": ""0 of 3 registries place infrastructure within 3 km""}, {""key"": ""physics"", ""label"": ""Combustion temperature"", ""value"": 0.0, ""weight"": 0.25, ""contribution"": 0.0, ""detail"": ""retrieved 437 K (smouldering)""}]",3.0,C24
6e63e416fc39,28.8934,78.85721,2026-09-23,2008,N,N,VIIRS,VIIRS_SNPP_NRT,n,0.57,0.52,28.89,78.86,0.75,304.01,293.6,,,419.7,0.012427847783816654,3683.6,296400.0,smouldering,False,False,ok,2.46,scene,-0.8737721202310438,0.0,0.07932692307692307,1,1,1.0,0.2,,0.0,0.2,1.0,False,False,False,1.0,5.0,17.357,85.491,29.408,17.357,,0,0,0,0,osm|wri|gem,,0,0.0,F03632,Lakhisarai power station (SPML),power_plant,28.8,79.0,gem,1,cancelled,1200.0,MW,Bihar,No registered industrial site nearby,False,,False,0.0,0.0,0.2,1.0,0.07932692307692307,0.1519,0.1519,0.2557,0.4671,0.2303,0.2303,0.1516,Low,insufficient_evidence,Insufficient evidence,,"[{""key"": ""nocturnal"", ""label"": ""Burns at night"", ""value"": 1.0, ""weight"": 0.1, ""contribution"": 0.1, ""detail"": ""100% of detections at night""}, {""key"": ""persistence"", ""label"": ""Repeat detections"", ""value"": 0.2, ""weight"": 0.2, ""contribution"": 0.04, ""detail"": ""seen on 1 separate days""}, {""key"": ""intensity"", ""label"": ""Thermal intensity"", ""value"": 0.079, ""weight"": 0.15, ""contribution"": 0.0119, ""detail"": ""FRP 0.8 MW, 8th percentile""}, {""key"": ""corroboration"", ""label"": ""Registry corroboration"", ""value"": 0.0, ""weight"": 0.3, ""contribution"": 0.0, ""detail"": ""0 of 3 registries place infrastructure within 3 km""}, {""key"": ""physics"", ""label"": ""Combustion temperature"", ""value"": 0.0, ""weight"": 0.25, ""contribution"": 0.0, ""detail"": ""retrieved 420 K (smouldering)""}]",3.0,C78
2da4c49575d2,28.89342,78.85453,2026-09-23,2027,N,N20,VIIRS,VIIRS_NOAA20_NRT,n,0.41,0.37,28.89,78.85,1.03,308.62,294.94,,,416.9,0.020134213686599834,3054.4,151700.0,smouldering,False,False,ok,2.46,scene,-0.7306983227663114,0.0,0.14903846153846154,1,1,1.0,0.2,,0.0,0.2,1.0,False,False,False,1.0,5.0,17.568,85.234,29.498,17.568,,0,0,0,0,osm|wri|gem,,0,0.0,F03632,Lakhisarai power station (SPML),power_plant,28.8,79.0,gem,1,cancelled,1200.0,MW,Bihar,No registered industrial site nearby,False,,False,0.0,0.0,0.2,1.0,0.14903846153846154,0.1624,0.1624,0.1316,0.4864,0.2018,0.2018,0.1457,Low,insufficient_evidence,Insufficient evidence,,"[{""key"": ""nocturnal"", ""label"": ""Burns at night"", ""value"": 1.0, ""weight"": 0.1, ""contribution"": 0.1, ""detail"": ""100% of detections at night""}, {""key"": ""persistence"", ""label"": ""Repeat detections"", ""value"": 0.2, ""weight"": 0.2, ""contribution"": 0.04, ""detail"": ""seen on 1 separate days""}, {""key"": ""intensity"", ""label"": ""Thermal intensity"", ""value"": 0.149, ""weight"": 0.15, ""contribution"": 0.0224, ""detail"": ""FRP 1.0 MW, 15th percentile""}, {""key"": ""corroboration"", ""label"": ""Registry corroboration"", ""value"": 0.0, ""weight"": 0.3, ""contribution"": 0.0, ""detail"": ""0 of 3 registries place infrastructure within 3 km""}, {""key"": ""physics"", ""label"": ""Combustion temperature"", ""value"": 0.0, ""weight"": 0.25, ""contribution"": 0.0, ""detail"": ""retrieved 417 K (smouldering)""}]",3.0,C78
1b68b818906f,28.92355,79.84691,2026-09-23,741,D,N,VIIRS,VIIRS_SNPP_NRT,n,0.48,0.4,28.92,79.85,3.88,330.51,296.67,,,,,,192000.0,unknown,False,False,weak_11um,2.46,scene,0.7255885442854282,0.24186284809514272,0.6875,1,1,0.0,0.2,,0.0,0.2,0.0,False,False,False,1.0,5.0,17.265,181.53,17.265,35.199,,0,0,0,0,osm|wri|gem,,0,0.0,F02734,KHATIMA,power_plant,28.9232,80.0243,wri,1,operating,41.4,MW,,No registered industrial site nearby,False,,False,0.0,0.25,0.2,0.0,0.6875,0.2056,0.2056,0.0291,0.1002,0.1368,0.1368,0.2308,Low,insufficient_evidence,Insufficient evidence,,"[{""key"": ""intensity"", ""label"": ""Thermal intensity"", ""value"": 0.688, ""weight"": 0.15, ""contribution"": 0.1031, ""detail"": ""FRP 3.9 MW, 69th percentile""}, {""key"": ""physics"", ""label"": ""Combustion temperature"", ""value"": 0.25, ""weight"": 0.25, ""contribution"": 0.0625, ""detail"": ""temperature retrieval unavailable""}, {""key"": ""persistence"", ""label"": ""Repeat detections"", ""value"": 0.2, ""weight"": 0.2, ""contribution"": 0.04, ""detail"": ""seen on 1 separate days""}, {""key"": ""corroboration"", ""label"": ""Registry corroboration"", ""value"": 0.0, ""weight"": 0.3, ""contribution"": 0.0, ""detail"": ""0 of 3 registries place infrastructure within 3 km""}, {""key"": ""nocturnal"", ""label"": ""Burns at night"", ""value"": 0.0, ""weight"": 0.1, ""contribution"": 0.0, ""detail"": ""0% of detections at night""}]",3.0,
c9212f6f8920,29.12406,75.77972,2026-09-23,2112,N,N21,VIIRS,VIIRS_NOAA21_NRT,n,0.5,0.49,29.12,75.78,2.21,309.24,297.07,,,,,,245000.0,unknown,False,False,weak_11um,2.46,scene,-0.12774446202208242,0.0,0.43990384615384615,1,1,1.0,0.2,,0.0,0.2,1.0,False,False,False,1.0,5.0,0.737,76.905,27.207,0.737,,0,0,1,0,osm|wri|gem,gem,1,0.3333,F03795,Jindal Stainless Hisar steel plant,steel,29.127253,75.773075,gem,1,operating,800.0,ttpa,Haryana,On a registered industrial site,False,,False,0.3333,0.25,0.2,1.0,0.43990384615384615,0.3685,0.3685,0.264,0.5216,0.3601,0.3601,0.246,Low,insufficient_evidence,Insufficient evidence,,"[{""key"": ""corroboration"", ""label"": ""Registry corroboration"", ""value"": 0.333, ""weight"": 0.3, ""contribution"": 0.1, ""detail"": ""1 of 3 registries place infrastructure within 3 km""}, {""key"": ""nocturnal"", ""label"": ""Burns at night"", ""value"": 1.0, ""weight"": 0.1, ""contribution"": 0.1, ""detail"": ""100% of detections at night""}, {""key"": ""intensity"", ""label"": ""Thermal intensity"", ""value"": 0.44, ""weight"": 0.15, ""contribution"": 0.066, ""detail"": ""FRP 2.2 MW, 44th percentile""}, {""key"": ""physics"", ""label"": ""Combustion temperature"", ""value"": 0.25, ""weight"": 0.25, ""contribution"": 0.0625, ""detail"": ""temperature retrieval unavailable""}, {""key"": ""persistence"", ""label"": ""Repeat detections"", ""value"": 0.2, ""weight"": 0.2, ""contribution"": 0.04, ""detail"": ""seen on 1 separate days""}]",3.0,
256d450d091e,29.13685,76.68494,2026-09-23,744,D,N,VIIRS,VIIRS_SNPP_NRT,n,0.46,0.47,29.14,76.68,2.46,330.54,302.62,,,609.2,0.0027087182062450403,585.6,216200.0,biomass_like,False,False,ok,2.46,scene,0.0,0.0,0.5,1,1,0.0,0.2,,0.0,0.2,0.0,False,False,False,1.0,5.0,27.889,27.889,33.345,34.419,,0,0,0,0,osm|wri|gem,,0,0.0,F02194,,industrial_area,28.8860604,76.6811606,osm,1,unknown,,,,No registered industrial site nearby,False,,False,0.0,0.0,0.2,0.0,0.5,0.115,0.115,0.02,0.2989,0.1141,0.1141,0.1413,Low,insufficient_evidence,Insufficient evidence,,"[{""key"": ""intensity"", ""label"": ""Thermal intensity"", ""value"": 0.5, ""weight"": 0.15, ""contribution"": 0.075, ""detail"": ""FRP 2.5 MW, 50th percentile""}, {""key"": ""persistence"", ""label"": ""Repeat detections"", ""value"": 0.2, ""weight"": 0.2, ""contribution"": 0.04, ""detail"": ""seen on 1 separate days""}, {""key"": ""corroboration"", ""label"": ""Registry corroboration"", ""value"": 0.0, ""weight"": 0.3, ""contribution"": 0.0, ""detail"": ""0 of 3 registries place infrastructure within 3 km""}, {""key"": ""physics"", ""label"": ""Combustion temperature"", ""value"": 0.0, ""weight"": 0.25, ""contribution"": 0.0, ""detail"": ""retrieved 609 K (biomass like)""}, {""key"": ""nocturnal"", ""label"": ""Burns at night"", ""value"": 0.0, ""weight"": 0.1, ""contribution"": 0.0, ""detail"": ""0% of detections at night""}]",3.0,
02d7d7e28248,29.77915,74.83432,2026-09-23,801,D,N20,VIIRS,VIIRS_NOAA20_NRT,n,0.41,0.37,29.78,74.83,2.45,339.14,305.63,,,556.3,0.00782908737999202,1187.7,151700.0,biomass_like,False,False,ok,2.46,scene,-0.005109778480883188,0.0,0.49599358974358976,1,1,0.0,0.2,,0.0,0.2,0.0,False,False,False,1.0,5.0,20.132,191.819,24.178,20.132,,0,0,0,0,osm|wri|gem,,0,0.0,F03774,Guru Gobind Singh Refinery power station,power_plant,29.924421,74.958902,gem,1,operating,165.0,MW,Punjab,No registered industrial site nearby,False,,False,0.0,0.0,0.2,0.0,0.49599358974358976,0.1144,0.1144,0.0,0.1002,0.078,0.078,0.1247,Low,insufficient_evidence,Insufficient evidence,,"[{""key"": ""intensity"", ""label"": ""Thermal intensity"", ""value"": 0.496, ""weight"": 0.15, ""contribution"": 0.0744, ""detail"": ""FRP 2.5 MW, 50th percentile""}, {""key"": ""persistence"", ""label"": ""Repeat detections"", ""value"": 0.2, ""weight"": 0.2, ""contribution"": 0.04, ""detail"": ""seen on 1 separate days""}, {""key"": ""corroboration"", ""label"": ""Registry corroboration"", ""value"": 0.0, ""weight"": 0.3, ""contribution"": 0.0, ""detail"": ""0 of 3 registries place infrastructure within 3 km""}, {""key"": ""physics"", ""label"": ""Combustion temperature"", ""value"": 0.0, ""weight"": 0.25, ""contribution"": 0.0, ""detail"": ""retrieved 556 K (biomass like)""}, {""key"": ""nocturnal"", ""label"": ""Burns at night"", ""value"": 0.0, ""weight"": 0.1, ""contribution"": 0.0, ""detail"": ""0% of detections at night""}]",3.0,C79
200ea70414a6,29.78665,74.83701,2026-09-23,801,D,N20,VIIRS,VIIRS_NOAA20_NRT,n,0.41,0.37,29.79,74.84,1.87,339.06,305.27,,,571.3,0.0065018492489546656,986.3,151700.0,biomass_like,False,False,ok,2.46,scene,-0.3014769303721144,0.0,0.38060897435897434,1,1,0.0,0.2,,0.0,0.2,0.0,False,False,False,1.0,5.0,19.31,192.036,23.481,19.31,,0,0,0,0,osm|wri|gem,,0,0.0,F03774,Guru Gobind Singh Refinery power station,power_plant,29.924421,74.958902,gem,1,operating,165.0,MW,Punjab,No registered industrial site nearby,False,,False,0.0,0.0,0.2,0.0,0.38060897435897434,0.0971,0.0971,0.0,0.2107,0.085,0.085,0.1163,Low,insufficient_evidence,Insufficient evidence,,"[{""key"": ""intensity"", ""label"": ""Thermal intensity"", ""value"": 0.381, ""weight"": 0.15, ""contribution"": 0.0571, ""detail"": ""FRP 1.9 MW, 38th percentile""}, {""key"": ""persistence"", ""label"": ""Repeat detections"", ""value"": 0.2, ""weight"": 0.2, ""contribution"": 0.04, ""detail"": ""seen on 1 separate days""}, {""key"": ""corroboration"", ""label"": ""Registry corroboration"", ""value"": 0.0, ""weight"": 0.3, ""contribution"": 0.0, ""detail"": ""0 of 3 registries place infrastructure within 3 km""}, {""key"": ""physics"", ""label"": ""Combustion temperature"", ""value"": 0.0, ""weight"": 0.25, ""contribution"": 0.0, ""detail"": ""retrieved 571 K (biomass like)""}, {""key"": ""nocturnal"", ""label"": ""Burns at night"", ""value"": 0.0, ""weight"": 0.1, ""contribution"": 0.0, ""detail"": ""0% of detections at night""}]",3.0,C79
c60882b60b37,30.12758,74.46244,2026-09-23,801,D,N20,VIIRS,VIIRS_NOAA20_NRT,n,0.42,0.38,30.13,74.46,11.09,350.12,305.79,,,,,,159600.0,unknown,False,False,weak_11um,2.46,scene,4.4097388290022845,1.0,0.9583333333333334,1,1,0.0,0.2,,0.0,0.2,0.0,False,False,False,1.0,5.0,11.286,243.014,11.286,45.952,,0,0,0,0,osm|wri|gem,,0,0.0,F02398,Bahadur Khera,power_plant,30.115,74.346,wri,1,operating,25.0,MW,,No registered industrial site nearby,False,,False,0.0,0.25,0.2,0.0,0.9583333333333334,0.2462,0.2462,0.1783,0.7171,0.2965,0.2965,0.5193,Moderate,insufficient_evidence,Insufficient evidence,,"[{""key"": ""intensity"", ""label"": ""Thermal intensity"", ""value"": 0.958, ""weight"": 0.15, ""contribution"": 0.1437, ""detail"": ""FRP 11.1 MW, 96th percentile""}, {""key"": ""physics"", ""label"": ""Combustion temperature"", ""value"": 0.25, ""weight"": 0.25, ""contribution"": 0.0625, ""detail"": ""temperature retrieval unavailable""}, {""key"": ""persistence"", ""label"": ""Repeat detections"", ""value"": 0.2, ""weight"": 0.2, ""contribution"": 0.04, ""detail"": ""seen on 1 separate days""}, {""key"": ""corroboration"", ""label"": ""Registry corroboration"", ""value"": 0.0, ""weight"": 0.3, ""contribution"": 0.0, ""detail"": ""0 of 3 registries place infrastructure within 3 km""}, {""key"": ""nocturnal"", ""label"": ""Burns at night"", ""value"": 0.0, ""weight"": 0.1, ""contribution"": 0.0, ""detail"": ""0% of detections at night""}]",3.0,
eec536d650c6,30.25396,74.25399,2026-09-23,801,D,N20,VIIRS,VIIRS_NOAA20_NRT,n,0.43,0.38,30.25,74.25,4.92,338.16,305.08,,,,,,163400.0,unknown,False,False,weak_11um,2.46,scene,1.2570055062972911,0.41900183543243036,0.7836538461538461,1,1,0.0,0.2,,0.0,0.2,0.0,False,False,False,1.0,5.0,0.361,267.485,0.361,64.439,,0,1,0,0,osm|wri|gem,wri,1,0.3333,F02982,Muradwala Dalsingh,power_plant,30.252,74.251,wri,1,operating,21.0,MW,,On a registered industrial site,False,,False,0.3333,0.25,0.2,0.0,0.7836538461538461,0.32,0.32,0.0518,0.863,0.321,0.321,0.3676,Moderate,insufficient_evidence,Insufficient evidence,,"[{""key"": ""intensity"", ""label"": ""Thermal intensity"", ""value"": 0.784, ""weight"": 0.15, ""contribution"": 0.1175, ""detail"": ""FRP 4.9 MW, 78th percentile""}, {""key"": ""corroboration"", ""label"": ""Registry corroboration"", ""value"": 0.333, ""weight"": 0.3, ""contribution"": 0.1, ""detail"": ""1 of 3 registries place infrastructure within 3 km""}, {""key"": ""physics"", ""label"": ""Combustion temperature"", ""value"": 0.25, ""weight"": 0.25, ""contribution"": 0.0625, ""detail"": ""temperature retrieval unavailable""}, {""key"": ""persistence"", ""label"": ""Repeat detections"", ""value"": 0.2, ""weight"": 0.2, ""contribution"": 0.04, ""detail"": ""seen on 1 separate days""}, {""key"": ""nocturnal"", ""label"": ""Burns at night"", ""value"": 0.0, ""weight"": 0.1, ""contribution"": 0.0, ""detail"": ""0% of detections at night""}]",3.0,
456410cce436,30.49965,75.93306,2026-09-23,848,D,N21,VIIRS,VIIRS_NOAA21_NRT,n,0.44,0.63,30.5,75.93,12.66,346.53,297.92,,,,,,277200.0,unknown,False,False,weak_11um,2.46,scene,5.211974050500963,1.0,0.9711538461538461,1,1,0.0,0.2,,0.0,0.2,0.0,False,False,False,1.0,5.0,28.414,188.003,32.325,28.414,,0,0,0,0,osm|wri|gem,,0,0.0,F03561,Gobindpura power station,power_plant,30.719984,76.083426,gem,1,cancelled,1350.0,MW,Punjab,No registered industrial site nearby,False,,False,0.0,0.25,0.2,0.0,0.9711538461538461,0.2482,0.2482,0.1462,0.8085,0.3016,0.3016,0.5228,Moderate,insufficient_evidence,Insufficient evidence,,"[{""key"": ""intensity"", ""label"": ""Thermal intensity"", ""value"": 0.971, ""weight"": 0.15, ""contribution"": 0.1457, ""detail"": ""FRP 12.7 MW, 97th percentile""}, {""key"": ""physics"", ""label"": ""Combustion temperature"", ""value"": 0.25, ""weight"": 0.25, ""contribution"": 0.0625, ""detail"": ""temperature retrieval unavailable""}, {""key"": ""persistence"", ""label"": ""Repeat detections"", ""value"": 0.2, ""weight"": 0.2, ""contribution"": 0.04, ""detail"": ""seen on 1 separate days""}, {""key"": ""corroboration"", ""label"": ""Registry corroboration"", ""value"": 0.0, ""weight"": 0.3, ""contribution"": 0.0, ""detail"": ""0 of 3 registries place infrastructure within 3 km""}, {""key"": ""nocturnal"", ""label"": ""Burns at night"", ""value"": 0.0, ""weight"": 0.1, ""contribution"": 0.0, ""detail"": ""0% of detections at night""}]",3.0,C80
ecc3facea97c,30.50104,75.93659,2026-09-23,848,D,N21,VIIRS,VIIRS_NOAA21_NRT,n,0.44,0.63,30.5,75.94,8.51,336.25,296.76,,,,,,277200.0,unknown,False,False,weak_11um,2.46,scene,3.0914159809343946,1.0,0.9262820512820513,1,1,0.0,0.2,,0.0,0.2,0.0,False,False,False,1.0,5.0,28.11,188.042,31.979,28.11,,0,0,0,0,osm|wri|gem,,0,0.0,F03561,Gobindpura power station,power_plant,30.719984,76.083426,gem,1,cancelled,1350.0,MW,Punjab,No registered industrial site nearby,False,,False,0.0,0.25,0.2,0.0,0.9262820512820513,0.2414,0.2414,0.0476,0.5745,0.2332,0.2332,0.4876,Moderate,insufficient_evidence,Insufficient evidence,,"[{""key"": ""intensity"", ""label"": ""Thermal intensity"", ""value"": 0.926, ""weight"": 0.15, ""contribution"": 0.1389, ""detail"": ""FRP 8.5 MW, 93th percentile""}, {""key"": ""physics"", ""label"": ""Combustion temperature"", ""value"": 0.25, ""weight"": 0.25, ""contribution"": 0.0625, ""detail"": ""temperature retrieval unavailable""}, {""key"": ""persistence"", ""label"": ""Repeat detections"", ""value"": 0.2, ""weight"": 0.2, ""contribution"": 0.04, ""detail"": ""seen on 1 separate days""}, {""key"": ""corroboration"", ""label"": ""Registry corroboration"", ""value"": 0.0, ""weight"": 0.3, ""contribution"": 0.0, ""detail"": ""0 of 3 registries place infrastructure within 3 km""}, {""key"": ""nocturnal"", ""label"": ""Burns at night"", ""value"": 0.0, ""weight"": 0.1, ""contribution"": 0.0, ""detail"": ""0% of detections at night""}]",3.0,C80
68dc7fe64e3b,30.51824,77.20013,2026-09-23,2008,N,N,VIIRS,VIIRS_SNPP_NRT,n,0.37,0.58,30.52,77.2,0.55,303.62,291.76,,,418.0,0.014227612384160832,3053.2,214600.0,smouldering,False,False,ok,2.46,scene,-0.9759676898487097,0.0,0.022435897435897436,1,1,1.0,0.2,,0.0,0.2,1.0,False,False,False,1.0,5.0,28.45,170.743,28.45,47.26,,0,0,0,0,osm|wri|gem,,0,0.0,F02588,GIRI BATA,power_plant,30.5307,77.4968,wri,1,operating,60.0,MW,,No registered industrial site nearby,False,,False,0.0,0.0,0.2,1.0,0.022435897435897436,0.1434,0.1434,0.1316,0.5881,0.2066,0.2066,0.1352,Low,insufficient_evidence,Insufficient evidence,,"[{""key"": ""nocturnal"", ""label"": ""Burns at night"", ""value"": 1.0, ""weight"": 0.1, ""contribution"": 0.1, ""detail"": ""100% of detections at night""}, {""key"": ""persistence"", ""label"": ""Repeat detections"", ""value"": 0.2, ""weight"": 0.2, ""contribution"": 0.04, ""detail"": ""seen on 1 separate days""}, {""key"": ""intensity"", ""label"": ""Thermal intensity"", ""value"": 0.022, ""weight"": 0.15, ""contribution"": 0.0034, ""detail"": ""FRP 0.6 MW, 2th percentile""}, {""key"": ""corroboration"", ""label"": ""Registry corroboration"", ""value"": 0.0, ""weight"": 0.3, ""contribution"": 0.0, ""detail"": ""0 of 3 registries place infrastructure within 3 km""}, {""key"": ""physics"", ""label"": ""Combustion temperature"", ""value"": 0.0, ""weight"": 0.25, ""contribution"": 0.0, ""detail"": ""retrieved 418 K (smouldering)""}]",3.0,
8b533733aa4c,30.57632,76.99915,2026-09-23,744,D,N,VIIRS,VIIRS_SNPP_NRT,n,0.42,0.45,30.58,77.0,3.45,336.76,300.94,,,,,,189000.0,unknown,False,False,weak_11um,2.46,scene,0.5058680696074466,0.16862268986914886,0.6290064102564102,1,1,0.0,0.2,,0.0,0.2,0.0,False,False,False,1.0,5.0,28.372,176.533,28.372,40.407,,0,0,0,0,osm|wri|gem,,0,0.0,F02819,Khera,power_plant,30.81,76.88,wri,1,operating,5.0,MW,,No registered industrial site nearby,False,,False,0.0,0.25,0.2,0.0,0.6290064102564102,0.1969,0.1969,0.0,0.0264,0.1123,0.1123,0.1956,Low,insufficient_evidence,Insufficient evidence,,"[{""key"": ""intensity"", ""label"": ""Thermal intensity"", ""value"": 0.629, ""weight"": 0.15, ""contribution"": 0.0944, ""detail"": ""FRP 3.5 MW, 63th percentile""}, {""key"": ""physics"", ""label"": ""Combustion temperature"", ""value"": 0.25, ""weight"": 0.25, ""contribution"": 0.0625, ""detail"": ""temperature retrieval unavailable""}, {""key"": ""persistence"", ""label"": ""Repeat detections"", ""value"": 0.2, ""weight"": 0.2, ""contribution"": 0.04, ""detail"": ""seen on 1 separate days""}, {""key"": ""corroboration"", ""label"": ""Registry corroboration"", ""value"": 0.0, ""weight"": 0.3, ""contribution"": 0.0, ""detail"": ""0 of 3 registries place infrastructure within 3 km""}, {""key"": ""nocturnal"", ""label"": ""Burns at night"", ""value"": 0.0, ""weight"": 0.1, ""contribution"": 0.0, ""detail"": ""0% of detections at night""}]",3.0,
e689f1e2c010,30.89486,74.52944,2026-09-23,848,D,N21,VIIRS,VIIRS_NOAA21_NRT,n,0.37,0.58,30.89,74.53,4.06,338.76,297.08,,,,,,214600.0,unknown,False,False,weak_11um,2.46,scene,0.8175645569413273,0.27252151898044247,0.7027243589743589,1,1,0.0,0.2,,0.0,0.2,0.0,False,False,False,1.0,5.0,48.961,295.401,48.961,80.055,,0,0,0,0,osm|wri|gem,,0,0.0,F02625,Grewal Solar Power Plant,power_plant,30.4613,74.6188,wri,1,operating,1.8,MW,,No registered industrial site nearby,False,,False,0.0,0.25,0.2,0.0,0.7027243589743589,0.2079,0.2079,0.0424,0.3438,0.1786,0.1786,0.2588,Low,insufficient_evidence,Insufficient evidence,,"[{""key"": ""intensity"", ""label"": ""Thermal intensity"", ""value"": 0.703, ""weight"": 0.15, ""contribution"": 0.1054, ""detail"": ""FRP 4.1 MW, 70th percentile""}, {""key"": ""physics"", ""label"": ""Combustion temperature"", ""value"": 0.25, ""weight"": 0.25, ""contribution"": 0.0625, ""detail"": ""temperature retrieval unavailable""}, {""key"": ""persistence"", ""label"": ""Repeat detections"", ""value"": 0.2, ""weight"": 0.2, ""contribution"": 0.04, ""detail"": ""seen on 1 separate days""}, {""key"": ""corroboration"", ""label"": ""Registry corroboration"", ""value"": 0.0, ""weight"": 0.3, ""contribution"": 0.0, ""detail"": ""0 of 3 registries place infrastructure within 3 km""}, {""key"": ""nocturnal"", ""label"": ""Burns at night"", ""value"": 0.0, ""weight"": 0.1, ""contribution"": 0.0, ""detail"": ""0% of detections at night""}]",3.0,
6a2459e8a29b,31.25913,76.92434,2026-09-23,2025,N,N20,VIIRS,VIIRS_NOAA20_NRT,n,0.51,0.41,31.26,76.92,1.22,301.03,290.38,,,456.7,0.004967612499624057,1038.7,209100.0,smouldering,False,False,ok,1.24,cell,-0.040000000000000036,0.0,0.19631410256410256,4,4,1.0,0.8,1.0,0.5489060625407045,0.8,1.0,False,False,False,4.0,5.0,14.411,252.657,14.411,40.363,,0,0,0,0,osm|wri|gem,,0,0.0,F02742,KOLDAM,power_plant,31.382,76.8761,wri,1,operating,800.0,MW,,No registered industrial site nearby,False,,False,0.0,0.0,0.8,1.0,0.19631410256410256,0.2894,0.2894,0.264,0.6354,0.3337,0.3337,0.3298,Low,insufficient_evidence,Insufficient evidence,,"[{""key"": ""persistence"", ""label"": ""Repeat detections"", ""value"": 0.8, ""weight"": 0.2, ""contribution"": 0.16, ""detail"": ""seen on 4 separate days""}, {""key"": ""nocturnal"", ""label"": ""Burns at night"", ""value"": 1.0, ""weight"": 0.1, ""contribution"": 0.1, ""detail"": ""100% of detections at night""}, {""key"": ""intensity"", ""label"": ""Thermal intensity"", ""value"": 0.196, ""weight"": 0.15, ""contribution"": 0.0294, ""detail"": ""FRP 1.2 MW, 20th percentile""}, {""key"": ""corroboration"", ""label"": ""Registry corroboration"", ""value"": 0.0, ""weight"": 0.3, ""contribution"": 0.0, ""detail"": ""0 of 3 registries place infrastructure within 3 km""}, {""key"": ""physics"", ""label"": ""Combustion temperature"", ""value"": 0.0, ""weight"": 0.25, ""contribution"": 0.0, ""detail"": ""retrieved 457 K (smouldering)""}]",3.0,C7
e2bc8d7eaf9f,31.45688,74.87747,2026-09-23,801,D,N20,VIIRS,VIIRS_NOAA20_NRT,n,0.4,0.37,31.46,74.88,3.83,332.45,299.69,,,623.5,0.0028581623873312227,423.0,148000.0,biomass_like,False,False,ok,2.46,scene,0.7000396518810118,0.23334655062700393,0.6778846153846154,1,1,0.0,0.2,,0.0,0.2,0.0,False,False,False,1.0,5.0,26.778,326.933,26.771,26.779,,0,0,0,0,osm|wri|gem,,0,0.0,F02591,GOINDWAL SAHIB TPP,power_plant,31.384132,75.1464824,gem|wri,2,operating,2400.0,MW,Punjab,No registered industrial site nearby,False,,False,0.0,0.0,0.2,0.0,0.6778846153846154,0.1417,0.1417,0.02,0.3101,0.1304,0.1304,0.2248,Low,insufficient_evidence,Insufficient evidence,,"[{""key"": ""intensity"", ""label"": ""Thermal intensity"", ""value"": 0.678, ""weight"": 0.15, ""contribution"": 0.1017, ""detail"": ""FRP 3.8 MW, 68th percentile""}, {""key"": ""persistence"", ""label"": ""Repeat detections"", ""value"": 0.2, ""weight"": 0.2, ""contribution"": 0.04, ""detail"": ""seen on 1 separate days""}, {""key"": ""corroboration"", ""label"": ""Registry corroboration"", ""value"": 0.0, ""weight"": 0.3, ""contribution"": 0.0, ""detail"": ""0 of 3 registries place infrastructure within 3 km""}, {""key"": ""physics"", ""label"": ""Combustion temperature"", ""value"": 0.0, ""weight"": 0.25, ""contribution"": 0.0, ""detail"": ""retrieved 624 K (biomass like)""}, {""key"": ""nocturnal"", ""label"": ""Burns at night"", ""value"": 0.0, ""weight"": 0.1, ""contribution"": 0.0, ""detail"": ""0% of detections at night""}]",3.0,C81
67c2a3652c62,31.48882,75.05522,2026-09-23,2110,N,N21,VIIRS,VIIRS_NOAA21_NRT,n,0.41,0.45,31.49,75.06,2.03,311.48,294.42,,,,,,184500.0,unknown,False,False,weak_11um,2.53,region,-0.3494770774490131,0.0,0.40064102564102566,1,1,1.0,0.2,,0.0,0.2,1.0,False,False,False,1.0,5.0,14.508,322.062,14.506,14.508,,0,0,0,0,osm|wri|gem,,0,0.0,F02591,GOINDWAL SAHIB TPP,power_plant,31.384132,75.1464824,gem|wri,2,operating,2400.0,MW,Punjab,No registered industrial site nearby,False,,False,0.0,0.25,0.2,1.0,0.40064102564102566,0.2626,0.2626,0.21,0.1675,0.2326,0.2326,0.1847,Low,insufficient_evidence,Insufficient evidence,,"[{""key"": ""nocturnal"", ""label"": ""Burns at night"", ""value"": 1.0, ""weight"": 0.1, ""contribution"": 0.1, ""detail"": ""100% of detections at night""}, {""key"": ""physics"", ""label"": ""Combustion temperature"", ""value"": 0.25, ""weight"": 0.25, ""contribution"": 0.0625, ""detail"": ""temperature retrieval unavailable""}, {""key"": ""intensity"", ""label"": ""Thermal intensity"", ""value"": 0.401, ""weight"": 0.15, ""contribution"": 0.0601, ""detail"": ""FRP 2.0 MW, 40th percentile""}, {""key"": ""persistence"", ""label"": ""Repeat detections"", ""value"": 0.2, ""weight"": 0.2, ""contribution"": 0.04, ""detail"": ""seen on 1 separate days""}, {""key"": ""corroboration"", ""label"": ""Registry corroboration"", ""value"": 0.0, ""weight"": 0.3, ""contribution"": 0.0, ""detail"": ""0 of 3 registries place infrastructure within 3 km""}]",3.0,C16
ab18d307cb92,31.48888,75.05453,2026-09-23,2025,N,N20,VIIRS,VIIRS_NOAA20_NRT,n,0.42,0.46,31.49,75.05,1.95,320.27,294.66,,,,,,193200.0,unknown,False,False,weak_11um,2.53,region,-0.4053934098408551,0.0,0.3942307692307692,2,2,1.0,0.4,,0.0,0.4,1.0,False,False,False,2.0,5.0,14.552,322.097,14.55,14.553,,0,0,0,0,osm|wri|gem,,0,0.0,F02591,GOINDWAL SAHIB TPP,power_plant,31.384132,75.1464824,gem|wri,2,operating,2400.0,MW,Punjab,No registered industrial site nearby,False,,False,0.0,0.25,0.4,1.0,0.3942307692307692,0.3016,0.3016,0.121,0.7668,0.3172,0.3172,0.2622,Low,insufficient_evidence,Insufficient evidence,,"[{""key"": ""nocturnal"", ""label"": ""Burns at night"", ""value"": 1.0, ""weight"": 0.1, ""contribution"": 0.1, ""detail"": ""100% of detections at night""}, {""key"": ""persistence"", ""label"": ""Repeat detections"", ""value"": 0.4, ""weight"": 0.2, ""contribution"": 0.08, ""detail"": ""seen on 2 separate days""}, {""key"": ""physics"", ""label"": ""Combustion temperature"", ""value"": 0.25, ""weight"": 0.25, ""contribution"": 0.0625, ""detail"": ""temperature retrieval unavailable""}, {""key"": ""intensity"", ""label"": ""Thermal intensity"", ""value"": 0.394, ""weight"": 0.15, ""contribution"": 0.0591, ""detail"": ""FRP 1.9 MW, 39th percentile""}, {""key"": ""corroboration"", ""label"": ""Registry corroboration"", ""value"": 0.0, ""weight"": 0.3, ""contribution"": 0.0, ""detail"": ""0 of 3 registries place infrastructure within 3 km""}]",3.0,C16
a61597bff76b,31.68953,75.25529,2026-09-23,803,D,N20,VIIRS,VIIRS_NOAA20_NRT,n,0.39,0.36,31.69,75.26,5.6,345.18,300.61,,,677.2,0.0032070041871243267,450.3,140400.0,biomass_like,False,False,ok,2.46,scene,1.604470442997355,0.5348234809991184,0.8277243589743589,1,1,0.0,0.2,,0.0,0.2,0.0,False,False,False,1.0,5.0,17.533,334.543,17.507,35.488,,0,0,0,0,osm|wri|gem,,0,0.0,F02420,Beas,power_plant,31.5456,75.3309,wri,1,operating,19.6,MW,,No registered industrial site nearby,False,,False,0.0,0.0,0.2,0.0,0.8277243589743589,0.1642,0.1642,0.0291,0.4832,0.1715,0.1715,0.3337,Low,insufficient_evidence,Insufficient evidence,,"[{""key"": ""intensity"", ""label"": ""Thermal intensity"", ""value"": 0.828, ""weight"": 0.15, ""contribution"": 0.1242, ""detail"": ""FRP 5.6 MW, 83th percentile""}, {""key"": ""persistence"", ""label"": ""Repeat detections"", ""value"": 0.2, ""weight"": 0.2, ""contribution"": 0.04, ""detail"": ""seen on 1 separate days""}, {""key"": ""corroboration"", ""label"": ""Registry corroboration"", ""value"": 0.0, ""weight"": 0.3, ""contribution"": 0.0, ""detail"": ""0 of 3 registries place infrastructure within 3 km""}, {""key"": ""physics"", ""label"": ""Combustion temperature"", ""value"": 0.0, ""weight"": 0.25, ""contribution"": 0.0, ""detail"": ""retrieved 677 K (biomass like)""}, {""key"": ""nocturnal"", ""label"": ""Burns at night"", ""value"": 0.0, ""weight"": 0.1, ""contribution"": 0.0, ""detail"": ""0% of detections at night""}]",3.0,
9656cb6f57bc,31.7521,74.68208,2026-09-23,803,D,N20,VIIRS,VIIRS_NOAA20_NRT,n,0.4,0.37,31.75,74.68,1.82,332.46,299.76,,,639.5,0.0024351276800567124,360.4,148000.0,biomass_like,False,False,ok,3.1,region,-1.0791852151625523,0.0,0.36698717948717946,1,1,0.0,0.2,,0.0,0.2,0.0,False,False,False,1.0,5.0,60.083,364.615,60.079,60.083,,0,0,0,0,osm|wri|gem,,0,0.0,F02591,GOINDWAL SAHIB TPP,power_plant,31.384132,75.1464824,gem|wri,2,operating,2400.0,MW,Punjab,No registered industrial site nearby,False,,False,0.0,0.0,0.2,0.0,0.36698717948717946,0.095,0.095,0.0291,0.6715,0.1617,0.1617,0.1495,Low,insufficient_evidence,Insufficient evidence,,"[{""key"": ""intensity"", ""label"": ""Thermal intensity"", ""value"": 0.367, ""weight"": 0.15, ""contribution"": 0.055, ""detail"": ""FRP 1.8 MW, 37th percentile""}, {""key"": ""persistence"", ""label"": ""Repeat detections"", ""value"": 0.2, ""weight"": 0.2, ""contribution"": 0.04, ""detail"": ""seen on 1 separate days""}, {""key"": ""corroboration"", ""label"": ""Registry corroboration"", ""value"": 0.0, ""weight"": 0.3, ""contribution"": 0.0, ""detail"": ""0 of 3 registries place infrastructure within 3 km""}, {""key"": ""physics"", ""label"": ""Combustion temperature"", ""value"": 0.0, ""weight"": 0.25, ""contribution"": 0.0, ""detail"": ""retrieved 640 K (biomass like)""}, {""key"": ""nocturnal"", ""label"": ""Burns at night"", ""value"": 0.0, ""weight"": 0.1, ""contribution"": 0.0, ""detail"": ""0% of detections at night""}]",3.0,
e0df41e1b341,31.8049,75.02044,2026-09-23,803,D,N20,VIIRS,VIIRS_NOAA20_NRT,n,0.4,0.37,31.8,75.02,3.42,336.74,301.02,,,582.7,0.005492622210847482,812.9,148000.0,biomass_like,False,False,ok,2.46,scene,0.4905387341647965,0.16351291138826549,0.6193910256410257,1,1,0.0,0.2,,0.0,0.2,0.0,False,False,False,1.0,5.0,41.164,355.147,41.15,48.286,,0,0,0,0,osm|wri|gem,,0,0.0,F02420,Beas,power_plant,31.5456,75.3309,wri,1,operating,19.6,MW,,No registered industrial site nearby,False,,False,0.0,0.0,0.2,0.0,0.6193910256410257,0.1329,0.1329,0.02,0.2404,0.1152,0.1152,0.1947,Low,insufficient_evidence,Insufficient evidence,,"[{""key"": ""intensity"", ""label"": ""Thermal intensity"", ""value"": 0.619, ""weight"": 0.15, ""contribution"": 0.0929, ""detail"": ""FRP 3.4 MW, 62th percentile""}, {""key"": ""persistence"", ""label"": ""Repeat detections"", ""value"": 0.2, ""weight"": 0.2, ""contribution"": 0.04, ""detail"": ""seen on 1 separate days""}, {""key"": ""corroboration"", ""label"": ""Registry corroboration"", ""value"": 0.0, ""weight"": 0.3, ""contribution"": 0.0, ""detail"": ""0 of 3 registries place infrastructure within 3 km""}, {""key"": ""physics"", ""label"": ""Combustion temperature"", ""value"": 0.0, ""weight"": 0.25, ""contribution"": 0.0, ""detail"": ""retrieved 583 K (biomass like)""}, {""key"": ""nocturnal"", ""label"": ""Burns at night"", ""value"": 0.0, ""weight"": 0.1, ""contribution"": 0.0, ""detail"": ""0% of detections at night""}]",3.0,
0b8e85fbaadd,31.87357,74.69193,2026-09-23,744,D,N,VIIRS,VIIRS_SNPP_NRT,n,0.53,0.5,31.87,74.69,5.08,340.2,297.89,,,,,,265000.0,unknown,False,False,weak_11um,2.61,region,1.4874930142028486,0.4958310047342829,0.7884615384615384,1,1,0.0,0.2,,0.0,0.2,0.0,False,False,False,1.0,5.0,69.383,375.939,69.381,69.383,,0,0,0,0,osm|wri|gem,,0,0.0,F02591,GOINDWAL SAHIB TPP,power_plant,31.384132,75.1464824,gem|wri,2,operating,2400.0,MW,Punjab,No registered industrial site nearby,False,,False,0.0,0.25,0.2,0.0,0.7884615384615384,0.2208,0.2208,0.0291,0.4816,0.2024,0.2024,0.3339,Low,insufficient_evidence,Insufficient evidence,,"[{""key"": ""intensity"", ""label"": ""Thermal intensity"", ""value"": 0.788, ""weight"": 0.15, ""contribution"": 0.1183, ""detail"": ""FRP 5.1 MW, 79th percentile""}, {""key"": ""physics"", ""label"": ""Combustion temperature"", ""value"": 0.25, ""weight"": 0.25, ""contribution"": 0.0625, ""detail"": ""temperature retrieval unavailable""}, {""key"": ""persistence"", ""label"": ""Repeat detections"", ""value"": 0.2, ""weight"": 0.2, ""contribution"": 0.04, ""detail"": ""seen on 1 separate days""}, {""key"": ""corroboration"", ""label"": ""Registry corroboration"", ""value"": 0.0, ""weight"": 0.3, ""contribution"": 0.0, ""detail"": ""0 of 3 registries place infrastructure within 3 km""}, {""key"": ""nocturnal"", ""label"": ""Burns at night"", ""value"": 0.0, ""weight"": 0.1, ""contribution"": 0.0, ""detail"": ""0% of detections at night""}]",3.0,C8
e195af054f77,9.84346,77.56191,2026-09-24,822,D,N21,VIIRS,VIIRS_NOAA21_NRT,n,0.48,0.4,9.84,77.56,4.39,336.01,278.46,,,,,,192000.0,unknown,False,False,weak_11um,2.46,scene,0.9861872468104762,0.32872908227015873,0.7291666666666666,1,1,0.0,0.2,,0.0,0.2,0.0,False,False,False,1.0,5.0,12.639,393.184,12.639,116.947,,0,0,0,0,osm|wri|gem,,0,0.0,F03325,TVS Kunnur Wind Farm,power_plant,9.9438,77.5077,wri,1,operating,9.35,MW,,No registered industrial site nearby,False,,False,0.0,0.25,0.2,0.0,0.7291666666666666,0.2119,0.2119,0.0377,0.2484,0.1651,0.1651,0.2694,Low,insufficient_evidence,Insufficient evidence,,"[{""key"": ""intensity"", ""label"": ""Thermal intensity"", ""value"": 0.729, ""weight"": 0.15, ""contribution"": 0.1094, ""detail"": ""FRP 4.4 MW, 73th percentile""}, {""key"": ""physics"", ""label"": ""Combustion temperature"", ""value"": 0.25, ""weight"": 0.25, ""contribution"": 0.0625, ""detail"": ""temperature retrieval unavailable""}, {""key"": ""persistence"", ""label"": ""Repeat detections"", ""value"": 0.2, ""weight"": 0.2, ""contribution"": 0.04, ""detail"": ""seen on 1 separate days""}, {""key"": ""corroboration"", ""label"": ""Registry corroboration"", ""value"": 0.0, ""weight"": 0.3, ""contribution"": 0.0, ""detail"": ""0 of 3 registries place infrastructure within 3 km""}, {""key"": ""nocturnal"", ""label"": ""Burns at night"", ""value"": 0.0, ""weight"": 0.1, ""contribution"": 0.0, ""detail"": ""0% of detections at night""}]",3.0,
4b2975f8b988,9.89183,77.87449,2026-09-24,822,D,N21,VIIRS,VIIRS_NOAA21_NRT,n,0.5,0.41,9.89,77.87,2.21,332.3,289.23,,,,,,205000.0,unknown,False,False,weak_11um,2.46,scene,-0.12774446202208242,0.0,0.43990384615384615,1,1,0.0,0.2,,0.0,0.2,0.0,False,False,False,1.0,5.0,13.782,369.839,13.782,98.791,,0,0,0,0,osm|wri|gem,,0,0.0,F02694,Jambalapuram,power_plant,9.81,77.78,wri,1,operating,20.0,MW,,No registered industrial site nearby,False,,False,0.0,0.25,0.2,0.0,0.43990384615384615,0.1685,0.1685,0.0,0.1498,0.1151,0.1151,0.1358,Low,insufficient_evidence,Insufficient evidence,,"[{""key"": ""intensity"", ""label"": ""Thermal intensity"", ""value"": 0.44, ""weight"": 0.15, ""contribution"": 0.066, ""detail"": ""FRP 2.2 MW, 44th percentile""}, {""key"": ""physics"", ""label"": ""Combustion temperature"", ""value"": 0.25, ""weight"": 0.25, ""contribution"": 0.0625, ""detail"": ""temperature retrieval unavailable""}, {""key"": ""persistence"", ""label"": ""Repeat detections"", ""value"": 0.2, ""weight"": 0.2, ""contribution"": 0.04, ""detail"": ""seen on 1 separate days""}, {""key"": ""corroboration"", ""label"": ""Registry corroboration"", ""value"": 0.0, ""weight"": 0.3, ""contribution"": 0.0, ""detail"": ""0 of 3 registries place infrastructure within 3 km""}, {""key"": ""nocturnal"", ""label"": ""Burns at night"", ""value"": 0.0, ""weight"": 0.1, ""contribution"": 0.0, ""detail"": ""0% of detections at night""}]",3.0,
e65d8b2952ab,11.55362,77.24593,2026-09-24,2014,N,N20,VIIRS,VIIRS_NOAA20_NRT,n,0.51,0.41,11.55,77.25,1.51,308.43,271.48,,,,,,209100.0,unknown,False,False,weak_11um,2.46,scene,-0.4854289556839132,0.0,0.27403846153846156,1,1,1.0,0.2,,0.0,0.2,1.0,False,False,False,1.0,5.0,50.207,292.357,50.207,66.469,,0,0,0,0,osm|wri|gem,,0,0.0,F03343,Thekkampatty,power_plant,11.25,76.905,wri,1,operating,4.9,MW,,No registered industrial site nearby,False,,False,0.0,0.25,0.2,1.0,0.27403846153846156,0.2436,0.2436,0.3072,0.6298,0.3206,0.3206,0.2117,Low,insufficient_evidence,Insufficient evidence,,"[{""key"": ""nocturnal"", ""label"": ""Burns at night"", ""value"": 1.0, ""weight"": 0.1, ""contribution"": 0.1, ""detail"": ""100% of detections at night""}, {""key"": ""physics"", ""label"": ""Combustion temperature"", ""value"": 0.25, ""weight"": 0.25, ""contribution"": 0.0625, ""detail"": ""temperature retrieval unavailable""}, {""key"": ""intensity"", ""label"": ""Thermal intensity"", ""value"": 0.274, ""weight"": 0.15, ""contribution"": 0.0411, ""detail"": ""FRP 1.5 MW, 27th percentile""}, {""key"": ""persistence"", ""label"": ""Repeat detections"", ""value"": 0.2, ""weight"": 0.2, ""contribution"": 0.04, ""detail"": ""seen on 1 separate days""}, {""key"": ""corroboration"", ""label"": ""Registry corroboration"", ""value"": 0.0, ""weight"": 0.3, ""contribution"": 0.0, ""detail"": ""0 of 3 registries place infrastructure within 3 km""}]",3.0,
bc9fd20ff722,14.46794,76.67125,2026-09-24,824,D,N21,VIIRS,VIIRS_NOAA21_NRT,n,0.49,0.4,14.47,76.67,7.91,335.09,298.18,,,,,,196000.0,unknown,False,False,weak_11um,2.46,scene,2.784829272081397,0.9282764240271324,0.9150641025641025,1,1,0.0,0.2,,0.0,0.2,0.0,False,False,False,1.0,5.0,13.026,317.748,13.026,35.034,,0,0,0,0,osm|wri|gem,,0,0.0,F03403,Varavoo Kaval Today,power_plant,14.377,76.595,wri,1,operating,70.0,MW,,No registered industrial site nearby,False,,False,0.0,0.25,0.2,0.0,0.9150641025641025,0.2398,0.2398,0.0091,0.4816,0.2069,0.2069,0.4567,Moderate,insufficient_evidence,Insufficient evidence,,"[{""key"": ""intensity"", ""label"": ""Thermal intensity"", ""value"": 0.915, ""weight"": 0.15, ""contribution"": 0.1373, ""detail"": ""FRP 7.9 MW, 92th percentile""}, {""key"": ""physics"", ""label"": ""Combustion temperature"", ""value"": 0.25, ""weight"": 0.25, ""contribution"": 0.0625, ""detail"": ""temperature retrieval unavailable""}, {""key"": ""persistence"", ""label"": ""Repeat detections"", ""value"": 0.2, ""weight"": 0.2, ""contribution"": 0.04, ""detail"": ""seen on 1 separate days""}, {""key"": ""corroboration"", ""label"": ""Registry corroboration"", ""value"": 0.0, ""weight"": 0.3, ""contribution"": 0.0, ""detail"": ""0 of 3 registries place infrastructure within 3 km""}, {""key"": ""nocturnal"", ""label"": ""Burns at night"", ""value"": 0.0, ""weight"": 0.1, ""contribution"": 0.0, ""detail"": ""0% of detections at night""}]",3.0,
0bd34822274c,16.64768,74.30985,2026-09-24,2131,N,N,VIIRS,VIIRS_SNPP_NRT,n,0.43,0.62,16.65,74.31,0.62,298.3,285.59,,,,,,266600.0,unknown,False,False,weak_11um,2.46,scene,-0.9401992404825266,0.0,0.036057692307692304,1,1,1.0,0.2,,0.0,0.2,1.0,False,False,False,1.0,5.0,6.621,241.855,6.621,55.809,,0,0,0,0,osm|wri|gem,,0,0.0,F02744,KOLHAPUR KAGAL,power_plant,16.589,74.2993,wri,1,operating,20.0,MW,,Near industrial activity,False,,False,0.0,0.25,0.2,1.0,0.036057692307692304,0.2079,0.2079,0.1315,0.4784,0.2256,0.2256,0.1451,Low,insufficient_evidence,Insufficient evidence,,"[{""key"": ""nocturnal"", ""label"": ""Burns at night"", ""value"": 1.0, ""weight"": 0.1, ""contribution"": 0.1, ""detail"": ""100% of detections at night""}, {""key"": ""physics"", ""label"": ""Combustion temperature"", ""value"": 0.25, ""weight"": 0.25, ""contribution"": 0.0625, ""detail"": ""temperature retrieval unavailable""}, {""key"": ""persistence"", ""label"": ""Repeat detections"", ""value"": 0.2, ""weight"": 0.2, ""contribution"": 0.04, ""detail"": ""seen on 1 separate days""}, {""key"": ""intensity"", ""label"": ""Thermal intensity"", ""value"": 0.036, ""weight"": 0.15, ""contribution"": 0.0054, ""detail"": ""FRP 0.6 MW, 4th percentile""}, {""key"": ""corroboration"", ""label"": ""Registry corroboration"", ""value"": 0.0, ""weight"": 0.3, ""contribution"": 0.0, ""detail"": ""0 of 3 registries place infrastructure within 3 km""}]",3.0,
8d00d62bd7c8,17.06264,76.97691,2026-09-24,2012,N,N20,VIIRS,VIIRS_NOAA20_NRT,n,0.41,0.45,17.06,76.98,0.75,302.89,281.92,,,,,,184500.0,unknown,False,False,weak_11um,2.46,scene,-0.8737721202310438,0.0,0.07932692307692307,1,1,1.0,0.2,,0.0,0.2,1.0,False,False,False,1.0,5.0,0.83,410.104,0.83,20.028,,0,1,0,0,osm|wri|gem,wri,1,0.3333,F03414,WADI CEMENT PLANT,power_plant,17.0552,76.9775,wri,1,operating,75.0,MW,,On a registered industrial site,False,,False,0.3333,0.25,0.2,1.0,0.07932692307692307,0.3144,0.3144,0.3627,0.4904,0.3553,0.3553,0.2078,Low,insufficient_evidence,Insufficient evidence,,"[{""key"": ""corroboration"", ""label"": ""Registry corroboration"", ""value"": 0.333, ""weight"": 0.3, ""contribution"": 0.1, ""detail"": ""1 of 3 registries place infrastructure within 3 km""}, {""key"": ""nocturnal"", ""label"": ""Burns at night"", ""value"": 1.0, ""weight"": 0.1, ""contribution"": 0.1, ""detail"": ""100% of detections at night""}, {""key"": ""physics"", ""label"": ""Combustion temperature"", ""value"": 0.25, ""weight"": 0.25, ""contribution"": 0.0625, ""detail"": ""temperature retrieval unavailable""}, {""key"": ""persistence"", ""label"": ""Repeat detections"", ""value"": 0.2, ""weight"": 0.2, ""contribution"": 0.04, ""detail"": ""seen on 1 separate days""}, {""key"": ""intensity"", ""label"": ""Thermal intensity"", ""value"": 0.079, ""weight"": 0.15, ""contribution"": 0.0119, ""detail"": ""FRP 0.8 MW, 8th percentile""}]",3.0,
b16d20cea93b,17.87985,75.16265,2026-09-24,824,D,N21,VIIRS,VIIRS_NOAA21_NRT,n,0.45,0.39,17.88,75.16,4.79,332.93,298.84,,,453.7,0.03466437389653231,6083.6,175500.0,smouldering,False,False,ok,2.46,scene,1.1905783860458083,0.39685946201526945,0.7692307692307693,1,1,0.0,0.2,,0.0,0.2,0.0,False,False,False,1.0,5.0,19.315,197.369,19.315,59.188,,0,0,0,0,osm|wri|gem,,0,0.0,F03193,SAHAKAR SHIROMANI,power_plant,17.708,75.1361,wri,1,operating,18.0,MW,,No registered industrial site nearby,False,,False,0.0,0.0,0.2,0.0,0.7692307692307693,0.1554,0.1554,0.1116,0.4824,0.1913,0.1913,0.3022,Low,insufficient_evidence,Insufficient evidence,,"[{""key"": ""intensity"", ""label"": ""Thermal intensity"", ""value"": 0.769, ""weight"": 0.15, ""contribution"": 0.1154, ""detail"": ""FRP 4.8 MW, 77th percentile""}, {""key"": ""persistence"", ""label"": ""Repeat detections"", ""value"": 0.2, ""weight"": 0.2, ""contribution"": 0.04, ""detail"": ""seen on 1 separate days""}, {""key"": ""corroboration"", ""label"": ""Registry corroboration"", ""value"": 0.0, ""weight"": 0.3, ""contribution"": 0.0, ""detail"": ""0 of 3 registries place infrastructure within 3 km""}, {""key"": ""physics"", ""label"": ""Combustion temperature"", ""value"": 0.0, ""weight"": 0.25, ""contribution"": 0.0, ""detail"": ""retrieved 454 K (smouldering)""}, {""key"": ""nocturnal"", ""label"": ""Burns at night"", ""value"": 0.0, ""weight"": 0.1, ""contribution"": 0.0, ""detail"": ""0% of detections at night""}]",3.0,
5bd50a70c5af,18.53849,74.2337,2026-09-24,2012,N,N20,VIIRS,VIIRS_NOAA20_NRT,n,0.33,0.55,18.54,74.23,0.43,295.36,268.45,,,,,,181500.0,unknown,False,False,weak_11um,2.46,scene,-1.0372850316193092,0.0,0.01201923076923077,1,1,1.0,0.2,,0.0,0.2,1.0,False,False,False,1.0,5.0,28.175,79.474,28.175,63.894,,0,0,0,0,osm|wri|gem,,0,0.0,F03298,Supe Solar Power Plant,power_plant,18.3198,74.3686,wri,1,operating,2.0,MW,,No registered industrial site nearby,False,,False,0.0,0.25,0.2,1.0,0.01201923076923077,0.2043,0.2043,0.1233,0.4912,0.223,0.223,0.1416,Low,insufficient_evidence,Insufficient evidence,,"[{""key"": ""nocturnal"", ""label"": ""Burns at night"", ""value"": 1.0, ""weight"": 0.1, ""contribution"": 0.1, ""detail"": ""100% of detections at night""}, {""key"": ""physics"", ""label"": ""Combustion temperature"", ""value"": 0.25, ""weight"": 0.25, ""contribution"": 0.0625, ""detail"": ""temperature retrieval unavailable""}, {""key"": ""persistence"", ""label"": ""Repeat detections"", ""value"": 0.2, ""weight"": 0.2, ""contribution"": 0.04, ""detail"": ""seen on 1 separate days""}, {""key"": ""intensity"", ""label"": ""Thermal intensity"", ""value"": 0.012, ""weight"": 0.15, ""contribution"": 0.0018, ""detail"": ""FRP 0.4 MW, 1th percentile""}, {""key"": ""corroboration"", ""label"": ""Registry corroboration"", ""value"": 0.0, ""weight"": 0.3, ""contribution"": 0.0, ""detail"": ""0 of 3 registries place infrastructure within 3 km""}]",3.0,
22aae2a65727,18.68112,73.03539,2026-09-24,2055,N,N21,VIIRS,VIIRS_NOAA21_NRT,n,0.44,0.38,18.68,73.04,2.56,315.74,296.17,,,435.8,0.0220162464968857,3681.1,167200.0,smouldering,False,False,ok,2.56,region,0.0,0.0,0.5152243589743589,2,2,1.0,0.4,,0.0,0.4,1.0,False,False,False,2.0,5.0,1.251,0.993,1.058,1.024,,18,1,2,0,osm|wri|gem,osm|wri|gem,3,0.7333,F01539,DOLVI ISPAT,steel,18.688115666666665,73.04468646111111,gem|osm|wri,3,operating,67.6,MW,Maharashtra,Within the site's immediate surroundings,False,,False,0.7333,0.0,0.4,1.0,0.5152243589743589,0.4773,0.4773,0.364,0.7893,0.4901,0.4901,0.3521,Moderate,industrial_fire,Industrial fire,Moderate,"[{""key"": ""corroboration"", ""label"": ""Registry corroboration"", ""value"": 0.733, ""weight"": 0.3, ""contribution"": 0.22, ""detail"": ""3 of 3 registries place infrastructure within 3 km""}, {""key"": ""nocturnal"", ""label"": ""Burns at night"", ""value"": 1.0, ""weight"": 0.1, ""contribution"": 0.1, ""detail"": ""100% of detections at night""}, {""key"": ""persistence"", ""label"": ""Repeat detections"", ""value"": 0.4, ""weight"": 0.2, ""contribution"": 0.08, ""detail"": ""seen on 2 separate days""}, {""key"": ""intensity"", ""label"": ""Thermal intensity"", ""value"": 0.515, ""weight"": 0.15, ""contribution"": 0.0773, ""detail"": ""FRP 2.6 MW, 52th percentile""}, {""key"": ""physics"", ""label"": ""Combustion temperature"", ""value"": 0.0, ""weight"": 0.25, ""contribution"": 0.0, ""detail"": ""retrieved 436 K (smouldering)""}]",3.0,C3
f9b49414f019,18.68353,73.0293,2026-09-24,2131,N,N,VIIRS,VIIRS_SNPP_NRT,n,0.33,0.55,18.68,73.03,2.26,308.32,292.15,,,,,,181500.0,unknown,False,False,weak_11um,2.56,region,-0.42155672467287236,0.0,0.452724358974359,2,2,1.0,0.4,,0.0,0.4,1.0,False,False,False,2.0,5.0,1.699,1.334,1.25,1.026,,24,1,2,0,osm|wri|gem,osm|wri|gem,3,0.6,F01539,DOLVI ISPAT,steel,18.688115666666665,73.04468646111111,gem|osm|wri,3,operating,67.6,MW,Maharashtra,Within the site's immediate surroundings,False,,False,0.6,0.25,0.4,1.0,0.452724358974359,0.4904,0.4904,0.2317,0.6939,0.4433,0.4433,0.3248,Low,industrial_fire,Industrial fire,Moderate,"[{""key"": ""corroboration"", ""label"": ""Registry corroboration"", ""value"": 0.6, ""weight"": 0.3, ""contribution"": 0.18, ""detail"": ""3 of 3 registries place infrastructure within 3 km""}, {""key"": ""nocturnal"", ""label"": ""Burns at night"", ""value"": 1.0, ""weight"": 0.1, ""contribution"": 0.1, ""detail"": ""100% of detections at night""}, {""key"": ""persistence"", ""label"": ""Repeat detections"", ""value"": 0.4, ""weight"": 0.2, ""contribution"": 0.08, ""detail"": ""seen on 2 separate days""}, {""key"": ""intensity"", ""label"": ""Thermal intensity"", ""value"": 0.453, ""weight"": 0.15, ""contribution"": 0.0679, ""detail"": ""FRP 2.3 MW, 45th percentile""}, {""key"": ""physics"", ""label"": ""Combustion temperature"", ""value"": 0.25, ""weight"": 0.25, ""contribution"": 0.0625, ""detail"": ""temperature retrieval unavailable""}]",3.0,C3
21ebcb838695,18.68532,73.03194,2026-09-24,2055,N,N21,VIIRS,VIIRS_NOAA21_NRT,n,0.44,0.38,18.69,73.03,2.56,317.96,295.89,,,453.3,0.017813483945371276,2978.4,167200.0,smouldering,False,False,ok,2.56,region,0.0,0.0,0.5152243589743589,2,2,1.0,0.4,,0.0,0.4,1.0,False,False,False,2.0,5.0,1.378,0.993,0.908,0.694,,21,1,2,0,osm|wri|gem,osm|wri|gem,3,1.0,F01539,DOLVI ISPAT,steel,18.688115666666665,73.04468646111111,gem|osm|wri,3,operating,67.6,MW,Maharashtra,Within the site's immediate surroundings,False,,False,1.0,0.0,0.4,1.0,0.5152243589743589,0.5573,0.5573,0.3212,0.8478,0.53,0.53,0.37,Moderate,industrial_fire,Industrial fire,Moderate,"[{""key"": ""corroboration"", ""label"": ""Registry corroboration"", ""value"": 1.0, ""weight"": 0.3, ""contribution"": 0.3, ""detail"": ""3 of 3 registries place infrastructure within 3 km""}, {""key"": ""nocturnal"", ""label"": ""Burns at night"", ""value"": 1.0, ""weight"": 0.1, ""contribution"": 0.1, ""detail"": ""100% of detections at night""}, {""key"": ""persistence"", ""label"": ""Repeat detections"", ""value"": 0.4, ""weight"": 0.2, ""contribution"": 0.08, ""detail"": ""seen on 2 separate days""}, {""key"": ""intensity"", ""label"": ""Thermal intensity"", ""value"": 0.515, ""weight"": 0.15, ""contribution"": 0.0773, ""detail"": ""FRP 2.6 MW, 52th percentile""}, {""key"": ""physics"", ""label"": ""Combustion temperature"", ""value"": 0.0, ""weight"": 0.25, ""contribution"": 0.0, ""detail"": ""retrieved 453 K (smouldering)""}]",3.0,C3
9b0ce07cb375,18.68887,73.92072,2026-09-24,2131,N,N,VIIRS,VIIRS_SNPP_NRT,n,0.37,0.58,18.69,73.92,0.76,311.38,276.38,,,563.7,0.0031739180612579375,681.1,214600.0,biomass_like,False,False,ok,2.46,scene,-0.8686623417501604,0.0,0.08333333333333333,1,1,1.0,0.2,,0.0,0.2,1.0,False,False,False,1.0,5.0,29.182,44.875,29.182,68.582,,0,0,0,0,osm|wri|gem,,0,0.0,F03379,Urse,power_plant,18.7127,73.6448,wri,1,operating,5.5,MW,,No registered industrial site nearby,False,,False,0.0,0.0,0.2,1.0,0.08333333333333333,0.1525,0.1525,0.3057,0.8061,0.2965,0.2965,0.1818,Low,insufficient_evidence,Insufficient evidence,,"[{""key"": ""nocturnal"", ""label"": ""Burns at night"", ""value"": 1.0, ""weight"": 0.1, ""contribution"": 0.1, ""detail"": ""100% of detections at night""}, {""key"": ""persistence"", ""label"": ""Repeat detections"", ""value"": 0.2, ""weight"": 0.2, ""contribution"": 0.04, ""detail"": ""seen on 1 separate days""}, {""key"": ""intensity"", ""label"": ""Thermal intensity"", ""value"": 0.083, ""weight"": 0.15, ""contribution"": 0.0125, ""detail"": ""FRP 0.8 MW, 8th percentile""}, {""key"": ""corroboration"", ""label"": ""Registry corroboration"", ""value"": 0.0, ""weight"": 0.3, ""contribution"": 0.0, ""detail"": ""0 of 3 registries place infrastructure within 3 km""}, {""key"": ""physics"", ""label"": ""Combustion temperature"", ""value"": 0.0, ""weight"": 0.25, ""contribution"": 0.0, ""detail"": ""retrieved 564 K (biomass like)""}]",3.0,
6bbb1f5ff19d,18.69121,73.84142,2026-09-24,2131,N,N,VIIRS,VIIRS_SNPP_NRT,n,0.37,0.58,18.69,73.84,0.96,309.11,288.33,,,,,,214600.0,unknown,False,False,no_bracket,2.46,scene,-0.7664667721324946,0.0,0.1362179487179487,1,1,1.0,0.2,,0.0,0.2,1.0,False,False,False,1.0,5.0,20.846,36.53,20.846,61.562,,0,0,0,0,osm|wri|gem,,0,0.0,F03379,Urse,power_plant,18.7127,73.6448,wri,1,operating,5.5,MW,,No registered industrial site nearby,False,,False,0.0,0.25,0.2,1.0,0.1362179487179487,0.2229,0.2229,0.3192,0.2212,0.2515,0.2515,0.1668,Low,insufficient_evidence,Insufficient evidence,,"[{""key"": ""nocturnal"", ""label"": ""Burns at night"", ""value"": 1.0, ""weight"": 0.1, ""contribution"": 0.1, ""detail"": ""100% of detections at night""}, {""key"": ""physics"", ""label"": ""Combustion temperature"", ""value"": 0.25, ""weight"": 0.25, ""contribution"": 0.0625, ""detail"": ""temperature retrieval unavailable""}, {""key"": ""persistence"", ""label"": ""Repeat detections"", ""value"": 0.2, ""weight"": 0.2, ""contribution"": 0.04, ""detail"": ""seen on 1 separate days""}, {""key"": ""intensity"", ""label"": ""Thermal intensity"", ""value"": 0.136, ""weight"": 0.15, ""contribution"": 0.0204, ""detail"": ""FRP 1.0 MW, 14th percentile""}, {""key"": ""corroboration"", ""label"": ""Registry corroboration"", ""value"": 0.0, ""weight"": 0.3, ""contribution"": 0.0, ""detail"": ""0 of 3 registries place infrastructure within 3 km""}]",3.0,
5acfab4de4cd,18.69178,73.03799,2026-09-24,1533,N,Terra,MODIS,MODIS_NRT,67,1.0,1.0,18.69,73.04,4.89,,,306.25,294.23,437.3,0.012543133016232241,12543.1,1000000.0,smouldering,False,False,ok,2.56,region,3.274090561625972,1.0,0.7780448717948718,3,3,1.0,0.6,1.0,0.0,0.6,1.0,False,False,False,3.0,5.0,0.815,0.318,0.225,0.274,,24,1,2,0,osm|wri|gem,osm|wri|gem,3,1.0,F01539,DOLVI ISPAT,steel,18.688115666666665,73.04468646111111,gem|osm|wri,3,operating,67.6,MW,Maharashtra,On a registered industrial site,False,,False,1.0,0.0,0.6,1.0,0.7780448717948718,0.6367,0.6367,0.8277,0.9319,0.7383,0.7383,0.78,Critical,persistent_industrial_source,Persistent industrial source,Moderate,"[{""key"": ""corroboration"", ""label"": ""Registry corroboration"", ""value"": 1.0, ""weight"": 0.3, ""contribution"": 0.3, ""detail"": ""3 of 3 registries place infrastructure within 3 km""}, {""key"": ""persistence"", ""label"": ""Repeat detections"", ""value"": 0.6, ""weight"": 0.2, ""contribution"": 0.12, ""detail"": ""seen on 3 separate days""}, {""key"": ""intensity"", ""label"": ""Thermal intensity"", ""value"": 0.778, ""weight"": 0.15, ""contribution"": 0.1167, ""detail"": ""FRP 4.9 MW, 78th percentile""}, {""key"": ""nocturnal"", ""label"": ""Burns at night"", ""value"": 1.0, ""weight"": 0.1, ""contribution"": 0.1, ""detail"": ""100% of detections at night""}, {""key"": ""physics"", ""label"": ""Combustion temperature"", ""value"": 0.0, ""weight"": 0.25, ""contribution"": 0.0, ""detail"": ""retrieved 437 K (smouldering)""}]",3.0,C3
425041583ffe,18.85483,72.92818,2026-09-24,2131,N,N,VIIRS,VIIRS_SNPP_NRT,n,0.32,0.54,18.85,72.93,1.68,309.94,291.55,,,,,,172800.0,unknown,False,False,weak_11um,3.3449999999999998,region,-0.7486847430190205,0.0,0.33653846153846156,1,1,1.0,0.2,,0.0,0.2,1.0,False,False,False,1.0,5.0,1.197,1.102,1.48,5.349,,3,1,0,0,osm|wri|gem,osm|wri,2,0.4,F01535,URAN ONGC,power_plant,18.86555255,72.929162525,osm|wri,2,operating,62.6,MW,,Within the site's immediate surroundings,False,,False,0.4,0.25,0.2,1.0,0.33653846153846156,0.373,0.373,0.21,0.5104,0.3447,0.3447,0.2288,Low,insufficient_evidence,Insufficient evidence,,"[{""key"": ""corroboration"", ""label"": ""Registry corroboration"", ""value"": 0.4, ""weight"": 0.3, ""contribution"": 0.12, ""detail"": ""2 of 3 registries place infrastructure within 3 km""}, {""key"": ""nocturnal"", ""label"": ""Burns at night"", ""value"": 1.0, ""weight"": 0.1, ""contribution"": 0.1, ""detail"": ""100% of detections at night""}, {""key"": ""physics"", ""label"": ""Combustion temperature"", ""value"": 0.25, ""weight"": 0.25, ""contribution"": 0.0625, ""detail"": ""temperature retrieval unavailable""}, {""key"": ""intensity"", ""label"": ""Thermal intensity"", ""value"": 0.337, ""weight"": 0.15, ""contribution"": 0.0505, ""detail"": ""FRP 1.7 MW, 34th percentile""}, {""key"": ""persistence"", ""label"": ""Repeat detections"", ""value"": 0.2, ""weight"": 0.2, ""contribution"": 0.04, ""detail"": ""seen on 1 separate days""}]",3.0,C25
43333d8d4a4d,18.85897,72.92894,2026-09-24,2055,N,N21,VIIRS,VIIRS_NOAA21_NRT,n,0.43,0.38,18.86,72.93,4.68,329.83,295.55,,,526.4,0.00997947271882601,1630.6,163400.0,biomass_like,False,False,ok,3.3449999999999998,region,0.6002967759341696,0.20009892531138987,0.7596153846153846,3,3,0.6666666666666666,0.6,1.0,0.0,0.6,0.6666666666666666,False,False,False,3.0,5.0,0.732,0.638,1.016,5.052,,3,1,0,0,osm|wri|gem,osm|wri,2,0.5333,F01535,URAN ONGC,power_plant,18.86555255,72.929162525,osm|wri,2,operating,62.6,MW,,On a registered industrial site,False,,False,0.5333,0.0,0.6,0.6666666666666666,0.7596153846153846,0.4606,0.4606,0.8764,0.8285,0.6405,0.6405,0.5342,Moderate,persistent_industrial_source,Persistent industrial source,Moderate,"[{""key"": ""corroboration"", ""label"": ""Registry corroboration"", ""value"": 0.533, ""weight"": 0.3, ""contribution"": 0.16, ""detail"": ""2 of 3 registries place infrastructure within 3 km""}, {""key"": ""persistence"", ""label"": ""Repeat detections"", ""value"": 0.6, ""weight"": 0.2, ""contribution"": 0.12, ""detail"": ""seen on 3 separate days""}, {""key"": ""intensity"", ""label"": ""Thermal intensity"", ""value"": 0.76, ""weight"": 0.15, ""contribution"": 0.1139, ""detail"": ""FRP 4.7 MW, 76th percentile""}, {""key"": ""nocturnal"", ""label"": ""Burns at night"", ""value"": 0.667, ""weight"": 0.1, ""contribution"": 0.0667, ""detail"": ""67% of detections at night""}, {""key"": ""physics"", ""label"": ""Combustion temperature"", ""value"": 0.0, ""weight"": 0.25, ""contribution"": 0.0, ""detail"": ""retrieved 526 K (biomass like)""}]",3.0,C25
764f8bdb916c,19.93739,73.71162,2026-09-24,2055,N,N21,VIIRS,VIIRS_NOAA21_NRT,n,0.45,0.39,19.94,73.71,0.73,303.25,292.1,,,,,,175500.0,unknown,False,False,weak_11um,2.46,scene,-0.8839916771928104,0.0,0.07451923076923077,1,1,1.0,0.2,,0.0,0.2,1.0,False,False,False,1.0,5.0,19.394,62.537,19.243,19.243,,0,0,0,0,osm|wri|gem,,0,0.0,F02997,NASIK,power_plant,19.9815493125,73.89113474999999,gem|wri,2,operating,3550.0,MW,Maharashtra,No registered industrial site nearby,False,,False,0.0,0.25,0.2,1.0,0.07451923076923077,0.2137,0.2137,0.3323,0.2003,0.2473,0.2473,0.1587,Low,insufficient_evidence,Insufficient evidence,,"[{""key"": ""nocturnal"", ""label"": ""Burns at night"", ""value"": 1.0, ""weight"": 0.1, ""contribution"": 0.1, ""detail"": ""100% of detections at night""}, {""key"": ""physics"", ""label"": ""Combustion temperature"", ""value"": 0.25, ""weight"": 0.25, ""contribution"": 0.0625, ""detail"": ""temperature retrieval unavailable""}, {""key"": ""persistence"", ""label"": ""Repeat detections"", ""value"": 0.2, ""weight"": 0.2, ""contribution"": 0.04, ""detail"": ""seen on 1 separate days""}, {""key"": ""intensity"", ""label"": ""Thermal intensity"", ""value"": 0.075, ""weight"": 0.15, ""contribution"": 0.0112, ""detail"": ""FRP 0.7 MW, 7th percentile""}, {""key"": ""corroboration"", ""label"": ""Registry corroboration"", ""value"": 0.0, ""weight"": 0.3, ""contribution"": 0.0, ""detail"": ""0 of 3 registries place infrastructure within 3 km""}]",3.0,
5d73cb9e8ec4,20.91007,71.45753,2026-09-24,2055,N,N21,VIIRS,VIIRS_NOAA21_NRT,n,0.39,0.36,20.91,71.46,0.71,313.48,297.84,,,,,,140400.0,unknown,False,False,no_bracket,1.175,cell,-0.9300000000000002,0.0,0.06650641025641026,4,4,1.0,0.8,1.0,0.3010088532370955,0.8,1.0,False,False,False,4.0,5.0,1.199,0.452,1.767,0.108,,4,1,3,0,osm|wri|gem,osm|wri|gem,3,0.8667,F00130,PIPAVAV CCCP,power_plant,20.902270383333335,71.46550115000001,gem|osm|wri,3,operating,1454.86,MW,Gujarat,Within the site's immediate surroundings,False,,False,0.8667,0.25,0.8,1.0,0.06650641025641026,0.5925,0.5925,0.4307,0.6739,0.5562,0.5562,0.4169,Moderate,industrial_fire,Industrial fire,Moderate,"[{""key"": ""corroboration"", ""label"": ""Registry corroboration"", ""value"": 0.867, ""weight"": 0.3, ""contribution"": 0.26, ""detail"": ""3 of 3 registries place infrastructure within 3 km""}, {""key"": ""persistence"", ""label"": ""Repeat detections"", ""value"": 0.8, ""weight"": 0.2, ""contribution"": 0.16, ""detail"": ""seen on 4 separate days""}, {""key"": ""nocturnal"", ""label"": ""Burns at night"", ""value"": 1.0, ""weight"": 0.1, ""contribution"": 0.1, ""detail"": ""100% of detections at night""}, {""key"": ""physics"", ""label"": ""Combustion temperature"", ""value"": 0.25, ""weight"": 0.25, ""contribution"": 0.0625, ""detail"": ""temperature retrieval unavailable""}, {""key"": ""intensity"", ""label"": ""Thermal intensity"", ""value"": 0.067, ""weight"": 0.15, ""contribution"": 0.01, ""detail"": ""FRP 0.7 MW, 7th percentile""}]",3.0,C17
c99f64b2036b,21.10195,72.63409,2026-09-24,2131,N,N,VIIRS,VIIRS_SNPP_NRT,n,0.55,0.51,21.1,72.63,8.93,337.04,295.58,,,528.5,0.01342892107475678,3766.8,280500.0,biomass_like,False,False,ok,5.2,cell,0.7717332922845703,0.2572444307615234,0.9358974358974359,5,5,0.6,1.0,1.0,0.44045296316707583,1.0,0.6,False,False,False,5.0,5.0,1.408,1.332,2.391,1.795,,7,1,7,0,osm|wri|gem,osm|wri|gem,3,0.6,F00081,Shell Energy India Private Limited,industrial_area,21.0972812,72.6214717,osm,1,unknown,,,,Within the site's immediate surroundings,False,,False,0.6,0.0,1.0,0.6,0.9358974358974359,0.5804,0.5804,1.0,0.6482,0.7165,0.7165,0.6803,High,persistent_industrial_source,Persistent industrial source,Moderate,"[{""key"": ""persistence"", ""label"": ""Repeat detections"", ""value"": 1.0, ""weight"": 0.2, ""contribution"": 0.2, ""detail"": ""seen on 5 separate days""}, {""key"": ""corroboration"", ""label"": ""Registry corroboration"", ""value"": 0.6, ""weight"": 0.3, ""contribution"": 0.18, ""detail"": ""3 of 3 registries place infrastructure within 3 km""}, {""key"": ""intensity"", ""label"": ""Thermal intensity"", ""value"": 0.936, ""weight"": 0.15, ""contribution"": 0.1404, ""detail"": ""FRP 8.9 MW, 94th percentile""}, {""key"": ""nocturnal"", ""label"": ""Burns at night"", ""value"": 0.6, ""weight"": 0.1, ""contribution"": 0.06, ""detail"": ""60% of detections at night""}, {""key"": ""physics"", ""label"": ""Combustion temperature"", ""value"": 0.0, ""weight"": 0.25, ""contribution"": 0.0, ""detail"": ""retrieved 528 K (biomass like)""}]",3.0,C1
6ec6b093e56e,21.10322,72.63692,2026-09-24,826,D,N21,VIIRS,VIIRS_NOAA21_NRT,n,0.39,0.36,21.1,72.64,26.55,337.13,296.52,,,485.5,0.024326693931551336,3415.5,140400.0,smouldering,False,False,ok,11.77,cell,2.2402187472054114,0.7467395824018038,0.9967948717948718,5,5,0.0,1.0,1.0,0.32450306033456144,1.0,0.0,False,False,False,5.0,5.0,1.367,1.022,2.065,1.482,,6,1,7,0,osm|wri|gem,osm|wri|gem,3,0.6,F00071,ArcelorMittal Nippon Steel Hazira Plant,steel,21.11174835,72.64641135000001,gem|osm,2,operating,9600.0,ttpa,Gujarat,Within the site's immediate surroundings,False,,False,0.6,0.0,1.0,0.0,0.9967948717948718,0.5295,0.5295,0.318,0.9688,0.5319,0.5319,0.7257,High,industrial_fire,Industrial fire,Moderate,"[{""key"": ""persistence"", ""label"": ""Repeat detections"", ""value"": 1.0, ""weight"": 0.2, ""contribution"": 0.2, ""detail"": ""seen on 5 separate days""}, {""key"": ""corroboration"", ""label"": ""Registry corroboration"", ""value"": 0.6, ""weight"": 0.3, ""contribution"": 0.18, ""detail"": ""3 of 3 registries place infrastructure within 3 km""}, {""key"": ""intensity"", ""label"": ""Thermal intensity"", ""value"": 0.997, ""weight"": 0.15, ""contribution"": 0.1495, ""detail"": ""FRP 26.6 MW, 100th percentile""}, {""key"": ""physics"", ""label"": ""Combustion temperature"", ""value"": 0.0, ""weight"": 0.25, ""contribution"": 0.0, ""detail"": ""retrieved 486 K (smouldering)""}, {""key"": ""nocturnal"", ""label"": ""Burns at night"", ""value"": 0.0, ""weight"": 0.1, ""contribution"": 0.0, ""detail"": ""0% of detections at night""}]",3.0,C1
dfce4f55415a,21.10445,72.64579,2026-09-24,2131,N,N,VIIRS,VIIRS_SNPP_NRT,n,0.55,0.51,21.1,72.65,8.79,344.67,296.21,,,552.9,0.01307485589632708,3667.5,280500.0,biomass_like,False,False,ok,7.03,cell,0.6744907594765952,0.22483025315886507,0.9310897435897436,5,5,0.6,1.0,1.0,0.3655656018722616,1.0,0.6,False,False,False,5.0,5.0,0.814,0.639,1.201,0.895,,6,1,7,0,osm|wri|gem,osm|wri|gem,3,0.8667,F00071,ArcelorMittal Nippon Steel Hazira Plant,steel,21.11174835,72.64641135000001,gem|osm,2,operating,9600.0,ttpa,Gujarat,On a registered industrial site,False,,False,0.8667,0.0,1.0,0.6,0.9310897435897436,0.6597,0.6597,1.0,0.6715,0.7636,0.7636,0.6929,High,persistent_industrial_source,Persistent industrial source,Moderate,"[{""key"": ""corroboration"", ""label"": ""Registry corroboration"", ""value"": 0.867, ""weight"": 0.3, ""contribution"": 0.26, ""detail"": ""3 of 3 registries place infrastructure within 3 km""}, {""key"": ""persistence"", ""label"": ""Repeat detections"", ""value"": 1.0, ""weight"": 0.2, ""contribution"": 0.2, ""detail"": ""seen on 5 separate days""}, {""key"": ""intensity"", ""label"": ""Thermal intensity"", ""value"": 0.931, ""weight"": 0.15, ""contribution"": 0.1397, ""detail"": ""FRP 8.8 MW, 93th percentile""}, {""key"": ""nocturnal"", ""label"": ""Burns at night"", ""value"": 0.6, ""weight"": 0.1, ""contribution"": 0.06, ""detail"": ""60% of detections at night""}, {""key"": ""physics"", ""label"": ""Combustion temperature"", ""value"": 0.0, ""weight"": 0.25, ""contribution"": 0.0, ""detail"": ""retrieved 553 K (biomass like)""}]",3.0,C1
dd3292da061c,21.10517,72.64117,2026-09-24,2010,N,N20,VIIRS,VIIRS_NOAA20_NRT,n,0.45,0.63,21.11,72.64,6.44,326.59,292.64,,,563.1,0.005443253336912645,1543.2,283500.0,biomass_like,False,False,ok,7.15,cell,-0.362794272142714,0.0,0.8605769230769231,4,4,0.75,0.8,1.0,0.5725017151435423,0.8,0.75,False,False,False,4.0,5.0,0.911,0.586,1.574,1.023,,6,1,7,0,osm|wri|gem,osm|wri|gem,3,0.7333,F00071,ArcelorMittal Nippon Steel Hazira Plant,steel,21.11174835,72.64641135000001,gem|osm,2,operating,9600.0,ttpa,Gujarat,On a registered industrial site,False,,False,0.7333,0.0,0.8,0.75,0.8605769230769231,0.5841,0.5841,0.9901,0.645,0.715,0.715,0.5678,High,persistent_industrial_source,Persistent industrial source,Moderate,"[{""key"": ""corroboration"", ""label"": ""Registry corroboration"", ""value"": 0.733, ""weight"": 0.3, ""contribution"": 0.22, ""detail"": ""3 of 3 registries place infrastructure within 3 km""}, {""key"": ""persistence"", ""label"": ""Repeat detections"", ""value"": 0.8, ""weight"": 0.2, ""contribution"": 0.16, ""detail"": ""seen on 4 separate days""}, {""key"": ""intensity"", ""label"": ""Thermal intensity"", ""value"": 0.861, ""weight"": 0.15, ""contribution"": 0.1291, ""detail"": ""FRP 6.4 MW, 86th percentile""}, {""key"": ""nocturnal"", ""label"": ""Burns at night"", ""value"": 0.75, ""weight"": 0.1, ""contribution"": 0.075, ""detail"": ""75% of detections at night""}, {""key"": ""physics"", ""label"": ""Combustion temperature"", ""value"": 0.0, ""weight"": 0.25, ""contribution"": 0.0, ""detail"": ""retrieved 563 K (biomass like)""}]",3.0,C1
6fe7e10efd22,21.10598,72.63249,2026-09-24,2010,N,N20,VIIRS,VIIRS_NOAA20_NRT,n,0.45,0.63,21.11,72.63,5.36,353.9,293.02,,,737.4,0.0031596622627329866,895.8,283500.0,biomass_like,False,False,ok,7.32,region,-0.6235857964972294,0.0,0.8108974358974359,3,3,1.0,0.6,1.0,0.0,0.6,1.0,False,False,False,3.0,5.0,1.497,1.244,2.401,1.679,,6,1,7,0,osm|wri|gem,osm|wri|gem,3,0.6,F00081,Shell Energy India Private Limited,industrial_area,21.0972812,72.6214717,osm,1,unknown,,,,Within the site's immediate surroundings,False,,False,0.6,0.0,0.6,1.0,0.8108974358974359,0.5216,0.5216,0.3323,0.9527,0.5295,0.5295,0.4394,Moderate,industrial_fire,Industrial fire,Moderate,"[{""key"": ""corroboration"", ""label"": ""Registry corroboration"", ""value"": 0.6, ""weight"": 0.3, ""contribution"": 0.18, ""detail"": ""3 of 3 registries place infrastructure within 3 km""}, {""key"": ""intensity"", ""label"": ""Thermal intensity"", ""value"": 0.811, ""weight"": 0.15, ""contribution"": 0.1216, ""detail"": ""FRP 5.4 MW, 81th percentile""}, {""key"": ""persistence"", ""label"": ""Repeat detections"", ""value"": 0.6, ""weight"": 0.2, ""contribution"": 0.12, ""detail"": ""seen on 3 separate days""}, {""key"": ""nocturnal"", ""label"": ""Burns at night"", ""value"": 1.0, ""weight"": 0.1, ""contribution"": 0.1, ""detail"": ""100% of detections at night""}, {""key"": ""physics"", ""label"": ""Combustion temperature"", ""value"": 0.0, ""weight"": 0.25, ""contribution"": 0.0, ""detail"": ""retrieved 737 K (biomass like)""}]",3.0,C1
4d924f5cd8bc,21.10728,72.64566,2026-09-24,902,D,N,VIIRS,VIIRS_SNPP_NRT,n,0.52,0.5,21.11,72.65,10.58,344.76,278.27,,,,,,260000.0,unknown,False,False,weak_11um,11.32,cell,-0.3159007354510637,0.0,0.9535256410256411,5,5,0.2,1.0,1.0,0.3415053040623589,1.0,0.2,False,False,False,5.0,5.0,0.503,0.35,1.053,0.592,,6,1,7,0,osm|wri|gem,osm|wri|gem,3,0.8667,F00071,ArcelorMittal Nippon Steel Hazira Plant,steel,21.11174835,72.64641135000001,gem|osm,2,operating,9600.0,ttpa,Gujarat,On a registered industrial site,False,,False,0.8667,0.25,1.0,0.2,0.9535256410256411,0.6855,0.6855,1.0,0.6787,0.7788,0.7788,0.6458,High,persistent_industrial_source,Persistent industrial source,Moderate,"[{""key"": ""corroboration"", ""label"": ""Registry corroboration"", ""value"": 0.867, ""weight"": 0.3, ""contribution"": 0.26, ""detail"": ""3 of 3 registries place infrastructure within 3 km""}, {""key"": ""persistence"", ""label"": ""Repeat detections"", ""value"": 1.0, ""weight"": 0.2, ""contribution"": 0.2, ""detail"": ""seen on 5 separate days""}, {""key"": ""intensity"", ""label"": ""Thermal intensity"", ""value"": 0.954, ""weight"": 0.15, ""contribution"": 0.143, ""detail"": ""FRP 10.6 MW, 95th percentile""}, {""key"": ""physics"", ""label"": ""Combustion temperature"", ""value"": 0.25, ""weight"": 0.25, ""contribution"": 0.0625, ""detail"": ""temperature retrieval unavailable""}, {""key"": ""nocturnal"", ""label"": ""Burns at night"", ""value"": 0.2, ""weight"": 0.1, ""contribution"": 0.02, ""detail"": ""20% of detections at night""}]",3.0,C1
79f912e2f166,22.26526,75.13473,2026-09-24,2053,N,N21,VIIRS,VIIRS_NOAA21_NRT,n,0.49,0.41,22.27,75.13,1.79,311.51,290.79,,,428.8,0.022627762769180524,4545.9,200900.0,smouldering,False,False,ok,0.8300000000000001,region,1.92,0.64,0.3605769230769231,2,2,1.0,0.4,,0.0,0.4,1.0,False,False,False,2.0,5.0,36.251,171.493,36.251,77.135,,0,0,0,0,osm|wri|gem,,0,0.0,F02725,KASRAWAD FACTORY,power_plant,22.1335,75.4568,wri,1,operating,10.0,MW,,No registered industrial site nearby,False,,False,0.0,0.0,0.4,1.0,0.3605769230769231,0.2341,0.2341,0.239,0.8462,0.3274,0.3274,0.4234,Moderate,insufficient_evidence,Insufficient evidence,,"[{""key"": ""nocturnal"", ""label"": ""Burns at night"", ""value"": 1.0, ""weight"": 0.1, ""contribution"": 0.1, ""detail"": ""100% of detections at night""}, {""key"": ""persistence"", ""label"": ""Repeat detections"", ""value"": 0.4, ""weight"": 0.2, ""contribution"": 0.08, ""detail"": ""seen on 2 separate days""}, {""key"": ""intensity"", ""label"": ""Thermal intensity"", ""value"": 0.361, ""weight"": 0.15, ""contribution"": 0.0541, ""detail"": ""FRP 1.8 MW, 36th percentile""}, {""key"": ""corroboration"", ""label"": ""Registry corroboration"", ""value"": 0.0, ""weight"": 0.3, ""contribution"": 0.0, ""detail"": ""0 of 3 registries place infrastructure within 3 km""}, {""key"": ""physics"", ""label"": ""Combustion temperature"", ""value"": 0.0, ""weight"": 0.25, ""contribution"": 0.0, ""detail"": ""retrieved 429 K (smouldering)""}]",3.0,C26
4e3f7ac9d480,22.26537,75.13546,2026-09-24,2131,N,N,VIIRS,VIIRS_SNPP_NRT,n,0.38,0.58,22.27,75.14,0.46,299.83,276.47,,,,,,220400.0,unknown,False,False,weak_11um,0.8300000000000001,region,-0.7400000000000001,0.0,0.016826923076923076,1,1,1.0,0.2,,0.0,0.2,1.0,False,False,False,1.0,5.0,36.187,171.564,36.187,77.067,,0,0,0,0,osm|wri|gem,,0,0.0,F02725,KASRAWAD FACTORY,power_plant,22.1335,75.4568,wri,1,operating,10.0,MW,,No registered industrial site nearby,False,,False,0.0,0.25,0.2,1.0,0.016826923076923076,0.205,0.205,0.1433,0.6066,0.2467,0.2467,0.1527,Low,insufficient_evidence,Insufficient evidence,,"[{""key"": ""nocturnal"", ""label"": ""Burns at night"", ""value"": 1.0, ""weight"": 0.1, ""contribution"": 0.1, ""detail"": ""100% of detections at night""}, {""key"": ""physics"", ""label"": ""Combustion temperature"", ""value"": 0.25, ""weight"": 0.25, ""contribution"": 0.0625, ""detail"": ""temperature retrieval unavailable""}, {""key"": ""persistence"", ""label"": ""Repeat detections"", ""value"": 0.2, ""weight"": 0.2, ""contribution"": 0.04, ""detail"": ""seen on 1 separate days""}, {""key"": ""intensity"", ""label"": ""Thermal intensity"", ""value"": 0.017, ""weight"": 0.15, ""contribution"": 0.0025, ""detail"": ""FRP 0.5 MW, 2th percentile""}, {""key"": ""corroboration"", ""label"": ""Registry corroboration"", ""value"": 0.0, ""weight"": 0.3, ""contribution"": 0.0, ""detail"": ""0 of 3 registries place infrastructure within 3 km""}]",3.0,C26
5b08e1e3e09e,22.31353,69.85732,2026-09-24,2053,N,N21,VIIRS,VIIRS_NOAA21_NRT,n,0.4,0.37,22.31,69.86,1.18,309.2,297.0,,,444.4,0.00995445544231709,1473.3,148000.0,smouldering,False,False,ok,1.625,region,-0.40288374223769796,0.0,0.1858974358974359,2,2,1.0,0.4,,0.0,0.4,1.0,False,False,False,3.0,5.0,1.468,1.451,12.153,12.316,,3,0,0,0,osm|wri|gem,osm,1,0.2,F00156,,power_plant,22.3260172,69.86194155,osm,1,unknown,,,,Within the site's immediate surroundings,False,,False,0.2,0.0,0.4,1.0,0.1858974358974359,0.2679,0.2679,0.2468,0.6595,0.3203,0.3203,0.2427,Low,insufficient_evidence,Insufficient evidence,,"[{""key"": ""nocturnal"", ""label"": ""Burns at night"", ""value"": 1.0, ""weight"": 0.1, ""contribution"": 0.1, ""detail"": ""100% of detections at night""}, {""key"": ""persistence"", ""label"": ""Repeat detections"", ""value"": 0.4, ""weight"": 0.2, ""contribution"": 0.08, ""detail"": ""seen on 2 separate days""}, {""key"": ""corroboration"", ""label"": ""Registry corroboration"", ""value"": 0.2, ""weight"": 0.3, ""contribution"": 0.06, ""detail"": ""1 of 3 registries place infrastructure within 3 km""}, {""key"": ""intensity"", ""label"": ""Thermal intensity"", ""value"": 0.186, ""weight"": 0.15, ""contribution"": 0.0279, ""detail"": ""FRP 1.2 MW, 19th percentile""}, {""key"": ""physics"", ""label"": ""Combustion temperature"", ""value"": 0.0, ""weight"": 0.25, ""contribution"": 0.0, ""detail"": ""retrieved 444 K (smouldering)""}]",3.0,C6
2769d8085bdf,22.37461,72.47674,2026-09-24,2053,N,N21,VIIRS,VIIRS_NOAA21_NRT,n,0.4,0.37,22.37,72.48,0.67,311.96,296.45,,,,,,148000.0,unknown,False,False,weak_11um,2.46,scene,-0.9146503480781102,0.0,0.04487179487179487,1,1,1.0,0.2,,0.0,0.2,1.0,False,False,False,1.0,5.0,7.449,7.486,7.434,32.05,,0,0,0,0,osm|wri|gem,,0,0.0,F00535,Wadgam Solar Power Plant,power_plant,22.3152757,72.44311895,osm|wri,2,operating,15.0,MW,,Near industrial activity,False,,False,0.0,0.25,0.2,1.0,0.04487179487179487,0.2092,0.2092,0.1433,0.4255,0.2219,0.2219,0.1443,Low,insufficient_evidence,Insufficient evidence,,"[{""key"": ""nocturnal"", ""label"": ""Burns at night"", ""value"": 1.0, ""weight"": 0.1, ""contribution"": 0.1, ""detail"": ""100% of detections at night""}, {""key"": ""physics"", ""label"": ""Combustion temperature"", ""value"": 0.25, ""weight"": 0.25, ""contribution"": 0.0625, ""detail"": ""temperature retrieval unavailable""}, {""key"": ""persistence"", ""label"": ""Repeat detections"", ""value"": 0.2, ""weight"": 0.2, ""contribution"": 0.04, ""detail"": ""seen on 1 separate days""}, {""key"": ""intensity"", ""label"": ""Thermal intensity"", ""value"": 0.045, ""weight"": 0.15, ""contribution"": 0.0067, ""detail"": ""FRP 0.7 MW, 4th percentile""}, {""key"": ""corroboration"", ""label"": ""Registry corroboration"", ""value"": 0.0, ""weight"": 0.3, ""contribution"": 0.0, ""detail"": ""0 of 3 registries place infrastructure within 3 km""}]",3.0,
b2ad05dd93e2,22.40045,69.02074,2026-09-24,2053,N,N21,VIIRS,VIIRS_NOAA21_NRT,n,0.42,0.37,22.4,69.02,2.16,308.59,298.17,,,426.4,0.012787062482784516,1987.1,155400.0,smouldering,False,False,ok,2.4850000000000003,region,-0.21811890231830205,0.0,0.4270833333333333,1,1,1.0,0.2,,0.0,0.2,1.0,False,False,False,1.0,5.0,3.013,60.322,3.013,8.788,,0,0,0,0,osm|wri|gem,,0,0.0,F02958,Mithapur Solar Power Plant,power_plant,22.4077,68.9925,wri,1,operating,17.0,MW,,Near industrial activity,False,,False,0.0,0.0,0.2,1.0,0.4270833333333333,0.2041,0.2041,0.3057,0.2829,0.2464,0.2464,0.1936,Low,insufficient_evidence,Insufficient evidence,,"[{""key"": ""nocturnal"", ""label"": ""Burns at night"", ""value"": 1.0, ""weight"": 0.1, ""contribution"": 0.1, ""detail"": ""100% of detections at night""}, {""key"": ""intensity"", ""label"": ""Thermal intensity"", ""value"": 0.427, ""weight"": 0.15, ""contribution"": 0.0641, ""detail"": ""FRP 2.2 MW, 43th percentile""}, {""key"": ""persistence"", ""label"": ""Repeat detections"", ""value"": 0.2, ""weight"": 0.2, ""contribution"": 0.04, ""detail"": ""seen on 1 separate days""}, {""key"": ""corroboration"", ""label"": ""Registry corroboration"", ""value"": 0.0, ""weight"": 0.3, ""contribution"": 0.0, ""detail"": ""0 of 3 registries place infrastructure within 3 km""}, {""key"": ""physics"", ""label"": ""Combustion temperature"", ""value"": 0.0, ""weight"": 0.25, ""contribution"": 0.0, ""detail"": ""retrieved 426 K (smouldering)""}]",3.0,C10
6c811664e8b0,22.41631,69.03874,2026-09-24,826,D,N21,VIIRS,VIIRS_NOAA21_NRT,n,0.41,0.37,22.42,69.04,4.85,340.38,307.34,,,,,,151700.0,unknown,False,False,weak_11um,3.335,cell,1.0167696523453151,0.3389232174484384,0.7756410256410257,4,4,0.5,0.8,1.0,0.44270454101690915,0.8,0.5,False,False,False,4.0,5.0,4.849,58.79,4.849,6.298,,0,0,0,0,osm|wri|gem,,0,0.0,F02958,Mithapur Solar Power Plant,power_plant,22.4077,68.9925,wri,1,operating,17.0,MW,,Near industrial activity,False,,False,0.0,0.25,0.8,0.5,0.7756410256410257,0.3888,0.3888,0.9545,0.5497,0.5826,0.5826,0.5845,High,industrial_fire,Industrial fire,Low,"[{""key"": ""persistence"", ""label"": ""Repeat detections"", ""value"": 0.8, ""weight"": 0.2, ""contribution"": 0.16, ""detail"": ""seen on 4 separate days""}, {""key"": ""intensity"", ""label"": ""Thermal intensity"", ""value"": 0.776, ""weight"": 0.15, ""contribution"": 0.1163, ""detail"": ""FRP 4.8 MW, 78th percentile""}, {""key"": ""physics"", ""label"": ""Combustion temperature"", ""value"": 0.25, ""weight"": 0.25, ""contribution"": 0.0625, ""detail"": ""temperature retrieval unavailable""}, {""key"": ""nocturnal"", ""label"": ""Burns at night"", ""value"": 0.5, ""weight"": 0.1, ""contribution"": 0.05, ""detail"": ""50% of detections at night""}, {""key"": ""corroboration"", ""label"": ""Registry corroboration"", ""value"": 0.0, ""weight"": 0.3, ""contribution"": 0.0, ""detail"": ""0 of 3 registries place infrastructure within 3 km""}]",3.0,C10
38e057615d04,22.63791,75.5967,2026-09-24,2053,N,N21,VIIRS,VIIRS_NOAA21_NRT,n,0.51,0.41,22.64,75.6,0.6,301.81,288.49,,,409.8,0.017763132183975835,3714.3,209100.0,smouldering,False,False,ok,2.46,scene,-0.9504187974442931,0.0,0.03205128205128205,1,1,1.0,0.2,,0.0,0.2,1.0,False,False,False,1.0,5.0,56.679,215.544,56.679,68.883,,0,0,0,0,osm|wri|gem,,0,0.0,F03020,Nagda Hills Wind Energy project,power_plant,22.8985,76.0718,wri,1,operating,6.25,MW,,No registered industrial site nearby,False,,False,0.0,0.0,0.2,1.0,0.03205128205128205,0.1448,0.1448,0.1316,0.7548,0.2323,0.2323,0.1477,Low,insufficient_evidence,Insufficient evidence,,"[{""key"": ""nocturnal"", ""label"": ""Burns at night"", ""value"": 1.0, ""weight"": 0.1, ""contribution"": 0.1, ""detail"": ""100% of detections at night""}, {""key"": ""persistence"", ""label"": ""Repeat detections"", ""value"": 0.2, ""weight"": 0.2, ""contribution"": 0.04, ""detail"": ""seen on 1 separate days""}, {""key"": ""intensity"", ""label"": ""Thermal intensity"", ""value"": 0.032, ""weight"": 0.15, ""contribution"": 0.0048, ""detail"": ""FRP 0.6 MW, 3th percentile""}, {""key"": ""corroboration"", ""label"": ""Registry corroboration"", ""value"": 0.0, ""weight"": 0.3, ""contribution"": 0.0, ""detail"": ""0 of 3 registries place infrastructure within 3 km""}, {""key"": ""physics"", ""label"": ""Combustion temperature"", ""value"": 0.0, ""weight"": 0.25, ""contribution"": 0.0, ""detail"": ""retrieved 410 K (smouldering)""}]",3.0,
9f935ff88297,22.78844,75.83994,2026-09-24,2053,N,N21,VIIRS,VIIRS_NOAA21_NRT,n,0.53,0.42,22.79,75.84,0.83,301.54,284.08,,,,,,222600.0,unknown,False,False,weak_11um,2.46,scene,-0.8328938923839774,0.0,0.10256410256410256,1,1,1.0,0.2,,0.0,0.2,1.0,False,False,False,1.0,5.0,26.726,241.502,26.726,80.434,,0,0,0,0,osm|wri|gem,,0,0.0,F03020,Nagda Hills Wind Energy project,power_plant,22.8985,76.0718,wri,1,operating,6.25,MW,,No registered industrial site nearby,False,,False,0.0,0.25,0.2,1.0,0.10256410256410256,0.2179,0.2179,0.3323,0.3742,0.2757,0.2757,0.1743,Low,insufficient_evidence,Insufficient evidence,,"[{""key"": ""nocturnal"", ""label"": ""Burns at night"", ""value"": 1.0, ""weight"": 0.1, ""contribution"": 0.1, ""detail"": ""100% of detections at night""}, {""key"": ""physics"", ""label"": ""Combustion temperature"", ""value"": 0.25, ""weight"": 0.25, ""contribution"": 0.0625, ""detail"": ""temperature retrieval unavailable""}, {""key"": ""persistence"", ""label"": ""Repeat detections"", ""value"": 0.2, ""weight"": 0.2, ""contribution"": 0.04, ""detail"": ""seen on 1 separate days""}, {""key"": ""intensity"", ""label"": ""Thermal intensity"", ""value"": 0.103, ""weight"": 0.15, ""contribution"": 0.0154, ""detail"": ""FRP 0.8 MW, 10th percentile""}, {""key"": ""corroboration"", ""label"": ""Registry corroboration"", ""value"": 0.0, ""weight"": 0.3, ""contribution"": 0.0, ""detail"": ""0 of 3 registries place infrastructure within 3 km""}]",3.0,
141171fe69df,22.9342,69.69633,2026-09-24,2150,N,N20,VIIRS,VIIRS_NOAA20_NRT,n,0.43,0.62,22.93,69.7,2.37,320.12,296.4,,,,,,266600.0,unknown,False,False,weak_11um,1.9900000000000002,cell,0.6030740908261317,0.20102469694204392,0.47596153846153844,4,4,0.75,0.8,1.0,0.5603961384005163,0.8,0.75,False,False,False,4.0,5.0,0.709,0.709,4.917,18.807,,1,0,0,0,osm|wri|gem,osm,1,0.3333,F00687,,power_plant,22.9313765,69.7025362,osm,1,unknown,,,,On a registered industrial site,False,,False,0.3333,0.25,0.8,0.75,0.47596153846153844,0.4689,0.4689,0.7374,0.5417,0.5604,0.5604,0.51,Moderate,industrial_fire,Industrial fire,Moderate,"[{""key"": ""persistence"", ""label"": ""Repeat detections"", ""value"": 0.8, ""weight"": 0.2, ""contribution"": 0.16, ""detail"": ""seen on 4 separate days""}, {""key"": ""corroboration"", ""label"": ""Registry corroboration"", ""value"": 0.333, ""weight"": 0.3, ""contribution"": 0.1, ""detail"": ""1 of 3 registries place infrastructure within 3 km""}, {""key"": ""nocturnal"", ""label"": ""Burns at night"", ""value"": 0.75, ""weight"": 0.1, ""contribution"": 0.075, ""detail"": ""75% of detections at night""}, {""key"": ""intensity"", ""label"": ""Thermal intensity"", ""value"": 0.476, ""weight"": 0.15, ""contribution"": 0.0714, ""detail"": ""FRP 2.4 MW, 48th percentile""}, {""key"": ""physics"", ""label"": ""Combustion temperature"", ""value"": 0.25, ""weight"": 0.25, ""contribution"": 0.0625, ""detail"": ""temperature retrieval unavailable""}]",3.0,C11
a5fda2370a7e,23.10217,69.92092,2026-09-24,905,D,N,VIIRS,VIIRS_SNPP_NRT,n,0.57,0.43,23.1,69.92,6.1,345.77,308.57,,,547.7,0.01168879223426036,2864.9,245100.0,biomass_like,False,False,ok,2.46,scene,1.85995936704152,0.6199864556805067,0.8541666666666666,1,1,0.0,0.2,,0.0,0.2,0.0,False,False,False,1.0,5.0,6.587,6.549,8.831,16.582,,0,0,0,0,osm|wri|gem,,0,0.0,F00041,Man Industries,works,23.04293655,69.9202102,osm,1,unknown,,,,Near industrial activity,False,,False,0.0,0.0,0.2,0.0,0.8541666666666666,0.1681,0.1681,0.0091,0.4535,0.1632,0.1632,0.3539,Moderate,insufficient_evidence,Insufficient evidence,,"[{""key"": ""intensity"", ""label"": ""Thermal intensity"", ""value"": 0.854, ""weight"": 0.15, ""contribution"": 0.1281, ""detail"": ""FRP 6.1 MW, 85th percentile""}, {""key"": ""persistence"", ""label"": ""Repeat detections"", ""value"": 0.2, ""weight"": 0.2, ""contribution"": 0.04, ""detail"": ""seen on 1 separate days""}, {""key"": ""corroboration"", ""label"": ""Registry corroboration"", ""value"": 0.0, ""weight"": 0.3, ""contribution"": 0.0, ""detail"": ""0 of 3 registries place infrastructure within 3 km""}, {""key"": ""physics"", ""label"": ""Combustion temperature"", ""value"": 0.0, ""weight"": 0.25, ""contribution"": 0.0, ""detail"": ""retrieved 548 K (biomass like)""}, {""key"": ""nocturnal"", ""label"": ""Burns at night"", ""value"": 0.0, ""weight"": 0.1, ""contribution"": 0.0, ""detail"": ""0% of detections at night""}]",3.0,
7eb96fad998f,23.11121,75.7177,2026-09-24,741,D,N20,VIIRS,VIIRS_NOAA20_NRT,n,0.55,0.51,23.11,75.72,3.16,337.06,302.47,,,,,,280500.0,unknown,False,False,weak_11um,2.46,scene,0.35768449366183086,0.11922816455394362,0.5969551282051282,1,1,0.0,0.2,,0.0,0.2,0.0,False,False,False,1.0,5.0,43.278,235.362,43.278,117.128,,0,0,0,0,osm|wri|gem,,0,0.0,F03020,Nagda Hills Wind Energy project,power_plant,22.8985,76.0718,wri,1,operating,6.25,MW,,No registered industrial site nearby,False,,False,0.0,0.25,0.2,0.0,0.5969551282051282,0.192,0.192,0.0,0.0481,0.1128,0.1128,0.1803,Low,insufficient_evidence,Insufficient evidence,,"[{""key"": ""intensity"", ""label"": ""Thermal intensity"", ""value"": 0.597, ""weight"": 0.15, ""contribution"": 0.0895, ""detail"": ""FRP 3.2 MW, 60th percentile""}, {""key"": ""physics"", ""label"": ""Combustion temperature"", ""value"": 0.25, ""weight"": 0.25, ""contribution"": 0.0625, ""detail"": ""temperature retrieval unavailable""}, {""key"": ""persistence"", ""label"": ""Repeat detections"", ""value"": 0.2, ""weight"": 0.2, ""contribution"": 0.04, ""detail"": ""seen on 1 separate days""}, {""key"": ""corroboration"", ""label"": ""Registry corroboration"", ""value"": 0.0, ""weight"": 0.3, ""contribution"": 0.0, ""detail"": ""0 of 3 registries place infrastructure within 3 km""}, {""key"": ""nocturnal"", ""label"": ""Burns at night"", ""value"": 0.0, ""weight"": 0.1, ""contribution"": 0.0, ""detail"": ""0% of detections at night""}]",3.0,C57
5449363a1d10,23.15752,70.11012,2026-09-24,922,D,N20,VIIRS,VIIRS_NOAA20_NRT,n,0.5,0.66,23.16,70.11,8.02,353.69,301.03,,,,,,330000.0,unknown,False,False,weak_11um,2.46,scene,2.841036835371113,0.9470122784570377,0.9198717948717948,1,1,0.0,0.2,,0.0,0.2,0.0,False,False,False,1.0,5.0,3.932,2.082,15.269,5.287,,2,0,0,0,osm|wri|gem,osm,1,0.2,F00038,,works,23.131475566666666,70.0841029,osm,1,unknown,,,,Near industrial activity,False,,False,0.2,0.25,0.2,0.0,0.9198717948717948,0.3005,0.3005,0.0091,0.7612,0.2822,0.2822,0.4957,Moderate,insufficient_evidence,Insufficient evidence,,"[{""key"": ""intensity"", ""label"": ""Thermal intensity"", ""value"": 0.92, ""weight"": 0.15, ""contribution"": 0.138, ""detail"": ""FRP 8.0 MW, 92th percentile""}, {""key"": ""physics"", ""label"": ""Combustion temperature"", ""value"": 0.25, ""weight"": 0.25, ""contribution"": 0.0625, ""detail"": ""temperature retrieval unavailable""}, {""key"": ""corroboration"", ""label"": ""Registry corroboration"", ""value"": 0.2, ""weight"": 0.3, ""contribution"": 0.06, ""detail"": ""1 of 3 registries place infrastructure within 3 km""}, {""key"": ""persistence"", ""label"": ""Repeat detections"", ""value"": 0.2, ""weight"": 0.2, ""contribution"": 0.04, ""detail"": ""seen on 1 separate days""}, {""key"": ""nocturnal"", ""label"": ""Burns at night"", ""value"": 0.0, ""weight"": 0.1, ""contribution"": 0.0, ""detail"": ""0% of detections at night""}]",3.0,
ca6721a3a02d,23.26666,70.25809,2026-09-24,2053,N,N21,VIIRS,VIIRS_NOAA21_NRT,n,0.39,0.36,23.27,70.26,0.84,308.71,297.91,,,469.9,0.0052817102570943825,741.6,140400.0,smouldering,False,False,ok,1.145,region,-0.6100000000000001,0.0,0.10737179487179487,2,2,1.0,0.4,,0.0,0.4,1.0,False,False,False,2.0,5.0,3.064,0.306,16.183,7.654,,5,0,0,0,osm|wri|gem,osm,1,0.3333,F00809,,industrial_area,23.259007107142857,70.28690059285715,osm,1,unknown,,,,Near industrial activity,False,,False,0.3333,0.0,0.4,1.0,0.10737179487179487,0.2961,0.2961,0.2366,0.6554,0.3321,0.3321,0.2402,Low,insufficient_evidence,Insufficient evidence,,"[{""key"": ""corroboration"", ""label"": ""Registry corroboration"", ""value"": 0.333, ""weight"": 0.3, ""contribution"": 0.1, ""detail"": ""1 of 3 registries place infrastructure within 3 km""}, {""key"": ""nocturnal"", ""label"": ""Burns at night"", ""value"": 1.0, ""weight"": 0.1, ""contribution"": 0.1, ""detail"": ""100% of detections at night""}, {""key"": ""persistence"", ""label"": ""Repeat detections"", ""value"": 0.4, ""weight"": 0.2, ""contribution"": 0.08, ""detail"": ""seen on 2 separate days""}, {""key"": ""intensity"", ""label"": ""Thermal intensity"", ""value"": 0.107, ""weight"": 0.15, ""contribution"": 0.0161, ""detail"": ""FRP 0.8 MW, 11th percentile""}, {""key"": ""physics"", ""label"": ""Combustion temperature"", ""value"": 0.0, ""weight"": 0.25, ""contribution"": 0.0, ""detail"": ""retrieved 470 K (smouldering)""}]",3.0,C27
e849855c3633,23.3141,70.48811,2026-09-24,2053,N,N21,VIIRS,VIIRS_NOAA21_NRT,n,0.39,0.36,23.31,70.49,1.61,311.21,298.1,,,482.7,0.005432459443538032,762.7,140400.0,smouldering,False,False,ok,2.46,scene,-0.43433117087508016,0.0,0.3060897435897436,1,1,1.0,0.2,,0.0,0.2,1.0,False,False,False,1.0,5.0,0.295,0.295,8.265,29.222,,4,0,0,0,osm|wri|gem,osm,1,0.3333,F00353,,industrial_area,23.3159808,70.4901456,osm,1,unknown,,,,On a registered industrial site,False,,False,0.3333,0.0,0.2,1.0,0.3060897435897436,0.2859,0.2859,0.3323,0.6034,0.3474,0.3474,0.2269,Low,insufficient_evidence,Insufficient evidence,,"[{""key"": ""corroboration"", ""label"": ""Registry corroboration"", ""value"": 0.333, ""weight"": 0.3, ""contribution"": 0.1, ""detail"": ""1 of 3 registries place infrastructure within 3 km""}, {""key"": ""nocturnal"", ""label"": ""Burns at night"", ""value"": 1.0, ""weight"": 0.1, ""contribution"": 0.1, ""detail"": ""100% of detections at night""}, {""key"": ""intensity"", ""label"": ""Thermal intensity"", ""value"": 0.306, ""weight"": 0.15, ""contribution"": 0.0459, ""detail"": ""FRP 1.6 MW, 31th percentile""}, {""key"": ""persistence"", ""label"": ""Repeat detections"", ""value"": 0.2, ""weight"": 0.2, ""contribution"": 0.04, ""detail"": ""seen on 1 separate days""}, {""key"": ""physics"", ""label"": ""Combustion temperature"", ""value"": 0.0, ""weight"": 0.25, ""contribution"": 0.0, ""detail"": ""retrieved 483 K (smouldering)""}]",3.0,C40
2fb1b0517371,23.40779,72.41864,2026-09-24,2053,N,N21,VIIRS,VIIRS_NOAA21_NRT,n,0.39,0.36,23.41,72.42,2.32,306.86,295.84,,,,,,140400.0,unknown,False,False,weak_11um,2.46,scene,-0.07153689873236622,0.0,0.46794871794871795,1,1,1.0,0.2,,0.0,0.2,1.0,False,False,False,1.0,5.0,0.805,0.451,30.047,31.435,,9,0,0,0,osm|wri|gem,osm,1,0.3333,F00007,open plot,works,23.40331845714286,72.41243611428571,osm,1,unknown,,,,On a registered industrial site,False,,False,0.3333,0.25,0.2,1.0,0.46794871794871795,0.3727,0.3727,0.264,0.5176,0.3618,0.3618,0.2496,Low,insufficient_evidence,Insufficient evidence,,"[{""key"": ""corroboration"", ""label"": ""Registry corroboration"", ""value"": 0.333, ""weight"": 0.3, ""contribution"": 0.1, ""detail"": ""1 of 3 registries place infrastructure within 3 km""}, {""key"": ""nocturnal"", ""label"": ""Burns at night"", ""value"": 1.0, ""weight"": 0.1, ""contribution"": 0.1, ""detail"": ""100% of detections at night""}, {""key"": ""intensity"", ""label"": ""Thermal intensity"", ""value"": 0.468, ""weight"": 0.15, ""contribution"": 0.0702, ""detail"": ""FRP 2.3 MW, 47th percentile""}, {""key"": ""physics"", ""label"": ""Combustion temperature"", ""value"": 0.25, ""weight"": 0.25, ""contribution"": 0.0625, ""detail"": ""temperature retrieval unavailable""}, {""key"": ""persistence"", ""label"": ""Repeat detections"", ""value"": 0.2, ""weight"": 0.2, ""contribution"": 0.04, ""detail"": ""seen on 1 separate days""}]",3.0,
81562cf400b0,23.58516,72.11846,2026-09-24,741,D,N20,VIIRS,VIIRS_NOAA20_NRT,n,0.45,0.63,23.59,72.12,2.66,332.35,298.06,,,,,,283500.0,unknown,False,False,weak_11um,2.46,scene,0.10219556961766603,0.03406518987255534,0.5352564102564102,1,1,0.0,0.2,,0.0,0.2,0.0,False,False,False,1.0,5.0,14.818,14.818,28.695,67.846,,0,0,0,0,osm|wri|gem,,0,0.0,F00830,Suzuki Motor Gujarat,works,23.4943674,72.0120546,osm,1,unknown,,,,No registered industrial site nearby,False,,False,0.0,0.25,0.2,0.0,0.5352564102564102,0.1828,0.1828,0.0,0.0513,0.1082,0.1082,0.1507,Low,insufficient_evidence,Insufficient evidence,,"[{""key"": ""intensity"", ""label"": ""Thermal intensity"", ""value"": 0.535, ""weight"": 0.15, ""contribution"": 0.0803, ""detail"": ""FRP 2.7 MW, 54th percentile""}, {""key"": ""physics"", ""label"": ""Combustion temperature"", ""value"": 0.25, ""weight"": 0.25, ""contribution"": 0.0625, ""detail"": ""temperature retrieval unavailable""}, {""key"": ""persistence"", ""label"": ""Repeat detections"", ""value"": 0.2, ""weight"": 0.2, ""contribution"": 0.04, ""detail"": ""seen on 1 separate days""}, {""key"": ""corroboration"", ""label"": ""Registry corroboration"", ""value"": 0.0, ""weight"": 0.3, ""contribution"": 0.0, ""detail"": ""0 of 3 registries place infrastructure within 3 km""}, {""key"": ""nocturnal"", ""label"": ""Burns at night"", ""value"": 0.0, ""weight"": 0.1, ""contribution"": 0.0, ""detail"": ""0% of detections at night""}]",3.0,
d36f361c5c7d,23.83114,70.28083,2026-09-24,826,D,N21,VIIRS,VIIRS_NOAA21_NRT,n,0.39,0.36,23.83,70.28,3.79,340.51,313.7,,,,,,140400.0,unknown,False,False,weak_11um,2.46,scene,0.6796005379574785,0.22653351265249286,0.6730769230769231,1,1,0.0,0.2,,0.0,0.2,0.0,False,False,False,1.0,5.0,54.642,54.681,54.604,58.254,,0,0,0,0,osm|wri|gem,,0,0.0,F00149,Karmaria Solar Power Plant,power_plant,23.34963055,70.3879179,osm|wri,2,operating,15.0,MW,,No registered industrial site nearby,False,,False,0.0,0.25,0.2,0.0,0.6730769230769231,0.2035,0.2035,0.0091,0.2588,0.1535,0.1535,0.233,Low,insufficient_evidence,Insufficient evidence,,"[{""key"": ""intensity"", ""label"": ""Thermal intensity"", ""value"": 0.673, ""weight"": 0.15, ""contribution"": 0.101, ""detail"": ""FRP 3.8 MW, 67th percentile""}, {""key"": ""physics"", ""label"": ""Combustion temperature"", ""value"": 0.25, ""weight"": 0.25, ""contribution"": 0.0625, ""detail"": ""temperature retrieval unavailable""}, {""key"": ""persistence"", ""label"": ""Repeat detections"", ""value"": 0.2, ""weight"": 0.2, ""contribution"": 0.04, ""detail"": ""seen on 1 separate days""}, {""key"": ""corroboration"", ""label"": ""Registry corroboration"", ""value"": 0.0, ""weight"": 0.3, ""contribution"": 0.0, ""detail"": ""0 of 3 registries place infrastructure within 3 km""}, {""key"": ""nocturnal"", ""label"": ""Burns at night"", ""value"": 0.0, ""weight"": 0.1, ""contribution"": 0.0, ""detail"": ""0% of detections at night""}]",3.0,
06d5b83633e5,24.44929,71.40038,2026-09-24,826,D,N21,VIIRS,VIIRS_NOAA21_NRT,n,0.39,0.36,24.45,71.4,5.89,348.83,318.2,,,474.6,0.03646038513122245,5119.0,140400.0,smouldering,False,False,ok,2.46,scene,1.7526540189429707,0.5842180063143235,0.84375,1,1,0.0,0.2,,0.0,0.2,0.0,False,False,False,1.0,5.0,59.589,110.029,59.589,160.956,,0,0,0,0,osm|wri|gem,,0,0.0,F02541,Daisar,power_plant,23.925,71.522,wri,1,operating,20.0,MW,,No registered industrial site nearby,False,,False,0.0,0.0,0.2,0.0,0.84375,0.1666,0.1666,0.0091,0.6186,0.1871,0.1871,0.3546,Moderate,insufficient_evidence,Insufficient evidence,,"[{""key"": ""intensity"", ""label"": ""Thermal intensity"", ""value"": 0.844, ""weight"": 0.15, ""contribution"": 0.1266, ""detail"": ""FRP 5.9 MW, 84th percentile""}, {""key"": ""persistence"", ""label"": ""Repeat detections"", ""value"": 0.2, ""weight"": 0.2, ""contribution"": 0.04, ""detail"": ""seen on 1 separate days""}, {""key"": ""corroboration"", ""label"": ""Registry corroboration"", ""value"": 0.0, ""weight"": 0.3, ""contribution"": 0.0, ""detail"": ""0 of 3 registries place infrastructure within 3 km""}, {""key"": ""physics"", ""label"": ""Combustion temperature"", ""value"": 0.0, ""weight"": 0.25, ""contribution"": 0.0, ""detail"": ""retrieved 475 K (smouldering)""}, {""key"": ""nocturnal"", ""label"": ""Burns at night"", ""value"": 0.0, ""weight"": 0.1, ""contribution"": 0.0, ""detail"": ""0% of detections at night""}]",3.0,
721d2f356925,24.66125,74.63567,2026-09-24,2129,N,N,VIIRS,VIIRS_SNPP_NRT,n,0.63,0.54,24.66,74.64,2.49,305.73,293.44,,,,,,340200.0,unknown,False,False,weak_11um,2.04,region,0.6744907594765952,0.22483025315886507,0.5032051282051282,1,1,1.0,0.2,,0.0,0.2,1.0,False,False,False,1.0,5.0,5.326,199.014,5.326,11.824,,0,0,0,0,osm|wri|gem,,0,0.0,F03006,NIMBAHERA JK CEMENT,power_plant,24.6428,74.6843,wri,1,operating,33.2,MW,,Near industrial activity,False,,False,0.0,0.25,0.2,1.0,0.5032051282051282,0.278,0.278,0.3868,0.6931,0.3729,0.3729,0.3143,Low,insufficient_evidence,Insufficient evidence,,"[{""key"": ""nocturnal"", ""label"": ""Burns at night"", ""value"": 1.0, ""weight"": 0.1, ""contribution"": 0.1, ""detail"": ""100% of detections at night""}, {""key"": ""intensity"", ""label"": ""Thermal intensity"", ""value"": 0.503, ""weight"": 0.15, ""contribution"": 0.0755, ""detail"": ""FRP 2.5 MW, 50th percentile""}, {""key"": ""physics"", ""label"": ""Combustion temperature"", ""value"": 0.25, ""weight"": 0.25, ""contribution"": 0.0625, ""detail"": ""temperature retrieval unavailable""}, {""key"": ""persistence"", ""label"": ""Repeat detections"", ""value"": 0.2, ""weight"": 0.2, ""contribution"": 0.04, ""detail"": ""seen on 1 separate days""}, {""key"": ""corroboration"", ""label"": ""Registry corroboration"", ""value"": 0.0, ""weight"": 0.3, ""contribution"": 0.0, ""detail"": ""0 of 3 registries place infrastructure within 3 km""}]",3.0,C14
78d7332a0a46,24.66439,74.63258,2026-09-24,2010,N,N20,VIIRS,VIIRS_NOAA20_NRT,n,0.36,0.58,24.66,74.63,1.44,305.09,294.22,,,,,,208800.0,unknown,False,False,weak_11um,1.74,cell,-0.5468843995756177,0.0,0.2532051282051282,4,4,1.0,0.8,1.0,0.4823137752442741,0.8,1.0,False,False,False,4.0,5.0,5.752,199.021,5.752,11.416,,0,0,0,0,osm|wri|gem,,0,0.0,F03006,NIMBAHERA JK CEMENT,power_plant,24.6428,74.6843,wri,1,operating,33.2,MW,,Near industrial activity,False,,False,0.0,0.25,0.8,1.0,0.2532051282051282,0.3605,0.3605,0.3057,0.5024,0.3653,0.3653,0.3497,Low,insufficient_evidence,Insufficient evidence,,"[{""key"": ""persistence"", ""label"": ""Repeat detections"", ""value"": 0.8, ""weight"": 0.2, ""contribution"": 0.16, ""detail"": ""seen on 4 separate days""}, {""key"": ""nocturnal"", ""label"": ""Burns at night"", ""value"": 1.0, ""weight"": 0.1, ""contribution"": 0.1, ""detail"": ""100% of detections at night""}, {""key"": ""physics"", ""label"": ""Combustion temperature"", ""value"": 0.25, ""weight"": 0.25, ""contribution"": 0.0625, ""detail"": ""temperature retrieval unavailable""}, {""key"": ""intensity"", ""label"": ""Thermal intensity"", ""value"": 0.253, ""weight"": 0.15, ""contribution"": 0.038, ""detail"": ""FRP 1.4 MW, 25th percentile""}, {""key"": ""corroboration"", ""label"": ""Registry corroboration"", ""value"": 0.0, ""weight"": 0.3, ""contribution"": 0.0, ""detail"": ""0 of 3 registries place infrastructure within 3 km""}]",3.0,C14
42deb893b63d,24.69099,73.00126,2026-09-24,2053,N,N21,VIIRS,VIIRS_NOAA21_NRT,n,0.39,0.36,24.69,73.0,2.07,308.12,297.26,,,416.2,0.016712455554250032,2346.4,140400.0,smouldering,False,False,ok,1.87,cell,0.39999999999999947,0.13333333333333316,0.41426282051282054,4,4,1.0,0.8,1.0,0.4753003071298104,0.8,1.0,False,False,False,4.0,5.0,0.592,140.293,0.592,84.593,,0,1,0,0,osm|wri|gem,wri,1,0.3333,F02684,JAYKAYPURAM PLANT,power_plant,24.6963,73.0017,wri,1,operating,66.0,MW,,On a registered industrial site,False,,False,0.3333,0.0,0.8,1.0,0.41426282051282054,0.4221,0.4221,0.2907,0.597,0.4089,0.4089,0.4188,Moderate,insufficient_evidence,Insufficient evidence,,"[{""key"": ""persistence"", ""label"": ""Repeat detections"", ""value"": 0.8, ""weight"": 0.2, ""contribution"": 0.16, ""detail"": ""seen on 4 separate days""}, {""key"": ""corroboration"", ""label"": ""Registry corroboration"", ""value"": 0.333, ""weight"": 0.3, ""contribution"": 0.1, ""detail"": ""1 of 3 registries place infrastructure within 3 km""}, {""key"": ""nocturnal"", ""label"": ""Burns at night"", ""value"": 1.0, ""weight"": 0.1, ""contribution"": 0.1, ""detail"": ""100% of detections at night""}, {""key"": ""intensity"", ""label"": ""Thermal intensity"", ""value"": 0.414, ""weight"": 0.15, ""contribution"": 0.0621, ""detail"": ""FRP 2.1 MW, 41th percentile""}, {""key"": ""physics"", ""label"": ""Combustion temperature"", ""value"": 0.0, ""weight"": 0.25, ""contribution"": 0.0, ""detail"": ""retrieved 416 K (smouldering)""}]",3.0,C20
bdc1e5eb42c0,24.76594,74.60468,2026-09-24,2010,N,N20,VIIRS,VIIRS_NOAA20_NRT,n,0.37,0.58,24.77,74.6,1.1,309.21,293.31,,,,,,214600.0,unknown,False,False,weak_11um,2.46,scene,-0.6949298734001284,0.0,0.16506410256410256,1,1,1.0,0.2,,0.0,0.2,1.0,False,False,False,1.0,5.0,0.469,204.873,0.438,0.511,,0,1,1,0,osm|wri|gem,wri|gem,2,0.6667,F02286,ADITYA CEMENT WORKS,power_plant,24.765607000000003,74.6093065,gem|wri,2,operating,128.0,MW,Chhattisgarh,On a registered industrial site,False,,False,0.6667,0.25,0.2,1.0,0.16506410256410256,0.4273,0.4273,0.3323,0.5553,0.418,0.418,0.2446,Low,insufficient_evidence,Insufficient evidence,,"[{""key"": ""corroboration"", ""label"": ""Registry corroboration"", ""value"": 0.667, ""weight"": 0.3, ""contribution"": 0.2, ""detail"": ""2 of 3 registries place infrastructure within 3 km""}, {""key"": ""nocturnal"", ""label"": ""Burns at night"", ""value"": 1.0, ""weight"": 0.1, ""contribution"": 0.1, ""detail"": ""100% of detections at night""}, {""key"": ""physics"", ""label"": ""Combustion temperature"", ""value"": 0.25, ""weight"": 0.25, ""contribution"": 0.0625, ""detail"": ""temperature retrieval unavailable""}, {""key"": ""persistence"", ""label"": ""Repeat detections"", ""value"": 0.2, ""weight"": 0.2, ""contribution"": 0.04, ""detail"": ""seen on 1 separate days""}, {""key"": ""intensity"", ""label"": ""Thermal intensity"", ""value"": 0.165, ""weight"": 0.15, ""contribution"": 0.0248, ""detail"": ""FRP 1.1 MW, 17th percentile""}]",3.0,C33
a8ddaf6b1fba,24.81914,73.0939,2026-09-24,2053,N,N21,VIIRS,VIIRS_NOAA21_NRT,n,0.4,0.37,24.82,73.09,1.35,307.86,297.78,,,401.0,0.023359348512533476,3457.2,148000.0,smouldering,False,False,ok,1.56,cell,-0.41999999999999993,0.0,0.23076923076923078,4,4,1.0,0.8,1.0,0.48568358220963176,0.8,1.0,False,False,False,4.0,5.0,0.884,153.46,0.884,84.299,,0,1,0,0,osm|wri|gem,wri,1,0.3333,F02383,BINANI CEMENT PLANT,power_plant,24.8263,73.0901,wri,1,operating,69.6,MW,,On a registered industrial site,False,,False,0.3333,0.0,0.8,1.0,0.23076923076923078,0.3946,0.3946,0.264,0.6763,0.3977,0.3977,0.362,Moderate,insufficient_evidence,Insufficient evidence,,"[{""key"": ""persistence"", ""label"": ""Repeat detections"", ""value"": 0.8, ""weight"": 0.2, ""contribution"": 0.16, ""detail"": ""seen on 4 separate days""}, {""key"": ""corroboration"", ""label"": ""Registry corroboration"", ""value"": 0.333, ""weight"": 0.3, ""contribution"": 0.1, ""detail"": ""1 of 3 registries place infrastructure within 3 km""}, {""key"": ""nocturnal"", ""label"": ""Burns at night"", ""value"": 1.0, ""weight"": 0.1, ""contribution"": 0.1, ""detail"": ""100% of detections at night""}, {""key"": ""intensity"", ""label"": ""Thermal intensity"", ""value"": 0.231, ""weight"": 0.15, ""contribution"": 0.0346, ""detail"": ""FRP 1.4 MW, 23th percentile""}, {""key"": ""physics"", ""label"": ""Combustion temperature"", ""value"": 0.0, ""weight"": 0.25, ""contribution"": 0.0, ""detail"": ""retrieved 401 K (smouldering)""}]",3.0,C21
9e137639e1d5,24.93318,74.63246,2026-09-24,2129,N,N,VIIRS,VIIRS_SNPP_NRT,n,0.62,0.54,24.93,74.63,1.39,305.64,293.87,,,,,,334800.0,unknown,False,False,weak_11um,1.14,region,0.5,0.16666666666666666,0.24278846153846154,3,3,1.0,0.6,1.0,0.0,0.6,1.0,False,False,False,3.0,5.0,0.607,220.4,0.607,4.938,,0,1,0,0,osm|wri|gem,wri,1,0.3333,F02475,CHANDERIA CEMENT WORKS,power_plant,24.9293,74.6367,wri,1,operating,35.0,MW,,On a registered industrial site,False,,False,0.3333,0.25,0.6,1.0,0.24278846153846154,0.4189,0.4189,0.1316,0.754,0.383,0.383,0.3583,Moderate,insufficient_evidence,Insufficient evidence,,"[{""key"": ""persistence"", ""label"": ""Repeat detections"", ""value"": 0.6, ""weight"": 0.2, ""contribution"": 0.12, ""detail"": ""seen on 3 separate days""}, {""key"": ""corroboration"", ""label"": ""Registry corroboration"", ""value"": 0.333, ""weight"": 0.3, ""contribution"": 0.1, ""detail"": ""1 of 3 registries place infrastructure within 3 km""}, {""key"": ""nocturnal"", ""label"": ""Burns at night"", ""value"": 1.0, ""weight"": 0.1, ""contribution"": 0.1, ""detail"": ""100% of detections at night""}, {""key"": ""physics"", ""label"": ""Combustion temperature"", ""value"": 0.25, ""weight"": 0.25, ""contribution"": 0.0625, ""detail"": ""temperature retrieval unavailable""}, {""key"": ""intensity"", ""label"": ""Thermal intensity"", ""value"": 0.243, ""weight"": 0.15, ""contribution"": 0.0364, ""detail"": ""FRP 1.4 MW, 24th percentile""}]",3.0,C22
6121272e84b6,26.25632,74.09438,2026-09-24,2055,N,N21,VIIRS,VIIRS_NOAA21_NRT,n,0.41,0.37,26.26,74.09,1.58,311.66,299.02,,,442.7,0.011727428509954231,1779.1,151700.0,smouldering,False,False,ok,1.46,region,0.2400000000000002,0.08000000000000007,0.29967948717948717,2,2,1.0,0.4,,0.0,0.4,1.0,False,False,False,2.0,5.0,5.501,285.351,5.501,35.394,,0,0,0,0,osm|wri|gem,,0,0.0,F03129,RABRIYAWAS CEMENT,power_plant,26.2984,74.1234,wri,1,operating,18.7,MW,,Near industrial activity,False,,False,0.0,0.0,0.4,1.0,0.29967948717948717,0.225,0.225,0.2557,0.6755,0.3018,0.3018,0.2658,Low,insufficient_evidence,Insufficient evidence,,"[{""key"": ""nocturnal"", ""label"": ""Burns at night"", ""value"": 1.0, ""weight"": 0.1, ""contribution"": 0.1, ""detail"": ""100% of detections at night""}, {""key"": ""persistence"", ""label"": ""Repeat detections"", ""value"": 0.4, ""weight"": 0.2, ""contribution"": 0.08, ""detail"": ""seen on 2 separate days""}, {""key"": ""intensity"", ""label"": ""Thermal intensity"", ""value"": 0.3, ""weight"": 0.15, ""contribution"": 0.045, ""detail"": ""FRP 1.6 MW, 30th percentile""}, {""key"": ""corroboration"", ""label"": ""Registry corroboration"", ""value"": 0.0, ""weight"": 0.3, ""contribution"": 0.0, ""detail"": ""0 of 3 registries place infrastructure within 3 km""}, {""key"": ""physics"", ""label"": ""Combustion temperature"", ""value"": 0.0, ""weight"": 0.25, ""contribution"": 0.0, ""detail"": ""retrieved 443 K (smouldering)""}]",3.0,C12
8f28e81b7ae0,26.2579,74.09552,2026-09-24,2129,N,N,VIIRS,VIIRS_SNPP_NRT,n,0.54,0.51,26.26,74.1,1.25,306.96,296.36,,,,,,275400.0,unknown,False,False,weak_11um,1.53,cell,-0.56,0.0,0.19951923076923078,4,4,1.0,0.8,1.0,0.5078510635421727,0.8,1.0,False,False,False,4.0,5.0,5.292,285.164,5.292,35.402,,0,0,0,0,osm|wri|gem,,0,0.0,F03129,RABRIYAWAS CEMENT,power_plant,26.2984,74.1234,wri,1,operating,18.7,MW,,Near industrial activity,False,,False,0.0,0.25,0.8,1.0,0.19951923076923078,0.3524,0.3524,0.3057,0.5064,0.3615,0.3615,0.3426,Low,insufficient_evidence,Insufficient evidence,,"[{""key"": ""persistence"", ""label"": ""Repeat detections"", ""value"": 0.8, ""weight"": 0.2, ""contribution"": 0.16, ""detail"": ""seen on 4 separate days""}, {""key"": ""nocturnal"", ""label"": ""Burns at night"", ""value"": 1.0, ""weight"": 0.1, ""contribution"": 0.1, ""detail"": ""100% of detections at night""}, {""key"": ""physics"", ""label"": ""Combustion temperature"", ""value"": 0.25, ""weight"": 0.25, ""contribution"": 0.0625, ""detail"": ""temperature retrieval unavailable""}, {""key"": ""intensity"", ""label"": ""Thermal intensity"", ""value"": 0.2, ""weight"": 0.15, ""contribution"": 0.0299, ""detail"": ""FRP 1.2 MW, 20th percentile""}, {""key"": ""corroboration"", ""label"": ""Registry corroboration"", ""value"": 0.0, ""weight"": 0.3, ""contribution"": 0.0, ""detail"": ""0 of 3 registries place infrastructure within 3 km""}]",3.0,C12
e585510edd6c,26.78875,75.76647,2026-09-24,724,D,N,VIIRS,VIIRS_SNPP_NRT,n,0.56,0.69,26.79,75.77,7.12,355.4,297.73,,,,,,386400.0,unknown,False,False,weak_11um,2.46,scene,2.3811567720916167,0.7937189240305389,0.8878205128205128,1,1,0.0,0.2,,0.0,0.2,0.0,False,False,False,1.0,5.0,32.082,115.868,32.082,158.869,,0,0,0,0,osm|wri|gem,,0,0.0,F03110,Phagi Solar Power Plant,power_plant,26.5653,75.5622,wri,1,operating,1.0,MW,,No registered industrial site nearby,False,,False,0.0,0.25,0.2,0.0,0.8878205128205128,0.2357,0.2357,0.0091,0.4359,0.1978,0.1978,0.4162,Moderate,insufficient_evidence,Insufficient evidence,,"[{""key"": ""intensity"", ""label"": ""Thermal intensity"", ""value"": 0.888, ""weight"": 0.15, ""contribution"": 0.1332, ""detail"": ""FRP 7.1 MW, 89th percentile""}, {""key"": ""physics"", ""label"": ""Combustion temperature"", ""value"": 0.25, ""weight"": 0.25, ""contribution"": 0.0625, ""detail"": ""temperature retrieval unavailable""}, {""key"": ""persistence"", ""label"": ""Repeat detections"", ""value"": 0.2, ""weight"": 0.2, ""contribution"": 0.04, ""detail"": ""seen on 1 separate days""}, {""key"": ""corroboration"", ""label"": ""Registry corroboration"", ""value"": 0.0, ""weight"": 0.3, ""contribution"": 0.0, ""detail"": ""0 of 3 registries place infrastructure within 3 km""}, {""key"": ""nocturnal"", ""label"": ""Burns at night"", ""value"": 0.0, ""weight"": 0.1, ""contribution"": 0.0, ""detail"": ""0% of detections at night""}]",3.0,
a5e424ccb403,26.8735,73.51535,2026-09-24,2129,N,N,VIIRS,VIIRS_SNPP_NRT,n,0.48,0.48,26.87,73.52,1.63,308.27,297.2,,,,,,230400.0,unknown,False,False,weak_11um,1.6349999999999998,region,-0.008647317429186938,0.0,0.31650641025641024,3,3,1.0,0.6,1.0,0.0,0.6,1.0,False,False,False,3.0,5.0,16.27,313.151,16.27,42.072,,0,0,0,0,osm|wri|gem,,0,0.0,F02823,Khimsar,power_plant,26.97,73.392,wri,1,operating,5.0,MW,,No registered industrial site nearby,False,,False,0.0,0.25,0.6,1.0,0.31650641025641024,0.33,0.33,0.1076,0.5072,0.2899,0.2899,0.2821,Low,insufficient_evidence,Insufficient evidence,,"[{""key"": ""persistence"", ""label"": ""Repeat detections"", ""value"": 0.6, ""weight"": 0.2, ""contribution"": 0.12, ""detail"": ""seen on 3 separate days""}, {""key"": ""nocturnal"", ""label"": ""Burns at night"", ""value"": 1.0, ""weight"": 0.1, ""contribution"": 0.1, ""detail"": ""100% of detections at night""}, {""key"": ""physics"", ""label"": ""Combustion temperature"", ""value"": 0.25, ""weight"": 0.25, ""contribution"": 0.0625, ""detail"": ""temperature retrieval unavailable""}, {""key"": ""intensity"", ""label"": ""Thermal intensity"", ""value"": 0.317, ""weight"": 0.15, ""contribution"": 0.0475, ""detail"": ""FRP 1.6 MW, 32th percentile""}, {""key"": ""corroboration"", ""label"": ""Registry corroboration"", ""value"": 0.0, ""weight"": 0.3, ""contribution"": 0.0, ""detail"": ""0 of 3 registries place infrastructure within 3 km""}]",3.0,C4
49e0591c673f,26.87706,73.51396,2026-09-24,2055,N,N21,VIIRS,VIIRS_NOAA21_NRT,n,0.39,0.36,26.88,73.51,1.29,310.51,298.91,,,459.6,0.0073471839535565,1031.5,140400.0,smouldering,False,False,ok,1.6349999999999998,region,-0.596664902613911,0.0,0.21394230769230768,3,3,1.0,0.6,1.0,0.0,0.6,1.0,False,False,False,3.0,5.0,15.906,313.189,15.906,41.801,,0,0,0,0,osm|wri|gem,,0,0.0,F02823,Khimsar,power_plant,26.97,73.392,wri,1,operating,5.0,MW,,No registered industrial site nearby,False,,False,0.0,0.0,0.6,1.0,0.21394230769230768,0.2521,0.2521,0.244,0.7436,0.3234,0.3234,0.2869,Low,insufficient_evidence,Insufficient evidence,,"[{""key"": ""persistence"", ""label"": ""Repeat detections"", ""value"": 0.6, ""weight"": 0.2, ""contribution"": 0.12, ""detail"": ""seen on 3 separate days""}, {""key"": ""nocturnal"", ""label"": ""Burns at night"", ""value"": 1.0, ""weight"": 0.1, ""contribution"": 0.1, ""detail"": ""100% of detections at night""}, {""key"": ""intensity"", ""label"": ""Thermal intensity"", ""value"": 0.214, ""weight"": 0.15, ""contribution"": 0.0321, ""detail"": ""FRP 1.3 MW, 21th percentile""}, {""key"": ""corroboration"", ""label"": ""Registry corroboration"", ""value"": 0.0, ""weight"": 0.3, ""contribution"": 0.0, ""detail"": ""0 of 3 registries place infrastructure within 3 km""}, {""key"": ""physics"", ""label"": ""Combustion temperature"", ""value"": 0.0, ""weight"": 0.25, ""contribution"": 0.0, ""detail"": ""retrieved 460 K (smouldering)""}]",3.0,C4
70f20c131761,27.28735,73.83863,2026-09-24,2055,N,N21,VIIRS,VIIRS_NOAA21_NRT,n,0.4,0.37,27.29,73.84,1.71,311.34,299.3,,,449.0,0.009710304128758143,1437.1,148000.0,smouldering,False,False,ok,2.46,scene,-0.3832333860662473,0.0,0.3453525641025641,3,3,1.0,0.6,1.0,0.0,0.6,1.0,False,False,False,3.0,5.0,14.48,273.473,41.503,14.48,,0,0,0,0,osm|wri|gem,,0,0.0,F03676,Nimbri Chandawatan power station,power_plant,27.2,73.73,gem,1,cancelled,120.0,MW,Rajasthan,No registered industrial site nearby,False,,False,0.0,0.0,0.6,1.0,0.3453525641025641,0.2718,0.2718,0.167,0.73,0.3091,0.3091,0.2936,Low,insufficient_evidence,Insufficient evidence,,"[{""key"": ""persistence"", ""label"": ""Repeat detections"", ""value"": 0.6, ""weight"": 0.2, ""contribution"": 0.12, ""detail"": ""seen on 3 separate days""}, {""key"": ""nocturnal"", ""label"": ""Burns at night"", ""value"": 1.0, ""weight"": 0.1, ""contribution"": 0.1, ""detail"": ""100% of detections at night""}, {""key"": ""intensity"", ""label"": ""Thermal intensity"", ""value"": 0.345, ""weight"": 0.15, ""contribution"": 0.0518, ""detail"": ""FRP 1.7 MW, 35th percentile""}, {""key"": ""corroboration"", ""label"": ""Registry corroboration"", ""value"": 0.0, ""weight"": 0.3, ""contribution"": 0.0, ""detail"": ""0 of 3 registries place infrastructure within 3 km""}, {""key"": ""physics"", ""label"": ""Combustion temperature"", ""value"": 0.0, ""weight"": 0.25, ""contribution"": 0.0, ""detail"": ""retrieved 449 K (smouldering)""}]",3.0,C35
557263a10421,27.66577,76.1305,2026-09-24,2053,N,N21,VIIRS,VIIRS_NOAA21_NRT,n,0.46,0.39,27.67,76.13,2.07,309.77,296.42,,,,,,179400.0,unknown,False,False,weak_11um,2.46,scene,-0.19928136075444866,0.0,0.41426282051282054,3,3,1.0,0.6,0.6666666666666667,0.0,0.6,1.0,False,False,False,4.0,5.0,38.387,48.51,38.387,94.003,,0,0,0,0,osm|wri|gem,,0,0.0,F03037,Neemrana,power_plant,27.945,76.36,wri,1,operating,5.0,MW,,No registered industrial site nearby,False,,False,0.0,0.25,0.6,1.0,0.41426282051282054,0.3446,0.3446,0.1238,0.5929,0.3156,0.3156,0.3034,Low,insufficient_evidence,Insufficient evidence,,"[{""key"": ""persistence"", ""label"": ""Repeat detections"", ""value"": 0.6, ""weight"": 0.2, ""contribution"": 0.12, ""detail"": ""seen on 3 separate days""}, {""key"": ""nocturnal"", ""label"": ""Burns at night"", ""value"": 1.0, ""weight"": 0.1, ""contribution"": 0.1, ""detail"": ""100% of detections at night""}, {""key"": ""physics"", ""label"": ""Combustion temperature"", ""value"": 0.25, ""weight"": 0.25, ""contribution"": 0.0625, ""detail"": ""temperature retrieval unavailable""}, {""key"": ""intensity"", ""label"": ""Thermal intensity"", ""value"": 0.414, ""weight"": 0.15, ""contribution"": 0.0621, ""detail"": ""FRP 2.1 MW, 41th percentile""}, {""key"": ""corroboration"", ""label"": ""Registry corroboration"", ""value"": 0.0, ""weight"": 0.3, ""contribution"": 0.0, ""detail"": ""0 of 3 registries place infrastructure within 3 km""}]",3.0,C36
edb42c39f942,28.03802,77.61543,2026-09-24,828,D,N21,VIIRS,VIIRS_NOAA21_NRT,n,0.54,0.51,28.04,77.62,2.84,335.74,298.87,,,,,,275400.0,unknown,False,False,weak_11um,2.46,scene,0.19417158227356524,0.06472386075785508,0.5665064102564102,1,1,0.0,0.2,,0.0,0.2,0.0,False,False,False,1.0,5.0,3.795,3.795,39.827,31.693,,0,0,0,0,osm|wri|gem,,0,0.0,F02207,,industrial_area,28.041124,77.6539367,osm,1,unknown,,,,Near industrial activity,False,,False,0.0,0.25,0.2,0.0,0.5665064102564102,0.1875,0.1875,0.0,0.4519,0.1709,0.1709,0.1897,Low,insufficient_evidence,Insufficient evidence,,"[{""key"": ""intensity"", ""label"": ""Thermal intensity"", ""value"": 0.567, ""weight"": 0.15, ""contribution"": 0.085, ""detail"": ""FRP 2.8 MW, 57th percentile""}, {""key"": ""physics"", ""label"": ""Combustion temperature"", ""value"": 0.25, ""weight"": 0.25, ""contribution"": 0.0625, ""detail"": ""temperature retrieval unavailable""}, {""key"": ""persistence"", ""label"": ""Repeat detections"", ""value"": 0.2, ""weight"": 0.2, ""contribution"": 0.04, ""detail"": ""seen on 1 separate days""}, {""key"": ""corroboration"", ""label"": ""Registry corroboration"", ""value"": 0.0, ""weight"": 0.3, ""contribution"": 0.0, ""detail"": ""0 of 3 registries place infrastructure within 3 km""}, {""key"": ""nocturnal"", ""label"": ""Burns at night"", ""value"": 0.0, ""weight"": 0.1, ""contribution"": 0.0, ""detail"": ""0% of detections at night""}]",3.0,
557147ee9291,28.11006,76.61163,2026-09-24,2053,N,N21,VIIRS,VIIRS_NOAA21_NRT,n,0.48,0.4,28.11,76.61,1.67,308.15,295.6,,,488.5,0.004217472810287457,809.8,192000.0,smouldering,False,False,ok,2.46,scene,-0.4036724999897805,0.0,0.3333333333333333,1,1,1.0,0.2,,0.0,0.2,1.0,False,False,False,1.0,5.0,1.117,0.206,30.771,39.467,,182,0,0,0,osm|wri|gem,osm,1,0.3333,F01979,NTN NEI Manufacturing,works,28.10353696568625,76.60296686274506,osm,1,unknown,,,,Within the site's immediate surroundings,False,,False,0.3333,0.0,0.2,1.0,0.3333333333333333,0.29,0.29,0.2102,0.3774,0.2792,0.2792,0.199,Low,insufficient_evidence,Insufficient evidence,,"[{""key"": ""corroboration"", ""label"": ""Registry corroboration"", ""value"": 0.333, ""weight"": 0.3, ""contribution"": 0.1, ""detail"": ""1 of 3 registries place infrastructure within 3 km""}, {""key"": ""nocturnal"", ""label"": ""Burns at night"", ""value"": 1.0, ""weight"": 0.1, ""contribution"": 0.1, ""detail"": ""100% of detections at night""}, {""key"": ""intensity"", ""label"": ""Thermal intensity"", ""value"": 0.333, ""weight"": 0.15, ""contribution"": 0.05, ""detail"": ""FRP 1.7 MW, 33th percentile""}, {""key"": ""persistence"", ""label"": ""Repeat detections"", ""value"": 0.2, ""weight"": 0.2, ""contribution"": 0.04, ""detail"": ""seen on 1 separate days""}, {""key"": ""physics"", ""label"": ""Combustion temperature"", ""value"": 0.0, ""weight"": 0.25, ""contribution"": 0.0, ""detail"": ""retrieved 488 K (smouldering)""}]",3.0,
c9e0e320671f,28.32275,77.22102,2026-09-24,2053,N,N21,VIIRS,VIIRS_NOAA21_NRT,n,0.51,0.41,28.32,77.22,1.25,308.07,294.2,,,,,,209100.0,unknown,False,False,weak_11um,0.87,region,0.76,0.25333333333333335,0.19951923076923078,2,2,1.0,0.4,,0.0,0.4,1.0,False,False,False,2.0,5.0,5.294,5.294,10.52,10.068,,0,0,0,0,osm|wri|gem,,0,0.0,F02238,,industrial_area,28.3542917,77.1805,osm,1,unknown,,,,Near industrial activity,False,,False,0.0,0.25,0.4,1.0,0.19951923076923078,0.2724,0.2724,0.1926,0.6546,0.3058,0.3058,0.3009,Low,insufficient_evidence,Insufficient evidence,,"[{""key"": ""nocturnal"", ""label"": ""Burns at night"", ""value"": 1.0, ""weight"": 0.1, ""contribution"": 0.1, ""detail"": ""100% of detections at night""}, {""key"": ""persistence"", ""label"": ""Repeat detections"", ""value"": 0.4, ""weight"": 0.2, ""contribution"": 0.08, ""detail"": ""seen on 2 separate days""}, {""key"": ""physics"", ""label"": ""Combustion temperature"", ""value"": 0.25, ""weight"": 0.25, ""contribution"": 0.0625, ""detail"": ""temperature retrieval unavailable""}, {""key"": ""intensity"", ""label"": ""Thermal intensity"", ""value"": 0.2, ""weight"": 0.15, ""contribution"": 0.0299, ""detail"": ""FRP 1.2 MW, 20th percentile""}, {""key"": ""corroboration"", ""label"": ""Registry corroboration"", ""value"": 0.0, ""weight"": 0.3, ""contribution"": 0.0, ""detail"": ""0 of 3 registries place infrastructure within 3 km""}]",3.0,C5
a8949cf3756f,28.34856,77.23132,2026-09-24,2008,N,N20,VIIRS,VIIRS_NOAA20_NRT,n,0.55,0.51,28.35,77.23,0.87,307.67,294.1,,,,,,280500.0,unknown,False,False,weak_11um,0.87,region,0.0,0.0,0.11538461538461539,3,3,1.0,0.6,0.6666666666666667,0.0,0.6,1.0,False,False,False,4.0,5.0,2.653,2.653,11.211,7.807,,2,0,0,0,osm|wri|gem,osm,1,0.2,F02161,,industrial_area,28.3723307,77.2336888,osm,1,unknown,,,,Within the site's immediate surroundings,False,,False,0.2,0.25,0.6,1.0,0.11538461538461539,0.3598,0.3598,0.21,0.5312,0.3406,0.3406,0.2848,Low,insufficient_evidence,Insufficient evidence,,"[{""key"": ""persistence"", ""label"": ""Repeat detections"", ""value"": 0.6, ""weight"": 0.2, ""contribution"": 0.12, ""detail"": ""seen on 3 separate days""}, {""key"": ""nocturnal"", ""label"": ""Burns at night"", ""value"": 1.0, ""weight"": 0.1, ""contribution"": 0.1, ""detail"": ""100% of detections at night""}, {""key"": ""physics"", ""label"": ""Combustion temperature"", ""value"": 0.25, ""weight"": 0.25, ""contribution"": 0.0625, ""detail"": ""temperature retrieval unavailable""}, {""key"": ""corroboration"", ""label"": ""Registry corroboration"", ""value"": 0.2, ""weight"": 0.3, ""contribution"": 0.06, ""detail"": ""1 of 3 registries place infrastructure within 3 km""}, {""key"": ""intensity"", ""label"": ""Thermal intensity"", ""value"": 0.115, ""weight"": 0.15, ""contribution"": 0.0173, ""detail"": ""FRP 0.9 MW, 12th percentile""}]",3.0,C5
7bc2e51d5eaf,28.56227,77.55989,2026-09-24,2129,N,N,VIIRS,VIIRS_SNPP_NRT,n,0.38,0.59,28.56,77.56,0.73,301.04,290.21,,,,,,224200.0,unknown,False,False,weak_11um,1.16,region,-0.8599999999999999,0.0,0.07451923076923077,1,1,1.0,0.2,,0.0,0.2,1.0,False,False,False,1.0,5.0,1.951,1.951,5.866,5.989,,4,0,0,0,osm|wri|gem,osm,1,0.2,F02041,,industrial_area,28.568255,77.5411132,osm,1,unknown,,,,Within the site's immediate surroundings,False,,False,0.2,0.25,0.2,1.0,0.07451923076923077,0.2737,0.2737,0.3323,0.2236,0.2838,0.2838,0.1752,Low,insufficient_evidence,Insufficient evidence,,"[{""key"": ""nocturnal"", ""label"": ""Burns at night"", ""value"": 1.0, ""weight"": 0.1, ""contribution"": 0.1, ""detail"": ""100% of detections at night""}, {""key"": ""physics"", ""label"": ""Combustion temperature"", ""value"": 0.25, ""weight"": 0.25, ""contribution"": 0.0625, ""detail"": ""temperature retrieval unavailable""}, {""key"": ""corroboration"", ""label"": ""Registry corroboration"", ""value"": 0.2, ""weight"": 0.3, ""contribution"": 0.06, ""detail"": ""1 of 3 registries place infrastructure within 3 km""}, {""key"": ""persistence"", ""label"": ""Repeat detections"", ""value"": 0.2, ""weight"": 0.2, ""contribution"": 0.04, ""detail"": ""seen on 1 separate days""}, {""key"": ""intensity"", ""label"": ""Thermal intensity"", ""value"": 0.075, ""weight"": 0.15, ""contribution"": 0.0112, ""detail"": ""FRP 0.7 MW, 7th percentile""}]",3.0,C41
ca11452344fd,28.5668,77.55826,2026-09-24,2129,N,N,VIIRS,VIIRS_SNPP_NRT,n,0.38,0.59,28.57,77.56,1.16,301.95,290.25,,,,,,224200.0,unknown,False,False,weak_11um,1.16,region,0.0,0.0,0.1794871794871795,1,1,1.0,0.2,,0.0,0.2,1.0,False,False,False,1.0,5.0,1.682,1.682,5.742,5.852,,8,0,0,0,osm|wri|gem,osm,1,0.2,F02041,,industrial_area,28.568255,77.5411132,osm,1,unknown,,,,Within the site's immediate surroundings,False,,False,0.2,0.25,0.2,1.0,0.1794871794871795,0.2894,0.2894,0.3323,0.2933,0.3029,0.3029,0.1943,Low,insufficient_evidence,Insufficient evidence,,"[{""key"": ""nocturnal"", ""label"": ""Burns at night"", ""value"": 1.0, ""weight"": 0.1, ""contribution"": 0.1, ""detail"": ""100% of detections at night""}, {""key"": ""physics"", ""label"": ""Combustion temperature"", ""value"": 0.25, ""weight"": 0.25, ""contribution"": 0.0625, ""detail"": ""temperature retrieval unavailable""}, {""key"": ""corroboration"", ""label"": ""Registry corroboration"", ""value"": 0.2, ""weight"": 0.3, ""contribution"": 0.06, ""detail"": ""1 of 3 registries place infrastructure within 3 km""}, {""key"": ""persistence"", ""label"": ""Repeat detections"", ""value"": 0.2, ""weight"": 0.2, ""contribution"": 0.04, ""detail"": ""seen on 1 separate days""}, {""key"": ""intensity"", ""label"": ""Thermal intensity"", ""value"": 0.179, ""weight"": 0.15, ""contribution"": 0.0269, ""detail"": ""FRP 1.2 MW, 18th percentile""}]",3.0,C41
b1b472927dc3,28.56773,77.55437,2026-09-24,2129,N,N,VIIRS,VIIRS_SNPP_NRT,n,0.38,0.59,28.57,77.55,1.39,302.28,290.83,,,,,,224200.0,unknown,False,False,weak_11um,1.16,region,0.45999999999999996,0.15333333333333332,0.24278846153846154,1,1,1.0,0.2,,0.0,0.2,1.0,False,False,False,1.0,5.0,1.296,1.296,6.032,6.135,,8,0,0,0,osm|wri|gem,osm,1,0.2,F02041,,industrial_area,28.568255,77.5411132,osm,1,unknown,,,,Within the site's immediate surroundings,False,,False,0.2,0.25,0.2,1.0,0.24278846153846154,0.2989,0.2989,0.3323,0.4135,0.3261,0.3261,0.2494,Low,insufficient_evidence,Insufficient evidence,,"[{""key"": ""nocturnal"", ""label"": ""Burns at night"", ""value"": 1.0, ""weight"": 0.1, ""contribution"": 0.1, ""detail"": ""100% of detections at night""}, {""key"": ""physics"", ""label"": ""Combustion temperature"", ""value"": 0.25, ""weight"": 0.25, ""contribution"": 0.0625, ""detail"": ""temperature retrieval unavailable""}, {""key"": ""corroboration"", ""label"": ""Registry corroboration"", ""value"": 0.2, ""weight"": 0.3, ""contribution"": 0.06, ""detail"": ""1 of 3 registries place infrastructure within 3 km""}, {""key"": ""persistence"", ""label"": ""Repeat detections"", ""value"": 0.2, ""weight"": 0.2, ""contribution"": 0.04, ""detail"": ""seen on 1 separate days""}, {""key"": ""intensity"", ""label"": ""Thermal intensity"", ""value"": 0.243, ""weight"": 0.15, ""contribution"": 0.0364, ""detail"": ""FRP 1.4 MW, 24th percentile""}]",3.0,C41
90a1751fd155,28.64737,77.5583,2026-09-24,2053,N,N21,VIIRS,VIIRS_NOAA21_NRT,n,0.52,0.42,28.65,77.56,1.03,311.26,293.72,,,484.0,0.006664967724668651,1455.6,218400.0,smouldering,False,False,ok,1.16,region,-0.2599999999999998,0.0,0.14903846153846154,3,3,1.0,0.6,1.0,0.0,0.6,1.0,False,False,False,3.0,5.0,1.908,0.998,6.905,6.905,,16,0,0,0,osm|wri|gem,osm,1,0.3333,F02096,,works,28.6546730625,77.57599570000002,osm,1,unknown,,,,Within the site's immediate surroundings,False,,False,0.3333,0.0,0.6,1.0,0.14903846153846154,0.3423,0.3423,0.1983,0.6402,0.3438,0.3438,0.2896,Low,insufficient_evidence,Insufficient evidence,,"[{""key"": ""persistence"", ""label"": ""Repeat detections"", ""value"": 0.6, ""weight"": 0.2, ""contribution"": 0.12, ""detail"": ""seen on 3 separate days""}, {""key"": ""corroboration"", ""label"": ""Registry corroboration"", ""value"": 0.333, ""weight"": 0.3, ""contribution"": 0.1, ""detail"": ""1 of 3 registries place infrastructure within 3 km""}, {""key"": ""nocturnal"", ""label"": ""Burns at night"", ""value"": 1.0, ""weight"": 0.1, ""contribution"": 0.1, ""detail"": ""100% of detections at night""}, {""key"": ""intensity"", ""label"": ""Thermal intensity"", ""value"": 0.149, ""weight"": 0.15, ""contribution"": 0.0224, ""detail"": ""FRP 1.0 MW, 15th percentile""}, {""key"": ""physics"", ""label"": ""Combustion temperature"", ""value"": 0.0, ""weight"": 0.25, ""contribution"": 0.0, ""detail"": ""retrieved 484 K (smouldering)""}]",3.0,C15
7129efebdf7d,28.67667,77.54909,2026-09-24,2053,N,N21,VIIRS,VIIRS_NOAA21_NRT,n,0.52,0.42,28.68,77.55,0.7,304.13,293.87,,,420.5,0.01211088154204824,2645.0,218400.0,smouldering,False,False,ok,2.46,scene,-0.8993210126354603,0.0,0.058493589743589744,1,1,1.0,0.2,,0.0,0.2,1.0,False,False,False,1.0,5.0,3.37,2.905,9.997,9.997,,2,0,0,0,osm|wri|gem,osm,1,0.2,F02169,,industrial_area,28.677693,77.5145665,osm,1,unknown,,,,Near industrial activity,False,,False,0.2,0.0,0.2,1.0,0.058493589743589744,0.2088,0.2088,0.239,0.3558,0.2399,0.2399,0.1538,Low,insufficient_evidence,Insufficient evidence,,"[{""key"": ""nocturnal"", ""label"": ""Burns at night"", ""value"": 1.0, ""weight"": 0.1, ""contribution"": 0.1, ""detail"": ""100% of detections at night""}, {""key"": ""corroboration"", ""label"": ""Registry corroboration"", ""value"": 0.2, ""weight"": 0.3, ""contribution"": 0.06, ""detail"": ""1 of 3 registries place infrastructure within 3 km""}, {""key"": ""persistence"", ""label"": ""Repeat detections"", ""value"": 0.2, ""weight"": 0.2, ""contribution"": 0.04, ""detail"": ""seen on 1 separate days""}, {""key"": ""intensity"", ""label"": ""Thermal intensity"", ""value"": 0.058, ""weight"": 0.15, ""contribution"": 0.0088, ""detail"": ""FRP 0.7 MW, 6th percentile""}, {""key"": ""physics"", ""label"": ""Combustion temperature"", ""value"": 0.0, ""weight"": 0.25, ""contribution"": 0.0, ""detail"": ""retrieved 420 K (smouldering)""}]",3.0,
93da755c3d5e,28.71004,76.85292,2026-09-24,2008,N,N20,VIIRS,VIIRS_NOAA20_NRT,n,0.59,0.53,28.71,76.85,2.17,304.97,294.45,,,,,,312700.0,unknown,False,False,weak_11um,1.32,region,1.1700349909287873,0.3900116636429291,0.4326923076923077,2,2,1.0,0.4,,0.0,0.4,1.0,False,False,False,2.0,5.0,3.27,1.709,23.283,23.32,,22,0,0,0,osm|wri|gem,osm,1,0.2,F01972,Ramdas Bhatta,works,28.71235929,76.88635045000001,osm,1,unknown,,,,Near industrial activity,False,,False,0.2,0.25,0.4,1.0,0.4326923076923077,0.3674,0.3674,0.2093,0.746,0.3768,0.3768,0.3903,Moderate,insufficient_evidence,Insufficient evidence,,"[{""key"": ""nocturnal"", ""label"": ""Burns at night"", ""value"": 1.0, ""weight"": 0.1, ""contribution"": 0.1, ""detail"": ""100% of detections at night""}, {""key"": ""persistence"", ""label"": ""Repeat detections"", ""value"": 0.4, ""weight"": 0.2, ""contribution"": 0.08, ""detail"": ""seen on 2 separate days""}, {""key"": ""intensity"", ""label"": ""Thermal intensity"", ""value"": 0.433, ""weight"": 0.15, ""contribution"": 0.0649, ""detail"": ""FRP 2.2 MW, 43th percentile""}, {""key"": ""physics"", ""label"": ""Combustion temperature"", ""value"": 0.25, ""weight"": 0.25, ""contribution"": 0.0625, ""detail"": ""temperature retrieval unavailable""}, {""key"": ""corroboration"", ""label"": ""Registry corroboration"", ""value"": 0.2, ""weight"": 0.3, ""contribution"": 0.06, ""detail"": ""1 of 3 registries place infrastructure within 3 km""}]",3.0,C23
008acfdb560e,28.72721,77.15845,2026-09-24,2053,N,N21,VIIRS,VIIRS_NOAA21_NRT,n,0.5,0.41,28.73,77.16,1.66,307.25,295.65,,,446.2,0.008499349374080834,1742.4,205000.0,smouldering,False,False,ok,2.46,scene,-0.4087822784706638,0.0,0.328525641025641,1,1,1.0,0.2,,0.0,0.2,1.0,False,False,False,1.0,5.0,1.981,0.615,5.577,5.577,,50,0,0,0,osm|wri|gem,osm,1,0.3333,F02000,Wastewater Treatment Plant,steel,28.72745681111111,77.17876806666669,osm,1,unknown,,,,Within the site's immediate surroundings,False,,False,0.3333,0.0,0.2,1.0,0.328525641025641,0.2893,0.2893,0.2183,0.3502,0.2771,0.2771,0.1975,Low,insufficient_evidence,Insufficient evidence,,"[{""key"": ""corroboration"", ""label"": ""Registry corroboration"", ""value"": 0.333, ""weight"": 0.3, ""contribution"": 0.1, ""detail"": ""1 of 3 registries place infrastructure within 3 km""}, {""key"": ""nocturnal"", ""label"": ""Burns at night"", ""value"": 1.0, ""weight"": 0.1, ""contribution"": 0.1, ""detail"": ""100% of detections at night""}, {""key"": ""intensity"", ""label"": ""Thermal intensity"", ""value"": 0.329, ""weight"": 0.15, ""contribution"": 0.0493, ""detail"": ""FRP 1.7 MW, 33th percentile""}, {""key"": ""persistence"", ""label"": ""Repeat detections"", ""value"": 0.2, ""weight"": 0.2, ""contribution"": 0.04, ""detail"": ""seen on 1 separate days""}, {""key"": ""physics"", ""label"": ""Combustion temperature"", ""value"": 0.0, ""weight"": 0.25, ""contribution"": 0.0, ""detail"": ""retrieved 446 K (smouldering)""}]",3.0,
582e05e49b69,28.95065,78.80548,2026-09-24,1947,N,N,VIIRS,VIIRS_SNPP_NRT,n,0.56,0.69,28.95,78.81,1.19,300.9,288.86,,,,,,386400.0,unknown,False,False,weak_11um,2.46,scene,-0.6489418670721787,0.0,0.1891025641025641,1,1,1.0,0.2,,0.0,0.2,1.0,False,False,False,1.0,5.0,25.285,81.876,26.145,25.285,,0,0,0,0,osm|wri|gem,,0,0.0,F03632,Lakhisarai power station (SPML),power_plant,28.8,79.0,gem,1,cancelled,1200.0,MW,Bihar,No registered industrial site nearby,False,,False,0.0,0.25,0.2,1.0,0.1891025641025641,0.2309,0.2309,0.3323,0.363,0.2811,0.2811,0.1854,Low,insufficient_evidence,Insufficient evidence,,"[{""key"": ""nocturnal"", ""label"": ""Burns at night"", ""value"": 1.0, ""weight"": 0.1, ""contribution"": 0.1, ""detail"": ""100% of detections at night""}, {""key"": ""physics"", ""label"": ""Combustion temperature"", ""value"": 0.25, ""weight"": 0.25, ""contribution"": 0.0625, ""detail"": ""temperature retrieval unavailable""}, {""key"": ""persistence"", ""label"": ""Repeat detections"", ""value"": 0.2, ""weight"": 0.2, ""contribution"": 0.04, ""detail"": ""seen on 1 separate days""}, {""key"": ""intensity"", ""label"": ""Thermal intensity"", ""value"": 0.189, ""weight"": 0.15, ""contribution"": 0.0284, ""detail"": ""FRP 1.2 MW, 19th percentile""}, {""key"": ""corroboration"", ""label"": ""Registry corroboration"", ""value"": 0.0, ""weight"": 0.3, ""contribution"": 0.0, ""detail"": ""0 of 3 registries place infrastructure within 3 km""}]",3.0,
5826cc53bbca,29.09044,75.95024,2026-09-24,744,D,N20,VIIRS,VIIRS_NOAA20_NRT,n,0.41,0.45,29.09,75.95,4.5,341.24,301.63,,,727.5,0.0017619687992423373,325.1,184500.0,biomass_like,False,False,ok,2.46,scene,1.0423948101001925,0.3474649367000642,0.7387820512820513,1,1,0.0,0.2,,0.0,0.2,0.0,False,False,False,1.0,5.0,17.692,60.186,30.563,17.692,,0,0,0,0,osm|wri|gem,,0,0.0,F03795,Jindal Stainless Hisar steel plant,steel,29.127253,75.773075,gem,1,operating,800.0,ttpa,Haryana,No registered industrial site nearby,False,,False,0.0,0.0,0.2,0.0,0.7387820512820513,0.1508,0.1508,0.0286,0.4663,0.1615,0.1615,0.2734,Low,insufficient_evidence,Insufficient evidence,,"[{""key"": ""intensity"", ""label"": ""Thermal intensity"", ""value"": 0.739, ""weight"": 0.15, ""contribution"": 0.1108, ""detail"": ""FRP 4.5 MW, 74th percentile""}, {""key"": ""persistence"", ""label"": ""Repeat detections"", ""value"": 0.2, ""weight"": 0.2, ""contribution"": 0.04, ""detail"": ""seen on 1 separate days""}, {""key"": ""corroboration"", ""label"": ""Registry corroboration"", ""value"": 0.0, ""weight"": 0.3, ""contribution"": 0.0, ""detail"": ""0 of 3 registries place infrastructure within 3 km""}, {""key"": ""physics"", ""label"": ""Combustion temperature"", ""value"": 0.0, ""weight"": 0.25, ""contribution"": 0.0, ""detail"": ""retrieved 728 K (biomass like)""}, {""key"": ""nocturnal"", ""label"": ""Burns at night"", ""value"": 0.0, ""weight"": 0.1, ""contribution"": 0.0, ""detail"": ""0% of detections at night""}]",3.0,
590b1c1104d1,30.27989,76.27377,2026-09-24,744,D,N20,VIIRS,VIIRS_NOAA20_NRT,n,0.56,0.43,30.28,76.27,5.97,332.82,298.72,,,,,,240800.0,unknown,False,False,weak_11um,2.46,scene,1.7935322467900372,0.5978440822633457,0.8461538461538461,1,1,0.0,0.2,,0.0,0.2,0.0,False,False,False,1.0,5.0,25.609,156.218,25.609,33.184,,0,0,0,0,osm|wri|gem,,0,0.0,F02611,Ghaggar Link Canal,power_plant,30.503,76.34,wri,1,operating,7.6,MW,,No registered industrial site nearby,False,,False,0.0,0.25,0.2,0.0,0.8461538461538461,0.2294,0.2294,0.0091,0.2612,0.1681,0.1681,0.3497,Low,insufficient_evidence,Insufficient evidence,,"[{""key"": ""intensity"", ""label"": ""Thermal intensity"", ""value"": 0.846, ""weight"": 0.15, ""contribution"": 0.1269, ""detail"": ""FRP 6.0 MW, 85th percentile""}, {""key"": ""physics"", ""label"": ""Combustion temperature"", ""value"": 0.25, ""weight"": 0.25, ""contribution"": 0.0625, ""detail"": ""temperature retrieval unavailable""}, {""key"": ""persistence"", ""label"": ""Repeat detections"", ""value"": 0.2, ""weight"": 0.2, ""contribution"": 0.04, ""detail"": ""seen on 1 separate days""}, {""key"": ""corroboration"", ""label"": ""Registry corroboration"", ""value"": 0.0, ""weight"": 0.3, ""contribution"": 0.0, ""detail"": ""0 of 3 registries place infrastructure within 3 km""}, {""key"": ""nocturnal"", ""label"": ""Burns at night"", ""value"": 0.0, ""weight"": 0.1, ""contribution"": 0.0, ""detail"": ""0% of detections at night""}]",3.0,
57908c56c898,30.37814,75.27622,2026-09-24,744,D,N20,VIIRS,VIIRS_NOAA20_NRT,n,0.42,0.45,30.38,75.28,2.54,330.01,298.97,,,,,,189000.0,unknown,False,False,weak_11um,2.46,scene,0.04087822784706641,0.013626075949022138,0.5120192307692307,1,1,0.0,0.2,,0.0,0.2,0.0,False,False,False,1.0,5.0,16.299,205.609,16.296,16.3,,0,0,0,0,osm|wri|gem,,0,0.0,F02587,GHTP (LEH.MOH.),power_plant,30.266562500000003,75.16609749999999,gem|wri,2,operating,2340.0,MW,Punjab,No registered industrial site nearby,False,,False,0.0,0.25,0.2,0.0,0.5120192307692307,0.1793,0.1793,0.0,0.0449,0.1054,0.1054,0.142,Low,insufficient_evidence,Insufficient evidence,,"[{""key"": ""intensity"", ""label"": ""Thermal intensity"", ""value"": 0.512, ""weight"": 0.15, ""contribution"": 0.0768, ""detail"": ""FRP 2.5 MW, 51th percentile""}, {""key"": ""physics"", ""label"": ""Combustion temperature"", ""value"": 0.25, ""weight"": 0.25, ""contribution"": 0.0625, ""detail"": ""temperature retrieval unavailable""}, {""key"": ""persistence"", ""label"": ""Repeat detections"", ""value"": 0.2, ""weight"": 0.2, ""contribution"": 0.04, ""detail"": ""seen on 1 separate days""}, {""key"": ""corroboration"", ""label"": ""Registry corroboration"", ""value"": 0.0, ""weight"": 0.3, ""contribution"": 0.0, ""detail"": ""0 of 3 registries place infrastructure within 3 km""}, {""key"": ""nocturnal"", ""label"": ""Burns at night"", ""value"": 0.0, ""weight"": 0.1, ""contribution"": 0.0, ""detail"": ""0% of detections at night""}]",3.0,
2f6bdcdc0eb8,30.60769,76.81561,2026-09-24,952,D,Aqua,MODIS,MODIS_NRT,73,1.69,1.28,30.61,76.82,15.27,,,317.19,300.73,,,,2163200.0,unknown,False,False,weak_11um,2.46,scene,6.545626234011503,1.0,0.9855769230769231,1,1,0.0,0.2,,0.0,0.2,0.0,False,False,False,1.0,5.0,23.323,181.265,23.323,23.42,,0,0,0,0,osm|wri|gem,,0,0.0,F02819,Khera,power_plant,30.81,76.88,wri,1,operating,5.0,MW,,No registered industrial site nearby,False,,False,0.0,0.25,0.2,0.0,0.9855769230769231,0.2503,0.2503,0.1462,0.8638,0.3111,0.3111,0.5286,Moderate,insufficient_evidence,Insufficient evidence,,"[{""key"": ""intensity"", ""label"": ""Thermal intensity"", ""value"": 0.986, ""weight"": 0.15, ""contribution"": 0.1478, ""detail"": ""FRP 15.3 MW, 99th percentile""}, {""key"": ""physics"", ""label"": ""Combustion temperature"", ""value"": 0.25, ""weight"": 0.25, ""contribution"": 0.0625, ""detail"": ""temperature retrieval unavailable""}, {""key"": ""persistence"", ""label"": ""Repeat detections"", ""value"": 0.2, ""weight"": 0.2, ""contribution"": 0.04, ""detail"": ""seen on 1 separate days""}, {""key"": ""corroboration"", ""label"": ""Registry corroboration"", ""value"": 0.0, ""weight"": 0.3, ""contribution"": 0.0, ""detail"": ""0 of 3 registries place infrastructure within 3 km""}, {""key"": ""nocturnal"", ""label"": ""Burns at night"", ""value"": 0.0, ""weight"": 0.1, ""contribution"": 0.0, ""detail"": ""0% of detections at night""}]",3.0,C68
fa47509c10e8,30.96852,74.47905,2026-09-24,828,D,N21,VIIRS,VIIRS_NOAA21_NRT,n,0.38,0.43,30.97,74.48,4.37,344.81,303.47,,,,,,163400.0,unknown,False,False,weak_11um,2.46,scene,0.9759676898487099,0.32532256328290327,0.7259615384615384,1,1,0.0,0.2,,0.0,0.2,0.0,False,False,False,1.0,5.0,57.961,304.72,57.961,78.536,,0,0,0,0,osm|wri|gem,,0,0.0,F02625,Grewal Solar Power Plant,power_plant,30.4613,74.6188,wri,1,operating,1.8,MW,,No registered industrial site nearby,False,,False,0.0,0.25,0.2,0.0,0.7259615384615384,0.2114,0.2114,0.0377,0.4295,0.192,0.192,0.2803,Low,insufficient_evidence,Insufficient evidence,,"[{""key"": ""intensity"", ""label"": ""Thermal intensity"", ""value"": 0.726, ""weight"": 0.15, ""contribution"": 0.1089, ""detail"": ""FRP 4.4 MW, 73th percentile""}, {""key"": ""physics"", ""label"": ""Combustion temperature"", ""value"": 0.25, ""weight"": 0.25, ""contribution"": 0.0625, ""detail"": ""temperature retrieval unavailable""}, {""key"": ""persistence"", ""label"": ""Repeat detections"", ""value"": 0.2, ""weight"": 0.2, ""contribution"": 0.04, ""detail"": ""seen on 1 separate days""}, {""key"": ""corroboration"", ""label"": ""Registry corroboration"", ""value"": 0.0, ""weight"": 0.3, ""contribution"": 0.0, ""detail"": ""0 of 3 registries place infrastructure within 3 km""}, {""key"": ""nocturnal"", ""label"": ""Burns at night"", ""value"": 0.0, ""weight"": 0.1, ""contribution"": 0.0, ""detail"": ""0% of detections at night""}]",3.0,
489aae85aba9,30.98238,74.5671,2026-09-24,828,D,N21,VIIRS,VIIRS_NOAA21_NRT,n,0.39,0.44,30.98,74.57,21.27,352.28,300.61,,,720.6,0.00303566478240984,520.9,171600.0,biomass_like,False,False,ok,2.46,scene,9.611493322541481,1.0,0.9903846153846154,1,1,0.0,0.2,,0.0,0.2,0.0,False,False,False,1.0,5.0,58.152,300.421,58.152,70.949,,0,0,0,0,osm|wri|gem,,0,0.0,F02625,Grewal Solar Power Plant,power_plant,30.4613,74.6188,wri,1,operating,1.8,MW,,No registered industrial site nearby,False,,False,0.0,0.0,0.2,0.0,0.9903846153846154,0.1886,0.1886,0.0429,0.9776,0.2632,0.2632,0.5075,Moderate,insufficient_evidence,Insufficient evidence,,"[{""key"": ""intensity"", ""label"": ""Thermal intensity"", ""value"": 0.99, ""weight"": 0.15, ""contribution"": 0.1486, ""detail"": ""FRP 21.3 MW, 99th percentile""}, {""key"": ""persistence"", ""label"": ""Repeat detections"", ""value"": 0.2, ""weight"": 0.2, ""contribution"": 0.04, ""detail"": ""seen on 1 separate days""}, {""key"": ""corroboration"", ""label"": ""Registry corroboration"", ""value"": 0.0, ""weight"": 0.3, ""contribution"": 0.0, ""detail"": ""0 of 3 registries place infrastructure within 3 km""}, {""key"": ""physics"", ""label"": ""Combustion temperature"", ""value"": 0.0, ""weight"": 0.25, ""contribution"": 0.0, ""detail"": ""retrieved 721 K (biomass like)""}, {""key"": ""nocturnal"", ""label"": ""Burns at night"", ""value"": 0.0, ""weight"": 0.1, ""contribution"": 0.0, ""detail"": ""0% of detections at night""}]",3.0,
e7502559e8e9,31.11028,77.44234,2026-09-24,744,D,N20,VIIRS,VIIRS_NOAA20_NRT,n,0.48,0.4,31.11,77.44,6.06,340.21,302.14,,,743.4,0.0014778893311214634,283.8,192000.0,biomass_like,False,False,ok,2.46,scene,1.8395202531179868,0.6131734177059956,0.8517628205128205,1,1,0.0,0.2,,0.0,0.2,0.0,False,False,False,1.0,5.0,35.244,237.683,35.244,82.034,,0,0,0,0,osm|wri|gem,,0,0.0,F03141,RAMPUR,power_plant,31.4,77.5927,wri,1,operating,412.02,MW,,No registered industrial site nearby,False,,False,0.0,0.0,0.2,0.0,0.8517628205128205,0.1678,0.1678,0.0291,0.6242,0.1946,0.1946,0.366,Moderate,insufficient_evidence,Insufficient evidence,,"[{""key"": ""intensity"", ""label"": ""Thermal intensity"", ""value"": 0.852, ""weight"": 0.15, ""contribution"": 0.1278, ""detail"": ""FRP 6.1 MW, 85th percentile""}, {""key"": ""persistence"", ""label"": ""Repeat detections"", ""value"": 0.2, ""weight"": 0.2, ""contribution"": 0.04, ""detail"": ""seen on 1 separate days""}, {""key"": ""corroboration"", ""label"": ""Registry corroboration"", ""value"": 0.0, ""weight"": 0.3, ""contribution"": 0.0, ""detail"": ""0 of 3 registries place infrastructure within 3 km""}, {""key"": ""physics"", ""label"": ""Combustion temperature"", ""value"": 0.0, ""weight"": 0.25, ""contribution"": 0.0, ""detail"": ""retrieved 743 K (biomass like)""}, {""key"": ""nocturnal"", ""label"": ""Burns at night"", ""value"": 0.0, ""weight"": 0.1, ""contribution"": 0.0, ""detail"": ""0% of detections at night""}]",3.0,
48e9481fd182,31.13174,74.65819,2026-09-24,907,D,N,VIIRS,VIIRS_SNPP_NRT,n,0.45,0.63,31.13,74.66,4.12,336.48,295.55,,,,,,283500.0,unknown,False,False,weak_11um,2.46,scene,0.8482232278266274,0.28274107594220915,0.7131410256410257,1,1,0.0,0.2,,0.0,0.2,0.0,False,False,False,1.0,5.0,54.239,308.083,54.231,54.241,,0,0,0,0,osm|wri|gem,,0,0.0,F02591,GOINDWAL SAHIB TPP,power_plant,31.384132,75.1464824,gem|wri,2,operating,2400.0,MW,Punjab,No registered industrial site nearby,False,,False,0.0,0.25,0.2,0.0,0.7131410256410257,0.2095,0.2095,0.0291,0.3806,0.181,0.181,0.2634,Low,insufficient_evidence,Insufficient evidence,,"[{""key"": ""intensity"", ""label"": ""Thermal intensity"", ""value"": 0.713, ""weight"": 0.15, ""contribution"": 0.107, ""detail"": ""FRP 4.1 MW, 71th percentile""}, {""key"": ""physics"", ""label"": ""Combustion temperature"", ""value"": 0.25, ""weight"": 0.25, ""contribution"": 0.0625, ""detail"": ""temperature retrieval unavailable""}, {""key"": ""persistence"", ""label"": ""Repeat detections"", ""value"": 0.2, ""weight"": 0.2, ""contribution"": 0.04, ""detail"": ""seen on 1 separate days""}, {""key"": ""corroboration"", ""label"": ""Registry corroboration"", ""value"": 0.0, ""weight"": 0.3, ""contribution"": 0.0, ""detail"": ""0 of 3 registries place infrastructure within 3 km""}, {""key"": ""nocturnal"", ""label"": ""Burns at night"", ""value"": 0.0, ""weight"": 0.1, ""contribution"": 0.0, ""detail"": ""0% of detections at night""}]",3.0,
160f2bedfadb,31.25717,76.925,2026-09-24,2127,N,N,VIIRS,VIIRS_SNPP_NRT,n,0.62,0.54,31.26,76.92,1.42,299.91,288.57,,,,,,334800.0,unknown,False,False,weak_11um,1.24,cell,0.3599999999999999,0.11999999999999995,0.24919871794871795,4,4,1.0,0.8,1.0,0.5489060625407045,0.8,1.0,False,False,False,4.0,5.0,14.637,252.436,14.637,40.284,,0,0,0,0,osm|wri|gem,,0,0.0,F02742,KOLDAM,power_plant,31.382,76.8761,wri,1,operating,800.0,MW,,No registered industrial site nearby,False,,False,0.0,0.25,0.8,1.0,0.24919871794871795,0.3599,0.3599,0.2576,0.5465,0.3572,0.3572,0.3757,Moderate,insufficient_evidence,Insufficient evidence,,"[{""key"": ""persistence"", ""label"": ""Repeat detections"", ""value"": 0.8, ""weight"": 0.2, ""contribution"": 0.16, ""detail"": ""seen on 4 separate days""}, {""key"": ""nocturnal"", ""label"": ""Burns at night"", ""value"": 1.0, ""weight"": 0.1, ""contribution"": 0.1, ""detail"": ""100% of detections at night""}, {""key"": ""physics"", ""label"": ""Combustion temperature"", ""value"": 0.25, ""weight"": 0.25, ""contribution"": 0.0625, ""detail"": ""temperature retrieval unavailable""}, {""key"": ""intensity"", ""label"": ""Thermal intensity"", ""value"": 0.249, ""weight"": 0.15, ""contribution"": 0.0374, ""detail"": ""FRP 1.4 MW, 25th percentile""}, {""key"": ""corroboration"", ""label"": ""Registry corroboration"", ""value"": 0.0, ""weight"": 0.3, ""contribution"": 0.0, ""detail"": ""0 of 3 registries place infrastructure within 3 km""}]",3.0,C7
3c505eb8240e,31.2576,76.92658,2026-09-24,2127,N,N,VIIRS,VIIRS_SNPP_NRT,n,0.62,0.54,31.26,76.93,1.14,303.12,289.33,,,,,,334800.0,unknown,False,False,weak_11um,1.035,region,0.20999999999999996,0.06999999999999999,0.17387820512820512,2,2,1.0,0.4,,0.0,0.4,1.0,False,False,False,2.0,5.0,14.64,252.477,14.64,40.433,,0,0,0,0,osm|wri|gem,,0,0.0,F02742,KOLDAM,power_plant,31.382,76.8761,wri,1,operating,800.0,MW,,No registered industrial site nearby,False,,False,0.0,0.25,0.4,1.0,0.17387820512820512,0.2686,0.2686,0.2031,0.73,0.3182,0.3182,0.2581,Low,insufficient_evidence,Insufficient evidence,,"[{""key"": ""nocturnal"", ""label"": ""Burns at night"", ""value"": 1.0, ""weight"": 0.1, ""contribution"": 0.1, ""detail"": ""100% of detections at night""}, {""key"": ""persistence"", ""label"": ""Repeat detections"", ""value"": 0.4, ""weight"": 0.2, ""contribution"": 0.08, ""detail"": ""seen on 2 separate days""}, {""key"": ""physics"", ""label"": ""Combustion temperature"", ""value"": 0.25, ""weight"": 0.25, ""contribution"": 0.0625, ""detail"": ""temperature retrieval unavailable""}, {""key"": ""intensity"", ""label"": ""Thermal intensity"", ""value"": 0.174, ""weight"": 0.15, ""contribution"": 0.0261, ""detail"": ""FRP 1.1 MW, 17th percentile""}, {""key"": ""corroboration"", ""label"": ""Registry corroboration"", ""value"": 0.0, ""weight"": 0.3, ""contribution"": 0.0, ""detail"": ""0 of 3 registries place infrastructure within 3 km""}]",3.0,C7
e111efd0fde5,31.32788,76.89344,2026-09-24,2053,N,N21,VIIRS,VIIRS_NOAA21_NRT,n,0.45,0.39,31.33,76.89,0.62,302.21,291.46,,,416.4,0.012865673229920533,2257.9,175500.0,smouldering,False,False,ok,1.035,region,-0.8299999999999998,0.0,0.036057692307692304,1,1,1.0,0.2,,0.0,0.2,1.0,False,False,False,1.0,5.0,6.239,260.437,6.239,43.304,,0,0,0,0,osm|wri|gem,,0,0.0,F02742,KOLDAM,power_plant,31.382,76.8761,wri,1,operating,800.0,MW,,Near industrial activity,False,,False,0.0,0.0,0.2,1.0,0.036057692307692304,0.1454,0.1454,0.184,0.3141,0.1823,0.1823,0.1256,Low,insufficient_evidence,Insufficient evidence,,"[{""key"": ""nocturnal"", ""label"": ""Burns at night"", ""value"": 1.0, ""weight"": 0.1, ""contribution"": 0.1, ""detail"": ""100% of detections at night""}, {""key"": ""persistence"", ""label"": ""Repeat detections"", ""value"": 0.2, ""weight"": 0.2, ""contribution"": 0.04, ""detail"": ""seen on 1 separate days""}, {""key"": ""intensity"", ""label"": ""Thermal intensity"", ""value"": 0.036, ""weight"": 0.15, ""contribution"": 0.0054, ""detail"": ""FRP 0.6 MW, 4th percentile""}, {""key"": ""corroboration"", ""label"": ""Registry corroboration"", ""value"": 0.0, ""weight"": 0.3, ""contribution"": 0.0, ""detail"": ""0 of 3 registries place infrastructure within 3 km""}, {""key"": ""physics"", ""label"": ""Combustion temperature"", ""value"": 0.0, ""weight"": 0.25, ""contribution"": 0.0, ""detail"": ""retrieved 416 K (smouldering)""}]",3.0,
e9add9327559,31.41108,75.06441,2026-09-24,907,D,N,VIIRS,VIIRS_SNPP_NRT,n,0.48,0.65,31.41,75.06,3.52,330.08,295.85,,,,,,312000.0,unknown,False,False,weak_11um,2.46,scene,0.5416365189736295,0.18054550632454316,0.6410256410256411,2,2,0.0,0.4,,0.0,0.4,0.0,False,False,False,2.0,5.0,8.346,313.969,8.34,8.348,,0,0,0,0,osm|wri|gem,,0,0.0,F02591,GOINDWAL SAHIB TPP,power_plant,31.384132,75.1464824,gem|wri,2,operating,2400.0,MW,Punjab,Near industrial activity,False,,False,0.0,0.25,0.4,0.0,0.6410256410256411,0.2387,0.2387,0.0476,0.899,0.2804,0.2804,0.3154,Low,insufficient_evidence,Insufficient evidence,,"[{""key"": ""intensity"", ""label"": ""Thermal intensity"", ""value"": 0.641, ""weight"": 0.15, ""contribution"": 0.0962, ""detail"": ""FRP 3.5 MW, 64th percentile""}, {""key"": ""persistence"", ""label"": ""Repeat detections"", ""value"": 0.4, ""weight"": 0.2, ""contribution"": 0.08, ""detail"": ""seen on 2 separate days""}, {""key"": ""physics"", ""label"": ""Combustion temperature"", ""value"": 0.25, ""weight"": 0.25, ""contribution"": 0.0625, ""detail"": ""temperature retrieval unavailable""}, {""key"": ""corroboration"", ""label"": ""Registry corroboration"", ""value"": 0.0, ""weight"": 0.3, ""contribution"": 0.0, ""detail"": ""0 of 3 registries place infrastructure within 3 km""}, {""key"": ""nocturnal"", ""label"": ""Burns at night"", ""value"": 0.0, ""weight"": 0.1, ""contribution"": 0.0, ""detail"": ""0% of detections at night""}]",3.0,C82
fccbf58287fc,31.41206,76.83312,2026-09-24,2053,N,N21,VIIRS,VIIRS_NOAA21_NRT,n,0.45,0.39,31.41,76.83,1.03,302.77,292.67,,,,,,175500.0,unknown,False,False,no_bracket,2.46,scene,-0.7306983227663114,0.0,0.14903846153846154,1,1,1.0,0.2,,0.0,0.2,1.0,False,False,False,1.0,5.0,3.37,270.146,3.37,47.474,,0,0,0,0,osm|wri|gem,,0,0.0,F02524,DEHAR,power_plant,31.4133,76.8686,wri,1,operating,990.0,MW,,Near industrial activity,False,,False,0.0,0.25,0.2,1.0,0.14903846153846154,0.2249,0.2249,0.2973,0.5048,0.2886,0.2886,0.1848,Low,insufficient_evidence,Insufficient evidence,,"[{""key"": ""nocturnal"", ""label"": ""Burns at night"", ""value"": 1.0, ""weight"": 0.1, ""contribution"": 0.1, ""detail"": ""100% of detections at night""}, {""key"": ""physics"", ""label"": ""Combustion temperature"", ""value"": 0.25, ""weight"": 0.25, ""contribution"": 0.0625, ""detail"": ""temperature retrieval unavailable""}, {""key"": ""persistence"", ""label"": ""Repeat detections"", ""value"": 0.2, ""weight"": 0.2, ""contribution"": 0.04, ""detail"": ""seen on 1 separate days""}, {""key"": ""intensity"", ""label"": ""Thermal intensity"", ""value"": 0.149, ""weight"": 0.15, ""contribution"": 0.0224, ""detail"": ""FRP 1.0 MW, 15th percentile""}, {""key"": ""corroboration"", ""label"": ""Registry corroboration"", ""value"": 0.0, ""weight"": 0.3, ""contribution"": 0.0, ""detail"": ""0 of 3 registries place infrastructure within 3 km""}]",3.0,C83
4446b4e91ba9,31.4869,75.05367,2026-09-24,2053,N,N21,VIIRS,VIIRS_NOAA21_NRT,n,0.4,0.37,31.49,75.05,1.18,310.26,294.98,,,,,,148000.0,unknown,False,False,weak_11um,2.53,region,-0.9435881091123353,0.0,0.1858974358974359,2,2,1.0,0.4,,0.0,0.4,1.0,False,False,False,2.0,5.0,14.426,321.937,14.424,14.427,,0,0,0,0,osm|wri|gem,,0,0.0,F02591,GOINDWAL SAHIB TPP,power_plant,31.384132,75.1464824,gem|wri,2,operating,2400.0,MW,Punjab,No registered industrial site nearby,False,,False,0.0,0.25,0.4,1.0,0.1858974358974359,0.2704,0.2704,0.1864,0.7973,0.3242,0.3242,0.2445,Low,insufficient_evidence,Insufficient evidence,,"[{""key"": ""nocturnal"", ""label"": ""Burns at night"", ""value"": 1.0, ""weight"": 0.1, ""contribution"": 0.1, ""detail"": ""100% of detections at night""}, {""key"": ""persistence"", ""label"": ""Repeat detections"", ""value"": 0.4, ""weight"": 0.2, ""contribution"": 0.08, ""detail"": ""seen on 2 separate days""}, {""key"": ""physics"", ""label"": ""Combustion temperature"", ""value"": 0.25, ""weight"": 0.25, ""contribution"": 0.0625, ""detail"": ""temperature retrieval unavailable""}, {""key"": ""intensity"", ""label"": ""Thermal intensity"", ""value"": 0.186, ""weight"": 0.15, ""contribution"": 0.0279, ""detail"": ""FRP 1.2 MW, 19th percentile""}, {""key"": ""corroboration"", ""label"": ""Registry corroboration"", ""value"": 0.0, ""weight"": 0.3, ""contribution"": 0.0, ""detail"": ""0 of 3 registries place infrastructure within 3 km""}]",3.0,C16
9716a6c26884,31.54547,74.6069,2026-09-24,828,D,N21,VIIRS,VIIRS_NOAA21_NRT,n,0.4,0.44,31.55,74.61,2.43,331.8,299.1,,,738.8,0.0010419185069604543,183.4,176000.0,biomass_like,False,False,ok,2.46,scene,-0.015329335442649791,0.0,0.49038461538461536,1,1,0.0,0.2,,0.0,0.2,0.0,False,False,False,1.0,5.0,54.23,348.689,54.224,54.232,,0,0,0,0,osm|wri|gem,,0,0.0,F02591,GOINDWAL SAHIB TPP,power_plant,31.384132,75.1464824,gem|wri,2,operating,2400.0,MW,Punjab,No registered industrial site nearby,False,,False,0.0,0.0,0.2,0.0,0.49038461538461536,0.1136,0.1136,0.0,0.6378,0.1582,0.1582,0.1602,Low,insufficient_evidence,Insufficient evidence,,"[{""key"": ""intensity"", ""label"": ""Thermal intensity"", ""value"": 0.49, ""weight"": 0.15, ""contribution"": 0.0736, ""detail"": ""FRP 2.4 MW, 49th percentile""}, {""key"": ""persistence"", ""label"": ""Repeat detections"", ""value"": 0.2, ""weight"": 0.2, ""contribution"": 0.04, ""detail"": ""seen on 1 separate days""}, {""key"": ""corroboration"", ""label"": ""Registry corroboration"", ""value"": 0.0, ""weight"": 0.3, ""contribution"": 0.0, ""detail"": ""0 of 3 registries place infrastructure within 3 km""}, {""key"": ""physics"", ""label"": ""Combustion temperature"", ""value"": 0.0, ""weight"": 0.25, ""contribution"": 0.0, ""detail"": ""retrieved 739 K (biomass like)""}, {""key"": ""nocturnal"", ""label"": ""Burns at night"", ""value"": 0.0, ""weight"": 0.1, ""contribution"": 0.0, ""detail"": ""0% of detections at night""}]",3.0,
848554b26794,31.7938,74.69284,2026-09-24,828,D,N21,VIIRS,VIIRS_NOAA21_NRT,n,0.4,0.44,31.79,74.69,4.91,331.4,298.07,,,,,,176000.0,unknown,False,False,weak_11um,3.1,region,1.5260353433157965,0.5086784477719322,0.78125,1,1,0.0,0.2,,0.0,0.2,0.0,False,False,False,1.0,5.0,62.621,368.143,62.618,62.621,,0,0,0,0,osm|wri|gem,,0,0.0,F02591,GOINDWAL SAHIB TPP,power_plant,31.384132,75.1464824,gem|wri,2,operating,2400.0,MW,Punjab,No registered industrial site nearby,False,,False,0.0,0.25,0.2,0.0,0.78125,0.2197,0.2197,0.0291,0.4183,0.1923,0.1923,0.3318,Low,insufficient_evidence,Insufficient evidence,,"[{""key"": ""intensity"", ""label"": ""Thermal intensity"", ""value"": 0.781, ""weight"": 0.15, ""contribution"": 0.1172, ""detail"": ""FRP 4.9 MW, 78th percentile""}, {""key"": ""physics"", ""label"": ""Combustion temperature"", ""value"": 0.25, ""weight"": 0.25, ""contribution"": 0.0625, ""detail"": ""temperature retrieval unavailable""}, {""key"": ""persistence"", ""label"": ""Repeat detections"", ""value"": 0.2, ""weight"": 0.2, ""contribution"": 0.04, ""detail"": ""seen on 1 separate days""}, {""key"": ""corroboration"", ""label"": ""Registry corroboration"", ""value"": 0.0, ""weight"": 0.3, ""contribution"": 0.0, ""detail"": ""0 of 3 registries place infrastructure within 3 km""}, {""key"": ""nocturnal"", ""label"": ""Burns at night"", ""value"": 0.0, ""weight"": 0.1, ""contribution"": 0.0, ""detail"": ""0% of detections at night""}]",3.0,C42
80c45de204e1,31.90359,74.66436,2026-09-24,744,D,N20,VIIRS,VIIRS_NOAA20_NRT,n,0.42,0.45,31.9,74.66,2.42,330.68,294.48,,,,,,189000.0,unknown,False,False,weak_11um,2.61,region,-0.11442253955406524,0.0,0.48717948717948717,1,1,0.0,0.2,,0.0,0.2,0.0,False,False,False,1.0,5.0,73.616,380.118,73.614,73.616,,0,0,0,0,osm|wri|gem,,0,0.0,F02591,GOINDWAL SAHIB TPP,power_plant,31.384132,75.1464824,gem|wri,2,operating,2400.0,MW,Punjab,No registered industrial site nearby,False,,False,0.0,0.25,0.2,0.0,0.48717948717948717,0.1756,0.1756,0.0,0.3918,0.1554,0.1554,0.1586,Low,insufficient_evidence,Insufficient evidence,,"[{""key"": ""intensity"", ""label"": ""Thermal intensity"", ""value"": 0.487, ""weight"": 0.15, ""contribution"": 0.0731, ""detail"": ""FRP 2.4 MW, 49th percentile""}, {""key"": ""physics"", ""label"": ""Combustion temperature"", ""value"": 0.25, ""weight"": 0.25, ""contribution"": 0.0625, ""detail"": ""temperature retrieval unavailable""}, {""key"": ""persistence"", ""label"": ""Repeat detections"", ""value"": 0.2, ""weight"": 0.2, ""contribution"": 0.04, ""detail"": ""seen on 1 separate days""}, {""key"": ""corroboration"", ""label"": ""Registry corroboration"", ""value"": 0.0, ""weight"": 0.3, ""contribution"": 0.0, ""detail"": ""0 of 3 registries place infrastructure within 3 km""}, {""key"": ""nocturnal"", ""label"": ""Burns at night"", ""value"": 0.0, ""weight"": 0.1, ""contribution"": 0.0, ""detail"": ""0% of detections at night""}]",3.0,C8
1aa10a12dfe9,31.90613,74.66639,2026-09-24,744,D,N20,VIIRS,VIIRS_NOAA20_NRT,n,0.42,0.45,31.91,74.67,2.5,333.73,295.92,,,,,,189000.0,unknown,False,False,weak_11um,2.61,region,-0.06624462816287982,0.0,0.5048076923076923,1,1,0.0,0.2,,0.0,0.2,0.0,False,False,False,1.0,5.0,73.718,380.273,73.716,73.719,,0,0,0,0,osm|wri|gem,,0,0.0,F02591,GOINDWAL SAHIB TPP,power_plant,31.384132,75.1464824,gem|wri,2,operating,2400.0,MW,Punjab,No registered industrial site nearby,False,,False,0.0,0.25,0.2,0.0,0.5048076923076923,0.1782,0.1782,0.0,0.3686,0.1533,0.1533,0.1595,Low,insufficient_evidence,Insufficient evidence,,"[{""key"": ""intensity"", ""label"": ""Thermal intensity"", ""value"": 0.505, ""weight"": 0.15, ""contribution"": 0.0757, ""detail"": ""FRP 2.5 MW, 50th percentile""}, {""key"": ""physics"", ""label"": ""Combustion temperature"", ""value"": 0.25, ""weight"": 0.25, ""contribution"": 0.0625, ""detail"": ""temperature retrieval unavailable""}, {""key"": ""persistence"", ""label"": ""Repeat detections"", ""value"": 0.2, ""weight"": 0.2, ""contribution"": 0.04, ""detail"": ""seen on 1 separate days""}, {""key"": ""corroboration"", ""label"": ""Registry corroboration"", ""value"": 0.0, ""weight"": 0.3, ""contribution"": 0.0, ""detail"": ""0 of 3 registries place infrastructure within 3 km""}, {""key"": ""nocturnal"", ""label"": ""Burns at night"", ""value"": 0.0, ""weight"": 0.1, ""contribution"": 0.0, ""detail"": ""0% of detections at night""}]",3.0,C8
42b2101bf9af,15.16872,76.67115,2026-09-25,2038,N,N21,VIIRS,VIIRS_NOAA21_NRT,n,0.43,0.38,15.17,76.67,1.04,295.99,269.62,,,517.4,0.0027930784722568153,456.4,163400.0,biomass_like,False,False,ok,1.04,region,0.0,0.0,0.15384615384615385,1,1,1.0,0.2,,0.0,0.2,1.0,True,False,False,1.0,5.0,1.56,342.479,1.942,1.56,,0,2,7,0,osm|wri|gem,wri|gem,2,0.4,F03804,JSW Steel Vijayanagar steel plant,steel,15.180423,76.663134,gem,1,operating,11700.0,ttpa,Karnataka,Within the site's immediate surroundings,False,,False,0.4,0.0,0.2,1.0,0.15384615384615385,0.2831,0.2831,0.3323,0.5841,0.343,0.343,0.2597,Low,insufficient_evidence,Insufficient evidence,,"[{""key"": ""corroboration"", ""label"": ""Registry corroboration"", ""value"": 0.4, ""weight"": 0.3, ""contribution"": 0.12, ""detail"": ""2 of 3 registries place infrastructure within 3 km""}, {""key"": ""nocturnal"", ""label"": ""Burns at night"", ""value"": 1.0, ""weight"": 0.1, ""contribution"": 0.1, ""detail"": ""100% of detections at night""}, {""key"": ""persistence"", ""label"": ""Repeat detections"", ""value"": 0.2, ""weight"": 0.2, ""contribution"": 0.04, ""detail"": ""seen on 1 separate days""}, {""key"": ""intensity"", ""label"": ""Thermal intensity"", ""value"": 0.154, ""weight"": 0.15, ""contribution"": 0.0231, ""detail"": ""FRP 1.0 MW, 15th percentile""}, {""key"": ""physics"", ""label"": ""Combustion temperature"", ""value"": 0.0, ""weight"": 0.25, ""contribution"": 0.0, ""detail"": ""retrieved 517 K (biomass like)""}]",3.0,C9
61d2f6daf211,15.17237,76.69218,2026-09-25,2038,N,N21,VIIRS,VIIRS_NOAA21_NRT,n,0.43,0.38,15.17,76.69,0.67,300.31,267.19,,,,,,163400.0,unknown,False,False,weak_11um,1.04,region,-0.74,0.0,0.04487179487179487,1,1,1.0,0.2,,0.0,0.2,1.0,True,False,False,1.0,5.0,3.243,340.595,3.463,3.243,,0,0,0,0,osm|wri|gem,,0,0.0,F03804,JSW Steel Vijayanagar steel plant,steel,15.180423,76.663134,gem,1,operating,11700.0,ttpa,Karnataka,Near industrial activity,False,,False,0.0,0.25,0.2,1.0,0.04487179487179487,0.2092,0.2092,0.1433,0.5729,0.244,0.244,0.2043,Low,insufficient_evidence,Insufficient evidence,,"[{""key"": ""nocturnal"", ""label"": ""Burns at night"", ""value"": 1.0, ""weight"": 0.1, ""contribution"": 0.1, ""detail"": ""100% of detections at night""}, {""key"": ""physics"", ""label"": ""Combustion temperature"", ""value"": 0.25, ""weight"": 0.25, ""contribution"": 0.0625, ""detail"": ""temperature retrieval unavailable""}, {""key"": ""persistence"", ""label"": ""Repeat detections"", ""value"": 0.2, ""weight"": 0.2, ""contribution"": 0.04, ""detail"": ""seen on 1 separate days""}, {""key"": ""intensity"", ""label"": ""Thermal intensity"", ""value"": 0.045, ""weight"": 0.15, ""contribution"": 0.0067, ""detail"": ""FRP 0.7 MW, 4th percentile""}, {""key"": ""corroboration"", ""label"": ""Registry corroboration"", ""value"": 0.0, ""weight"": 0.3, ""contribution"": 0.0, ""detail"": ""0 of 3 registries place infrastructure within 3 km""}]",3.0,C9
84133347ad8e,15.1748,76.65598,2026-09-25,2038,N,N21,VIIRS,VIIRS_NOAA21_NRT,n,0.43,0.38,15.17,76.66,1.09,304.81,269.3,,,618.3,0.0013481030365359906,220.3,163400.0,biomass_like,False,False,ok,1.04,region,0.10000000000000009,0.03333333333333336,0.16266025641025642,1,1,1.0,0.2,,0.0,0.2,1.0,True,False,False,1.0,5.0,0.99,344.24,1.212,0.99,,0,2,7,0,osm|wri|gem,wri|gem,2,0.5333,F03804,JSW Steel Vijayanagar steel plant,steel,15.180423,76.663134,gem,1,operating,11700.0,ttpa,Karnataka,On a registered industrial site,False,,False,0.5333,0.0,0.2,1.0,0.16266025641025642,0.3244,0.3244,0.399,0.8678,0.4283,0.4283,0.3073,Low,industrial_fire,Industrial fire,Low,"[{""key"": ""corroboration"", ""label"": ""Registry corroboration"", ""value"": 0.533, ""weight"": 0.3, ""contribution"": 0.16, ""detail"": ""2 of 3 registries place infrastructure within 3 km""}, {""key"": ""nocturnal"", ""label"": ""Burns at night"", ""value"": 1.0, ""weight"": 0.1, ""contribution"": 0.1, ""detail"": ""100% of detections at night""}, {""key"": ""persistence"", ""label"": ""Repeat detections"", ""value"": 0.2, ""weight"": 0.2, ""contribution"": 0.04, ""detail"": ""seen on 1 separate days""}, {""key"": ""intensity"", ""label"": ""Thermal intensity"", ""value"": 0.163, ""weight"": 0.15, ""contribution"": 0.0244, ""detail"": ""FRP 1.1 MW, 16th percentile""}, {""key"": ""physics"", ""label"": ""Combustion temperature"", ""value"": 0.0, ""weight"": 0.25, ""contribution"": 0.0, ""detail"": ""retrieved 618 K (biomass like)""}]",3.0,C9
1a7d84214a10,15.17825,76.65662,2026-09-25,2038,N,N21,VIIRS,VIIRS_NOAA21_NRT,n,0.43,0.38,15.18,76.66,0.87,296.11,268.64,,,,,,163400.0,unknown,False,False,weak_11um,1.04,region,-0.3400000000000001,0.0,0.11538461538461539,1,1,1.0,0.2,,0.0,0.2,1.0,True,False,False,1.0,5.0,0.74,344.337,0.868,0.74,,0,2,8,0,osm|wri|gem,wri|gem,2,0.6667,F03804,JSW Steel Vijayanagar steel plant,steel,15.180423,76.663134,gem,1,operating,11700.0,ttpa,Karnataka,On a registered industrial site,False,,False,0.6667,0.25,0.2,1.0,0.11538461538461539,0.4198,0.4198,0.4657,0.5681,0.4558,0.4558,0.3066,Low,industrial_fire,Industrial fire,Moderate,"[{""key"": ""corroboration"", ""label"": ""Registry corroboration"", ""value"": 0.667, ""weight"": 0.3, ""contribution"": 0.2, ""detail"": ""2 of 3 registries place infrastructure within 3 km""}, {""key"": ""nocturnal"", ""label"": ""Burns at night"", ""value"": 1.0, ""weight"": 0.1, ""contribution"": 0.1, ""detail"": ""100% of detections at night""}, {""key"": ""physics"", ""label"": ""Combustion temperature"", ""value"": 0.25, ""weight"": 0.25, ""contribution"": 0.0625, ""detail"": ""temperature retrieval unavailable""}, {""key"": ""persistence"", ""label"": ""Repeat detections"", ""value"": 0.2, ""weight"": 0.2, ""contribution"": 0.04, ""detail"": ""seen on 1 separate days""}, {""key"": ""intensity"", ""label"": ""Thermal intensity"", ""value"": 0.115, ""weight"": 0.15, ""contribution"": 0.0173, ""detail"": ""FRP 0.9 MW, 12th percentile""}]",3.0,C9
aea2aa9a2c6a,15.17844,76.67702,2026-09-25,2038,N,N21,VIIRS,VIIRS_NOAA21_NRT,n,0.43,0.38,15.18,76.68,1.38,298.07,270.28,,,490.1,0.004781870935994089,781.4,163400.0,smouldering,False,False,ok,1.04,region,0.6799999999999997,0.22666666666666657,0.23717948717948717,1,1,1.0,0.2,,0.0,0.2,1.0,True,False,False,1.0,5.0,1.506,342.355,1.702,1.506,,0,2,7,0,osm|wri|gem,wri|gem,2,0.4,F03804,JSW Steel Vijayanagar steel plant,steel,15.180423,76.663134,gem,1,operating,11700.0,ttpa,Karnataka,Within the site's immediate surroundings,False,,False,0.4,0.0,0.2,1.0,0.23717948717948717,0.2956,0.2956,0.3323,0.5345,0.3424,0.3424,0.3245,Low,insufficient_evidence,Insufficient evidence,,"[{""key"": ""corroboration"", ""label"": ""Registry corroboration"", ""value"": 0.4, ""weight"": 0.3, ""contribution"": 0.12, ""detail"": ""2 of 3 registries place infrastructure within 3 km""}, {""key"": ""nocturnal"", ""label"": ""Burns at night"", ""value"": 1.0, ""weight"": 0.1, ""contribution"": 0.1, ""detail"": ""100% of detections at night""}, {""key"": ""persistence"", ""label"": ""Repeat detections"", ""value"": 0.2, ""weight"": 0.2, ""contribution"": 0.04, ""detail"": ""seen on 1 separate days""}, {""key"": ""intensity"", ""label"": ""Thermal intensity"", ""value"": 0.237, ""weight"": 0.15, ""contribution"": 0.0356, ""detail"": ""FRP 1.4 MW, 24th percentile""}, {""key"": ""physics"", ""label"": ""Combustion temperature"", ""value"": 0.0, ""weight"": 0.25, ""contribution"": 0.0, ""detail"": ""retrieved 490 K (smouldering)""}]",3.0,C9
d8a29d647963,15.18386,76.66578,2026-09-25,2038,N,N21,VIIRS,VIIRS_NOAA21_NRT,n,0.43,0.38,15.18,76.67,0.76,307.36,267.98,,,,,,163400.0,unknown,False,False,weak_11um,1.04,region,-0.56,0.0,0.08333333333333333,2,2,0.5,0.4,,0.0,0.4,0.5,True,False,False,2.0,5.0,0.431,343.703,0.384,0.384,,0,2,8,0,osm|wri|gem,wri|gem,2,0.6667,F03321,TORANGALLU EXT,power_plant,15.18554057142857,76.66216497142857,gem|wri,2,operating,2380.0,MW,Karnataka,On a registered industrial site,False,,False,0.6667,0.25,0.4,0.5,0.08333333333333333,0.405,0.405,0.4188,0.8397,0.4743,0.4743,0.3518,Moderate,industrial_fire,Industrial fire,Moderate,"[{""key"": ""corroboration"", ""label"": ""Registry corroboration"", ""value"": 0.667, ""weight"": 0.3, ""contribution"": 0.2, ""detail"": ""2 of 3 registries place infrastructure within 3 km""}, {""key"": ""persistence"", ""label"": ""Repeat detections"", ""value"": 0.4, ""weight"": 0.2, ""contribution"": 0.08, ""detail"": ""seen on 2 separate days""}, {""key"": ""physics"", ""label"": ""Combustion temperature"", ""value"": 0.25, ""weight"": 0.25, ""contribution"": 0.0625, ""detail"": ""temperature retrieval unavailable""}, {""key"": ""nocturnal"", ""label"": ""Burns at night"", ""value"": 0.5, ""weight"": 0.1, ""contribution"": 0.05, ""detail"": ""50% of detections at night""}, {""key"": ""intensity"", ""label"": ""Thermal intensity"", ""value"": 0.083, ""weight"": 0.15, ""contribution"": 0.0125, ""detail"": ""FRP 0.8 MW, 8th percentile""}]",3.0,C9
9e72c8808294,15.65695,73.98927,2026-09-25,2038,N,N21,VIIRS,VIIRS_NOAA21_NRT,n,0.38,0.36,15.66,73.99,0.43,299.47,265.49,,,,,,136800.0,unknown,False,False,weak_11um,2.46,scene,-1.0372850316193092,0.0,0.01201923076923077,2,2,1.0,0.4,,0.0,0.4,1.0,False,False,True,4.0,5.0,14.467,330.321,24.831,14.467,,0,0,0,0,osm|wri|gem,,0,0.0,F03836,Vedanta Sesa Goa Pig Iron Plant,steel,15.526866,73.986671,gem,1,operating,,,Goa,No registered industrial site nearby,False,,False,0.0,0.25,0.4,1.0,0.01201923076923077,0.2443,0.2443,0.069,0.8317,0.2798,0.2798,0.2071,Low,insufficient_evidence,Insufficient evidence,,"[{""key"": ""nocturnal"", ""label"": ""Burns at night"", ""value"": 1.0, ""weight"": 0.1, ""contribution"": 0.1, ""detail"": ""100% of detections at night""}, {""key"": ""persistence"", ""label"": ""Repeat detections"", ""value"": 0.4, ""weight"": 0.2, ""contribution"": 0.08, ""detail"": ""seen on 2 separate days""}, {""key"": ""physics"", ""label"": ""Combustion temperature"", ""value"": 0.25, ""weight"": 0.25, ""contribution"": 0.0625, ""detail"": ""temperature retrieval unavailable""}, {""key"": ""intensity"", ""label"": ""Thermal intensity"", ""value"": 0.012, ""weight"": 0.15, ""contribution"": 0.0018, ""detail"": ""FRP 0.4 MW, 1th percentile""}, {""key"": ""corroboration"", ""label"": ""Registry corroboration"", ""value"": 0.0, ""weight"": 0.3, ""contribution"": 0.0, ""detail"": ""0 of 3 registries place infrastructure within 3 km""}]",3.0,C50
292f7c840108,15.89415,75.41387,2026-09-25,1951,N,N20,VIIRS,VIIRS_NOAA20_NRT,n,0.52,0.67,15.89,75.41,0.89,303.63,278.45,,,449.5,0.011875776851897389,4137.5,348400.0,smouldering,False,False,ok,2.46,scene,-0.8022352214986775,0.0,0.12259615384615384,1,1,1.0,0.2,,0.0,0.2,1.0,True,False,False,1.0,5.0,14.622,370.893,14.622,80.766,,0,0,0,0,osm|wri|gem,,0,0.0,F03169,Ramadurg,power_plant,15.985,75.315,wri,1,operating,20.0,MW,,No registered industrial site nearby,False,,False,0.0,0.0,0.2,1.0,0.12259615384615384,0.1584,0.1584,0.3323,0.391,0.2455,0.2455,0.2127,Low,insufficient_evidence,Insufficient evidence,,"[{""key"": ""nocturnal"", ""label"": ""Burns at night"", ""value"": 1.0, ""weight"": 0.1, ""contribution"": 0.1, ""detail"": ""100% of detections at night""}, {""key"": ""persistence"", ""label"": ""Repeat detections"", ""value"": 0.2, ""weight"": 0.2, ""contribution"": 0.04, ""detail"": ""seen on 1 separate days""}, {""key"": ""intensity"", ""label"": ""Thermal intensity"", ""value"": 0.123, ""weight"": 0.15, ""contribution"": 0.0184, ""detail"": ""FRP 0.9 MW, 12th percentile""}, {""key"": ""corroboration"", ""label"": ""Registry corroboration"", ""value"": 0.0, ""weight"": 0.3, ""contribution"": 0.0, ""detail"": ""0 of 3 registries place infrastructure within 3 km""}, {""key"": ""physics"", ""label"": ""Combustion temperature"", ""value"": 0.0, ""weight"": 0.25, ""contribution"": 0.0, ""detail"": ""retrieved 450 K (smouldering)""}]",3.0,C43
0e1c2ad3f26f,15.89469,75.41759,2026-09-25,2038,N,N21,VIIRS,VIIRS_NOAA21_NRT,n,0.39,0.36,15.89,75.42,3.25,328.34,287.21,,,440.6,0.04538354764811142,6371.9,140400.0,smouldering,False,False,ok,2.46,scene,0.4036724999897805,0.1345574999965935,0.6105769230769231,1,1,1.0,0.2,,0.0,0.2,1.0,True,False,False,1.0,5.0,14.529,371.06,14.529,80.546,,0,0,0,0,osm|wri|gem,,0,0.0,F03029,Naragund,power_plant,15.788,75.496,wri,1,operating,20.0,MW,,No registered industrial site nearby,False,,False,0.0,0.0,0.2,1.0,0.6105769230769231,0.2316,0.2316,0.3244,0.5473,0.3068,0.3068,0.3228,Low,insufficient_evidence,Insufficient evidence,,"[{""key"": ""nocturnal"", ""label"": ""Burns at night"", ""value"": 1.0, ""weight"": 0.1, ""contribution"": 0.1, ""detail"": ""100% of detections at night""}, {""key"": ""intensity"", ""label"": ""Thermal intensity"", ""value"": 0.611, ""weight"": 0.15, ""contribution"": 0.0916, ""detail"": ""FRP 3.2 MW, 61th percentile""}, {""key"": ""persistence"", ""label"": ""Repeat detections"", ""value"": 0.2, ""weight"": 0.2, ""contribution"": 0.04, ""detail"": ""seen on 1 separate days""}, {""key"": ""corroboration"", ""label"": ""Registry corroboration"", ""value"": 0.0, ""weight"": 0.3, ""contribution"": 0.0, ""detail"": ""0 of 3 registries place infrastructure within 3 km""}, {""key"": ""physics"", ""label"": ""Combustion temperature"", ""value"": 0.0, ""weight"": 0.25, ""contribution"": 0.0, ""detail"": ""retrieved 441 K (smouldering)""}]",3.0,C43
79cf3d5eaf5c,15.89755,75.4159,2026-09-25,2114,N,N,VIIRS,VIIRS_SNPP_NRT,n,0.52,0.5,15.9,75.42,0.68,295.59,271.19,,,,,,260000.0,unknown,False,False,weak_11um,2.46,scene,-0.9095405695972267,0.0,0.04887820512820513,1,1,1.0,0.2,,0.0,0.2,1.0,True,False,False,1.0,5.0,14.524,370.695,14.524,80.332,,0,0,0,0,osm|wri|gem,,0,0.0,F03169,Ramadurg,power_plant,15.985,75.315,wri,1,operating,20.0,MW,,No registered industrial site nearby,False,,False,0.0,0.25,0.2,1.0,0.04887820512820513,0.2098,0.2098,0.1433,0.1723,0.1842,0.1842,0.1778,Low,insufficient_evidence,Insufficient evidence,,"[{""key"": ""nocturnal"", ""label"": ""Burns at night"", ""value"": 1.0, ""weight"": 0.1, ""contribution"": 0.1, ""detail"": ""100% of detections at night""}, {""key"": ""physics"", ""label"": ""Combustion temperature"", ""value"": 0.25, ""weight"": 0.25, ""contribution"": 0.0625, ""detail"": ""temperature retrieval unavailable""}, {""key"": ""persistence"", ""label"": ""Repeat detections"", ""value"": 0.2, ""weight"": 0.2, ""contribution"": 0.04, ""detail"": ""seen on 1 separate days""}, {""key"": ""intensity"", ""label"": ""Thermal intensity"", ""value"": 0.049, ""weight"": 0.15, ""contribution"": 0.0073, ""detail"": ""FRP 0.7 MW, 5th percentile""}, {""key"": ""corroboration"", ""label"": ""Registry corroboration"", ""value"": 0.0, ""weight"": 0.3, ""contribution"": 0.0, ""detail"": ""0 of 3 registries place infrastructure within 3 km""}]",3.0,C43
e7d381ff2fe7,18.46287,74.04241,2026-09-25,345,D,Terra,MODIS,MODIS_NRT,53,1.14,1.06,18.46,74.04,4.5,,,308.85,295.01,,,,1208400.0,unknown,False,False,weak_11um,2.46,scene,1.0423948101001925,0.3474649367000642,0.7387820512820513,1,1,0.0,0.2,,0.0,0.2,0.0,True,False,False,1.0,5.0,37.917,62.63,37.917,73.216,,0,0,0,0,osm|wri|gem,,0,0.0,F03298,Supe Solar Power Plant,power_plant,18.3198,74.3686,wri,1,operating,2.0,MW,,No registered industrial site nearby,False,,False,0.0,0.25,0.2,0.0,0.7387820512820513,0.2133,0.2133,0.051,0.3061,0.1785,0.1785,0.3311,Low,insufficient_evidence,Insufficient evidence,,"[{""key"": ""intensity"", ""label"": ""Thermal intensity"", ""value"": 0.739, ""weight"": 0.15, ""contribution"": 0.1108, ""detail"": ""FRP 4.5 MW, 74th percentile""}, {""key"": ""physics"", ""label"": ""Combustion temperature"", ""value"": 0.25, ""weight"": 0.25, ""contribution"": 0.0625, ""detail"": ""temperature retrieval unavailable""}, {""key"": ""persistence"", ""label"": ""Repeat detections"", ""value"": 0.2, ""weight"": 0.2, ""contribution"": 0.04, ""detail"": ""seen on 1 separate days""}, {""key"": ""corroboration"", ""label"": ""Registry corroboration"", ""value"": 0.0, ""weight"": 0.3, ""contribution"": 0.0, ""detail"": ""0 of 3 registries place infrastructure within 3 km""}, {""key"": ""nocturnal"", ""label"": ""Burns at night"", ""value"": 0.0, ""weight"": 0.1, ""contribution"": 0.0, ""detail"": ""0% of detections at night""}]",3.0,
c59fa01417e0,18.68396,73.04115,2026-09-25,2114,N,N,VIIRS,VIIRS_SNPP_NRT,n,0.5,0.41,18.68,73.04,3.04,309.64,294.91,,,426.1,0.017738554329538313,3636.4,205000.0,smouldering,False,False,ok,2.56,region,0.6744907594765952,0.22483025315886507,0.5865384615384616,2,2,1.0,0.4,,0.0,0.4,1.0,False,False,False,2.0,5.0,0.594,0.324,0.709,0.897,,18,1,2,0,osm|wri|gem,osm|wri|gem,3,1.0,F01539,DOLVI ISPAT,steel,18.688115666666665,73.04468646111111,gem|osm|wri,3,operating,67.6,MW,Maharashtra,On a registered industrial site,False,,False,1.0,0.0,0.4,1.0,0.5865384615384616,0.568,0.568,0.6861,0.8638,0.6478,0.6478,0.4864,Moderate,industrial_fire,Industrial fire,Moderate,"[{""key"": ""corroboration"", ""label"": ""Registry corroboration"", ""value"": 1.0, ""weight"": 0.3, ""contribution"": 0.3, ""detail"": ""3 of 3 registries place infrastructure within 3 km""}, {""key"": ""nocturnal"", ""label"": ""Burns at night"", ""value"": 1.0, ""weight"": 0.1, ""contribution"": 0.1, ""detail"": ""100% of detections at night""}, {""key"": ""intensity"", ""label"": ""Thermal intensity"", ""value"": 0.587, ""weight"": 0.15, ""contribution"": 0.088, ""detail"": ""FRP 3.0 MW, 59th percentile""}, {""key"": ""persistence"", ""label"": ""Repeat detections"", ""value"": 0.4, ""weight"": 0.2, ""contribution"": 0.08, ""detail"": ""seen on 2 separate days""}, {""key"": ""physics"", ""label"": ""Combustion temperature"", ""value"": 0.0, ""weight"": 0.25, ""contribution"": 0.0, ""detail"": ""retrieved 426 K (smouldering)""}]",3.0,C3
22453de23ccf,18.6846,73.02856,2026-09-25,2036,N,N21,VIIRS,VIIRS_NOAA21_NRT,n,0.41,0.37,18.68,73.03,1.14,303.04,287.09,,,,,,151700.0,unknown,False,False,weak_11um,2.56,region,-1.9953684967849277,0.0,0.17387820512820512,2,2,1.0,0.4,,0.0,0.4,1.0,False,False,False,2.0,5.0,1.743,1.346,1.253,1.001,,27,1,2,0,osm|wri|gem,osm|wri|gem,3,0.6,F01539,DOLVI ISPAT,steel,18.688115666666665,73.04468646111111,gem|osm|wri,3,operating,67.6,MW,Maharashtra,Within the site's immediate surroundings,False,,False,0.6,0.25,0.4,1.0,0.17387820512820512,0.4486,0.4486,0.1917,0.7973,0.4238,0.4238,0.2881,Low,industrial_fire,Industrial fire,Moderate,"[{""key"": ""corroboration"", ""label"": ""Registry corroboration"", ""value"": 0.6, ""weight"": 0.3, ""contribution"": 0.18, ""detail"": ""3 of 3 registries place infrastructure within 3 km""}, {""key"": ""nocturnal"", ""label"": ""Burns at night"", ""value"": 1.0, ""weight"": 0.1, ""contribution"": 0.1, ""detail"": ""100% of detections at night""}, {""key"": ""persistence"", ""label"": ""Repeat detections"", ""value"": 0.4, ""weight"": 0.2, ""contribution"": 0.08, ""detail"": ""seen on 2 separate days""}, {""key"": ""physics"", ""label"": ""Combustion temperature"", ""value"": 0.25, ""weight"": 0.25, ""contribution"": 0.0625, ""detail"": ""temperature retrieval unavailable""}, {""key"": ""intensity"", ""label"": ""Thermal intensity"", ""value"": 0.174, ""weight"": 0.15, ""contribution"": 0.0261, ""detail"": ""FRP 1.1 MW, 17th percentile""}]",3.0,C3
f2491836fa70,18.68553,73.03807,2026-09-25,2131,N,N20,VIIRS,VIIRS_NOAA20_NRT,n,0.43,0.62,18.69,73.04,2.39,303.34,291.74,,,,,,266600.0,unknown,False,False,weak_11um,2.56,region,-0.23888214398129404,0.0,0.48157051282051283,3,3,1.0,0.6,1.0,0.0,0.6,1.0,False,False,False,3.0,5.0,0.754,0.517,0.507,0.579,,24,1,2,0,osm|wri|gem,osm|wri|gem,3,1.0,F01539,DOLVI ISPAT,steel,18.688115666666665,73.04468646111111,gem|osm|wri,3,operating,67.6,MW,Maharashtra,On a registered industrial site,False,,False,1.0,0.25,0.6,1.0,0.48157051282051283,0.6547,0.6547,0.3723,0.867,0.6018,0.6018,0.439,Moderate,industrial_fire,Industrial fire,Moderate,"[{""key"": ""corroboration"", ""label"": ""Registry corroboration"", ""value"": 1.0, ""weight"": 0.3, ""contribution"": 0.3, ""detail"": ""3 of 3 registries place infrastructure within 3 km""}, {""key"": ""persistence"", ""label"": ""Repeat detections"", ""value"": 0.6, ""weight"": 0.2, ""contribution"": 0.12, ""detail"": ""seen on 3 separate days""}, {""key"": ""nocturnal"", ""label"": ""Burns at night"", ""value"": 1.0, ""weight"": 0.1, ""contribution"": 0.1, ""detail"": ""100% of detections at night""}, {""key"": ""intensity"", ""label"": ""Thermal intensity"", ""value"": 0.482, ""weight"": 0.15, ""contribution"": 0.0722, ""detail"": ""FRP 2.4 MW, 48th percentile""}, {""key"": ""physics"", ""label"": ""Combustion temperature"", ""value"": 0.25, ""weight"": 0.25, ""contribution"": 0.0625, ""detail"": ""temperature retrieval unavailable""}]",3.0,C3
60696bf591d4,18.68566,73.03166,2026-09-25,2114,N,N,VIIRS,VIIRS_SNPP_NRT,n,0.5,0.41,18.69,73.03,3.63,312.27,295.15,,,437.0,0.01711773315947627,3509.1,205000.0,smouldering,False,False,ok,2.56,region,1.50355231799991,0.50118410599997,0.6594551282051282,2,2,1.0,0.4,,0.0,0.4,1.0,False,False,False,2.0,5.0,1.399,1.001,0.911,0.684,,21,1,2,0,osm|wri|gem,osm|wri|gem,3,0.8667,F01539,DOLVI ISPAT,steel,18.688115666666665,73.04468646111111,gem|osm|wri,3,operating,67.6,MW,Maharashtra,Within the site's immediate surroundings,False,,False,0.8667,0.0,0.4,1.0,0.6594551282051282,0.5389,0.5389,0.6133,0.8686,0.6107,0.6107,0.5461,Moderate,industrial_fire,Industrial fire,Moderate,"[{""key"": ""corroboration"", ""label"": ""Registry corroboration"", ""value"": 0.867, ""weight"": 0.3, ""contribution"": 0.26, ""detail"": ""3 of 3 registries place infrastructure within 3 km""}, {""key"": ""nocturnal"", ""label"": ""Burns at night"", ""value"": 1.0, ""weight"": 0.1, ""contribution"": 0.1, ""detail"": ""100% of detections at night""}, {""key"": ""intensity"", ""label"": ""Thermal intensity"", ""value"": 0.659, ""weight"": 0.15, ""contribution"": 0.0989, ""detail"": ""FRP 3.6 MW, 66th percentile""}, {""key"": ""persistence"", ""label"": ""Repeat detections"", ""value"": 0.4, ""weight"": 0.2, ""contribution"": 0.08, ""detail"": ""seen on 2 separate days""}, {""key"": ""physics"", ""label"": ""Combustion temperature"", ""value"": 0.0, ""weight"": 0.25, ""contribution"": 0.0, ""detail"": ""retrieved 437 K (smouldering)""}]",3.0,C3
828cb5b16be2,18.69138,73.05018,2026-09-25,2131,N,N20,VIIRS,VIIRS_NOAA20_NRT,n,0.43,0.62,18.69,73.05,1.26,303.69,291.33,,,,,,266600.0,unknown,False,False,weak_11um,2.46,scene,-0.6131734177059956,0.0,0.20432692307692307,1,1,1.0,0.2,,0.0,0.2,1.0,True,False,False,1.0,5.0,0.683,0.345,1.188,1.509,,24,1,2,0,osm|wri|gem,osm|wri|gem,3,0.7333,F01539,DOLVI ISPAT,steel,18.688115666666665,73.04468646111111,gem|osm|wri,3,operating,67.6,MW,Maharashtra,On a registered industrial site,False,,False,0.7333,0.25,0.2,1.0,0.20432692307692307,0.4531,0.4531,0.3657,0.5769,0.4454,0.4454,0.3109,Low,industrial_fire,Industrial fire,Moderate,"[{""key"": ""corroboration"", ""label"": ""Registry corroboration"", ""value"": 0.733, ""weight"": 0.3, ""contribution"": 0.22, ""detail"": ""3 of 3 registries place infrastructure within 3 km""}, {""key"": ""nocturnal"", ""label"": ""Burns at night"", ""value"": 1.0, ""weight"": 0.1, ""contribution"": 0.1, ""detail"": ""100% of detections at night""}, {""key"": ""physics"", ""label"": ""Combustion temperature"", ""value"": 0.25, ""weight"": 0.25, ""contribution"": 0.0625, ""detail"": ""temperature retrieval unavailable""}, {""key"": ""persistence"", ""label"": ""Repeat detections"", ""value"": 0.2, ""weight"": 0.2, ""contribution"": 0.04, ""detail"": ""seen on 1 separate days""}, {""key"": ""intensity"", ""label"": ""Thermal intensity"", ""value"": 0.204, ""weight"": 0.15, ""contribution"": 0.0306, ""detail"": ""FRP 1.3 MW, 20th percentile""}]",3.0,C3
fb56a615f51d,18.8579,72.92867,2026-09-25,902,D,N20,VIIRS,VIIRS_NOAA20_NRT,h,0.34,0.56,18.86,72.93,6.48,367.0,296.78,,,,,,190400.0,unknown,True,False,saturated_lower_bound,3.3449999999999998,region,1.4096856873060841,0.469895229102028,0.8621794871794872,3,3,0.6666666666666666,0.6,1.0,0.0,0.6,0.6666666666666666,False,False,False,3.0,5.0,0.853,0.758,1.136,5.133,,3,1,0,0,osm|wri|gem,osm|wri,2,0.5333,F01535,URAN ONGC,power_plant,18.86555255,72.929162525,osm|wri,2,operating,62.6,MW,,On a registered industrial site,False,,False,0.5333,0.25,0.6,0.6666666666666666,0.8621794871794872,0.5385,0.5385,0.864,0.899,0.6902,0.6902,0.6343,High,persistent_industrial_source,Persistent industrial source,Moderate,"[{""key"": ""corroboration"", ""label"": ""Registry corroboration"", ""value"": 0.533, ""weight"": 0.3, ""contribution"": 0.16, ""detail"": ""2 of 3 registries place infrastructure within 3 km""}, {""key"": ""intensity"", ""label"": ""Thermal intensity"", ""value"": 0.862, ""weight"": 0.15, ""contribution"": 0.1293, ""detail"": ""FRP 6.5 MW, 86th percentile""}, {""key"": ""persistence"", ""label"": ""Repeat detections"", ""value"": 0.6, ""weight"": 0.2, ""contribution"": 0.12, ""detail"": ""seen on 3 separate days""}, {""key"": ""nocturnal"", ""label"": ""Burns at night"", ""value"": 0.667, ""weight"": 0.1, ""contribution"": 0.0667, ""detail"": ""67% of detections at night""}, {""key"": ""physics"", ""label"": ""Combustion temperature"", ""value"": 0.25, ""weight"": 0.25, ""contribution"": 0.0625, ""detail"": ""temperature retrieval unavailable""}]",3.0,C25
e3b2930a569b,20.8686,70.56738,2026-09-25,2114,N,N,VIIRS,VIIRS_SNPP_NRT,n,0.39,0.36,20.87,70.57,1.28,305.22,294.89,,,,,,140400.0,unknown,False,False,no_bracket,2.46,scene,-0.6029538607442291,0.0,0.2107371794871795,1,1,1.0,0.2,,0.0,0.2,1.0,True,False,False,1.0,5.0,0.29,0.29,44.026,13.818,,1,0,0,0,osm|wri|gem,osm,1,0.3333,F00132,Gujarat Sidhee Cement,cement,20.8682512,70.5701442,osm,1,unknown,,,,On a registered industrial site,False,,False,0.3333,0.25,0.2,1.0,0.2107371794871795,0.3341,0.3341,0.3657,0.637,0.389,0.389,0.2861,Low,insufficient_evidence,Insufficient evidence,,"[{""key"": ""corroboration"", ""label"": ""Registry corroboration"", ""value"": 0.333, ""weight"": 0.3, ""contribution"": 0.1, ""detail"": ""1 of 3 registries place infrastructure within 3 km""}, {""key"": ""nocturnal"", ""label"": ""Burns at night"", ""value"": 1.0, ""weight"": 0.1, ""contribution"": 0.1, ""detail"": ""100% of detections at night""}, {""key"": ""physics"", ""label"": ""Combustion temperature"", ""value"": 0.25, ""weight"": 0.25, ""contribution"": 0.0625, ""detail"": ""temperature retrieval unavailable""}, {""key"": ""persistence"", ""label"": ""Repeat detections"", ""value"": 0.2, ""weight"": 0.2, ""contribution"": 0.04, ""detail"": ""seen on 1 separate days""}, {""key"": ""intensity"", ""label"": ""Thermal intensity"", ""value"": 0.211, ""weight"": 0.15, ""contribution"": 0.0316, ""detail"": ""FRP 1.3 MW, 21th percentile""}]",3.0,
e5ce32fcd637,20.90922,71.4587,2026-09-25,2112,N,N,VIIRS,VIIRS_SNPP_NRT,n,0.41,0.37,20.91,71.46,1.26,314.09,289.64,,,,,,151700.0,unknown,False,False,weak_11um,1.175,cell,0.16999999999999993,0.05666666666666664,0.20432692307692307,4,4,1.0,0.8,1.0,0.3010088532370955,0.8,1.0,False,False,False,4.0,5.0,1.047,0.304,1.615,0.137,,4,1,3,0,osm|wri|gem,osm|wri|gem,3,0.8667,F00130,PIPAVAV CCCP,power_plant,20.902270383333335,71.46550115000001,gem|osm|wri,3,operating,1454.86,MW,Gujarat,Within the site's immediate surroundings,False,,False,0.8667,0.25,0.8,1.0,0.20432692307692307,0.6132,0.6132,0.264,0.6611,0.5156,0.5156,0.4266,Moderate,industrial_fire,Industrial fire,Moderate,"[{""key"": ""corroboration"", ""label"": ""Registry corroboration"", ""value"": 0.867, ""weight"": 0.3, ""contribution"": 0.26, ""detail"": ""3 of 3 registries place infrastructure within 3 km""}, {""key"": ""persistence"", ""label"": ""Repeat detections"", ""value"": 0.8, ""weight"": 0.2, ""contribution"": 0.16, ""detail"": ""seen on 4 separate days""}, {""key"": ""nocturnal"", ""label"": ""Burns at night"", ""value"": 1.0, ""weight"": 0.1, ""contribution"": 0.1, ""detail"": ""100% of detections at night""}, {""key"": ""physics"", ""label"": ""Combustion temperature"", ""value"": 0.25, ""weight"": 0.25, ""contribution"": 0.0625, ""detail"": ""temperature retrieval unavailable""}, {""key"": ""intensity"", ""label"": ""Thermal intensity"", ""value"": 0.204, ""weight"": 0.15, ""contribution"": 0.0306, ""detail"": ""FRP 1.3 MW, 20th percentile""}]",3.0,C17
b2be19bd7adf,20.96703,86.00244,2026-09-25,1932,N,N,VIIRS,VIIRS_SNPP_NRT,n,0.32,0.55,20.97,86.0,1.53,297.6,282.59,,,,,,176000.0,unknown,False,False,weak_11um,2.46,scene,-0.47520939872214657,0.0,0.28205128205128205,1,1,1.0,0.2,,0.0,0.2,1.0,True,False,False,1.0,5.0,0.744,0.773,10.595,1.378,,9,0,2,0,osm|wri|gem,osm|gem,2,0.5333,F01690,Tata Steel Kalinganagar steel plant,steel,20.97183405,86.00742843750001,gem|osm,2,operating,5000.0,ttpa,Odisha,On a registered industrial site,False,,False,0.5333,0.25,0.2,1.0,0.28205128205128205,0.4048,0.4048,0.4277,0.4639,0.4205,0.4205,0.3074,Low,industrial_fire,Industrial fire,Moderate,"[{""key"": ""corroboration"", ""label"": ""Registry corroboration"", ""value"": 0.533, ""weight"": 0.3, ""contribution"": 0.16, ""detail"": ""2 of 3 registries place infrastructure within 3 km""}, {""key"": ""nocturnal"", ""label"": ""Burns at night"", ""value"": 1.0, ""weight"": 0.1, ""contribution"": 0.1, ""detail"": ""100% of detections at night""}, {""key"": ""physics"", ""label"": ""Combustion temperature"", ""value"": 0.25, ""weight"": 0.25, ""contribution"": 0.0625, ""detail"": ""temperature retrieval unavailable""}, {""key"": ""intensity"", ""label"": ""Thermal intensity"", ""value"": 0.282, ""weight"": 0.15, ""contribution"": 0.0423, ""detail"": ""FRP 1.5 MW, 28th percentile""}, {""key"": ""persistence"", ""label"": ""Repeat detections"", ""value"": 0.2, ""weight"": 0.2, ""contribution"": 0.04, ""detail"": ""seen on 1 separate days""}]",3.0,
8fd44e2af986,20.9944,86.01208,2026-09-25,1932,N,N,VIIRS,VIIRS_SNPP_NRT,n,0.32,0.55,20.99,86.01,0.9,297.18,282.48,,,,,,176000.0,unknown,False,False,weak_11um,2.46,scene,-0.7971254430177944,0.0,0.12740384615384615,1,1,1.0,0.2,,0.0,0.2,1.0,True,False,False,1.0,5.0,0.905,0.942,13.438,0.868,,12,0,5,0,osm|wri|gem,osm|gem,2,0.6667,F01703,Neelachal Ispat Nigam steel plant,steel,20.9987706,86.01943504999998,gem|osm,2,operating,5500.0,ttpa,Odisha,On a registered industrial site,False,,False,0.6667,0.25,0.2,1.0,0.12740384615384615,0.4216,0.4216,0.399,0.5889,0.4399,0.4399,0.3007,Low,industrial_fire,Industrial fire,Moderate,"[{""key"": ""corroboration"", ""label"": ""Registry corroboration"", ""value"": 0.667, ""weight"": 0.3, ""contribution"": 0.2, ""detail"": ""2 of 3 registries place infrastructure within 3 km""}, {""key"": ""nocturnal"", ""label"": ""Burns at night"", ""value"": 1.0, ""weight"": 0.1, ""contribution"": 0.1, ""detail"": ""100% of detections at night""}, {""key"": ""physics"", ""label"": ""Combustion temperature"", ""value"": 0.25, ""weight"": 0.25, ""contribution"": 0.0625, ""detail"": ""temperature retrieval unavailable""}, {""key"": ""persistence"", ""label"": ""Repeat detections"", ""value"": 0.2, ""weight"": 0.2, ""contribution"": 0.04, ""detail"": ""seen on 1 separate days""}, {""key"": ""intensity"", ""label"": ""Thermal intensity"", ""value"": 0.127, ""weight"": 0.15, ""contribution"": 0.0191, ""detail"": ""FRP 0.9 MW, 13th percentile""}]",3.0,C84
2a75ec94892b,20.9995,86.01266,2026-09-25,1932,N,N,VIIRS,VIIRS_SNPP_NRT,n,0.32,0.55,21.0,86.01,0.9,305.64,284.19,,,514.8,0.0037663738544358736,662.9,176000.0,biomass_like,False,False,ok,2.46,scene,-0.7971254430177944,0.0,0.12740384615384615,1,1,1.0,0.2,,0.0,0.2,1.0,True,False,False,1.0,5.0,0.708,0.741,13.902,0.676,,6,0,3,0,osm|wri|gem,osm|gem,2,0.6667,F01703,Neelachal Ispat Nigam steel plant,steel,20.9987706,86.01943504999998,gem|osm,2,operating,5500.0,ttpa,Odisha,On a registered industrial site,False,,False,0.6667,0.0,0.2,1.0,0.12740384615384615,0.3591,0.3591,0.4461,0.7324,0.4412,0.4412,0.3013,Low,industrial_fire,Industrial fire,Low,"[{""key"": ""corroboration"", ""label"": ""Registry corroboration"", ""value"": 0.667, ""weight"": 0.3, ""contribution"": 0.2, ""detail"": ""2 of 3 registries place infrastructure within 3 km""}, {""key"": ""nocturnal"", ""label"": ""Burns at night"", ""value"": 1.0, ""weight"": 0.1, ""contribution"": 0.1, ""detail"": ""100% of detections at night""}, {""key"": ""persistence"", ""label"": ""Repeat detections"", ""value"": 0.2, ""weight"": 0.2, ""contribution"": 0.04, ""detail"": ""seen on 1 separate days""}, {""key"": ""intensity"", ""label"": ""Thermal intensity"", ""value"": 0.127, ""weight"": 0.15, ""contribution"": 0.0191, ""detail"": ""FRP 0.9 MW, 13th percentile""}, {""key"": ""physics"", ""label"": ""Combustion temperature"", ""value"": 0.0, ""weight"": 0.25, ""contribution"": 0.0, ""detail"": ""retrieved 515 K (biomass like)""}]",3.0,C84
e937cad8680d,21.10069,72.63265,2026-09-25,2036,N,N21,VIIRS,VIIRS_NOAA21_NRT,n,0.45,0.39,21.1,72.63,1.68,304.63,276.58,,,,,,175500.0,unknown,False,False,weak_11um,5.2,cell,-0.7282845010299432,0.0,0.33653846153846156,5,5,0.6,1.0,1.0,0.44045296316707583,1.0,0.6,False,False,False,5.0,5.0,1.22,1.22,2.586,2.0,,7,1,7,0,osm|wri|gem,osm|wri|gem,3,0.6,F00081,Shell Energy India Private Limited,industrial_area,21.0972812,72.6214717,osm,1,unknown,,,,Within the site's immediate surroundings,False,,False,0.6,0.25,1.0,0.6,0.33653846153846156,0.553,0.553,0.8355,0.5897,0.6433,0.6433,0.5231,Moderate,persistent_industrial_source,Persistent industrial source,Moderate,"[{""key"": ""persistence"", ""label"": ""Repeat detections"", ""value"": 1.0, ""weight"": 0.2, ""contribution"": 0.2, ""detail"": ""seen on 5 separate days""}, {""key"": ""corroboration"", ""label"": ""Registry corroboration"", ""value"": 0.6, ""weight"": 0.3, ""contribution"": 0.18, ""detail"": ""3 of 3 registries place infrastructure within 3 km""}, {""key"": ""physics"", ""label"": ""Combustion temperature"", ""value"": 0.25, ""weight"": 0.25, ""contribution"": 0.0625, ""detail"": ""temperature retrieval unavailable""}, {""key"": ""nocturnal"", ""label"": ""Burns at night"", ""value"": 0.6, ""weight"": 0.1, ""contribution"": 0.06, ""detail"": ""60% of detections at night""}, {""key"": ""intensity"", ""label"": ""Thermal intensity"", ""value"": 0.337, ""weight"": 0.15, ""contribution"": 0.0505, ""detail"": ""FRP 1.7 MW, 34th percentile""}]",3.0,C1
54fe92389e44,21.10218,72.63695,2026-09-25,843,D,N,VIIRS,VIIRS_SNPP_NRT,n,0.43,0.38,21.1,72.64,13.62,344.92,299.83,,,481.3,0.03579729912444809,5849.3,163400.0,smouldering,False,False,ok,11.77,cell,0.2804062707936407,0.09346875693121358,0.9775641025641025,5,5,0.0,1.0,1.0,0.32450306033456144,1.0,0.0,False,False,False,5.0,5.0,1.448,1.107,2.114,1.562,,7,1,7,0,osm|wri|gem,osm|wri|gem,3,0.6,F00071,ArcelorMittal Nippon Steel Hazira Plant,steel,21.11174835,72.64641135000001,gem|osm,2,operating,9600.0,ttpa,Gujarat,Within the site's immediate surroundings,False,,False,0.6,0.0,1.0,0.0,0.9775641025641025,0.5266,0.5266,0.3075,0.8157,0.5042,0.5042,0.548,Moderate,industrial_fire,Industrial fire,Moderate,"[{""key"": ""persistence"", ""label"": ""Repeat detections"", ""value"": 1.0, ""weight"": 0.2, ""contribution"": 0.2, ""detail"": ""seen on 5 separate days""}, {""key"": ""corroboration"", ""label"": ""Registry corroboration"", ""value"": 0.6, ""weight"": 0.3, ""contribution"": 0.18, ""detail"": ""3 of 3 registries place infrastructure within 3 km""}, {""key"": ""intensity"", ""label"": ""Thermal intensity"", ""value"": 0.978, ""weight"": 0.15, ""contribution"": 0.1466, ""detail"": ""FRP 13.6 MW, 98th percentile""}, {""key"": ""physics"", ""label"": ""Combustion temperature"", ""value"": 0.0, ""weight"": 0.25, ""contribution"": 0.0, ""detail"": ""retrieved 481 K (smouldering)""}, {""key"": ""nocturnal"", ""label"": ""Burns at night"", ""value"": 0.0, ""weight"": 0.1, ""contribution"": 0.0, ""detail"": ""0% of detections at night""}]",3.0,C1
937904a7d602,21.10332,72.64526,2026-09-25,843,D,N,VIIRS,VIIRS_SNPP_NRT,n,0.43,0.38,21.1,72.65,5.22,337.71,299.43,,,456.4,0.04151674581215665,6783.8,163400.0,smouldering,False,False,ok,7.03,cell,-0.6936524287799082,0.0,0.8004807692307693,5,5,0.6,1.0,1.0,0.3655656018722616,1.0,0.6,False,False,False,5.0,5.0,0.945,0.745,1.323,1.029,,6,1,7,0,osm|wri|gem,osm|wri|gem,3,0.7333,F00071,ArcelorMittal Nippon Steel Hazira Plant,steel,21.11174835,72.64641135000001,gem|osm,2,operating,9600.0,ttpa,Gujarat,On a registered industrial site,False,,False,0.7333,0.0,1.0,0.6,0.8004807692307693,0.6001,0.6001,1.0,0.641,0.7262,0.7262,0.6068,High,persistent_industrial_source,Persistent industrial source,Moderate,"[{""key"": ""corroboration"", ""label"": ""Registry corroboration"", ""value"": 0.733, ""weight"": 0.3, ""contribution"": 0.22, ""detail"": ""3 of 3 registries place infrastructure within 3 km""}, {""key"": ""persistence"", ""label"": ""Repeat detections"", ""value"": 1.0, ""weight"": 0.2, ""contribution"": 0.2, ""detail"": ""seen on 5 separate days""}, {""key"": ""intensity"", ""label"": ""Thermal intensity"", ""value"": 0.8, ""weight"": 0.15, ""contribution"": 0.1201, ""detail"": ""FRP 5.2 MW, 80th percentile""}, {""key"": ""nocturnal"", ""label"": ""Burns at night"", ""value"": 0.6, ""weight"": 0.1, ""contribution"": 0.06, ""detail"": ""60% of detections at night""}, {""key"": ""physics"", ""label"": ""Combustion temperature"", ""value"": 0.0, ""weight"": 0.25, ""contribution"": 0.0, ""detail"": ""retrieved 456 K (smouldering)""}]",3.0,C1
ff232da05c6d,21.10619,72.64642,2026-09-25,807,D,N21,VIIRS,VIIRS_NOAA21_NRT,n,0.47,0.4,21.11,72.65,23.31,344.71,305.16,,,442.0,0.07288185136469082,13701.8,188000.0,smouldering,False,False,ok,11.32,cell,5.118445700078718,1.0,0.9935897435897436,5,5,0.2,1.0,1.0,0.3415053040623589,1.0,0.2,False,False,False,5.0,5.0,0.618,0.494,1.038,0.694,,6,1,7,0,osm|wri|gem,osm|wri|gem,3,0.8667,F00071,ArcelorMittal Nippon Steel Hazira Plant,steel,21.11174835,72.64641135000001,gem|osm,2,operating,9600.0,ttpa,Gujarat,On a registered industrial site,False,,False,0.8667,0.0,1.0,0.2,0.9935897435897436,0.629,0.629,1.0,0.9688,0.7913,0.7913,0.9054,Critical,persistent_industrial_source,Persistent industrial source,Moderate,"[{""key"": ""corroboration"", ""label"": ""Registry corroboration"", ""value"": 0.867, ""weight"": 0.3, ""contribution"": 0.26, ""detail"": ""3 of 3 registries place infrastructure within 3 km""}, {""key"": ""persistence"", ""label"": ""Repeat detections"", ""value"": 1.0, ""weight"": 0.2, ""contribution"": 0.2, ""detail"": ""seen on 5 separate days""}, {""key"": ""intensity"", ""label"": ""Thermal intensity"", ""value"": 0.994, ""weight"": 0.15, ""contribution"": 0.149, ""detail"": ""FRP 23.3 MW, 99th percentile""}, {""key"": ""nocturnal"", ""label"": ""Burns at night"", ""value"": 0.2, ""weight"": 0.1, ""contribution"": 0.02, ""detail"": ""20% of detections at night""}, {""key"": ""physics"", ""label"": ""Combustion temperature"", ""value"": 0.0, ""weight"": 0.25, ""contribution"": 0.0, ""detail"": ""retrieved 442 K (smouldering)""}]",3.0,C1
0c0002baf80a,21.10682,72.64472,2026-09-25,843,D,N,VIIRS,VIIRS_SNPP_NRT,n,0.43,0.38,21.11,72.64,5.22,340.35,300.65,,,456.4,0.04636530164459484,7576.1,163400.0,smouldering,False,False,ok,7.15,cell,-0.9861872468104764,0.0,0.8004807692307693,4,4,0.75,0.8,1.0,0.5725017151435423,0.8,0.75,False,False,False,4.0,5.0,0.575,0.353,1.163,0.674,,6,1,7,0,osm|wri|gem,osm|wri|gem,3,0.8667,F00071,ArcelorMittal Nippon Steel Hazira Plant,steel,21.11174835,72.64641135000001,gem|osm,2,operating,9600.0,ttpa,Gujarat,On a registered industrial site,False,,False,0.8667,0.0,0.8,0.75,0.8004807692307693,0.6151,0.6151,0.9694,0.7147,0.7363,0.7363,0.5714,High,persistent_industrial_source,Persistent industrial source,Moderate,"[{""key"": ""corroboration"", ""label"": ""Registry corroboration"", ""value"": 0.867, ""weight"": 0.3, ""contribution"": 0.26, ""detail"": ""3 of 3 registries place infrastructure within 3 km""}, {""key"": ""persistence"", ""label"": ""Repeat detections"", ""value"": 0.8, ""weight"": 0.2, ""contribution"": 0.16, ""detail"": ""seen on 4 separate days""}, {""key"": ""intensity"", ""label"": ""Thermal intensity"", ""value"": 0.8, ""weight"": 0.15, ""contribution"": 0.1201, ""detail"": ""FRP 5.2 MW, 80th percentile""}, {""key"": ""nocturnal"", ""label"": ""Burns at night"", ""value"": 0.75, ""weight"": 0.1, ""contribution"": 0.075, ""detail"": ""75% of detections at night""}, {""key"": ""physics"", ""label"": ""Combustion temperature"", ""value"": 0.0, ""weight"": 0.25, ""contribution"": 0.0, ""detail"": ""retrieved 456 K (smouldering)""}]",3.0,C1
0bf3e9e0d568,21.69298,73.23695,2026-09-25,807,D,N21,VIIRS,VIIRS_NOAA21_NRT,n,0.44,0.38,21.69,73.24,6.96,341.04,298.47,,,,,,167200.0,unknown,False,False,weak_11um,2.46,scene,2.2994003163974837,0.7664667721324946,0.875,1,1,0.0,0.2,,0.0,0.2,0.0,True,False,False,1.0,5.0,8.213,10.189,19.369,8.213,,0,0,0,0,osm|wri|gem,,0,0.0,F03770,Ankleshwar Caustic Plant power station,power_plant,21.638747,73.183,gem,1,operating,50.0,MW,Gujarat,Near industrial activity,False,,False,0.0,0.25,0.2,0.0,0.875,0.2338,0.2338,0.0091,0.4591,0.2002,0.2002,0.4592,Moderate,insufficient_evidence,Insufficient evidence,,"[{""key"": ""intensity"", ""label"": ""Thermal intensity"", ""value"": 0.875, ""weight"": 0.15, ""contribution"": 0.1313, ""detail"": ""FRP 7.0 MW, 88th percentile""}, {""key"": ""physics"", ""label"": ""Combustion temperature"", ""value"": 0.25, ""weight"": 0.25, ""contribution"": 0.0625, ""detail"": ""temperature retrieval unavailable""}, {""key"": ""persistence"", ""label"": ""Repeat detections"", ""value"": 0.2, ""weight"": 0.2, ""contribution"": 0.04, ""detail"": ""seen on 1 separate days""}, {""key"": ""corroboration"", ""label"": ""Registry corroboration"", ""value"": 0.0, ""weight"": 0.3, ""contribution"": 0.0, ""detail"": ""0 of 3 registries place infrastructure within 3 km""}, {""key"": ""nocturnal"", ""label"": ""Burns at night"", ""value"": 0.0, ""weight"": 0.1, ""contribution"": 0.0, ""detail"": ""0% of detections at night""}]",3.0,
8164438efa5b,21.88546,73.69077,2026-09-25,807,D,N21,VIIRS,VIIRS_NOAA21_NRT,n,0.42,0.38,21.89,73.69,2.8,332.31,299.67,,,,,,159600.0,unknown,False,False,weak_11um,2.46,scene,0.17373246835003203,0.05791082278334401,0.5584935897435898,1,1,0.0,0.2,,0.0,0.2,0.0,True,False,False,1.0,5.0,8.613,29.006,8.573,42.268,,0,0,0,0,osm|wri|gem,,0,0.0,F03190,S.SAROVAR CHPH,power_plant,21.83385,73.753,wri,1,operating,1450.0,MW,,Near industrial activity,False,,False,0.0,0.25,0.2,0.0,0.5584935897435898,0.1863,0.1863,0.0,0.129,0.1218,0.1218,0.2151,Low,insufficient_evidence,Insufficient evidence,,"[{""key"": ""intensity"", ""label"": ""Thermal intensity"", ""value"": 0.558, ""weight"": 0.15, ""contribution"": 0.0838, ""detail"": ""FRP 2.8 MW, 56th percentile""}, {""key"": ""physics"", ""label"": ""Combustion temperature"", ""value"": 0.25, ""weight"": 0.25, ""contribution"": 0.0625, ""detail"": ""temperature retrieval unavailable""}, {""key"": ""persistence"", ""label"": ""Repeat detections"", ""value"": 0.2, ""weight"": 0.2, ""contribution"": 0.04, ""detail"": ""seen on 1 separate days""}, {""key"": ""corroboration"", ""label"": ""Registry corroboration"", ""value"": 0.0, ""weight"": 0.3, ""contribution"": 0.0, ""detail"": ""0 of 3 registries place infrastructure within 3 km""}, {""key"": ""nocturnal"", ""label"": ""Burns at night"", ""value"": 0.0, ""weight"": 0.1, ""contribution"": 0.0, ""detail"": ""0% of detections at night""}]",3.0,
f9d0bf452ad0,22.05331,88.12173,2026-09-25,2034,N,N21,VIIRS,VIIRS_NOAA21_NRT,n,0.53,0.67,22.05,88.12,1.53,303.19,282.13,,,,,,355100.0,unknown,False,False,weak_11um,2.46,scene,-0.47520939872214657,0.0,0.28205128205128205,1,1,1.0,0.2,,0.0,0.2,1.0,True,False,False,1.0,5.0,1.469,168.683,3.525,1.469,,0,0,3,0,osm|wri|gem,gem,1,0.2,F03574,Haldia Energy power station,power_plant,22.060459,88.10974800000001,gem,1,operating,950.0,MW,West Bengal,Within the site's immediate surroundings,False,,False,0.2,0.25,0.2,1.0,0.28205128205128205,0.3048,0.3048,0.4277,0.262,0.3353,0.3353,0.2691,Low,insufficient_evidence,Insufficient evidence,,"[{""key"": ""nocturnal"", ""label"": ""Burns at night"", ""value"": 1.0, ""weight"": 0.1, ""contribution"": 0.1, ""detail"": ""100% of detections at night""}, {""key"": ""physics"", ""label"": ""Combustion temperature"", ""value"": 0.25, ""weight"": 0.25, ""contribution"": 0.0625, ""detail"": ""temperature retrieval unavailable""}, {""key"": ""corroboration"", ""label"": ""Registry corroboration"", ""value"": 0.2, ""weight"": 0.3, ""contribution"": 0.06, ""detail"": ""1 of 3 registries place infrastructure within 3 km""}, {""key"": ""intensity"", ""label"": ""Thermal intensity"", ""value"": 0.282, ""weight"": 0.15, ""contribution"": 0.0423, ""detail"": ""FRP 1.5 MW, 28th percentile""}, {""key"": ""persistence"", ""label"": ""Repeat detections"", ""value"": 0.2, ""weight"": 0.2, ""contribution"": 0.04, ""detail"": ""seen on 1 separate days""}]",3.0,C85
bb3d2e50243e,22.05646,88.12705,2026-09-25,1949,N,N20,VIIRS,VIIRS_NOAA20_NRT,n,0.39,0.36,22.06,88.13,2.66,306.21,289.67,,,,,,140400.0,unknown,False,False,no_bracket,2.46,scene,0.10219556961766603,0.03406518987255534,0.5352564102564102,1,1,1.0,0.2,,0.0,0.2,1.0,True,False,False,1.0,5.0,1.838,168.854,3.672,1.838,,0,0,3,0,osm|wri|gem,gem,1,0.2,F03574,Haldia Energy power station,power_plant,22.060459,88.10974800000001,gem,1,operating,950.0,MW,West Bengal,Within the site's immediate surroundings,False,,False,0.2,0.25,0.2,1.0,0.5352564102564102,0.3428,0.3428,0.6284,0.3446,0.4288,0.4288,0.345,Low,industrial_fire,Industrial fire,Low,"[{""key"": ""nocturnal"", ""label"": ""Burns at night"", ""value"": 1.0, ""weight"": 0.1, ""contribution"": 0.1, ""detail"": ""100% of detections at night""}, {""key"": ""intensity"", ""label"": ""Thermal intensity"", ""value"": 0.535, ""weight"": 0.15, ""contribution"": 0.0803, ""detail"": ""FRP 2.7 MW, 54th percentile""}, {""key"": ""physics"", ""label"": ""Combustion temperature"", ""value"": 0.25, ""weight"": 0.25, ""contribution"": 0.0625, ""detail"": ""temperature retrieval unavailable""}, {""key"": ""corroboration"", ""label"": ""Registry corroboration"", ""value"": 0.2, ""weight"": 0.3, ""contribution"": 0.06, ""detail"": ""1 of 3 registries place infrastructure within 3 km""}, {""key"": ""persistence"", ""label"": ""Repeat detections"", ""value"": 0.2, ""weight"": 0.2, ""contribution"": 0.04, ""detail"": ""seen on 1 separate days""}]",3.0,C85
035857d177ce,22.16726,69.81633,2026-09-25,1028,D,Aqua,MODIS,MODIS_NRT,68,1.71,1.28,22.17,69.82,19.78,,,321.6,304.22,,,,2188800.0,unknown,False,False,weak_11um,2.46,scene,8.850136328889871,1.0,0.9887820512820513,1,1,0.0,0.2,,0.0,0.2,0.0,True,False,False,1.0,5.0,1.124,17.102,1.124,17.509,,0,1,0,0,osm|wri|gem,wri,1,0.2,F02877,Lalpur Wind Farm,power_plant,22.1694,69.827,wri,1,operating,50.4,MW,,Within the site's immediate surroundings,False,,False,0.2,0.25,0.2,0.0,0.9887820512820513,0.3108,0.3108,0.1462,0.9479,0.357,0.357,0.5995,High,insufficient_evidence,Insufficient evidence,,"[{""key"": ""intensity"", ""label"": ""Thermal intensity"", ""value"": 0.989, ""weight"": 0.15, ""contribution"": 0.1483, ""detail"": ""FRP 19.8 MW, 99th percentile""}, {""key"": ""physics"", ""label"": ""Combustion temperature"", ""value"": 0.25, ""weight"": 0.25, ""contribution"": 0.0625, ""detail"": ""temperature retrieval unavailable""}, {""key"": ""corroboration"", ""label"": ""Registry corroboration"", ""value"": 0.2, ""weight"": 0.3, ""contribution"": 0.06, ""detail"": ""1 of 3 registries place infrastructure within 3 km""}, {""key"": ""persistence"", ""label"": ""Repeat detections"", ""value"": 0.2, ""weight"": 0.2, ""contribution"": 0.04, ""detail"": ""seen on 1 separate days""}, {""key"": ""nocturnal"", ""label"": ""Burns at night"", ""value"": 0.0, ""weight"": 0.1, ""contribution"": 0.0, ""detail"": ""0% of detections at night""}]",3.0,
9365431f1d29,22.3375,69.86721,2026-09-25,2112,N,N,VIIRS,VIIRS_SNPP_NRT,n,0.38,0.36,22.34,69.87,2.07,309.72,299.49,,,,,,136800.0,unknown,False,False,no_bracket,1.625,region,0.40288374223769774,0.13429458074589926,0.41426282051282054,1,1,1.0,0.2,,0.0,0.2,1.0,True,False,False,1.0,5.0,0.447,0.102,10.118,10.121,,6,0,0,0,osm|wri|gem,osm,1,0.3333,F00069,Reliance Refinery,refinery,22.339517200000003,69.86344815000001,osm,1,unknown,,,,On a registered industrial site,False,,False,0.3333,0.25,0.2,1.0,0.41426282051282054,0.3646,0.3646,0.2626,0.6827,0.3817,0.3817,0.3368,Low,insufficient_evidence,Insufficient evidence,,"[{""key"": ""corroboration"", ""label"": ""Registry corroboration"", ""value"": 0.333, ""weight"": 0.3, ""contribution"": 0.1, ""detail"": ""1 of 3 registries place infrastructure within 3 km""}, {""key"": ""nocturnal"", ""label"": ""Burns at night"", ""value"": 1.0, ""weight"": 0.1, ""contribution"": 0.1, ""detail"": ""100% of detections at night""}, {""key"": ""physics"", ""label"": ""Combustion temperature"", ""value"": 0.25, ""weight"": 0.25, ""contribution"": 0.0625, ""detail"": ""temperature retrieval unavailable""}, {""key"": ""intensity"", ""label"": ""Thermal intensity"", ""value"": 0.414, ""weight"": 0.15, ""contribution"": 0.0621, ""detail"": ""FRP 2.1 MW, 41th percentile""}, {""key"": ""persistence"", ""label"": ""Repeat detections"", ""value"": 0.2, ""weight"": 0.2, ""contribution"": 0.04, ""detail"": ""seen on 1 separate days""}]",3.0,C6
3c5a918a91ba,22.33927,69.85606,2026-09-25,2112,N,N,VIIRS,VIIRS_SNPP_NRT,n,0.38,0.36,22.34,69.86,2.53,315.73,300.93,,,402.5,0.04193566712289955,5736.8,136800.0,smouldering,False,False,ok,1.625,region,0.8193478353373406,0.27311594511244686,0.5096153846153846,1,1,1.0,0.2,,0.0,0.2,1.0,True,False,False,1.0,5.0,0.76,0.549,9.526,9.529,,6,0,0,0,osm|wri|gem,osm,1,0.3333,F00069,Reliance Refinery,refinery,22.339517200000003,69.86344815000001,osm,1,unknown,,,,On a registered industrial site,False,,False,0.3333,0.0,0.2,1.0,0.5096153846153846,0.3164,0.3164,0.2598,0.6995,0.3569,0.3569,0.3698,Moderate,insufficient_evidence,Insufficient evidence,,"[{""key"": ""corroboration"", ""label"": ""Registry corroboration"", ""value"": 0.333, ""weight"": 0.3, ""contribution"": 0.1, ""detail"": ""1 of 3 registries place infrastructure within 3 km""}, {""key"": ""nocturnal"", ""label"": ""Burns at night"", ""value"": 1.0, ""weight"": 0.1, ""contribution"": 0.1, ""detail"": ""100% of detections at night""}, {""key"": ""intensity"", ""label"": ""Thermal intensity"", ""value"": 0.51, ""weight"": 0.15, ""contribution"": 0.0764, ""detail"": ""FRP 2.5 MW, 51th percentile""}, {""key"": ""persistence"", ""label"": ""Repeat detections"", ""value"": 0.2, ""weight"": 0.2, ""contribution"": 0.04, ""detail"": ""seen on 1 separate days""}, {""key"": ""physics"", ""label"": ""Combustion temperature"", ""value"": 0.0, ""weight"": 0.25, ""contribution"": 0.0, ""detail"": ""retrieved 402 K (smouldering)""}]",3.0,C6
5329e3a001dc,22.33986,69.85315,2026-09-25,2131,N,N20,VIIRS,VIIRS_NOAA20_NRT,n,0.46,0.47,22.34,69.85,3.19,308.4,298.15,,,403.3,0.022733556721176176,4915.0,216200.0,smouldering,False,False,ok,1.625,region,1.416883273262915,0.4722944244209717,0.6009615384615384,2,2,1.0,0.4,,0.0,0.4,1.0,False,False,True,4.0,5.0,1.06,0.783,9.376,9.379,,6,0,0,0,osm|wri|gem,osm,1,0.3333,F00069,Reliance Refinery,refinery,22.339517200000003,69.86344815000001,osm,1,unknown,,,,Within the site's immediate surroundings,False,,False,0.3333,0.0,0.4,1.0,0.6009615384615384,0.3701,0.3701,0.3072,0.7925,0.4146,0.4146,0.4447,Moderate,insufficient_evidence,Insufficient evidence,,"[{""key"": ""corroboration"", ""label"": ""Registry corroboration"", ""value"": 0.333, ""weight"": 0.3, ""contribution"": 0.1, ""detail"": ""1 of 3 registries place infrastructure within 3 km""}, {""key"": ""nocturnal"", ""label"": ""Burns at night"", ""value"": 1.0, ""weight"": 0.1, ""contribution"": 0.1, ""detail"": ""100% of detections at night""}, {""key"": ""intensity"", ""label"": ""Thermal intensity"", ""value"": 0.601, ""weight"": 0.15, ""contribution"": 0.0901, ""detail"": ""FRP 3.2 MW, 60th percentile""}, {""key"": ""persistence"", ""label"": ""Repeat detections"", ""value"": 0.4, ""weight"": 0.2, ""contribution"": 0.08, ""detail"": ""seen on 2 separate days""}, {""key"": ""physics"", ""label"": ""Combustion temperature"", ""value"": 0.0, ""weight"": 0.25, ""contribution"": 0.0, ""detail"": ""retrieved 403 K (smouldering)""}]",3.0,C6
a925f66cd81c,22.36356,87.01646,2026-09-25,1949,N,N20,VIIRS,VIIRS_NOAA20_NRT,n,0.4,0.37,22.36,87.02,1.87,309.33,290.18,,,484.6,0.006530404680623016,966.5,148000.0,smouldering,False,False,ok,2.46,scene,-0.3014769303721144,0.0,0.38060897435897434,2,2,0.5,0.4,,0.0,0.4,0.5,False,False,True,4.0,5.0,0.501,55.691,35.475,0.501,,0,0,1,0,osm|wri|gem,gem,1,0.3333,F03817,Orissa Steel & Power Jhargram Steel Plant,steel,22.3591,87.017184,gem,1,announced,1800.0,ttpa,West Bengal,On a registered industrial site,False,,False,0.3333,0.0,0.4,0.5,0.38060897435897434,0.2871,0.2871,0.2557,0.754,0.3477,0.3477,0.2745,Low,insufficient_evidence,Insufficient evidence,,"[{""key"": ""corroboration"", ""label"": ""Registry corroboration"", ""value"": 0.333, ""weight"": 0.3, ""contribution"": 0.1, ""detail"": ""1 of 3 registries place infrastructure within 3 km""}, {""key"": ""persistence"", ""label"": ""Repeat detections"", ""value"": 0.4, ""weight"": 0.2, ""contribution"": 0.08, ""detail"": ""seen on 2 separate days""}, {""key"": ""intensity"", ""label"": ""Thermal intensity"", ""value"": 0.381, ""weight"": 0.15, ""contribution"": 0.0571, ""detail"": ""FRP 1.9 MW, 38th percentile""}, {""key"": ""nocturnal"", ""label"": ""Burns at night"", ""value"": 0.5, ""weight"": 0.1, ""contribution"": 0.05, ""detail"": ""50% of detections at night""}, {""key"": ""physics"", ""label"": ""Combustion temperature"", ""value"": 0.0, ""weight"": 0.25, ""contribution"": 0.0, ""detail"": ""retrieved 485 K (smouldering)""}]",3.0,C54
8be03cd197ac,22.37738,87.27644,2026-09-25,2034,N,N21,VIIRS,VIIRS_NOAA21_NRT,n,0.46,0.64,22.38,87.28,1.33,301.04,287.22,,,,,,294400.0,unknown,False,False,weak_11um,2.46,scene,-0.5774049683398125,0.0,0.22596153846153846,2,2,0.5,0.4,,0.0,0.4,0.5,False,False,True,4.0,5.0,2.445,80.151,23.116,0.559,,0,0,3,0,osm|wri|gem,gem,1,0.3333,F03815,Orissa Alloy Steel Kharagpur Plant,steel,22.369567333333332,87.29867083333333,gem,1,operating,1000.0,ttpa,West Bengal,Within the site's immediate surroundings,False,,False,0.3333,0.25,0.4,0.5,0.22596153846153846,0.3264,0.3264,0.3083,0.7861,0.3899,0.3899,0.2781,Low,insufficient_evidence,Insufficient evidence,,"[{""key"": ""corroboration"", ""label"": ""Registry corroboration"", ""value"": 0.333, ""weight"": 0.3, ""contribution"": 0.1, ""detail"": ""1 of 3 registries place infrastructure within 3 km""}, {""key"": ""persistence"", ""label"": ""Repeat detections"", ""value"": 0.4, ""weight"": 0.2, ""contribution"": 0.08, ""detail"": ""seen on 2 separate days""}, {""key"": ""physics"", ""label"": ""Combustion temperature"", ""value"": 0.25, ""weight"": 0.25, ""contribution"": 0.0625, ""detail"": ""temperature retrieval unavailable""}, {""key"": ""nocturnal"", ""label"": ""Burns at night"", ""value"": 0.5, ""weight"": 0.1, ""contribution"": 0.05, ""detail"": ""50% of detections at night""}, {""key"": ""intensity"", ""label"": ""Thermal intensity"", ""value"": 0.226, ""weight"": 0.15, ""contribution"": 0.0339, ""detail"": ""FRP 1.3 MW, 23th percentile""}]",3.0,C55
1f2c0cf3bb9d,22.41668,69.03753,2026-09-25,2036,N,N21,VIIRS,VIIRS_NOAA21_NRT,n,0.49,0.48,22.42,69.04,2.81,307.25,296.69,,,,,,235200.0,unknown,False,False,weak_11um,3.335,cell,-0.35234591912956464,0.0,0.5625,4,4,0.5,0.8,1.0,0.44270454101690915,0.8,0.5,False,False,False,4.0,5.0,4.735,58.92,4.735,6.328,,0,0,0,0,osm|wri|gem,,0,0.0,F02958,Mithapur Solar Power Plant,power_plant,22.4077,68.9925,wri,1,operating,17.0,MW,,Near industrial activity,False,,False,0.0,0.25,0.8,0.5,0.5625,0.3569,0.3569,0.8678,0.5248,0.5354,0.5354,0.4572,Moderate,industrial_fire,Industrial fire,Low,"[{""key"": ""persistence"", ""label"": ""Repeat detections"", ""value"": 0.8, ""weight"": 0.2, ""contribution"": 0.16, ""detail"": ""seen on 4 separate days""}, {""key"": ""intensity"", ""label"": ""Thermal intensity"", ""value"": 0.562, ""weight"": 0.15, ""contribution"": 0.0844, ""detail"": ""FRP 2.8 MW, 56th percentile""}, {""key"": ""physics"", ""label"": ""Combustion temperature"", ""value"": 0.25, ""weight"": 0.25, ""contribution"": 0.0625, ""detail"": ""temperature retrieval unavailable""}, {""key"": ""nocturnal"", ""label"": ""Burns at night"", ""value"": 0.5, ""weight"": 0.1, ""contribution"": 0.05, ""detail"": ""50% of detections at night""}, {""key"": ""corroboration"", ""label"": ""Registry corroboration"", ""value"": 0.0, ""weight"": 0.3, ""contribution"": 0.0, ""detail"": ""0 of 3 registries place infrastructure within 3 km""}]",3.0,C10
a027e432aaa2,22.43056,69.83376,2026-09-25,2112,N,N,VIIRS,VIIRS_SNPP_NRT,n,0.38,0.36,22.43,69.83,0.72,308.34,297.18,,,430.4,0.012217318955860564,1671.3,136800.0,smouldering,False,False,ok,2.46,scene,-0.8891014556736937,0.0,0.06971153846153846,1,1,1.0,0.2,,0.0,0.2,1.0,True,False,False,1.0,5.0,0.174,0.174,1.256,1.254,,4,1,5,0,osm|wri|gem,osm|wri|gem,3,0.7333,F00163,SHREE DIGVIJAY CEMENT,cement,22.430029,69.8353546,osm,1,unknown,,,,On a registered industrial site,False,,False,0.7333,0.0,0.2,1.0,0.06971153846153846,0.3704,0.3704,0.5726,0.8237,0.4991,0.4991,0.3216,Low,industrial_fire,Industrial fire,Low,"[{""key"": ""corroboration"", ""label"": ""Registry corroboration"", ""value"": 0.733, ""weight"": 0.3, ""contribution"": 0.22, ""detail"": ""3 of 3 registries place infrastructure within 3 km""}, {""key"": ""nocturnal"", ""label"": ""Burns at night"", ""value"": 1.0, ""weight"": 0.1, ""contribution"": 0.1, ""detail"": ""100% of detections at night""}, {""key"": ""persistence"", ""label"": ""Repeat detections"", ""value"": 0.2, ""weight"": 0.2, ""contribution"": 0.04, ""detail"": ""seen on 1 separate days""}, {""key"": ""intensity"", ""label"": ""Thermal intensity"", ""value"": 0.07, ""weight"": 0.15, ""contribution"": 0.0105, ""detail"": ""FRP 0.7 MW, 7th percentile""}, {""key"": ""physics"", ""label"": ""Combustion temperature"", ""value"": 0.0, ""weight"": 0.25, ""contribution"": 0.0, ""detail"": ""retrieved 430 K (smouldering)""}]",3.0,
4230d5f52dea,22.63026,86.17858,2026-09-25,1932,N,N,VIIRS,VIIRS_SNPP_NRT,n,0.33,0.55,22.63,86.18,1.15,302.91,286.99,,,,,,181500.0,unknown,False,False,no_bracket,2.46,scene,-0.669380980995712,0.0,0.1778846153846154,1,1,1.0,0.2,,0.0,0.2,1.0,True,False,False,1.0,5.0,0.129,0.129,15.683,15.274,,3,0,0,0,osm|wri|gem,osm,1,0.3333,F01293,,industrial_area,22.630590300000005,86.1773774,osm,1,unknown,,,,On a registered industrial site,False,,False,0.3333,0.25,0.2,1.0,0.1778846153846154,0.3292,0.3292,0.3323,0.7604,0.3948,0.3948,0.2854,Low,insufficient_evidence,Insufficient evidence,,"[{""key"": ""corroboration"", ""label"": ""Registry corroboration"", ""value"": 0.333, ""weight"": 0.3, ""contribution"": 0.1, ""detail"": ""1 of 3 registries place infrastructure within 3 km""}, {""key"": ""nocturnal"", ""label"": ""Burns at night"", ""value"": 1.0, ""weight"": 0.1, ""contribution"": 0.1, ""detail"": ""100% of detections at night""}, {""key"": ""physics"", ""label"": ""Combustion temperature"", ""value"": 0.25, ""weight"": 0.25, ""contribution"": 0.0625, ""detail"": ""temperature retrieval unavailable""}, {""key"": ""persistence"", ""label"": ""Repeat detections"", ""value"": 0.2, ""weight"": 0.2, ""contribution"": 0.04, ""detail"": ""seen on 1 separate days""}, {""key"": ""intensity"", ""label"": ""Thermal intensity"", ""value"": 0.178, ""weight"": 0.15, ""contribution"": 0.0267, ""detail"": ""FRP 1.1 MW, 18th percentile""}]",3.0,
2b723fbce251,22.63914,70.98642,2026-09-25,843,D,N,VIIRS,VIIRS_SNPP_NRT,n,0.4,0.37,22.64,70.99,2.26,336.2,305.91,,,,,,148000.0,unknown,False,False,weak_11um,2.46,scene,-0.10219556961766603,0.0,0.452724358974359,1,1,0.0,0.2,,0.0,0.2,0.0,True,False,False,1.0,5.0,2.882,2.077,32.442,73.101,,10,0,0,0,osm|wri|gem,osm,1,0.2,F00300,"Food Corporation of India, Wankaner",industrial_area,22.6260136631579,70.96220232631579,osm,1,unknown,,,,Within the site's immediate surroundings,False,,False,0.2,0.25,0.2,0.0,0.452724358974359,0.2304,0.2304,0.0,0.7292,0.2361,0.2361,0.2415,Low,insufficient_evidence,Insufficient evidence,,"[{""key"": ""intensity"", ""label"": ""Thermal intensity"", ""value"": 0.453, ""weight"": 0.15, ""contribution"": 0.0679, ""detail"": ""FRP 2.3 MW, 45th percentile""}, {""key"": ""physics"", ""label"": ""Combustion temperature"", ""value"": 0.25, ""weight"": 0.25, ""contribution"": 0.0625, ""detail"": ""temperature retrieval unavailable""}, {""key"": ""corroboration"", ""label"": ""Registry corroboration"", ""value"": 0.2, ""weight"": 0.3, ""contribution"": 0.06, ""detail"": ""1 of 3 registries place infrastructure within 3 km""}, {""key"": ""persistence"", ""label"": ""Repeat detections"", ""value"": 0.2, ""weight"": 0.2, ""contribution"": 0.04, ""detail"": ""seen on 1 separate days""}, {""key"": ""nocturnal"", ""label"": ""Burns at night"", ""value"": 0.0, ""weight"": 0.1, ""contribution"": 0.0, ""detail"": ""0% of detections at night""}]",3.0,
e48e6ada626c,22.75967,76.13454,2026-09-25,807,D,N21,VIIRS,VIIRS_NOAA21_NRT,n,0.38,0.36,22.76,76.13,3.2,335.0,298.8,,,,,,136800.0,unknown,False,False,weak_11um,2.46,scene,0.37812360758536406,0.1260412025284547,0.6041666666666666,1,1,0.0,0.2,,0.0,0.2,0.0,True,False,False,1.0,5.0,10.584,271.341,10.584,82.508,,0,0,0,0,osm|wri|gem,,0,0.0,F02663,IL&FS Kaladeh Wind Farm,power_plant,22.8396,76.1906,wri,1,operating,24.0,MW,,No registered industrial site nearby,False,,False,0.0,0.25,0.2,0.0,0.6041666666666666,0.1931,0.1931,0.0,0.0753,0.1175,0.1175,0.2348,Low,insufficient_evidence,Insufficient evidence,,"[{""key"": ""intensity"", ""label"": ""Thermal intensity"", ""value"": 0.604, ""weight"": 0.15, ""contribution"": 0.0906, ""detail"": ""FRP 3.2 MW, 60th percentile""}, {""key"": ""physics"", ""label"": ""Combustion temperature"", ""value"": 0.25, ""weight"": 0.25, ""contribution"": 0.0625, ""detail"": ""temperature retrieval unavailable""}, {""key"": ""persistence"", ""label"": ""Repeat detections"", ""value"": 0.2, ""weight"": 0.2, ""contribution"": 0.04, ""detail"": ""seen on 1 separate days""}, {""key"": ""corroboration"", ""label"": ""Registry corroboration"", ""value"": 0.0, ""weight"": 0.3, ""contribution"": 0.0, ""detail"": ""0 of 3 registries place infrastructure within 3 km""}, {""key"": ""nocturnal"", ""label"": ""Burns at night"", ""value"": 0.0, ""weight"": 0.1, ""contribution"": 0.0, ""detail"": ""0% of detections at night""}]",3.0,
958cbe832a78,22.79265,86.1945,2026-09-25,1949,N,N20,VIIRS,VIIRS_NOAA20_NRT,n,0.43,0.38,22.79,86.19,1.14,306.86,289.03,,,,,,163400.0,unknown,False,False,no_bracket,2.46,scene,-0.6744907594765952,0.0,0.17387820512820512,1,1,1.0,0.2,,0.0,0.2,1.0,True,False,False,1.0,5.0,3.422,0.987,6.964,0.69,,27,0,4,0,osm|wri|gem,osm|gem,2,0.6667,F01142,Kadma Telephone Exchange,industrial_area,22.8087482,86.1660491,osm,1,unknown,,,,Near industrial activity,False,,False,0.6667,0.25,0.2,1.0,0.17387820512820512,0.4286,0.4286,0.3323,0.6619,0.4347,0.4347,0.303,Low,industrial_fire,Industrial fire,Moderate,"[{""key"": ""corroboration"", ""label"": ""Registry corroboration"", ""value"": 0.667, ""weight"": 0.3, ""contribution"": 0.2, ""detail"": ""2 of 3 registries place infrastructure within 3 km""}, {""key"": ""nocturnal"", ""label"": ""Burns at night"", ""value"": 1.0, ""weight"": 0.1, ""contribution"": 0.1, ""detail"": ""100% of detections at night""}, {""key"": ""physics"", ""label"": ""Combustion temperature"", ""value"": 0.25, ""weight"": 0.25, ""contribution"": 0.0625, ""detail"": ""temperature retrieval unavailable""}, {""key"": ""persistence"", ""label"": ""Repeat detections"", ""value"": 0.2, ""weight"": 0.2, ""contribution"": 0.04, ""detail"": ""seen on 1 separate days""}, {""key"": ""intensity"", ""label"": ""Thermal intensity"", ""value"": 0.174, ""weight"": 0.15, ""contribution"": 0.0261, ""detail"": ""FRP 1.1 MW, 17th percentile""}]",3.0,C30
3f9f0784049d,22.8181,69.40692,2026-09-25,807,D,N21,VIIRS,VIIRS_NOAA21_NRT,n,0.44,0.46,22.82,69.41,3.84,336.39,304.56,,,573.7,0.005524634778595649,1118.2,202400.0,biomass_like,False,False,ok,2.46,scene,0.7051494303618949,0.23504981012063164,0.6802884615384616,1,1,0.0,0.2,,0.0,0.2,0.0,True,False,False,1.0,5.0,4.971,11.473,12.423,4.971,,0,0,0,0,osm|wri|gem,,0,0.0,F03656,Mota Layja power station,power_plant,22.86,69.39,gem,1,cancelled,3960.0,MW,Gujarat,Near industrial activity,False,,False,0.0,0.0,0.2,0.0,0.6802884615384616,0.142,0.142,0.0291,0.4495,0.1543,0.1543,0.2862,Low,insufficient_evidence,Insufficient evidence,,"[{""key"": ""intensity"", ""label"": ""Thermal intensity"", ""value"": 0.68, ""weight"": 0.15, ""contribution"": 0.102, ""detail"": ""FRP 3.8 MW, 68th percentile""}, {""key"": ""persistence"", ""label"": ""Repeat detections"", ""value"": 0.2, ""weight"": 0.2, ""contribution"": 0.04, ""detail"": ""seen on 1 separate days""}, {""key"": ""corroboration"", ""label"": ""Registry corroboration"", ""value"": 0.0, ""weight"": 0.3, ""contribution"": 0.0, ""detail"": ""0 of 3 registries place infrastructure within 3 km""}, {""key"": ""physics"", ""label"": ""Combustion temperature"", ""value"": 0.0, ""weight"": 0.25, ""contribution"": 0.0, ""detail"": ""retrieved 574 K (biomass like)""}, {""key"": ""nocturnal"", ""label"": ""Burns at night"", ""value"": 0.0, ""weight"": 0.1, ""contribution"": 0.0, ""detail"": ""0% of detections at night""}]",3.0,
0d59de0f12ae,22.87757,69.58741,2026-09-25,2036,N,N21,VIIRS,VIIRS_NOAA21_NRT,n,0.45,0.47,22.88,69.59,1.62,308.76,296.83,,,,,,211500.0,unknown,False,False,weak_11um,2.46,scene,-0.4292213923941969,0.0,0.31169871794871795,1,1,1.0,0.2,,0.0,0.2,1.0,True,False,False,1.0,5.0,7.775,7.56,7.008,6.744,,0,0,0,0,osm|wri|gem,,0,0.0,F00128,MUNDRA TPP,power_plant,22.820397252173915,69.54372750869565,gem|osm|wri,3,operating,21900.0,MW,Gujarat,Near industrial activity,False,,False,0.0,0.25,0.2,1.0,0.31169871794871795,0.2493,0.2493,0.3573,0.3638,0.2989,0.2989,0.2557,Low,insufficient_evidence,Insufficient evidence,,"[{""key"": ""nocturnal"", ""label"": ""Burns at night"", ""value"": 1.0, ""weight"": 0.1, ""contribution"": 0.1, ""detail"": ""100% of detections at night""}, {""key"": ""physics"", ""label"": ""Combustion temperature"", ""value"": 0.25, ""weight"": 0.25, ""contribution"": 0.0625, ""detail"": ""temperature retrieval unavailable""}, {""key"": ""intensity"", ""label"": ""Thermal intensity"", ""value"": 0.312, ""weight"": 0.15, ""contribution"": 0.0468, ""detail"": ""FRP 1.6 MW, 31th percentile""}, {""key"": ""persistence"", ""label"": ""Repeat detections"", ""value"": 0.2, ""weight"": 0.2, ""contribution"": 0.04, ""detail"": ""seen on 1 separate days""}, {""key"": ""corroboration"", ""label"": ""Registry corroboration"", ""value"": 0.0, ""weight"": 0.3, ""contribution"": 0.0, ""detail"": ""0 of 3 registries place infrastructure within 3 km""}]",3.0,
fccea662304f,22.91738,69.46445,2026-09-25,807,D,N21,VIIRS,VIIRS_NOAA21_NRT,n,0.44,0.46,22.92,69.46,2.73,335.0,305.36,,,528.0,0.00916394060590079,1854.8,202400.0,biomass_like,False,False,ok,2.46,scene,0.13796401898384902,0.04598800632794967,0.5496794871794872,1,1,0.0,0.2,,0.0,0.2,0.0,True,False,False,1.0,5.0,9.944,12.192,13.043,9.944,,0,0,0,0,osm|wri|gem,,0,0.0,F03656,Mota Layja power station,power_plant,22.86,69.39,gem,1,cancelled,3960.0,MW,Gujarat,Near industrial activity,False,,False,0.0,0.0,0.2,0.0,0.5496794871794872,0.1225,0.1225,0.0,0.1963,0.0968,0.0968,0.2,Low,insufficient_evidence,Insufficient evidence,,"[{""key"": ""intensity"", ""label"": ""Thermal intensity"", ""value"": 0.55, ""weight"": 0.15, ""contribution"": 0.0825, ""detail"": ""FRP 2.7 MW, 55th percentile""}, {""key"": ""persistence"", ""label"": ""Repeat detections"", ""value"": 0.2, ""weight"": 0.2, ""contribution"": 0.04, ""detail"": ""seen on 1 separate days""}, {""key"": ""corroboration"", ""label"": ""Registry corroboration"", ""value"": 0.0, ""weight"": 0.3, ""contribution"": 0.0, ""detail"": ""0 of 3 registries place infrastructure within 3 km""}, {""key"": ""physics"", ""label"": ""Combustion temperature"", ""value"": 0.0, ""weight"": 0.25, ""contribution"": 0.0, ""detail"": ""retrieved 528 K (biomass like)""}, {""key"": ""nocturnal"", ""label"": ""Burns at night"", ""value"": 0.0, ""weight"": 0.1, ""contribution"": 0.0, ""detail"": ""0% of detections at night""}]",3.0,C74
10731b892d4c,22.93247,69.69941,2026-09-25,905,D,N20,VIIRS,VIIRS_NOAA20_NRT,n,0.47,0.48,22.93,69.7,4.91,341.66,308.89,,,514.8,0.015106251728231778,3408.0,225600.0,biomass_like,False,False,ok,1.9900000000000002,cell,4.6341482768744875,1.0,0.78125,4,4,0.75,0.8,1.0,0.5603961384005163,0.8,0.75,False,False,False,4.0,5.0,0.342,0.342,4.744,18.923,,1,0,0,0,osm|wri|gem,osm,1,0.3333,F00687,,power_plant,22.9313765,69.7025362,osm,1,unknown,,,,On a registered industrial site,False,,False,0.3333,0.0,0.8,0.75,0.78125,0.4522,0.4522,0.9612,0.8397,0.663,0.663,0.7865,Critical,persistent_industrial_source,Persistent industrial source,Moderate,"[{""key"": ""persistence"", ""label"": ""Repeat detections"", ""value"": 0.8, ""weight"": 0.2, ""contribution"": 0.16, ""detail"": ""seen on 4 separate days""}, {""key"": ""intensity"", ""label"": ""Thermal intensity"", ""value"": 0.781, ""weight"": 0.15, ""contribution"": 0.1172, ""detail"": ""FRP 4.9 MW, 78th percentile""}, {""key"": ""corroboration"", ""label"": ""Registry corroboration"", ""value"": 0.333, ""weight"": 0.3, ""contribution"": 0.1, ""detail"": ""1 of 3 registries place infrastructure within 3 km""}, {""key"": ""nocturnal"", ""label"": ""Burns at night"", ""value"": 0.75, ""weight"": 0.1, ""contribution"": 0.075, ""detail"": ""75% of detections at night""}, {""key"": ""physics"", ""label"": ""Combustion temperature"", ""value"": 0.0, ""weight"": 0.25, ""contribution"": 0.0, ""detail"": ""retrieved 515 K (biomass like)""}]",3.0,C11
b2191034f166,22.93579,69.70051,2026-09-25,2131,N,N20,VIIRS,VIIRS_NOAA20_NRT,n,0.44,0.46,22.94,69.7,3.45,308.08,296.13,,,,,,202400.0,unknown,False,False,weak_11um,1.9900000000000002,region,1.2386874324978978,0.4128958108326326,0.6290064102564102,2,2,1.0,0.4,,0.0,0.4,1.0,False,False,False,3.0,5.0,0.533,0.533,5.123,19.247,,1,0,0,0,osm|wri|gem,osm,1,0.3333,F00687,,power_plant,22.9313765,69.7025362,osm,1,unknown,,,,On a registered industrial site,False,,False,0.3333,0.25,0.4,1.0,0.6290064102564102,0.4368,0.4368,0.3657,0.8293,0.4743,0.4743,0.4596,Moderate,industrial_fire,Industrial fire,Moderate,"[{""key"": ""corroboration"", ""label"": ""Registry corroboration"", ""value"": 0.333, ""weight"": 0.3, ""contribution"": 0.1, ""detail"": ""1 of 3 registries place infrastructure within 3 km""}, {""key"": ""nocturnal"", ""label"": ""Burns at night"", ""value"": 1.0, ""weight"": 0.1, ""contribution"": 0.1, ""detail"": ""100% of detections at night""}, {""key"": ""intensity"", ""label"": ""Thermal intensity"", ""value"": 0.629, ""weight"": 0.15, ""contribution"": 0.0944, ""detail"": ""FRP 3.5 MW, 63th percentile""}, {""key"": ""persistence"", ""label"": ""Repeat detections"", ""value"": 0.4, ""weight"": 0.2, ""contribution"": 0.08, ""detail"": ""seen on 2 separate days""}, {""key"": ""physics"", ""label"": ""Combustion temperature"", ""value"": 0.25, ""weight"": 0.25, ""contribution"": 0.0625, ""detail"": ""temperature retrieval unavailable""}]",3.0,C11
a0b5b5d9848a,22.96784,72.55392,2026-09-25,2036,N,N21,VIIRS,VIIRS_NOAA21_NRT,n,0.47,0.4,22.97,72.55,0.83,305.93,289.62,,,,,,188000.0,unknown,False,False,weak_11um,2.46,scene,-0.8328938923839774,0.0,0.10256410256410256,1,1,1.0,0.2,,0.0,0.2,1.0,True,False,False,1.0,5.0,3.305,0.354,12.064,12.132,,9,0,0,0,osm|wri|gem,osm,1,0.3333,F00168,,industrial_area,22.9381244,72.5534459,osm,1,unknown,,,,Near industrial activity,False,,False,0.3333,0.25,0.2,1.0,0.10256410256410256,0.3179,0.3179,0.3323,0.4567,0.343,0.343,0.2546,Low,insufficient_evidence,Insufficient evidence,,"[{""key"": ""corroboration"", ""label"": ""Registry corroboration"", ""value"": 0.333, ""weight"": 0.3, ""contribution"": 0.1, ""detail"": ""1 of 3 registries place infrastructure within 3 km""}, {""key"": ""nocturnal"", ""label"": ""Burns at night"", ""value"": 1.0, ""weight"": 0.1, ""contribution"": 0.1, ""detail"": ""100% of detections at night""}, {""key"": ""physics"", ""label"": ""Combustion temperature"", ""value"": 0.25, ""weight"": 0.25, ""contribution"": 0.0625, ""detail"": ""temperature retrieval unavailable""}, {""key"": ""persistence"", ""label"": ""Repeat detections"", ""value"": 0.2, ""weight"": 0.2, ""contribution"": 0.04, ""detail"": ""seen on 1 separate days""}, {""key"": ""intensity"", ""label"": ""Thermal intensity"", ""value"": 0.103, ""weight"": 0.15, ""contribution"": 0.0154, ""detail"": ""FRP 0.8 MW, 10th percentile""}]",3.0,
7eb5e30798a9,23.00401,70.06116,2026-09-25,807,D,N21,VIIRS,VIIRS_NOAA21_NRT,n,0.4,0.44,23.0,70.06,6.74,343.98,308.39,,,541.7,0.011631091706327956,2047.1,176000.0,biomass_like,False,False,ok,2.46,scene,2.1869851898180515,0.7289950632726838,0.8709935897435898,1,1,0.0,0.2,,0.0,0.2,0.0,True,False,False,1.0,5.0,2.626,2.464,11.725,12.374,,2,0,0,0,osm|wri|gem,osm,1,0.2,F00103,,industrial_area,23.0125989,70.0850633,osm,1,unknown,,,,Within the site's immediate surroundings,False,,False,0.2,0.0,0.2,0.0,0.8709935897435898,0.2306,0.2306,0.0091,0.7051,0.2353,0.2353,0.4652,Moderate,insufficient_evidence,Insufficient evidence,,"[{""key"": ""intensity"", ""label"": ""Thermal intensity"", ""value"": 0.871, ""weight"": 0.15, ""contribution"": 0.1306, ""detail"": ""FRP 6.7 MW, 87th percentile""}, {""key"": ""corroboration"", ""label"": ""Registry corroboration"", ""value"": 0.2, ""weight"": 0.3, ""contribution"": 0.06, ""detail"": ""1 of 3 registries place infrastructure within 3 km""}, {""key"": ""persistence"", ""label"": ""Repeat detections"", ""value"": 0.2, ""weight"": 0.2, ""contribution"": 0.04, ""detail"": ""seen on 1 separate days""}, {""key"": ""physics"", ""label"": ""Combustion temperature"", ""value"": 0.0, ""weight"": 0.25, ""contribution"": 0.0, ""detail"": ""retrieved 542 K (biomass like)""}, {""key"": ""nocturnal"", ""label"": ""Burns at night"", ""value"": 0.0, ""weight"": 0.1, ""contribution"": 0.0, ""detail"": ""0% of detections at night""}]",3.0,
a5fbeb120098,23.12218,70.08675,2026-09-25,2131,N,N20,VIIRS,VIIRS_NOAA20_NRT,n,0.46,0.47,23.12,70.09,2.76,327.97,296.44,,,,,,216200.0,unknown,False,False,weak_11um,2.46,scene,0.15329335442649883,0.051097784808832945,0.5528846153846154,1,1,1.0,0.2,,0.0,0.2,1.0,True,False,False,1.0,5.0,1.068,0.956,17.151,0.698,,8,0,6,0,osm|wri|gem,osm|gem,2,0.6667,F00038,,works,23.131475566666666,70.0841029,osm,1,unknown,,,,Within the site's immediate surroundings,False,,False,0.6667,0.25,0.2,1.0,0.5528846153846154,0.4854,0.4854,0.664,0.6386,0.562,0.562,0.411,Moderate,industrial_fire,Industrial fire,Moderate,"[{""key"": ""corroboration"", ""label"": ""Registry corroboration"", ""value"": 0.667, ""weight"": 0.3, ""contribution"": 0.2, ""detail"": ""2 of 3 registries place infrastructure within 3 km""}, {""key"": ""nocturnal"", ""label"": ""Burns at night"", ""value"": 1.0, ""weight"": 0.1, ""contribution"": 0.1, ""detail"": ""100% of detections at night""}, {""key"": ""intensity"", ""label"": ""Thermal intensity"", ""value"": 0.553, ""weight"": 0.15, ""contribution"": 0.0829, ""detail"": ""FRP 2.8 MW, 55th percentile""}, {""key"": ""physics"", ""label"": ""Combustion temperature"", ""value"": 0.25, ""weight"": 0.25, ""contribution"": 0.0625, ""detail"": ""temperature retrieval unavailable""}, {""key"": ""persistence"", ""label"": ""Repeat detections"", ""value"": 0.2, ""weight"": 0.2, ""contribution"": 0.04, ""detail"": ""seen on 1 separate days""}]",3.0,
8098df0b592f,23.16928,70.21937,2026-09-25,2112,N,N,VIIRS,VIIRS_SNPP_NRT,n,0.38,0.36,23.17,70.22,1.32,308.3,298.0,,,459.6,0.006077569906950927,831.4,136800.0,smouldering,False,False,ok,2.46,scene,-0.5825147468206958,0.0,0.22275641025641027,1,1,1.0,0.2,,0.0,0.2,1.0,True,False,False,1.0,5.0,3.442,0.18,23.645,14.951,,9,0,0,0,osm|wri|gem,osm,1,0.3333,F00770,,industrial_area,23.1450952,70.1983559,osm,1,unknown,,,,Near industrial activity,False,,False,0.3333,0.0,0.2,1.0,0.22275641025641027,0.2734,0.2734,0.3323,0.3774,0.3067,0.3067,0.2503,Low,insufficient_evidence,Insufficient evidence,,"[{""key"": ""corroboration"", ""label"": ""Registry corroboration"", ""value"": 0.333, ""weight"": 0.3, ""contribution"": 0.1, ""detail"": ""1 of 3 registries place infrastructure within 3 km""}, {""key"": ""nocturnal"", ""label"": ""Burns at night"", ""value"": 1.0, ""weight"": 0.1, ""contribution"": 0.1, ""detail"": ""100% of detections at night""}, {""key"": ""persistence"", ""label"": ""Repeat detections"", ""value"": 0.2, ""weight"": 0.2, ""contribution"": 0.04, ""detail"": ""seen on 1 separate days""}, {""key"": ""intensity"", ""label"": ""Thermal intensity"", ""value"": 0.223, ""weight"": 0.15, ""contribution"": 0.0334, ""detail"": ""FRP 1.3 MW, 22th percentile""}, {""key"": ""physics"", ""label"": ""Combustion temperature"", ""value"": 0.0, ""weight"": 0.25, ""contribution"": 0.0, ""detail"": ""retrieved 460 K (smouldering)""}]",3.0,
a74117779103,23.25704,70.26257,2026-09-25,2112,N,N,VIIRS,VIIRS_SNPP_NRT,n,0.38,0.36,23.26,70.26,1.11,312.33,297.51,,,546.4,0.0023562858298282773,322.3,136800.0,biomass_like,False,False,ok,1.145,region,-0.06999999999999984,0.0,0.16666666666666666,2,2,1.0,0.4,,0.0,0.4,1.0,False,False,False,3.0,5.0,2.495,0.793,16.46,8.72,,8,0,0,0,osm|wri|gem,osm,1,0.3333,F00809,,industrial_area,23.259007107142857,70.28690059285715,osm,1,unknown,,,,Within the site's immediate surroundings,False,,False,0.3333,0.0,0.4,1.0,0.16666666666666666,0.305,0.305,0.203,0.73,0.3382,0.3382,0.2489,Low,insufficient_evidence,Insufficient evidence,,"[{""key"": ""corroboration"", ""label"": ""Registry corroboration"", ""value"": 0.333, ""weight"": 0.3, ""contribution"": 0.1, ""detail"": ""1 of 3 registries place infrastructure within 3 km""}, {""key"": ""nocturnal"", ""label"": ""Burns at night"", ""value"": 1.0, ""weight"": 0.1, ""contribution"": 0.1, ""detail"": ""100% of detections at night""}, {""key"": ""persistence"", ""label"": ""Repeat detections"", ""value"": 0.4, ""weight"": 0.2, ""contribution"": 0.08, ""detail"": ""seen on 2 separate days""}, {""key"": ""intensity"", ""label"": ""Thermal intensity"", ""value"": 0.167, ""weight"": 0.15, ""contribution"": 0.025, ""detail"": ""FRP 1.1 MW, 17th percentile""}, {""key"": ""physics"", ""label"": ""Combustion temperature"", ""value"": 0.0, ""weight"": 0.25, ""contribution"": 0.0, ""detail"": ""retrieved 546 K (biomass like)""}]",3.0,C27
581ac05f9f47,23.26816,70.25694,2026-09-25,2112,N,N,VIIRS,VIIRS_SNPP_NRT,n,0.38,0.36,23.27,70.26,1.18,307.43,297.25,,,,,,136800.0,unknown,False,False,weak_11um,1.145,region,0.06999999999999984,0.02333333333333328,0.1858974358974359,2,2,1.0,0.4,,0.0,0.4,1.0,False,False,False,2.0,5.0,3.225,0.251,16.185,7.456,,4,0,0,0,osm|wri|gem,osm,1,0.3333,F00809,,industrial_area,23.259007107142857,70.28690059285715,osm,1,unknown,,,,Near industrial activity,False,,False,0.3333,0.25,0.4,1.0,0.1858974358974359,0.3704,0.3704,0.1988,0.6859,0.3662,0.3662,0.2692,Low,insufficient_evidence,Insufficient evidence,,"[{""key"": ""corroboration"", ""label"": ""Registry corroboration"", ""value"": 0.333, ""weight"": 0.3, ""contribution"": 0.1, ""detail"": ""1 of 3 registries place infrastructure within 3 km""}, {""key"": ""nocturnal"", ""label"": ""Burns at night"", ""value"": 1.0, ""weight"": 0.1, ""contribution"": 0.1, ""detail"": ""100% of detections at night""}, {""key"": ""persistence"", ""label"": ""Repeat detections"", ""value"": 0.4, ""weight"": 0.2, ""contribution"": 0.08, ""detail"": ""seen on 2 separate days""}, {""key"": ""physics"", ""label"": ""Combustion temperature"", ""value"": 0.25, ""weight"": 0.25, ""contribution"": 0.0625, ""detail"": ""temperature retrieval unavailable""}, {""key"": ""intensity"", ""label"": ""Thermal intensity"", ""value"": 0.186, ""weight"": 0.15, ""contribution"": 0.0279, ""detail"": ""FRP 1.2 MW, 19th percentile""}]",3.0,C27
9f89225090f4,23.31582,70.48887,2026-09-25,2112,N,N,VIIRS,VIIRS_SNPP_NRT,n,0.39,0.36,23.32,70.49,1.01,309.64,298.28,,,457.2,0.007317862572318538,1027.4,140400.0,smouldering,False,False,ok,2.46,scene,-0.7409178797280781,0.0,0.14423076923076922,1,1,1.0,0.2,,0.0,0.2,1.0,True,False,False,1.0,5.0,0.131,0.131,8.471,29.301,,4,0,0,0,osm|wri|gem,osm,1,0.3333,F00353,,industrial_area,23.3159808,70.4901456,osm,1,unknown,,,,On a registered industrial site,False,,False,0.3333,0.0,0.2,1.0,0.14423076923076922,0.2616,0.2616,0.2808,0.7588,0.3419,0.3419,0.2583,Low,insufficient_evidence,Insufficient evidence,,"[{""key"": ""corroboration"", ""label"": ""Registry corroboration"", ""value"": 0.333, ""weight"": 0.3, ""contribution"": 0.1, ""detail"": ""1 of 3 registries place infrastructure within 3 km""}, {""key"": ""nocturnal"", ""label"": ""Burns at night"", ""value"": 1.0, ""weight"": 0.1, ""contribution"": 0.1, ""detail"": ""100% of detections at night""}, {""key"": ""persistence"", ""label"": ""Repeat detections"", ""value"": 0.2, ""weight"": 0.2, ""contribution"": 0.04, ""detail"": ""seen on 1 separate days""}, {""key"": ""intensity"", ""label"": ""Thermal intensity"", ""value"": 0.144, ""weight"": 0.15, ""contribution"": 0.0216, ""detail"": ""FRP 1.0 MW, 14th percentile""}, {""key"": ""physics"", ""label"": ""Combustion temperature"", ""value"": 0.0, ""weight"": 0.25, ""contribution"": 0.0, ""detail"": ""retrieved 457 K (smouldering)""}]",3.0,C40
a379a29e79aa,23.58118,86.72454,2026-09-25,1949,N,N20,VIIRS,VIIRS_NOAA20_NRT,n,0.42,0.37,23.58,86.72,1.65,309.78,292.03,,,,,,155400.0,unknown,False,False,no_bracket,2.46,scene,-0.41389205695154707,0.0,0.32371794871794873,2,2,1.0,0.4,,0.0,0.4,1.0,False,False,True,4.0,5.0,1.004,8.128,7.907,1.004,,0,0,3,0,osm|wri|gem,gem,1,0.2,F03830,Shyam Steel Raghunathpur Steel Plant,steel,23.590212,86.724603,gem,1,operating,1120.0,ttpa,West Bengal,Within the site's immediate surroundings,False,,False,0.2,0.25,0.4,1.0,0.32371794871794873,0.3511,0.3511,0.186,0.7444,0.3606,0.3606,0.2746,Low,insufficient_evidence,Insufficient evidence,,"[{""key"": ""nocturnal"", ""label"": ""Burns at night"", ""value"": 1.0, ""weight"": 0.1, ""contribution"": 0.1, ""detail"": ""100% of detections at night""}, {""key"": ""persistence"", ""label"": ""Repeat detections"", ""value"": 0.4, ""weight"": 0.2, ""contribution"": 0.08, ""detail"": ""seen on 2 separate days""}, {""key"": ""physics"", ""label"": ""Combustion temperature"", ""value"": 0.25, ""weight"": 0.25, ""contribution"": 0.0625, ""detail"": ""temperature retrieval unavailable""}, {""key"": ""corroboration"", ""label"": ""Registry corroboration"", ""value"": 0.2, ""weight"": 0.3, ""contribution"": 0.06, ""detail"": ""1 of 3 registries place infrastructure within 3 km""}, {""key"": ""intensity"", ""label"": ""Thermal intensity"", ""value"": 0.324, ""weight"": 0.15, ""contribution"": 0.0486, ""detail"": ""FRP 1.6 MW, 32th percentile""}]",3.0,C59
6069e6e04bdf,23.63302,86.29369,2026-09-25,1949,N,N20,VIIRS,VIIRS_NOAA20_NRT,n,0.43,0.38,23.63,86.29,1.62,306.11,289.8,,,432.5,0.01428706690888844,2334.5,163400.0,smouldering,False,False,ok,2.46,scene,-0.4292213923941969,0.0,0.31169871794871795,1,1,1.0,0.2,,0.0,0.2,1.0,True,False,False,1.0,5.0,0.246,0.493,17.966,0.013,,3,0,3,0,osm|wri|gem,osm|gem,2,0.6667,F01181,ESL Steel plant,steel,23.6327081,86.29608225,gem|osm,2,operating,4500.0,ttpa,Jharkhand,On a registered industrial site,False,,False,0.6667,0.0,0.2,1.0,0.31169871794871795,0.3868,0.3868,0.5832,0.75,0.5002,0.5002,0.3463,Low,industrial_fire,Industrial fire,Low,"[{""key"": ""corroboration"", ""label"": ""Registry corroboration"", ""value"": 0.667, ""weight"": 0.3, ""contribution"": 0.2, ""detail"": ""2 of 3 registries place infrastructure within 3 km""}, {""key"": ""nocturnal"", ""label"": ""Burns at night"", ""value"": 1.0, ""weight"": 0.1, ""contribution"": 0.1, ""detail"": ""100% of detections at night""}, {""key"": ""intensity"", ""label"": ""Thermal intensity"", ""value"": 0.312, ""weight"": 0.15, ""contribution"": 0.0468, ""detail"": ""FRP 1.6 MW, 31th percentile""}, {""key"": ""persistence"", ""label"": ""Repeat detections"", ""value"": 0.2, ""weight"": 0.2, ""contribution"": 0.04, ""detail"": ""seen on 1 separate days""}, {""key"": ""physics"", ""label"": ""Combustion temperature"", ""value"": 0.0, ""weight"": 0.25, ""contribution"": 0.0, ""detail"": ""retrieved 432 K (smouldering)""}]",3.0,
e8d79bd9eae1,23.68424,86.39553,2026-09-25,1949,N,N20,VIIRS,VIIRS_NOAA20_NRT,n,0.43,0.38,23.68,86.4,2.16,310.74,290.15,,,451.2,0.01348853809278286,2204.0,163400.0,smouldering,False,False,ok,1.8599999999999999,region,0.4761111243364206,0.1587037081121402,0.4270833333333333,2,2,1.0,0.4,,0.0,0.4,1.0,False,False,True,4.0,5.0,1.938,1.938,11.724,11.724,,3,0,0,0,osm|wri|gem,osm,1,0.2,F01224,,industrial_area,23.701571600000005,86.3975573,osm,1,unknown,,,,Within the site's immediate surroundings,False,,False,0.2,0.0,0.4,1.0,0.4270833333333333,0.3041,0.3041,0.2557,0.6803,0.346,0.346,0.3181,Low,insufficient_evidence,Insufficient evidence,,"[{""key"": ""nocturnal"", ""label"": ""Burns at night"", ""value"": 1.0, ""weight"": 0.1, ""contribution"": 0.1, ""detail"": ""100% of detections at night""}, {""key"": ""persistence"", ""label"": ""Repeat detections"", ""value"": 0.4, ""weight"": 0.2, ""contribution"": 0.08, ""detail"": ""seen on 2 separate days""}, {""key"": ""intensity"", ""label"": ""Thermal intensity"", ""value"": 0.427, ""weight"": 0.15, ""contribution"": 0.0641, ""detail"": ""FRP 2.2 MW, 43th percentile""}, {""key"": ""corroboration"", ""label"": ""Registry corroboration"", ""value"": 0.2, ""weight"": 0.3, ""contribution"": 0.06, ""detail"": ""1 of 3 registries place infrastructure within 3 km""}, {""key"": ""physics"", ""label"": ""Combustion temperature"", ""value"": 0.0, ""weight"": 0.25, ""contribution"": 0.0, ""detail"": ""retrieved 451 K (smouldering)""}]",3.0,C13
b9d0f37abf8d,23.68484,86.39132,2026-09-25,1949,N,N20,VIIRS,VIIRS_NOAA20_NRT,n,0.43,0.38,23.68,86.39,2.35,312.57,290.02,,,465.3,0.01163790415893064,1901.6,163400.0,smouldering,False,False,ok,1.8599999999999999,region,0.7776481697494867,0.2592160565831622,0.4735576923076923,2,2,1.0,0.4,,0.0,0.4,1.0,False,False,True,4.0,5.0,1.966,1.966,12.045,11.5,,6,0,0,0,osm|wri|gem,osm,1,0.2,F01224,,industrial_area,23.701571600000005,86.3975573,osm,1,unknown,,,,Within the site's immediate surroundings,False,,False,0.2,0.0,0.4,1.0,0.4735576923076923,0.311,0.311,0.3046,0.653,0.3604,0.3604,0.3543,Moderate,insufficient_evidence,Insufficient evidence,,"[{""key"": ""nocturnal"", ""label"": ""Burns at night"", ""value"": 1.0, ""weight"": 0.1, ""contribution"": 0.1, ""detail"": ""100% of detections at night""}, {""key"": ""persistence"", ""label"": ""Repeat detections"", ""value"": 0.4, ""weight"": 0.2, ""contribution"": 0.08, ""detail"": ""seen on 2 separate days""}, {""key"": ""intensity"", ""label"": ""Thermal intensity"", ""value"": 0.474, ""weight"": 0.15, ""contribution"": 0.071, ""detail"": ""FRP 2.4 MW, 47th percentile""}, {""key"": ""corroboration"", ""label"": ""Registry corroboration"", ""value"": 0.2, ""weight"": 0.3, ""contribution"": 0.06, ""detail"": ""1 of 3 registries place infrastructure within 3 km""}, {""key"": ""physics"", ""label"": ""Combustion temperature"", ""value"": 0.0, ""weight"": 0.25, ""contribution"": 0.0, ""detail"": ""retrieved 465 K (smouldering)""}]",3.0,C13
7416bd2bb235,23.76654,86.40283,2026-09-25,1949,N,N20,VIIRS,VIIRS_NOAA20_NRT,n,0.43,0.38,23.77,86.4,1.27,299.45,287.78,,,468.7,0.004007899513124597,654.9,163400.0,smouldering,False,False,ok,2.19,region,-0.4496605063177301,0.0,0.20833333333333334,1,1,1.0,0.2,,0.0,0.2,1.0,True,False,False,1.0,5.0,1.08,1.08,19.488,18.556,,9,0,0,0,osm|wri|gem,osm,1,0.2,F01245,,industrial_area,23.776237499999997,86.4022323,osm,1,unknown,,,,Within the site's immediate surroundings,False,,False,0.2,0.0,0.2,1.0,0.20833333333333334,0.2312,0.2312,0.3316,0.3518,0.2794,0.2794,0.2366,Low,insufficient_evidence,Insufficient evidence,,"[{""key"": ""nocturnal"", ""label"": ""Burns at night"", ""value"": 1.0, ""weight"": 0.1, ""contribution"": 0.1, ""detail"": ""100% of detections at night""}, {""key"": ""corroboration"", ""label"": ""Registry corroboration"", ""value"": 0.2, ""weight"": 0.3, ""contribution"": 0.06, ""detail"": ""1 of 3 registries place infrastructure within 3 km""}, {""key"": ""persistence"", ""label"": ""Repeat detections"", ""value"": 0.2, ""weight"": 0.2, ""contribution"": 0.04, ""detail"": ""seen on 1 separate days""}, {""key"": ""intensity"", ""label"": ""Thermal intensity"", ""value"": 0.208, ""weight"": 0.15, ""contribution"": 0.0312, ""detail"": ""FRP 1.3 MW, 21th percentile""}, {""key"": ""physics"", ""label"": ""Combustion temperature"", ""value"": 0.0, ""weight"": 0.25, ""contribution"": 0.0, ""detail"": ""retrieved 469 K (smouldering)""}]",3.0,C2
0343f3c6f9ac,23.77207,86.19344,2026-09-25,2034,N,N21,VIIRS,VIIRS_NOAA21_NRT,n,0.37,0.58,23.77,86.19,1.06,299.23,285.14,,,,,,214600.0,unknown,False,False,weak_11um,1.79,region,-1.0048535804447234,0.0,0.1594551282051282,1,1,1.0,0.2,,0.0,0.2,1.0,True,False,False,1.0,5.0,1.844,1.844,7.746,8.203,,6,0,0,0,osm|wri|gem,osm,1,0.2,F01223,,industrial_area,23.7886386,86.1926472,osm,1,unknown,,,,Within the site's immediate surroundings,False,,False,0.2,0.25,0.2,1.0,0.1594551282051282,0.2864,0.2864,0.21,0.2364,0.256,0.256,0.2211,Low,insufficient_evidence,Insufficient evidence,,"[{""key"": ""nocturnal"", ""label"": ""Burns at night"", ""value"": 1.0, ""weight"": 0.1, ""contribution"": 0.1, ""detail"": ""100% of detections at night""}, {""key"": ""physics"", ""label"": ""Combustion temperature"", ""value"": 0.25, ""weight"": 0.25, ""contribution"": 0.0625, ""detail"": ""temperature retrieval unavailable""}, {""key"": ""corroboration"", ""label"": ""Registry corroboration"", ""value"": 0.2, ""weight"": 0.3, ""contribution"": 0.06, ""detail"": ""1 of 3 registries place infrastructure within 3 km""}, {""key"": ""persistence"", ""label"": ""Repeat detections"", ""value"": 0.2, ""weight"": 0.2, ""contribution"": 0.04, ""detail"": ""seen on 1 separate days""}, {""key"": ""intensity"", ""label"": ""Thermal intensity"", ""value"": 0.159, ""weight"": 0.15, ""contribution"": 0.0239, ""detail"": ""FRP 1.1 MW, 16th percentile""}]",3.0,C18
8ccd81566557,23.77252,86.19855,2026-09-25,1932,N,N,VIIRS,VIIRS_SNPP_NRT,n,0.34,0.56,23.77,86.2,1.54,299.03,284.83,,,,,,190400.0,unknown,False,False,weak_11um,1.79,region,-0.34412793850846696,0.0,0.28926282051282054,1,1,1.0,0.2,,0.0,0.2,1.0,True,False,False,1.0,5.0,1.89,1.89,8.226,8.698,,6,0,0,0,osm|wri|gem,osm,1,0.2,F01223,,industrial_area,23.7886386,86.1926472,osm,1,unknown,,,,Within the site's immediate surroundings,False,,False,0.2,0.25,0.2,1.0,0.28926282051282054,0.3059,0.3059,0.324,0.254,0.3035,0.3035,0.2555,Low,insufficient_evidence,Insufficient evidence,,"[{""key"": ""nocturnal"", ""label"": ""Burns at night"", ""value"": 1.0, ""weight"": 0.1, ""contribution"": 0.1, ""detail"": ""100% of detections at night""}, {""key"": ""physics"", ""label"": ""Combustion temperature"", ""value"": 0.25, ""weight"": 0.25, ""contribution"": 0.0625, ""detail"": ""temperature retrieval unavailable""}, {""key"": ""corroboration"", ""label"": ""Registry corroboration"", ""value"": 0.2, ""weight"": 0.3, ""contribution"": 0.06, ""detail"": ""1 of 3 registries place infrastructure within 3 km""}, {""key"": ""intensity"", ""label"": ""Thermal intensity"", ""value"": 0.289, ""weight"": 0.15, ""contribution"": 0.0434, ""detail"": ""FRP 1.5 MW, 29th percentile""}, {""key"": ""persistence"", ""label"": ""Repeat detections"", ""value"": 0.2, ""weight"": 0.2, ""contribution"": 0.04, ""detail"": ""seen on 1 separate days""}]",3.0,C18
ba6104e5a09b,23.77411,86.20876,2026-09-25,2034,N,N21,VIIRS,VIIRS_NOAA21_NRT,n,0.37,0.58,23.77,86.21,2.04,298.15,284.73,,,,,,214600.0,unknown,False,False,weak_11um,1.79,region,0.34412793850846696,0.11470931283615565,0.40625,1,1,1.0,0.2,,0.0,0.2,1.0,True,False,False,1.0,5.0,2.302,2.302,9.231,9.724,,3,0,0,0,osm|wri|gem,osm,1,0.2,F01223,,industrial_area,23.7886386,86.1926472,osm,1,unknown,,,,Within the site's immediate surroundings,False,,False,0.2,0.25,0.2,1.0,0.40625,0.3234,0.3234,0.2636,0.4255,0.3208,0.3208,0.3037,Low,insufficient_evidence,Insufficient evidence,,"[{""key"": ""nocturnal"", ""label"": ""Burns at night"", ""value"": 1.0, ""weight"": 0.1, ""contribution"": 0.1, ""detail"": ""100% of detections at night""}, {""key"": ""physics"", ""label"": ""Combustion temperature"", ""value"": 0.25, ""weight"": 0.25, ""contribution"": 0.0625, ""detail"": ""temperature retrieval unavailable""}, {""key"": ""intensity"", ""label"": ""Thermal intensity"", ""value"": 0.406, ""weight"": 0.15, ""contribution"": 0.0609, ""detail"": ""FRP 2.0 MW, 41th percentile""}, {""key"": ""corroboration"", ""label"": ""Registry corroboration"", ""value"": 0.2, ""weight"": 0.3, ""contribution"": 0.06, ""detail"": ""1 of 3 registries place infrastructure within 3 km""}, {""key"": ""persistence"", ""label"": ""Repeat detections"", ""value"": 0.2, ""weight"": 0.2, ""contribution"": 0.04, ""detail"": ""seen on 1 separate days""}]",3.0,C18
4494e7d0da08,23.77531,86.3656,2026-09-25,1949,N,N20,VIIRS,VIIRS_NOAA20_NRT,n,0.43,0.38,23.78,86.37,2.02,314.16,290.39,,,464.4,0.012982582199164242,2121.4,163400.0,smouldering,False,False,ok,2.19,region,-0.08308944138479793,0.0,0.3974358974358974,1,1,1.0,0.2,,0.0,0.2,1.0,True,False,False,1.0,5.0,2.827,2.204,21.912,17.446,,3,0,0,0,osm|wri|gem,osm,1,0.2,F01195,,industrial_area,23.7559492,86.38360089999999,osm,1,unknown,,,,Within the site's immediate surroundings,False,,False,0.2,0.0,0.2,1.0,0.3974358974358974,0.2596,0.2596,0.2618,0.2444,0.258,0.258,0.2458,Low,insufficient_evidence,Insufficient evidence,,"[{""key"": ""nocturnal"", ""label"": ""Burns at night"", ""value"": 1.0, ""weight"": 0.1, ""contribution"": 0.1, ""detail"": ""100% of detections at night""}, {""key"": ""corroboration"", ""label"": ""Registry corroboration"", ""value"": 0.2, ""weight"": 0.3, ""contribution"": 0.06, ""detail"": ""1 of 3 registries place infrastructure within 3 km""}, {""key"": ""intensity"", ""label"": ""Thermal intensity"", ""value"": 0.397, ""weight"": 0.15, ""contribution"": 0.0596, ""detail"": ""FRP 2.0 MW, 40th percentile""}, {""key"": ""persistence"", ""label"": ""Repeat detections"", ""value"": 0.2, ""weight"": 0.2, ""contribution"": 0.04, ""detail"": ""seen on 1 separate days""}, {""key"": ""physics"", ""label"": ""Combustion temperature"", ""value"": 0.0, ""weight"": 0.25, ""contribution"": 0.0, ""detail"": ""retrieved 464 K (smouldering)""}]",3.0,C2
39aa7433c6c3,23.77932,86.38784,2026-09-25,1949,N,N20,VIIRS,VIIRS_NOAA20_NRT,n,0.43,0.38,23.78,86.39,0.78,303.93,288.99,,,443.0,0.009759393553555545,1594.7,163400.0,smouldering,False,False,ok,2.19,region,-0.6891536020739124,0.0,0.08814102564102565,1,1,1.0,0.2,,0.0,0.2,1.0,True,False,False,1.0,5.0,1.504,1.504,21.358,18.894,,6,0,0,0,osm|wri|gem,osm,1,0.2,F01245,,industrial_area,23.776237499999997,86.4022323,osm,1,unknown,,,,Within the site's immediate surroundings,False,,False,0.2,0.0,0.2,1.0,0.08814102564102565,0.2132,0.2132,0.4575,0.3181,0.3022,0.3022,0.2348,Low,insufficient_evidence,Insufficient evidence,,"[{""key"": ""nocturnal"", ""label"": ""Burns at night"", ""value"": 1.0, ""weight"": 0.1, ""contribution"": 0.1, ""detail"": ""100% of detections at night""}, {""key"": ""corroboration"", ""label"": ""Registry corroboration"", ""value"": 0.2, ""weight"": 0.3, ""contribution"": 0.06, ""detail"": ""1 of 3 registries place infrastructure within 3 km""}, {""key"": ""persistence"", ""label"": ""Repeat detections"", ""value"": 0.2, ""weight"": 0.2, ""contribution"": 0.04, ""detail"": ""seen on 1 separate days""}, {""key"": ""intensity"", ""label"": ""Thermal intensity"", ""value"": 0.088, ""weight"": 0.15, ""contribution"": 0.0132, ""detail"": ""FRP 0.8 MW, 9th percentile""}, {""key"": ""physics"", ""label"": ""Combustion temperature"", ""value"": 0.0, ""weight"": 0.25, ""contribution"": 0.0, ""detail"": ""retrieved 443 K (smouldering)""}]",3.0,C2
238475f949e3,24.11442,86.85885,2026-09-25,1949,N,N20,VIIRS,VIIRS_NOAA20_NRT,n,0.42,0.37,24.11,86.86,2.3,311.92,292.06,,,,,,155400.0,unknown,False,False,no_bracket,2.46,scene,-0.08175645569413283,0.0,0.46314102564102566,1,1,1.0,0.2,,0.0,0.2,1.0,True,False,False,1.0,5.0,22.199,22.197,34.148,34.148,,0,0,0,0,osm|wri|gem,,0,0.0,F01304,,industrial_area,24.268260549999997,86.99833185,osm,1,unknown,,,,No registered industrial site nearby,False,,False,0.0,0.25,0.2,1.0,0.46314102564102566,0.272,0.272,0.264,0.5224,0.3072,0.3072,0.2746,Low,insufficient_evidence,Insufficient evidence,,"[{""key"": ""nocturnal"", ""label"": ""Burns at night"", ""value"": 1.0, ""weight"": 0.1, ""contribution"": 0.1, ""detail"": ""100% of detections at night""}, {""key"": ""intensity"", ""label"": ""Thermal intensity"", ""value"": 0.463, ""weight"": 0.15, ""contribution"": 0.0695, ""detail"": ""FRP 2.3 MW, 46th percentile""}, {""key"": ""physics"", ""label"": ""Combustion temperature"", ""value"": 0.25, ""weight"": 0.25, ""contribution"": 0.0625, ""detail"": ""temperature retrieval unavailable""}, {""key"": ""persistence"", ""label"": ""Repeat detections"", ""value"": 0.2, ""weight"": 0.2, ""contribution"": 0.04, ""detail"": ""seen on 1 separate days""}, {""key"": ""corroboration"", ""label"": ""Registry corroboration"", ""value"": 0.0, ""weight"": 0.3, ""contribution"": 0.0, ""detail"": ""0 of 3 registries place infrastructure within 3 km""}]",3.0,C61
852436abb161,24.65789,73.87594,2026-09-25,2112,N,N,VIIRS,VIIRS_SNPP_NRT,n,0.46,0.39,24.66,73.88,1.13,305.65,294.23,,,,,,179400.0,unknown,False,False,weak_11um,2.46,scene,-0.6796005379574785,0.0,0.16987179487179488,1,1,1.0,0.2,,0.0,0.2,1.0,True,False,False,1.0,5.0,8.501,151.563,8.501,36.601,,0,0,0,0,osm|wri|gem,,0,0.0,F02548,Debari,power_plant,24.6,73.821,wri,1,operating,12.0,MW,,Near industrial activity,False,,False,0.0,0.25,0.2,1.0,0.16987179487179488,0.228,0.228,0.3323,0.2492,0.2625,0.2625,0.2251,Low,insufficient_evidence,Insufficient evidence,,"[{""key"": ""nocturnal"", ""label"": ""Burns at night"", ""value"": 1.0, ""weight"": 0.1, ""contribution"": 0.1, ""detail"": ""100% of detections at night""}, {""key"": ""physics"", ""label"": ""Combustion temperature"", ""value"": 0.25, ""weight"": 0.25, ""contribution"": 0.0625, ""detail"": ""temperature retrieval unavailable""}, {""key"": ""persistence"", ""label"": ""Repeat detections"", ""value"": 0.2, ""weight"": 0.2, ""contribution"": 0.04, ""detail"": ""seen on 1 separate days""}, {""key"": ""intensity"", ""label"": ""Thermal intensity"", ""value"": 0.17, ""weight"": 0.15, ""contribution"": 0.0255, ""detail"": ""FRP 1.1 MW, 17th percentile""}, {""key"": ""corroboration"", ""label"": ""Registry corroboration"", ""value"": 0.0, ""weight"": 0.3, ""contribution"": 0.0, ""detail"": ""0 of 3 registries place infrastructure within 3 km""}]",3.0,
1c6c0588a887,24.6637,74.63251,2026-09-25,2131,N,N20,VIIRS,VIIRS_NOAA20_NRT,n,0.41,0.61,24.66,74.63,1.3,303.17,287.34,,,,,,250100.0,unknown,False,False,weak_11um,1.74,cell,-0.8020971193775726,0.0,0.21794871794871795,4,4,1.0,0.8,1.0,0.4823137752442741,0.8,1.0,False,False,False,4.0,5.0,5.727,198.964,5.727,11.49,,0,0,0,0,osm|wri|gem,,0,0.0,F03006,NIMBAHERA JK CEMENT,power_plant,24.6428,74.6843,wri,1,operating,33.2,MW,,Near industrial activity,False,,False,0.0,0.25,0.8,1.0,0.21794871794871795,0.3552,0.3552,0.3057,0.5056,0.3629,0.3629,0.3451,Low,insufficient_evidence,Insufficient evidence,,"[{""key"": ""persistence"", ""label"": ""Repeat detections"", ""value"": 0.8, ""weight"": 0.2, ""contribution"": 0.16, ""detail"": ""seen on 4 separate days""}, {""key"": ""nocturnal"", ""label"": ""Burns at night"", ""value"": 1.0, ""weight"": 0.1, ""contribution"": 0.1, ""detail"": ""100% of detections at night""}, {""key"": ""physics"", ""label"": ""Combustion temperature"", ""value"": 0.25, ""weight"": 0.25, ""contribution"": 0.0625, ""detail"": ""temperature retrieval unavailable""}, {""key"": ""intensity"", ""label"": ""Thermal intensity"", ""value"": 0.218, ""weight"": 0.15, ""contribution"": 0.0327, ""detail"": ""FRP 1.3 MW, 22th percentile""}, {""key"": ""corroboration"", ""label"": ""Registry corroboration"", ""value"": 0.0, ""weight"": 0.3, ""contribution"": 0.0, ""detail"": ""0 of 3 registries place infrastructure within 3 km""}]",3.0,C14
bcd81793747f,24.69133,73.00352,2026-09-25,2112,N,N,VIIRS,VIIRS_SNPP_NRT,n,0.43,0.38,24.69,73.0,2.04,312.34,297.42,,,442.9,0.013631043652086923,2227.3,163400.0,smouldering,False,False,ok,1.87,cell,0.33999999999999986,0.11333333333333329,0.40625,4,4,1.0,0.8,1.0,0.4753003071298104,0.8,1.0,False,False,False,4.0,5.0,0.582,140.298,0.582,84.405,,0,1,0,0,osm|wri|gem,wri,1,0.3333,F02684,JAYKAYPURAM PLANT,power_plant,24.6963,73.0017,wri,1,operating,66.0,MW,,On a registered industrial site,False,,False,0.3333,0.0,0.8,1.0,0.40625,0.4209,0.4209,0.3556,0.5649,0.4229,0.4229,0.4193,Moderate,industrial_fire,Industrial fire,Moderate,"[{""key"": ""persistence"", ""label"": ""Repeat detections"", ""value"": 0.8, ""weight"": 0.2, ""contribution"": 0.16, ""detail"": ""seen on 4 separate days""}, {""key"": ""corroboration"", ""label"": ""Registry corroboration"", ""value"": 0.333, ""weight"": 0.3, ""contribution"": 0.1, ""detail"": ""1 of 3 registries place infrastructure within 3 km""}, {""key"": ""nocturnal"", ""label"": ""Burns at night"", ""value"": 1.0, ""weight"": 0.1, ""contribution"": 0.1, ""detail"": ""100% of detections at night""}, {""key"": ""intensity"", ""label"": ""Thermal intensity"", ""value"": 0.406, ""weight"": 0.15, ""contribution"": 0.0609, ""detail"": ""FRP 2.0 MW, 41th percentile""}, {""key"": ""physics"", ""label"": ""Combustion temperature"", ""value"": 0.0, ""weight"": 0.25, ""contribution"": 0.0, ""detail"": ""retrieved 443 K (smouldering)""}]",3.0,C20
912beca9b2a9,24.82137,73.09346,2026-09-25,2112,N,N,VIIRS,VIIRS_SNPP_NRT,n,0.43,0.38,24.82,73.09,2.14,315.8,298.85,,,431.0,0.02234338485432638,3650.9,163400.0,smouldering,False,False,ok,1.56,cell,1.1600000000000001,0.3866666666666667,0.422275641025641,4,4,1.0,0.8,1.0,0.48568358220963176,0.8,1.0,False,False,False,4.0,5.0,0.645,153.71,0.645,84.487,,0,1,0,0,osm|wri|gem,wri,1,0.3333,F02383,BINANI CEMENT PLANT,power_plant,24.8263,73.0901,wri,1,operating,69.6,MW,,On a registered industrial site,False,,False,0.3333,0.0,0.8,1.0,0.422275641025641,0.4233,0.4233,0.3723,0.6082,0.4357,0.4357,0.495,Moderate,industrial_fire,Industrial fire,Moderate,"[{""key"": ""persistence"", ""label"": ""Repeat detections"", ""value"": 0.8, ""weight"": 0.2, ""contribution"": 0.16, ""detail"": ""seen on 4 separate days""}, {""key"": ""corroboration"", ""label"": ""Registry corroboration"", ""value"": 0.333, ""weight"": 0.3, ""contribution"": 0.1, ""detail"": ""1 of 3 registries place infrastructure within 3 km""}, {""key"": ""nocturnal"", ""label"": ""Burns at night"", ""value"": 1.0, ""weight"": 0.1, ""contribution"": 0.1, ""detail"": ""100% of detections at night""}, {""key"": ""intensity"", ""label"": ""Thermal intensity"", ""value"": 0.422, ""weight"": 0.15, ""contribution"": 0.0633, ""detail"": ""FRP 2.1 MW, 42th percentile""}, {""key"": ""physics"", ""label"": ""Combustion temperature"", ""value"": 0.0, ""weight"": 0.25, ""contribution"": 0.0, ""detail"": ""retrieved 431 K (smouldering)""}]",3.0,C21
7e8d76d428bd,25.50459,76.29142,2026-09-25,807,D,N21,VIIRS,VIIRS_NOAA21_NRT,n,0.39,0.36,25.5,76.29,3.88,336.55,304.72,,,516.0,0.012275529285112394,1723.5,140400.0,biomass_like,False,False,ok,2.46,scene,0.7255885442854282,0.24186284809514272,0.6875,1,1,0.0,0.2,,0.0,0.2,0.0,True,False,False,1.0,5.0,21.325,225.381,21.325,36.231,,0,0,0,0,osm|wri|gem,,0,0.0,F02856,LAKHERI CEMENT PLANT,power_plant,25.6732,76.1901,wri,1,operating,25.0,MW,,No registered industrial site nearby,False,,False,0.0,0.0,0.2,0.0,0.6875,0.1431,0.1431,0.0291,0.0649,0.0972,0.0972,0.263,Low,insufficient_evidence,Insufficient evidence,,"[{""key"": ""intensity"", ""label"": ""Thermal intensity"", ""value"": 0.688, ""weight"": 0.15, ""contribution"": 0.1031, ""detail"": ""FRP 3.9 MW, 69th percentile""}, {""key"": ""persistence"", ""label"": ""Repeat detections"", ""value"": 0.2, ""weight"": 0.2, ""contribution"": 0.04, ""detail"": ""seen on 1 separate days""}, {""key"": ""corroboration"", ""label"": ""Registry corroboration"", ""value"": 0.0, ""weight"": 0.3, ""contribution"": 0.0, ""detail"": ""0 of 3 registries place infrastructure within 3 km""}, {""key"": ""physics"", ""label"": ""Combustion temperature"", ""value"": 0.0, ""weight"": 0.25, ""contribution"": 0.0, ""detail"": ""retrieved 516 K (biomass like)""}, {""key"": ""nocturnal"", ""label"": ""Burns at night"", ""value"": 0.0, ""weight"": 0.1, ""contribution"": 0.0, ""detail"": ""0% of detections at night""}]",3.0,
ed7fe7e17038,26.25828,74.09519,2026-09-25,2034,N,N21,VIIRS,VIIRS_NOAA21_NRT,n,0.44,0.38,26.26,74.1,1.34,306.89,296.61,,,,,,167200.0,unknown,False,False,weak_11um,1.53,cell,-0.3799999999999999,0.0,0.2283653846153846,4,4,1.0,0.8,1.0,0.5078510635421727,0.8,1.0,False,False,False,4.0,5.0,5.274,285.171,5.274,35.453,,0,0,0,0,osm|wri|gem,,0,0.0,F03129,RABRIYAWAS CEMENT,power_plant,26.2984,74.1234,wri,1,operating,18.7,MW,,Near industrial activity,False,,False,0.0,0.25,0.8,1.0,0.2283653846153846,0.3568,0.3568,0.3057,0.508,0.3642,0.3642,0.3467,Low,insufficient_evidence,Insufficient evidence,,"[{""key"": ""persistence"", ""label"": ""Repeat detections"", ""value"": 0.8, ""weight"": 0.2, ""contribution"": 0.16, ""detail"": ""seen on 4 separate days""}, {""key"": ""nocturnal"", ""label"": ""Burns at night"", ""value"": 1.0, ""weight"": 0.1, ""contribution"": 0.1, ""detail"": ""100% of detections at night""}, {""key"": ""physics"", ""label"": ""Combustion temperature"", ""value"": 0.25, ""weight"": 0.25, ""contribution"": 0.0625, ""detail"": ""temperature retrieval unavailable""}, {""key"": ""intensity"", ""label"": ""Thermal intensity"", ""value"": 0.228, ""weight"": 0.15, ""contribution"": 0.0343, ""detail"": ""FRP 1.3 MW, 23th percentile""}, {""key"": ""corroboration"", ""label"": ""Registry corroboration"", ""value"": 0.0, ""weight"": 0.3, ""contribution"": 0.0, ""detail"": ""0 of 3 registries place infrastructure within 3 km""}]",3.0,C12
4f63e17016f6,26.25904,74.09378,2026-09-25,2129,N,N20,VIIRS,VIIRS_NOAA20_NRT,n,0.35,0.57,26.26,74.09,0.73,305.02,294.57,,,,,,199500.0,unknown,False,False,weak_11um,1.46,region,-1.46,0.0,0.07451923076923077,2,2,1.0,0.4,,0.0,0.4,1.0,False,False,False,2.0,5.0,5.28,285.251,5.28,35.617,,0,0,0,0,osm|wri|gem,,0,0.0,F03129,RABRIYAWAS CEMENT,power_plant,26.2984,74.1234,wri,1,operating,18.7,MW,,Near industrial activity,False,,False,0.0,0.25,0.4,1.0,0.07451923076923077,0.2537,0.2537,0.1917,0.754,0.3101,0.3101,0.227,Low,insufficient_evidence,Insufficient evidence,,"[{""key"": ""nocturnal"", ""label"": ""Burns at night"", ""value"": 1.0, ""weight"": 0.1, ""contribution"": 0.1, ""detail"": ""100% of detections at night""}, {""key"": ""persistence"", ""label"": ""Repeat detections"", ""value"": 0.4, ""weight"": 0.2, ""contribution"": 0.08, ""detail"": ""seen on 2 separate days""}, {""key"": ""physics"", ""label"": ""Combustion temperature"", ""value"": 0.25, ""weight"": 0.25, ""contribution"": 0.0625, ""detail"": ""temperature retrieval unavailable""}, {""key"": ""intensity"", ""label"": ""Thermal intensity"", ""value"": 0.075, ""weight"": 0.15, ""contribution"": 0.0112, ""detail"": ""FRP 0.7 MW, 7th percentile""}, {""key"": ""corroboration"", ""label"": ""Registry corroboration"", ""value"": 0.0, ""weight"": 0.3, ""contribution"": 0.0, ""detail"": ""0 of 3 registries place infrastructure within 3 km""}]",3.0,C12
48872073dfb8,26.87246,73.51851,2026-09-25,2110,N,N,VIIRS,VIIRS_SNPP_NRT,n,0.42,0.38,26.87,73.52,1.2,309.67,297.04,,,,,,159600.0,unknown,False,False,weak_11um,1.6349999999999998,region,-0.7523166163392794,0.0,0.19230769230769232,3,3,1.0,0.6,1.0,0.0,0.6,1.0,False,False,False,3.0,5.0,16.582,312.875,16.582,42.015,,0,0,0,0,osm|wri|gem,,0,0.0,F02823,Khimsar,power_plant,26.97,73.392,wri,1,operating,5.0,MW,,No registered industrial site nearby,False,,False,0.0,0.25,0.6,1.0,0.19230769230769232,0.3113,0.3113,0.2378,0.5152,0.3198,0.3198,0.2831,Low,insufficient_evidence,Insufficient evidence,,"[{""key"": ""persistence"", ""label"": ""Repeat detections"", ""value"": 0.6, ""weight"": 0.2, ""contribution"": 0.12, ""detail"": ""seen on 3 separate days""}, {""key"": ""nocturnal"", ""label"": ""Burns at night"", ""value"": 1.0, ""weight"": 0.1, ""contribution"": 0.1, ""detail"": ""100% of detections at night""}, {""key"": ""physics"", ""label"": ""Combustion temperature"", ""value"": 0.25, ""weight"": 0.25, ""contribution"": 0.0625, ""detail"": ""temperature retrieval unavailable""}, {""key"": ""intensity"", ""label"": ""Thermal intensity"", ""value"": 0.192, ""weight"": 0.15, ""contribution"": 0.0288, ""detail"": ""FRP 1.2 MW, 19th percentile""}, {""key"": ""corroboration"", ""label"": ""Registry corroboration"", ""value"": 0.0, ""weight"": 0.3, ""contribution"": 0.0, ""detail"": ""0 of 3 registries place infrastructure within 3 km""}]",3.0,C4
7c944f40735a,26.87664,73.51504,2026-09-25,2110,N,N,VIIRS,VIIRS_SNPP_NRT,n,0.42,0.38,26.88,73.52,2.11,312.01,296.95,,,,,,159600.0,unknown,False,False,weak_11um,1.6349999999999998,region,0.8214951557727768,0.2738317185909256,0.4182692307692308,3,3,1.0,0.6,0.6666666666666667,0.0,0.6,1.0,False,False,False,4.0,5.0,16.018,313.096,16.018,41.786,,0,0,0,0,osm|wri|gem,,0,0.0,F02823,Khimsar,power_plant,26.97,73.392,wri,1,operating,5.0,MW,,No registered industrial site nearby,False,,False,0.0,0.25,0.6,1.0,0.4182692307692308,0.3452,0.3452,0.1391,0.5617,0.3158,0.3158,0.3724,Moderate,insufficient_evidence,Insufficient evidence,,"[{""key"": ""persistence"", ""label"": ""Repeat detections"", ""value"": 0.6, ""weight"": 0.2, ""contribution"": 0.12, ""detail"": ""seen on 3 separate days""}, {""key"": ""nocturnal"", ""label"": ""Burns at night"", ""value"": 1.0, ""weight"": 0.1, ""contribution"": 0.1, ""detail"": ""100% of detections at night""}, {""key"": ""intensity"", ""label"": ""Thermal intensity"", ""value"": 0.418, ""weight"": 0.15, ""contribution"": 0.0627, ""detail"": ""FRP 2.1 MW, 42th percentile""}, {""key"": ""physics"", ""label"": ""Combustion temperature"", ""value"": 0.25, ""weight"": 0.25, ""contribution"": 0.0625, ""detail"": ""temperature retrieval unavailable""}, {""key"": ""corroboration"", ""label"": ""Registry corroboration"", ""value"": 0.0, ""weight"": 0.3, ""contribution"": 0.0, ""detail"": ""0 of 3 registries place infrastructure within 3 km""}]",3.0,C4
807b151d373c,26.92624,73.46744,2026-09-25,2110,N,N,VIIRS,VIIRS_SNPP_NRT,n,0.42,0.38,26.93,73.47,1.04,308.67,297.15,,,,,,159600.0,unknown,False,False,weak_11um,1.6349999999999998,region,-1.0290307740732672,0.0,0.15384615384615385,3,3,1.0,0.6,0.6666666666666667,0.0,0.6,1.0,False,False,False,4.0,5.0,8.921,316.408,8.921,40.032,,0,0,0,0,osm|wri|gem,,0,0.0,F02823,Khimsar,power_plant,26.97,73.392,wri,1,operating,5.0,MW,,Near industrial activity,False,,False,0.0,0.25,0.6,1.0,0.15384615384615385,0.3056,0.3056,0.24,0.5264,0.319,0.319,0.2789,Low,insufficient_evidence,Insufficient evidence,,"[{""key"": ""persistence"", ""label"": ""Repeat detections"", ""value"": 0.6, ""weight"": 0.2, ""contribution"": 0.12, ""detail"": ""seen on 3 separate days""}, {""key"": ""nocturnal"", ""label"": ""Burns at night"", ""value"": 1.0, ""weight"": 0.1, ""contribution"": 0.1, ""detail"": ""100% of detections at night""}, {""key"": ""physics"", ""label"": ""Combustion temperature"", ""value"": 0.25, ""weight"": 0.25, ""contribution"": 0.0625, ""detail"": ""temperature retrieval unavailable""}, {""key"": ""intensity"", ""label"": ""Thermal intensity"", ""value"": 0.154, ""weight"": 0.15, ""contribution"": 0.0231, ""detail"": ""FRP 1.0 MW, 15th percentile""}, {""key"": ""corroboration"", ""label"": ""Registry corroboration"", ""value"": 0.0, ""weight"": 0.3, ""contribution"": 0.0, ""detail"": ""0 of 3 registries place infrastructure within 3 km""}]",3.0,C34
1fd61dcdcef5,27.66809,76.13132,2026-09-25,2110,N,N,VIIRS,VIIRS_SNPP_NRT,n,0.53,0.42,27.67,76.13,2.38,308.5,294.89,,,,,,222600.0,unknown,False,False,weak_11um,2.46,scene,-0.04087822784706641,0.0,0.47836538461538464,3,3,1.0,0.6,0.6666666666666667,0.0,0.6,1.0,False,False,False,4.0,5.0,38.131,48.518,38.131,93.733,,0,0,0,0,osm|wri|gem,,0,0.0,F03037,Neemrana,power_plant,27.945,76.36,wri,1,operating,5.0,MW,,No registered industrial site nearby,False,,False,0.0,0.25,0.6,1.0,0.47836538461538464,0.3543,0.3543,0.2557,0.6098,0.363,0.363,0.3312,Low,insufficient_evidence,Insufficient evidence,,"[{""key"": ""persistence"", ""label"": ""Repeat detections"", ""value"": 0.6, ""weight"": 0.2, ""contribution"": 0.12, ""detail"": ""seen on 3 separate days""}, {""key"": ""nocturnal"", ""label"": ""Burns at night"", ""value"": 1.0, ""weight"": 0.1, ""contribution"": 0.1, ""detail"": ""100% of detections at night""}, {""key"": ""intensity"", ""label"": ""Thermal intensity"", ""value"": 0.478, ""weight"": 0.15, ""contribution"": 0.0718, ""detail"": ""FRP 2.4 MW, 48th percentile""}, {""key"": ""physics"", ""label"": ""Combustion temperature"", ""value"": 0.25, ""weight"": 0.25, ""contribution"": 0.0625, ""detail"": ""temperature retrieval unavailable""}, {""key"": ""corroboration"", ""label"": ""Registry corroboration"", ""value"": 0.0, ""weight"": 0.3, ""contribution"": 0.0, ""detail"": ""0 of 3 registries place infrastructure within 3 km""}]",3.0,C36
e0f587512902,28.03522,76.6364,2026-09-25,807,D,N21,VIIRS,VIIRS_NOAA21_NRT,n,0.42,0.37,28.04,76.64,4.49,345.72,301.11,,,801.0,0.0013297790359512768,206.6,155400.0,mixed,False,False,ok,2.46,scene,1.0372850316193094,0.34576167720643647,0.7355769230769231,1,1,0.0,0.2,,0.0,0.2,0.0,True,False,False,1.0,5.0,8.275,6.999,28.934,44.444,,0,0,0,0,osm|wri|gem,,0,0.0,F01979,NTN NEI Manufacturing,works,28.10353696568625,76.60296686274506,osm,1,unknown,,,,Near industrial activity,False,,False,0.0,0.0014,0.2,0.0,0.7355769230769231,0.1507,0.1507,0.0286,0.7244,0.2001,0.2001,0.34,Low,insufficient_evidence,Insufficient evidence,,"[{""key"": ""intensity"", ""label"": ""Thermal intensity"", ""value"": 0.736, ""weight"": 0.15, ""contribution"": 0.1103, ""detail"": ""FRP 4.5 MW, 74th percentile""}, {""key"": ""persistence"", ""label"": ""Repeat detections"", ""value"": 0.2, ""weight"": 0.2, ""contribution"": 0.04, ""detail"": ""seen on 1 separate days""}, {""key"": ""physics"", ""label"": ""Combustion temperature"", ""value"": 0.001, ""weight"": 0.25, ""contribution"": 0.0003, ""detail"": ""retrieved 801 K (mixed)""}, {""key"": ""corroboration"", ""label"": ""Registry corroboration"", ""value"": 0.0, ""weight"": 0.3, ""contribution"": 0.0, ""detail"": ""0 of 3 registries place infrastructure within 3 km""}, {""key"": ""nocturnal"", ""label"": ""Burns at night"", ""value"": 0.0, ""weight"": 0.1, ""contribution"": 0.0, ""detail"": ""0% of detections at night""}]",3.0,
02e07f53dfbb,28.32468,77.2164,2026-09-25,1949,N,N20,VIIRS,VIIRS_NOAA20_NRT,n,0.54,0.68,28.32,77.22,0.84,303.04,287.49,,,,,,367200.0,unknown,False,False,weak_11um,0.87,region,-0.06000000000000005,0.0,0.10737179487179487,2,2,1.0,0.4,,0.0,0.4,1.0,False,False,False,2.0,5.0,4.815,4.815,11.021,10.325,,0,0,0,0,osm|wri|gem,,0,0.0,F02238,,industrial_area,28.3542917,77.1805,osm,1,unknown,,,,Near industrial activity,False,,False,0.0,0.25,0.4,1.0,0.10737179487179487,0.2586,0.2586,0.186,0.6394,0.2939,0.2939,0.223,Low,insufficient_evidence,Insufficient evidence,,"[{""key"": ""nocturnal"", ""label"": ""Burns at night"", ""value"": 1.0, ""weight"": 0.1, ""contribution"": 0.1, ""detail"": ""100% of detections at night""}, {""key"": ""persistence"", ""label"": ""Repeat detections"", ""value"": 0.4, ""weight"": 0.2, ""contribution"": 0.08, ""detail"": ""seen on 2 separate days""}, {""key"": ""physics"", ""label"": ""Combustion temperature"", ""value"": 0.25, ""weight"": 0.25, ""contribution"": 0.0625, ""detail"": ""temperature retrieval unavailable""}, {""key"": ""intensity"", ""label"": ""Thermal intensity"", ""value"": 0.107, ""weight"": 0.15, ""contribution"": 0.0161, ""detail"": ""FRP 0.8 MW, 11th percentile""}, {""key"": ""corroboration"", ""label"": ""Registry corroboration"", ""value"": 0.0, ""weight"": 0.3, ""contribution"": 0.0, ""detail"": ""0 of 3 registries place infrastructure within 3 km""}]",3.0,C5
61c75468490c,28.34614,77.23,2026-09-25,2110,N,N,VIIRS,VIIRS_SNPP_NRT,n,0.4,0.44,28.35,77.23,0.7,308.85,291.76,,,,,,176000.0,unknown,False,False,weak_11um,0.87,region,-0.3400000000000001,0.0,0.058493589743589744,3,3,1.0,0.6,0.6666666666666667,0.0,0.6,1.0,False,False,False,4.0,5.0,2.935,2.935,11.184,8.028,,2,0,0,0,osm|wri|gem,osm,1,0.2,F02161,,industrial_area,28.3723307,77.2336888,osm,1,unknown,,,,Within the site's immediate surroundings,False,,False,0.2,0.25,0.6,1.0,0.058493589743589744,0.3513,0.3513,0.2317,0.5192,0.3406,0.3406,0.2791,Low,insufficient_evidence,Insufficient evidence,,"[{""key"": ""persistence"", ""label"": ""Repeat detections"", ""value"": 0.6, ""weight"": 0.2, ""contribution"": 0.12, ""detail"": ""seen on 3 separate days""}, {""key"": ""nocturnal"", ""label"": ""Burns at night"", ""value"": 1.0, ""weight"": 0.1, ""contribution"": 0.1, ""detail"": ""100% of detections at night""}, {""key"": ""physics"", ""label"": ""Combustion temperature"", ""value"": 0.25, ""weight"": 0.25, ""contribution"": 0.0625, ""detail"": ""temperature retrieval unavailable""}, {""key"": ""corroboration"", ""label"": ""Registry corroboration"", ""value"": 0.2, ""weight"": 0.3, ""contribution"": 0.06, ""detail"": ""1 of 3 registries place infrastructure within 3 km""}, {""key"": ""intensity"", ""label"": ""Thermal intensity"", ""value"": 0.058, ""weight"": 0.15, ""contribution"": 0.0088, ""detail"": ""FRP 0.7 MW, 6th percentile""}]",3.0,C5
65feb3ce41a8,28.47246,76.95984,2026-09-25,2034,N,N21,VIIRS,VIIRS_NOAA21_NRT,n,0.39,0.36,28.47,76.96,2.23,324.32,294.29,,,,,,140400.0,unknown,False,False,weak_11um,2.46,scene,-0.11752490506031582,0.0,0.4479166666666667,1,1,1.0,0.2,,0.0,0.2,1.0,True,False,False,1.0,5.0,4.906,4.906,15.29,13.612,,0,0,0,0,osm|wri|gem,,0,0.0,F01994,,industrial_area,28.4560139,77.0064114,osm,1,unknown,,,,Near industrial activity,False,,False,0.0,0.25,0.2,1.0,0.4479166666666667,0.2697,0.2697,0.264,0.5304,0.3071,0.3071,0.273,Low,insufficient_evidence,Insufficient evidence,,"[{""key"": ""nocturnal"", ""label"": ""Burns at night"", ""value"": 1.0, ""weight"": 0.1, ""contribution"": 0.1, ""detail"": ""100% of detections at night""}, {""key"": ""intensity"", ""label"": ""Thermal intensity"", ""value"": 0.448, ""weight"": 0.15, ""contribution"": 0.0672, ""detail"": ""FRP 2.2 MW, 45th percentile""}, {""key"": ""physics"", ""label"": ""Combustion temperature"", ""value"": 0.25, ""weight"": 0.25, ""contribution"": 0.0625, ""detail"": ""temperature retrieval unavailable""}, {""key"": ""persistence"", ""label"": ""Repeat detections"", ""value"": 0.2, ""weight"": 0.2, ""contribution"": 0.04, ""detail"": ""seen on 1 separate days""}, {""key"": ""corroboration"", ""label"": ""Registry corroboration"", ""value"": 0.0, ""weight"": 0.3, ""contribution"": 0.0, ""detail"": ""0 of 3 registries place infrastructure within 3 km""}]",3.0,
8ec804bb8257,28.51131,76.53602,2026-09-25,807,D,N21,VIIRS,VIIRS_NOAA21_NRT,n,0.42,0.37,28.51,76.54,8.54,333.38,302.25,,,691.4,0.0015125688855887728,235.1,155400.0,biomass_like,False,False,ok,2.46,scene,3.106745316377044,1.0,0.9278846153846154,1,1,0.0,0.2,,0.0,0.2,0.0,True,False,False,1.0,5.0,16.145,20.292,15.968,16.18,,0,0,0,0,osm|wri|gem,,0,0.0,F02667,INDRA GANDHI STPP,power_plant,28.48505916666667,76.37353333333333,gem|wri,2,operating,4320.0,MW,Haryana,No registered industrial site nearby,False,,False,0.0,0.0,0.2,0.0,0.9278846153846154,0.1792,0.1792,0.0291,0.7628,0.2217,0.2217,0.5326,Moderate,insufficient_evidence,Insufficient evidence,,"[{""key"": ""intensity"", ""label"": ""Thermal intensity"", ""value"": 0.928, ""weight"": 0.15, ""contribution"": 0.1392, ""detail"": ""FRP 8.5 MW, 93th percentile""}, {""key"": ""persistence"", ""label"": ""Repeat detections"", ""value"": 0.2, ""weight"": 0.2, ""contribution"": 0.04, ""detail"": ""seen on 1 separate days""}, {""key"": ""corroboration"", ""label"": ""Registry corroboration"", ""value"": 0.0, ""weight"": 0.3, ""contribution"": 0.0, ""detail"": ""0 of 3 registries place infrastructure within 3 km""}, {""key"": ""physics"", ""label"": ""Combustion temperature"", ""value"": 0.0, ""weight"": 0.25, ""contribution"": 0.0, ""detail"": ""retrieved 691 K (biomass like)""}, {""key"": ""nocturnal"", ""label"": ""Burns at night"", ""value"": 0.0, ""weight"": 0.1, ""contribution"": 0.0, ""detail"": ""0% of detections at night""}]",3.0,
77d353f07d53,28.7114,76.85444,2026-09-25,1949,N,N20,VIIRS,VIIRS_NOAA20_NRT,n,0.58,0.69,28.71,76.85,0.83,304.46,290.71,,,,,,400200.0,unknown,False,False,weak_11um,1.32,region,-0.6744907594765952,0.0,0.10256410256410256,2,2,1.0,0.4,,0.0,0.4,1.0,False,False,False,2.0,5.0,3.114,1.552,23.086,23.123,,22,0,0,0,osm|wri|gem,osm,1,0.2,F01972,Ramdas Bhatta,works,28.71235929,76.88635045000001,osm,1,unknown,,,,Near industrial activity,False,,False,0.2,0.25,0.4,1.0,0.10256410256410256,0.3179,0.3179,0.2092,0.5978,0.3273,0.3273,0.2375,Low,insufficient_evidence,Insufficient evidence,,"[{""key"": ""nocturnal"", ""label"": ""Burns at night"", ""value"": 1.0, ""weight"": 0.1, ""contribution"": 0.1, ""detail"": ""100% of detections at night""}, {""key"": ""persistence"", ""label"": ""Repeat detections"", ""value"": 0.4, ""weight"": 0.2, ""contribution"": 0.08, ""detail"": ""seen on 2 separate days""}, {""key"": ""physics"", ""label"": ""Combustion temperature"", ""value"": 0.25, ""weight"": 0.25, ""contribution"": 0.0625, ""detail"": ""temperature retrieval unavailable""}, {""key"": ""corroboration"", ""label"": ""Registry corroboration"", ""value"": 0.2, ""weight"": 0.3, ""contribution"": 0.06, ""detail"": ""1 of 3 registries place infrastructure within 3 km""}, {""key"": ""intensity"", ""label"": ""Thermal intensity"", ""value"": 0.103, ""weight"": 0.15, ""contribution"": 0.0154, ""detail"": ""FRP 0.8 MW, 10th percentile""}]",3.0,C23
ef3a41c09c41,28.74282,76.92647,2026-09-25,2034,N,N21,VIIRS,VIIRS_NOAA21_NRT,n,0.39,0.36,28.74,76.93,0.58,308.37,293.81,,,,,,140400.0,unknown,False,False,weak_11um,1.32,region,-1.0186186979850622,0.0,0.028846153846153848,3,3,1.0,0.6,0.6666666666666667,0.0,0.6,1.0,False,False,False,4.0,5.0,4.929,3.698,15.251,15.288,,0,0,0,0,osm|wri|gem,,0,0.0,F02049,,industrial_area,28.6987843,76.9207197,osm,1,unknown,,,,Near industrial activity,False,,False,0.0,0.25,0.6,1.0,0.028846153846153848,0.2868,0.2868,0.146,0.5513,0.2842,0.2842,0.2508,Low,insufficient_evidence,Insufficient evidence,,"[{""key"": ""persistence"", ""label"": ""Repeat detections"", ""value"": 0.6, ""weight"": 0.2, ""contribution"": 0.12, ""detail"": ""seen on 3 separate days""}, {""key"": ""nocturnal"", ""label"": ""Burns at night"", ""value"": 1.0, ""weight"": 0.1, ""contribution"": 0.1, ""detail"": ""100% of detections at night""}, {""key"": ""physics"", ""label"": ""Combustion temperature"", ""value"": 0.25, ""weight"": 0.25, ""contribution"": 0.0625, ""detail"": ""temperature retrieval unavailable""}, {""key"": ""intensity"", ""label"": ""Thermal intensity"", ""value"": 0.029, ""weight"": 0.15, ""contribution"": 0.0043, ""detail"": ""FRP 0.6 MW, 3th percentile""}, {""key"": ""corroboration"", ""label"": ""Registry corroboration"", ""value"": 0.0, ""weight"": 0.3, ""contribution"": 0.0, ""detail"": ""0 of 3 registries place infrastructure within 3 km""}]",3.0,C24
48563b896fb7,28.74586,77.12883,2026-09-25,1949,N,N20,VIIRS,VIIRS_NOAA20_NRT,n,0.55,0.68,28.75,77.13,1.81,308.73,290.46,,,,,,374000.0,unknown,False,False,weak_11um,2.46,scene,-0.33213560125741426,0.0,0.36538461538461536,1,1,1.0,0.2,,0.0,0.2,1.0,True,False,False,1.0,5.0,0.328,0.328,3.031,3.031,,50,0,0,0,osm|wri|gem,osm,1,0.3333,F02063,,industrial_area,28.7467127,77.132046,osm,1,unknown,,,,On a registered industrial site,False,,False,0.3333,0.25,0.2,1.0,0.36538461538461536,0.3573,0.3573,0.21,0.6362,0.3549,0.3549,0.2862,Low,insufficient_evidence,Insufficient evidence,,"[{""key"": ""corroboration"", ""label"": ""Registry corroboration"", ""value"": 0.333, ""weight"": 0.3, ""contribution"": 0.1, ""detail"": ""1 of 3 registries place infrastructure within 3 km""}, {""key"": ""nocturnal"", ""label"": ""Burns at night"", ""value"": 1.0, ""weight"": 0.1, ""contribution"": 0.1, ""detail"": ""100% of detections at night""}, {""key"": ""physics"", ""label"": ""Combustion temperature"", ""value"": 0.25, ""weight"": 0.25, ""contribution"": 0.0625, ""detail"": ""temperature retrieval unavailable""}, {""key"": ""intensity"", ""label"": ""Thermal intensity"", ""value"": 0.365, ""weight"": 0.15, ""contribution"": 0.0548, ""detail"": ""FRP 1.8 MW, 37th percentile""}, {""key"": ""persistence"", ""label"": ""Repeat detections"", ""value"": 0.2, ""weight"": 0.2, ""contribution"": 0.04, ""detail"": ""seen on 1 separate days""}]",3.0,C86
53e06bfd8b40,28.74872,77.1236,2026-09-25,1949,N,N20,VIIRS,VIIRS_NOAA20_NRT,n,0.55,0.68,28.75,77.12,2.71,312.17,290.16,,,,,,374000.0,unknown,False,False,weak_11um,2.46,scene,0.12774446202208242,0.04258148734069414,0.5440705128205128,1,1,1.0,0.2,,0.0,0.2,1.0,True,False,False,1.0,5.0,0.853,0.853,2.788,2.788,,40,1,1,0,osm|wri|gem,osm|wri|gem,3,0.7333,F02063,,industrial_area,28.7467127,77.132046,osm,1,unknown,,,,On a registered industrial site,False,,False,0.7333,0.25,0.2,1.0,0.5440705128205128,0.5041,0.5041,0.664,0.5913,0.5652,0.5652,0.4094,Moderate,industrial_fire,Industrial fire,Moderate,"[{""key"": ""corroboration"", ""label"": ""Registry corroboration"", ""value"": 0.733, ""weight"": 0.3, ""contribution"": 0.22, ""detail"": ""3 of 3 registries place infrastructure within 3 km""}, {""key"": ""nocturnal"", ""label"": ""Burns at night"", ""value"": 1.0, ""weight"": 0.1, ""contribution"": 0.1, ""detail"": ""100% of detections at night""}, {""key"": ""intensity"", ""label"": ""Thermal intensity"", ""value"": 0.544, ""weight"": 0.15, ""contribution"": 0.0816, ""detail"": ""FRP 2.7 MW, 54th percentile""}, {""key"": ""physics"", ""label"": ""Combustion temperature"", ""value"": 0.25, ""weight"": 0.25, ""contribution"": 0.0625, ""detail"": ""temperature retrieval unavailable""}, {""key"": ""persistence"", ""label"": ""Repeat detections"", ""value"": 0.2, ""weight"": 0.2, ""contribution"": 0.04, ""detail"": ""seen on 1 separate days""}]",3.0,C86
9262e2d632b7,28.83659,77.13735,2026-09-25,2034,N,N21,VIIRS,VIIRS_NOAA21_NRT,n,0.39,0.36,28.84,77.14,0.81,304.7,293.11,,,,,,140400.0,unknown,False,False,weak_11um,2.46,scene,-0.843113449345744,0.0,0.09615384615384616,1,1,1.0,0.2,,0.0,0.2,1.0,True,False,False,1.0,5.0,1.265,0.998,7.903,7.868,,8,0,0,0,osm|wri|gem,osm,1,0.3333,F02035,All India Radio SW,industrial_area,28.831422399999997,77.12577633333332,osm,1,unknown,,,,Within the site's immediate surroundings,False,,False,0.3333,0.25,0.2,1.0,0.09615384615384616,0.3169,0.3169,0.3323,0.3245,0.3227,0.3227,0.2448,Low,insufficient_evidence,Insufficient evidence,,"[{""key"": ""corroboration"", ""label"": ""Registry corroboration"", ""value"": 0.333, ""weight"": 0.3, ""contribution"": 0.1, ""detail"": ""1 of 3 registries place infrastructure within 3 km""}, {""key"": ""nocturnal"", ""label"": ""Burns at night"", ""value"": 1.0, ""weight"": 0.1, ""contribution"": 0.1, ""detail"": ""100% of detections at night""}, {""key"": ""physics"", ""label"": ""Combustion temperature"", ""value"": 0.25, ""weight"": 0.25, ""contribution"": 0.0625, ""detail"": ""temperature retrieval unavailable""}, {""key"": ""persistence"", ""label"": ""Repeat detections"", ""value"": 0.2, ""weight"": 0.2, ""contribution"": 0.04, ""detail"": ""seen on 1 separate days""}, {""key"": ""intensity"", ""label"": ""Thermal intensity"", ""value"": 0.096, ""weight"": 0.15, ""contribution"": 0.0144, ""detail"": ""FRP 0.8 MW, 10th percentile""}]",3.0,C67
bcc91f6100b9,28.84225,77.83348,2026-09-25,807,D,N21,VIIRS,VIIRS_NOAA21_NRT,n,0.47,0.39,28.84,77.83,1.56,330.44,294.47,,,,,,183300.0,unknown,False,False,weak_11um,2.46,scene,-0.4598800632794967,0.0,0.2956730769230769,1,1,0.0,0.2,,0.0,0.2,0.0,True,False,False,1.0,5.0,10.76,10.513,34.526,34.526,,0,0,0,0,osm|wri|gem,,0,0.0,F02114,,industrial_area,28.76535485,77.7664393,osm,1,unknown,,,,No registered industrial site nearby,False,,False,0.0,0.25,0.2,0.0,0.2956730769230769,0.1469,0.1469,0.0377,0.3197,0.1401,0.1401,0.1826,Low,insufficient_evidence,Insufficient evidence,,"[{""key"": ""physics"", ""label"": ""Combustion temperature"", ""value"": 0.25, ""weight"": 0.25, ""contribution"": 0.0625, ""detail"": ""temperature retrieval unavailable""}, {""key"": ""intensity"", ""label"": ""Thermal intensity"", ""value"": 0.296, ""weight"": 0.15, ""contribution"": 0.0444, ""detail"": ""FRP 1.6 MW, 30th percentile""}, {""key"": ""persistence"", ""label"": ""Repeat detections"", ""value"": 0.2, ""weight"": 0.2, ""contribution"": 0.04, ""detail"": ""seen on 1 separate days""}, {""key"": ""corroboration"", ""label"": ""Registry corroboration"", ""value"": 0.0, ""weight"": 0.3, ""contribution"": 0.0, ""detail"": ""0 of 3 registries place infrastructure within 3 km""}, {""key"": ""nocturnal"", ""label"": ""Burns at night"", ""value"": 0.0, ""weight"": 0.1, ""contribution"": 0.0, ""detail"": ""0% of detections at night""}]",3.0,
741fbd28c9ad,29.24404,76.47194,2026-09-25,809,D,N21,VIIRS,VIIRS_NOAA21_NRT,n,0.42,0.38,29.24,76.47,2.74,332.18,298.41,,,,,,159600.0,unknown,False,False,weak_11um,2.46,scene,0.14307379746473245,0.04769126582157748,0.5512820512820513,1,1,0.0,0.2,,0.0,0.2,0.0,True,False,False,1.0,5.0,39.467,39.467,41.914,42.757,,0,0,0,0,osm|wri|gem,,0,0.0,F02028,,industrial_area,28.8952427,76.5471352,osm,1,unknown,,,,No registered industrial site nearby,False,,False,0.0,0.25,0.2,0.0,0.5512820512820513,0.1852,0.1852,0.0,0.0353,0.1072,0.1072,0.2053,Low,insufficient_evidence,Insufficient evidence,,"[{""key"": ""intensity"", ""label"": ""Thermal intensity"", ""value"": 0.551, ""weight"": 0.15, ""contribution"": 0.0827, ""detail"": ""FRP 2.7 MW, 55th percentile""}, {""key"": ""physics"", ""label"": ""Combustion temperature"", ""value"": 0.25, ""weight"": 0.25, ""contribution"": 0.0625, ""detail"": ""temperature retrieval unavailable""}, {""key"": ""persistence"", ""label"": ""Repeat detections"", ""value"": 0.2, ""weight"": 0.2, ""contribution"": 0.04, ""detail"": ""seen on 1 separate days""}, {""key"": ""corroboration"", ""label"": ""Registry corroboration"", ""value"": 0.0, ""weight"": 0.3, ""contribution"": 0.0, ""detail"": ""0 of 3 registries place infrastructure within 3 km""}, {""key"": ""nocturnal"", ""label"": ""Burns at night"", ""value"": 0.0, ""weight"": 0.1, ""contribution"": 0.0, ""detail"": ""0% of detections at night""}]",3.0,
f100fe93b4dd,29.74121,76.37306,2026-09-25,809,D,N21,VIIRS,VIIRS_NOAA21_NRT,n,0.42,0.38,29.74,76.37,4.03,332.7,299.67,,,655.3,0.0021335673885089475,340.5,159600.0,biomass_like,False,False,ok,2.46,scene,0.8022352214986778,0.26741174049955924,0.6995192307692307,1,1,0.0,0.2,,0.0,0.2,0.0,True,False,False,1.0,5.0,40.583,95.569,56.117,40.583,,0,0,0,0,osm|wri|gem,,0,0.0,F03557,Gidderbaha power station,power_plant,30.0208,76.1025,gem,1,cancelled,2640.0,MW,Punjab,No registered industrial site nearby,False,,False,0.0,0.0,0.2,0.0,0.6995192307692307,0.1449,0.1449,0.0419,0.3862,0.1502,0.1502,0.2944,Low,insufficient_evidence,Insufficient evidence,,"[{""key"": ""intensity"", ""label"": ""Thermal intensity"", ""value"": 0.7, ""weight"": 0.15, ""contribution"": 0.1049, ""detail"": ""FRP 4.0 MW, 70th percentile""}, {""key"": ""persistence"", ""label"": ""Repeat detections"", ""value"": 0.2, ""weight"": 0.2, ""contribution"": 0.04, ""detail"": ""seen on 1 separate days""}, {""key"": ""corroboration"", ""label"": ""Registry corroboration"", ""value"": 0.0, ""weight"": 0.3, ""contribution"": 0.0, ""detail"": ""0 of 3 registries place infrastructure within 3 km""}, {""key"": ""physics"", ""label"": ""Combustion temperature"", ""value"": 0.0, ""weight"": 0.25, ""contribution"": 0.0, ""detail"": ""retrieved 655 K (biomass like)""}, {""key"": ""nocturnal"", ""label"": ""Burns at night"", ""value"": 0.0, ""weight"": 0.1, ""contribution"": 0.0, ""detail"": ""0% of detections at night""}]",3.0,
cf48f106b6e4,30.61551,74.2737,2026-09-25,2110,N,N,VIIRS,VIIRS_SNPP_NRT,n,0.41,0.37,30.62,74.27,0.73,309.52,294.36,,,,,,151700.0,unknown,False,False,weak_11um,2.46,scene,-0.8839916771928104,0.0,0.07451923076923077,1,1,1.0,0.2,,0.0,0.2,1.0,True,False,False,1.0,5.0,20.631,290.795,20.631,75.454,,0,0,0,0,osm|wri|gem,,0,0.0,F02873,Lakhewali Solar Power Plant,power_plant,30.4368,74.3316,wri,1,operating,2.1,MW,,No registered industrial site nearby,False,,False,0.0,0.25,0.2,1.0,0.07451923076923077,0.2137,0.2137,0.3323,0.2212,0.2504,0.2504,0.2101,Low,insufficient_evidence,Insufficient evidence,,"[{""key"": ""nocturnal"", ""label"": ""Burns at night"", ""value"": 1.0, ""weight"": 0.1, ""contribution"": 0.1, ""detail"": ""100% of detections at night""}, {""key"": ""physics"", ""label"": ""Combustion temperature"", ""value"": 0.25, ""weight"": 0.25, ""contribution"": 0.0625, ""detail"": ""temperature retrieval unavailable""}, {""key"": ""persistence"", ""label"": ""Repeat detections"", ""value"": 0.2, ""weight"": 0.2, ""contribution"": 0.04, ""detail"": ""seen on 1 separate days""}, {""key"": ""intensity"", ""label"": ""Thermal intensity"", ""value"": 0.075, ""weight"": 0.15, ""contribution"": 0.0112, ""detail"": ""FRP 0.7 MW, 7th percentile""}, {""key"": ""corroboration"", ""label"": ""Registry corroboration"", ""value"": 0.0, ""weight"": 0.3, ""contribution"": 0.0, ""detail"": ""0 of 3 registries place infrastructure within 3 km""}]",3.0,
6fff324e1231,30.81182,76.01755,2026-09-25,2110,N,N,VIIRS,VIIRS_SNPP_NRT,n,0.47,0.4,30.81,76.02,1.26,306.55,293.34,,,422.7,0.015606939525116752,2934.1,188000.0,smouldering,False,False,ok,2.46,scene,-0.6131734177059956,0.0,0.20432692307692307,1,1,1.0,0.2,,0.0,0.2,1.0,True,False,False,1.0,5.0,11.996,219.147,40.895,11.996,,0,0,0,0,osm|wri|gem,,0,0.0,F03561,Gobindpura power station,power_plant,30.719984,76.083426,gem,1,cancelled,1350.0,MW,Punjab,No registered industrial site nearby,False,,False,0.0,0.0,0.2,1.0,0.20432692307692307,0.1706,0.1706,0.1883,0.4255,0.2141,0.2141,0.2068,Low,insufficient_evidence,Insufficient evidence,,"[{""key"": ""nocturnal"", ""label"": ""Burns at night"", ""value"": 1.0, ""weight"": 0.1, ""contribution"": 0.1, ""detail"": ""100% of detections at night""}, {""key"": ""persistence"", ""label"": ""Repeat detections"", ""value"": 0.2, ""weight"": 0.2, ""contribution"": 0.04, ""detail"": ""seen on 1 separate days""}, {""key"": ""intensity"", ""label"": ""Thermal intensity"", ""value"": 0.204, ""weight"": 0.15, ""contribution"": 0.0306, ""detail"": ""FRP 1.3 MW, 20th percentile""}, {""key"": ""corroboration"", ""label"": ""Registry corroboration"", ""value"": 0.0, ""weight"": 0.3, ""contribution"": 0.0, ""detail"": ""0 of 3 registries place infrastructure within 3 km""}, {""key"": ""physics"", ""label"": ""Combustion temperature"", ""value"": 0.0, ""weight"": 0.25, ""contribution"": 0.0, ""detail"": ""retrieved 423 K (smouldering)""}]",3.0,C87
4bd69ea55e7b,30.81184,76.01312,2026-09-25,1947,N,N20,VIIRS,VIIRS_NOAA20_NRT,n,0.67,0.74,30.81,76.01,1.2,304.96,289.21,,,,,,495800.0,unknown,False,False,weak_11um,2.46,scene,-0.6438320885912955,0.0,0.19230769230769232,1,1,1.0,0.2,,0.0,0.2,1.0,True,False,False,1.0,5.0,12.225,219.249,41.148,12.225,,0,0,0,0,osm|wri|gem,,0,0.0,F03561,Gobindpura power station,power_plant,30.719984,76.083426,gem,1,cancelled,1350.0,MW,Punjab,No registered industrial site nearby,False,,False,0.0,0.25,0.2,1.0,0.19230769230769232,0.2313,0.2313,0.3323,0.1218,0.2452,0.2452,0.2196,Low,insufficient_evidence,Insufficient evidence,,"[{""key"": ""nocturnal"", ""label"": ""Burns at night"", ""value"": 1.0, ""weight"": 0.1, ""contribution"": 0.1, ""detail"": ""100% of detections at night""}, {""key"": ""physics"", ""label"": ""Combustion temperature"", ""value"": 0.25, ""weight"": 0.25, ""contribution"": 0.0625, ""detail"": ""temperature retrieval unavailable""}, {""key"": ""persistence"", ""label"": ""Repeat detections"", ""value"": 0.2, ""weight"": 0.2, ""contribution"": 0.04, ""detail"": ""seen on 1 separate days""}, {""key"": ""intensity"", ""label"": ""Thermal intensity"", ""value"": 0.192, ""weight"": 0.15, ""contribution"": 0.0288, ""detail"": ""FRP 1.2 MW, 19th percentile""}, {""key"": ""corroboration"", ""label"": ""Registry corroboration"", ""value"": 0.0, ""weight"": 0.3, ""contribution"": 0.0, ""detail"": ""0 of 3 registries place infrastructure within 3 km""}]",3.0,C87
270c655f35b2,31.183,74.62638,2026-09-25,809,D,N21,VIIRS,VIIRS_NOAA21_NRT,n,0.39,0.36,31.18,74.63,2.43,331.76,298.66,,,,,,140400.0,unknown,False,False,weak_11um,2.46,scene,-0.015329335442649791,0.0,0.49038461538461536,1,1,0.0,0.2,,0.0,0.2,0.0,True,False,False,1.0,5.0,54.249,314.464,54.24,54.251,,0,0,0,0,osm|wri|gem,,0,0.0,F02591,GOINDWAL SAHIB TPP,power_plant,31.384132,75.1464824,gem|wri,2,operating,2400.0,MW,Punjab,No registered industrial site nearby,False,,False,0.0,0.25,0.2,0.0,0.49038461538461536,0.1761,0.1761,0.0,0.2588,0.1357,0.1357,0.2001,Low,insufficient_evidence,Insufficient evidence,,"[{""key"": ""intensity"", ""label"": ""Thermal intensity"", ""value"": 0.49, ""weight"": 0.15, ""contribution"": 0.0736, ""detail"": ""FRP 2.4 MW, 49th percentile""}, {""key"": ""physics"", ""label"": ""Combustion temperature"", ""value"": 0.25, ""weight"": 0.25, ""contribution"": 0.0625, ""detail"": ""temperature retrieval unavailable""}, {""key"": ""persistence"", ""label"": ""Repeat detections"", ""value"": 0.2, ""weight"": 0.2, ""contribution"": 0.04, ""detail"": ""seen on 1 separate days""}, {""key"": ""corroboration"", ""label"": ""Registry corroboration"", ""value"": 0.0, ""weight"": 0.3, ""contribution"": 0.0, ""detail"": ""0 of 3 registries place infrastructure within 3 km""}, {""key"": ""nocturnal"", ""label"": ""Burns at night"", ""value"": 0.0, ""weight"": 0.1, ""contribution"": 0.0, ""detail"": ""0% of detections at night""}]",3.0,
c0783295c4bb,31.24919,76.93047,2026-09-25,2034,N,N21,VIIRS,VIIRS_NOAA21_NRT,n,0.39,0.37,31.25,76.93,0.24,299.62,289.01,,,,,,144300.0,unknown,False,False,weak_11um,2.46,scene,-1.1343708227560918,0.0,0.0016025641025641025,2,2,1.0,0.4,,0.0,0.4,1.0,False,False,True,4.0,5.0,15.645,251.527,15.645,40.188,,0,0,0,0,osm|wri|gem,,0,0.0,F02742,KOLDAM,power_plant,31.382,76.8761,wri,1,operating,800.0,MW,,No registered industrial site nearby,False,,False,0.0,0.25,0.4,1.0,0.0016025641025641025,0.2427,0.2427,0.0692,0.8574,0.2829,0.2829,0.2075,Low,insufficient_evidence,Insufficient evidence,,"[{""key"": ""nocturnal"", ""label"": ""Burns at night"", ""value"": 1.0, ""weight"": 0.1, ""contribution"": 0.1, ""detail"": ""100% of detections at night""}, {""key"": ""persistence"", ""label"": ""Repeat detections"", ""value"": 0.4, ""weight"": 0.2, ""contribution"": 0.08, ""detail"": ""seen on 2 separate days""}, {""key"": ""physics"", ""label"": ""Combustion temperature"", ""value"": 0.25, ""weight"": 0.25, ""contribution"": 0.0625, ""detail"": ""temperature retrieval unavailable""}, {""key"": ""intensity"", ""label"": ""Thermal intensity"", ""value"": 0.002, ""weight"": 0.15, ""contribution"": 0.0002, ""detail"": ""FRP 0.2 MW, 0th percentile""}, {""key"": ""corroboration"", ""label"": ""Registry corroboration"", ""value"": 0.0, ""weight"": 0.3, ""contribution"": 0.0, ""detail"": ""0 of 3 registries place infrastructure within 3 km""}]",3.0,C7
f85f7461a35b,31.25991,76.92419,2026-09-25,2127,N,N20,VIIRS,VIIRS_NOAA20_NRT,n,0.4,0.6,31.26,76.92,0.77,303.16,287.51,,,,,,240000.0,unknown,False,False,weak_11um,1.24,cell,-0.94,0.0,0.08653846153846154,4,4,1.0,0.8,1.0,0.5489060625407045,0.8,1.0,False,False,False,4.0,5.0,14.324,252.744,14.324,40.403,,0,0,0,0,osm|wri|gem,,0,0.0,F02742,KOLDAM,power_plant,31.382,76.8761,wri,1,operating,800.0,MW,,No registered industrial site nearby,False,,False,0.0,0.25,0.8,1.0,0.08653846153846154,0.3355,0.3355,0.3057,0.5489,0.3586,0.3586,0.33,Low,insufficient_evidence,Insufficient evidence,,"[{""key"": ""persistence"", ""label"": ""Repeat detections"", ""value"": 0.8, ""weight"": 0.2, ""contribution"": 0.16, ""detail"": ""seen on 4 separate days""}, {""key"": ""nocturnal"", ""label"": ""Burns at night"", ""value"": 1.0, ""weight"": 0.1, ""contribution"": 0.1, ""detail"": ""100% of detections at night""}, {""key"": ""physics"", ""label"": ""Combustion temperature"", ""value"": 0.25, ""weight"": 0.25, ""contribution"": 0.0625, ""detail"": ""temperature retrieval unavailable""}, {""key"": ""intensity"", ""label"": ""Thermal intensity"", ""value"": 0.087, ""weight"": 0.15, ""contribution"": 0.013, ""detail"": ""FRP 0.8 MW, 9th percentile""}, {""key"": ""corroboration"", ""label"": ""Registry corroboration"", ""value"": 0.0, ""weight"": 0.3, ""contribution"": 0.0, ""detail"": ""0 of 3 registries place infrastructure within 3 km""}]",3.0,C7
251746b8f8f7,31.25997,76.92519,2026-09-25,2110,N,N,VIIRS,VIIRS_SNPP_NRT,n,0.51,0.41,31.26,76.93,0.93,301.61,289.02,,,,,,209100.0,unknown,False,False,weak_11um,1.035,region,-0.20999999999999974,0.0,0.13221153846153846,2,2,1.0,0.4,,0.0,0.4,1.0,False,False,False,2.0,5.0,14.348,252.746,14.348,40.484,,0,0,0,0,osm|wri|gem,,0,0.0,F02742,KOLDAM,power_plant,31.382,76.8761,wri,1,operating,800.0,MW,,No registered industrial site nearby,False,,False,0.0,0.25,0.4,1.0,0.13221153846153846,0.2623,0.2623,0.186,0.7588,0.3139,0.3139,0.2345,Low,insufficient_evidence,Insufficient evidence,,"[{""key"": ""nocturnal"", ""label"": ""Burns at night"", ""value"": 1.0, ""weight"": 0.1, ""contribution"": 0.1, ""detail"": ""100% of detections at night""}, {""key"": ""persistence"", ""label"": ""Repeat detections"", ""value"": 0.4, ""weight"": 0.2, ""contribution"": 0.08, ""detail"": ""seen on 2 separate days""}, {""key"": ""physics"", ""label"": ""Combustion temperature"", ""value"": 0.25, ""weight"": 0.25, ""contribution"": 0.0625, ""detail"": ""temperature retrieval unavailable""}, {""key"": ""intensity"", ""label"": ""Thermal intensity"", ""value"": 0.132, ""weight"": 0.15, ""contribution"": 0.0198, ""detail"": ""FRP 0.9 MW, 13th percentile""}, {""key"": ""corroboration"", ""label"": ""Registry corroboration"", ""value"": 0.0, ""weight"": 0.3, ""contribution"": 0.0, ""detail"": ""0 of 3 registries place infrastructure within 3 km""}]",3.0,C7
12c801ee788c,31.36014,75.18115,2026-09-25,809,D,N21,VIIRS,VIIRS_NOAA21_NRT,n,0.4,0.37,31.36,75.18,3.44,333.03,297.24,,,,,,148000.0,unknown,False,False,weak_11um,2.46,scene,0.5007582911265631,0.16691943037552104,0.625,1,1,0.0,0.2,,0.0,0.2,0.0,True,False,False,1.0,5.0,4.237,303.933,4.241,4.236,,0,0,0,0,osm|wri|gem,,0,0.0,F02591,GOINDWAL SAHIB TPP,power_plant,31.384132,75.1464824,gem|wri,2,operating,2400.0,MW,Punjab,Near industrial activity,False,,False,0.0,0.25,0.2,0.0,0.625,0.1962,0.1962,0.0,0.4018,0.1682,0.1682,0.2699,Low,insufficient_evidence,Insufficient evidence,,"[{""key"": ""intensity"", ""label"": ""Thermal intensity"", ""value"": 0.625, ""weight"": 0.15, ""contribution"": 0.0938, ""detail"": ""FRP 3.4 MW, 62th percentile""}, {""key"": ""physics"", ""label"": ""Combustion temperature"", ""value"": 0.25, ""weight"": 0.25, ""contribution"": 0.0625, ""detail"": ""temperature retrieval unavailable""}, {""key"": ""persistence"", ""label"": ""Repeat detections"", ""value"": 0.2, ""weight"": 0.2, ""contribution"": 0.04, ""detail"": ""seen on 1 separate days""}, {""key"": ""corroboration"", ""label"": ""Registry corroboration"", ""value"": 0.0, ""weight"": 0.3, ""contribution"": 0.0, ""detail"": ""0 of 3 registries place infrastructure within 3 km""}, {""key"": ""nocturnal"", ""label"": ""Burns at night"", ""value"": 0.0, ""weight"": 0.1, ""contribution"": 0.0, ""detail"": ""0% of detections at night""}]",3.0,
6b2c65923432,31.41075,75.06158,2026-09-25,809,D,N21,VIIRS,VIIRS_NOAA21_NRT,n,0.4,0.37,31.41,75.06,3.96,343.22,300.64,,,642.0,0.0040430490304470615,598.4,148000.0,biomass_like,False,False,ok,2.46,scene,0.7664667721324946,0.25548892404416484,0.6939102564102564,2,2,0.0,0.4,,0.0,0.4,0.0,False,False,False,2.0,5.0,8.585,314.06,8.579,8.586,,0,0,0,0,osm|wri|gem,,0,0.0,F02591,GOINDWAL SAHIB TPP,power_plant,31.384132,75.1464824,gem|wri,2,operating,2400.0,MW,Punjab,Near industrial activity,False,,False,0.0,0.0,0.4,0.0,0.6939102564102564,0.1841,0.1841,0.142,0.871,0.2745,0.2745,0.3368,Low,insufficient_evidence,Insufficient evidence,,"[{""key"": ""intensity"", ""label"": ""Thermal intensity"", ""value"": 0.694, ""weight"": 0.15, ""contribution"": 0.1041, ""detail"": ""FRP 4.0 MW, 69th percentile""}, {""key"": ""persistence"", ""label"": ""Repeat detections"", ""value"": 0.4, ""weight"": 0.2, ""contribution"": 0.08, ""detail"": ""seen on 2 separate days""}, {""key"": ""corroboration"", ""label"": ""Registry corroboration"", ""value"": 0.0, ""weight"": 0.3, ""contribution"": 0.0, ""detail"": ""0 of 3 registries place infrastructure within 3 km""}, {""key"": ""physics"", ""label"": ""Combustion temperature"", ""value"": 0.0, ""weight"": 0.25, ""contribution"": 0.0, ""detail"": ""retrieved 642 K (biomass like)""}, {""key"": ""nocturnal"", ""label"": ""Burns at night"", ""value"": 0.0, ""weight"": 0.1, ""contribution"": 0.0, ""detail"": ""0% of detections at night""}]",3.0,C82
90acddd8cef6,31.41286,76.83652,2026-09-25,2034,N,N21,VIIRS,VIIRS_NOAA21_NRT,n,0.4,0.37,31.41,76.84,0.86,303.3,291.87,,,412.4,0.015689565012757794,2322.1,148000.0,smouldering,False,False,ok,2.46,scene,-0.8175645569413276,0.0,0.11137820512820513,1,1,1.0,0.2,,0.0,0.2,1.0,True,False,False,1.0,5.0,3.045,270.211,3.045,47.713,,0,0,0,0,osm|wri|gem,,0,0.0,F02524,DEHAR,power_plant,31.4133,76.8686,wri,1,operating,990.0,MW,,Near industrial activity,False,,False,0.0,0.0,0.2,1.0,0.11137820512820513,0.1567,0.1567,0.1867,0.3253,0.191,0.191,0.1871,Low,insufficient_evidence,Insufficient evidence,,"[{""key"": ""nocturnal"", ""label"": ""Burns at night"", ""value"": 1.0, ""weight"": 0.1, ""contribution"": 0.1, ""detail"": ""100% of detections at night""}, {""key"": ""persistence"", ""label"": ""Repeat detections"", ""value"": 0.2, ""weight"": 0.2, ""contribution"": 0.04, ""detail"": ""seen on 1 separate days""}, {""key"": ""intensity"", ""label"": ""Thermal intensity"", ""value"": 0.111, ""weight"": 0.15, ""contribution"": 0.0167, ""detail"": ""FRP 0.9 MW, 11th percentile""}, {""key"": ""corroboration"", ""label"": ""Registry corroboration"", ""value"": 0.0, ""weight"": 0.3, ""contribution"": 0.0, ""detail"": ""0 of 3 registries place infrastructure within 3 km""}, {""key"": ""physics"", ""label"": ""Combustion temperature"", ""value"": 0.0, ""weight"": 0.25, ""contribution"": 0.0, ""detail"": ""retrieved 412 K (smouldering)""}]",3.0,C83
1da7933d7c07,31.47302,75.06176,2026-09-25,905,D,N20,VIIRS,VIIRS_NOAA20_NRT,n,0.62,0.71,31.47,75.06,3.97,330.12,292.06,,,,,,440200.0,unknown,False,False,weak_11um,2.53,region,1.006493983053158,0.3354979943510527,0.6963141025641025,2,2,0.0,0.4,,0.0,0.4,0.0,True,False,False,2.0,5.0,12.74,320.214,12.738,12.741,,0,0,0,0,osm|wri|gem,,0,0.0,F02591,GOINDWAL SAHIB TPP,power_plant,31.384132,75.1464824,gem|wri,2,operating,2400.0,MW,Punjab,No registered industrial site nearby,False,,False,0.0,0.25,0.4,0.0,0.6963141025641025,0.2469,0.2469,0.0962,0.9087,0.301,0.301,0.419,Moderate,insufficient_evidence,Insufficient evidence,,"[{""key"": ""intensity"", ""label"": ""Thermal intensity"", ""value"": 0.696, ""weight"": 0.15, ""contribution"": 0.1044, ""detail"": ""FRP 4.0 MW, 70th percentile""}, {""key"": ""persistence"", ""label"": ""Repeat detections"", ""value"": 0.4, ""weight"": 0.2, ""contribution"": 0.08, ""detail"": ""seen on 2 separate days""}, {""key"": ""physics"", ""label"": ""Combustion temperature"", ""value"": 0.25, ""weight"": 0.25, ""contribution"": 0.0625, ""detail"": ""temperature retrieval unavailable""}, {""key"": ""corroboration"", ""label"": ""Registry corroboration"", ""value"": 0.0, ""weight"": 0.3, ""contribution"": 0.0, ""detail"": ""0 of 3 registries place infrastructure within 3 km""}, {""key"": ""nocturnal"", ""label"": ""Burns at night"", ""value"": 0.0, ""weight"": 0.1, ""contribution"": 0.0, ""detail"": ""0% of detections at night""}]",3.0,C16
a425637d40c5,31.47933,74.89074,2026-09-25,809,D,N21,VIIRS,VIIRS_NOAA21_NRT,n,0.4,0.37,31.48,74.89,1.74,332.69,299.76,,,619.3,0.0030203873720010955,447.0,148000.0,biomass_like,False,False,ok,2.46,scene,-0.3679040506235974,0.0,0.35096153846153844,1,1,0.0,0.2,,0.0,0.2,0.0,True,False,False,1.0,5.0,26.473,328.482,26.467,26.474,,0,0,0,0,osm|wri|gem,,0,0.0,F02591,GOINDWAL SAHIB TPP,power_plant,31.384132,75.1464824,gem|wri,2,operating,2400.0,MW,Punjab,No registered industrial site nearby,False,,False,0.0,0.0,0.2,0.0,0.35096153846153844,0.0926,0.0926,0.02,0.4062,0.1179,0.1179,0.1782,Low,insufficient_evidence,Insufficient evidence,,"[{""key"": ""intensity"", ""label"": ""Thermal intensity"", ""value"": 0.351, ""weight"": 0.15, ""contribution"": 0.0526, ""detail"": ""FRP 1.7 MW, 35th percentile""}, {""key"": ""persistence"", ""label"": ""Repeat detections"", ""value"": 0.2, ""weight"": 0.2, ""contribution"": 0.04, ""detail"": ""seen on 1 separate days""}, {""key"": ""corroboration"", ""label"": ""Registry corroboration"", ""value"": 0.0, ""weight"": 0.3, ""contribution"": 0.0, ""detail"": ""0 of 3 registries place infrastructure within 3 km""}, {""key"": ""physics"", ""label"": ""Combustion temperature"", ""value"": 0.0, ""weight"": 0.25, ""contribution"": 0.0, ""detail"": ""retrieved 619 K (biomass like)""}, {""key"": ""nocturnal"", ""label"": ""Burns at night"", ""value"": 0.0, ""weight"": 0.1, ""contribution"": 0.0, ""detail"": ""0% of detections at night""}]",3.0,C81
6ecbde636295,31.59107,74.76459,2026-09-25,1030,D,Aqua,MODIS,MODIS_NRT,52,1.1,1.04,31.59,74.76,6.05,,,312.71,298.6,,,,1144000.0,unknown,False,False,weak_11um,2.46,scene,1.8344104746371035,0.6114701582123678,0.8493589743589743,1,1,0.0,0.2,,0.0,0.2,0.0,True,False,False,1.0,5.0,42.904,345.206,42.9,42.905,,0,0,0,0,osm|wri|gem,,0,0.0,F02591,GOINDWAL SAHIB TPP,power_plant,31.384132,75.1464824,gem|wri,2,operating,2400.0,MW,Punjab,No registered industrial site nearby,False,,False,0.0,0.25,0.2,0.0,0.8493589743589743,0.2299,0.2299,0.0091,0.3822,0.1865,0.1865,0.4117,Moderate,insufficient_evidence,Insufficient evidence,,"[{""key"": ""intensity"", ""label"": ""Thermal intensity"", ""value"": 0.849, ""weight"": 0.15, ""contribution"": 0.1274, ""detail"": ""FRP 6.0 MW, 85th percentile""}, {""key"": ""physics"", ""label"": ""Combustion temperature"", ""value"": 0.25, ""weight"": 0.25, ""contribution"": 0.0625, ""detail"": ""temperature retrieval unavailable""}, {""key"": ""persistence"", ""label"": ""Repeat detections"", ""value"": 0.2, ""weight"": 0.2, ""contribution"": 0.04, ""detail"": ""seen on 1 separate days""}, {""key"": ""corroboration"", ""label"": ""Registry corroboration"", ""value"": 0.0, ""weight"": 0.3, ""contribution"": 0.0, ""detail"": ""0 of 3 registries place infrastructure within 3 km""}, {""key"": ""nocturnal"", ""label"": ""Burns at night"", ""value"": 0.0, ""weight"": 0.1, ""contribution"": 0.0, ""detail"": ""0% of detections at night""}]",3.0,
1aed1748a7f9,31.62267,74.94975,2026-09-25,809,D,N21,VIIRS,VIIRS_NOAA21_NRT,n,0.4,0.37,31.62,74.95,1.85,331.06,300.68,,,557.1,0.005502500392470324,814.4,148000.0,biomass_like,False,False,ok,2.46,scene,-0.31169648733388106,0.0,0.37419871794871795,1,1,0.0,0.2,,0.0,0.2,0.0,True,False,False,1.0,5.0,32.425,339.861,32.424,32.426,,0,0,0,0,osm|wri|gem,,0,0.0,F02591,GOINDWAL SAHIB TPP,power_plant,31.384132,75.1464824,gem|wri,2,operating,2400.0,MW,Punjab,No registered industrial site nearby,False,,False,0.0,0.0,0.2,0.0,0.37419871794871795,0.0961,0.0961,0.02,0.1466,0.0808,0.0808,0.1638,Low,insufficient_evidence,Insufficient evidence,,"[{""key"": ""intensity"", ""label"": ""Thermal intensity"", ""value"": 0.374, ""weight"": 0.15, ""contribution"": 0.0561, ""detail"": ""FRP 1.9 MW, 37th percentile""}, {""key"": ""persistence"", ""label"": ""Repeat detections"", ""value"": 0.2, ""weight"": 0.2, ""contribution"": 0.04, ""detail"": ""seen on 1 separate days""}, {""key"": ""corroboration"", ""label"": ""Registry corroboration"", ""value"": 0.0, ""weight"": 0.3, ""contribution"": 0.0, ""detail"": ""0 of 3 registries place infrastructure within 3 km""}, {""key"": ""physics"", ""label"": ""Combustion temperature"", ""value"": 0.0, ""weight"": 0.25, ""contribution"": 0.0, ""detail"": ""retrieved 557 K (biomass like)""}, {""key"": ""nocturnal"", ""label"": ""Burns at night"", ""value"": 0.0, ""weight"": 0.1, ""contribution"": 0.0, ""detail"": ""0% of detections at night""}]",3.0,
9fc7bb68df19,31.73156,74.917,2026-09-25,1030,D,Aqua,MODIS,MODIS_NRT,65,1.11,1.05,31.73,74.92,7.09,,,314.94,300.89,424.6,0.014934728283646127,17406.4,1165500.0,smouldering,False,False,ok,2.46,scene,2.3658274366489667,0.7886091455496556,0.8854166666666666,1,1,0.0,0.2,,0.0,0.2,0.0,True,False,False,1.0,5.0,44.305,352.055,44.261,44.331,,0,0,0,0,osm|wri|gem,,0,0.0,F02420,Beas,power_plant,31.5456,75.3309,wri,1,operating,19.6,MW,,No registered industrial site nearby,False,,False,0.0,0.0,0.2,0.0,0.8854166666666666,0.1728,0.1728,0.1202,0.7059,0.237,0.237,0.4823,Moderate,insufficient_evidence,Insufficient evidence,,"[{""key"": ""intensity"", ""label"": ""Thermal intensity"", ""value"": 0.885, ""weight"": 0.15, ""contribution"": 0.1328, ""detail"": ""FRP 7.1 MW, 89th percentile""}, {""key"": ""persistence"", ""label"": ""Repeat detections"", ""value"": 0.2, ""weight"": 0.2, ""contribution"": 0.04, ""detail"": ""seen on 1 separate days""}, {""key"": ""corroboration"", ""label"": ""Registry corroboration"", ""value"": 0.0, ""weight"": 0.3, ""contribution"": 0.0, ""detail"": ""0 of 3 registries place infrastructure within 3 km""}, {""key"": ""physics"", ""label"": ""Combustion temperature"", ""value"": 0.0, ""weight"": 0.25, ""contribution"": 0.0, ""detail"": ""retrieved 425 K (smouldering)""}, {""key"": ""nocturnal"", ""label"": ""Burns at night"", ""value"": 0.0, ""weight"": 0.1, ""contribution"": 0.0, ""detail"": ""0% of detections at night""}]",3.0,
82962770f11b,31.77865,74.99026,2026-09-25,1030,D,Aqua,MODIS,MODIS_NRT,65,1.12,1.06,31.78,74.99,6.54,,,314.86,300.22,451.0,0.00883078090801167,10483.9,1187200.0,smouldering,False,False,ok,2.46,scene,2.084789620200385,0.6949298734001284,0.8637820512820513,1,1,0.0,0.2,,0.0,0.2,0.0,True,False,False,1.0,5.0,41.363,353.711,41.339,46.297,,0,0,0,0,osm|wri|gem,,0,0.0,F02420,Beas,power_plant,31.5456,75.3309,wri,1,operating,19.6,MW,,No registered industrial site nearby,False,,False,0.0,0.0,0.2,0.0,0.8637820512820513,0.1696,0.1696,0.0091,0.5761,0.1824,0.1824,0.4322,Moderate,insufficient_evidence,Insufficient evidence,,"[{""key"": ""intensity"", ""label"": ""Thermal intensity"", ""value"": 0.864, ""weight"": 0.15, ""contribution"": 0.1296, ""detail"": ""FRP 6.5 MW, 86th percentile""}, {""key"": ""persistence"", ""label"": ""Repeat detections"", ""value"": 0.2, ""weight"": 0.2, ""contribution"": 0.04, ""detail"": ""seen on 1 separate days""}, {""key"": ""corroboration"", ""label"": ""Registry corroboration"", ""value"": 0.0, ""weight"": 0.3, ""contribution"": 0.0, ""detail"": ""0 of 3 registries place infrastructure within 3 km""}, {""key"": ""physics"", ""label"": ""Combustion temperature"", ""value"": 0.0, ""weight"": 0.25, ""contribution"": 0.0, ""detail"": ""retrieved 451 K (smouldering)""}, {""key"": ""nocturnal"", ""label"": ""Burns at night"", ""value"": 0.0, ""weight"": 0.1, ""contribution"": 0.0, ""detail"": ""0% of detections at night""}]",3.0,C88
717f40af8dd1,31.83345,74.7467,2026-09-25,845,D,N,VIIRS,VIIRS_SNPP_NRT,n,0.49,0.48,31.83,74.75,2.6,330.63,298.5,,,,,,235200.0,unknown,False,False,weak_11um,3.1,region,-0.421556724672872,0.0,0.5256410256410257,1,1,0.0,0.2,,0.0,0.2,0.0,True,False,False,1.0,5.0,62.686,369.549,62.684,62.686,,0,0,0,0,osm|wri|gem,,0,0.0,F02591,GOINDWAL SAHIB TPP,power_plant,31.384132,75.1464824,gem|wri,2,operating,2400.0,MW,Punjab,No registered industrial site nearby,False,,False,0.0,0.25,0.2,0.0,0.5256410256410257,0.1813,0.1813,0.02,0.3774,0.1623,0.1623,0.2156,Low,insufficient_evidence,Insufficient evidence,,"[{""key"": ""intensity"", ""label"": ""Thermal intensity"", ""value"": 0.526, ""weight"": 0.15, ""contribution"": 0.0788, ""detail"": ""FRP 2.6 MW, 53th percentile""}, {""key"": ""physics"", ""label"": ""Combustion temperature"", ""value"": 0.25, ""weight"": 0.25, ""contribution"": 0.0625, ""detail"": ""temperature retrieval unavailable""}, {""key"": ""persistence"", ""label"": ""Repeat detections"", ""value"": 0.2, ""weight"": 0.2, ""contribution"": 0.04, ""detail"": ""seen on 1 separate days""}, {""key"": ""corroboration"", ""label"": ""Registry corroboration"", ""value"": 0.0, ""weight"": 0.3, ""contribution"": 0.0, ""detail"": ""0 of 3 registries place infrastructure within 3 km""}, {""key"": ""nocturnal"", ""label"": ""Burns at night"", ""value"": 0.0, ""weight"": 0.1, ""contribution"": 0.0, ""detail"": ""0% of detections at night""}]",3.0,
0fa1290951be,31.85348,74.68118,2026-09-25,809,D,N21,VIIRS,VIIRS_NOAA21_NRT,n,0.39,0.36,31.85,74.68,4.61,332.34,301.25,,,539.8,0.007384092272258784,1036.7,140400.0,biomass_like,False,False,ok,2.61,region,1.2044477847796347,0.40148259492654487,0.7532051282051282,1,1,0.0,0.2,,0.0,0.2,0.0,True,False,False,1.0,5.0,68.3,374.473,68.298,68.3,,0,0,0,0,osm|wri|gem,,0,0.0,F02591,GOINDWAL SAHIB TPP,power_plant,31.384132,75.1464824,gem|wri,2,operating,2400.0,MW,Punjab,No registered industrial site nearby,False,,False,0.0,0.0,0.2,0.0,0.7532051282051282,0.153,0.153,0.0876,0.3926,0.1693,0.1693,0.3419,Low,insufficient_evidence,Insufficient evidence,,"[{""key"": ""intensity"", ""label"": ""Thermal intensity"", ""value"": 0.753, ""weight"": 0.15, ""contribution"": 0.113, ""detail"": ""FRP 4.6 MW, 75th percentile""}, {""key"": ""persistence"", ""label"": ""Repeat detections"", ""value"": 0.2, ""weight"": 0.2, ""contribution"": 0.04, ""detail"": ""seen on 1 separate days""}, {""key"": ""corroboration"", ""label"": ""Registry corroboration"", ""value"": 0.0, ""weight"": 0.3, ""contribution"": 0.0, ""detail"": ""0 of 3 registries place infrastructure within 3 km""}, {""key"": ""physics"", ""label"": ""Combustion temperature"", ""value"": 0.0, ""weight"": 0.25, ""contribution"": 0.0, ""detail"": ""retrieved 540 K (biomass like)""}, {""key"": ""nocturnal"", ""label"": ""Burns at night"", ""value"": 0.0, ""weight"": 0.1, ""contribution"": 0.0, ""detail"": ""0% of detections at night""}]",3.0,C8
7b45ef58c8c5,31.85949,74.60365,2026-09-25,809,D,N21,VIIRS,VIIRS_NOAA21_NRT,n,0.39,0.36,31.86,74.6,2.91,331.25,297.37,,,,,,140400.0,unknown,False,False,weak_11um,2.46,scene,0.22994003163974847,0.07664667721324948,0.5745192307692307,1,1,0.0,0.2,,0.0,0.2,0.0,True,False,False,1.0,5.0,73.727,378.662,73.724,73.728,,0,0,0,0,osm|wri|gem,,0,0.0,F02591,GOINDWAL SAHIB TPP,power_plant,31.384132,75.1464824,gem|wri,2,operating,2400.0,MW,Punjab,No registered industrial site nearby,False,,False,0.0,0.25,0.2,0.0,0.5745192307692307,0.1887,0.1887,0.0,0.3021,0.1491,0.1491,0.2337,Low,insufficient_evidence,Insufficient evidence,,"[{""key"": ""intensity"", ""label"": ""Thermal intensity"", ""value"": 0.575, ""weight"": 0.15, ""contribution"": 0.0862, ""detail"": ""FRP 2.9 MW, 57th percentile""}, {""key"": ""physics"", ""label"": ""Combustion temperature"", ""value"": 0.25, ""weight"": 0.25, ""contribution"": 0.0625, ""detail"": ""temperature retrieval unavailable""}, {""key"": ""persistence"", ""label"": ""Repeat detections"", ""value"": 0.2, ""weight"": 0.2, ""contribution"": 0.04, ""detail"": ""seen on 1 separate days""}, {""key"": ""corroboration"", ""label"": ""Registry corroboration"", ""value"": 0.0, ""weight"": 0.3, ""contribution"": 0.0, ""detail"": ""0 of 3 registries place infrastructure within 3 km""}, {""key"": ""nocturnal"", ""label"": ""Burns at night"", ""value"": 0.0, ""weight"": 0.1, ""contribution"": 0.0, ""detail"": ""0% of detections at night""}]",3.0,
e06865c895c1,31.87755,74.69375,2026-09-25,1030,D,Aqua,MODIS,MODIS_NRT,69,1.1,1.04,31.88,74.69,9.71,,,316.72,300.39,466.5,0.008390073625301036,9598.2,1144000.0,smouldering,False,False,ok,2.61,region,4.275789635967703,1.0,0.9471153846153846,1,1,0.0,0.2,,0.0,0.2,0.0,True,False,False,1.0,5.0,69.624,376.245,69.622,69.624,,0,0,0,0,osm|wri|gem,,0,0.0,F02591,GOINDWAL SAHIB TPP,power_plant,31.384132,75.1464824,gem|wri,2,operating,2400.0,MW,Punjab,No registered industrial site nearby,False,,False,0.0,0.0,0.2,0.0,0.9471153846153846,0.1821,0.1821,0.1116,0.8141,0.2558,0.2558,0.5498,Moderate,insufficient_evidence,Insufficient evidence,,"[{""key"": ""intensity"", ""label"": ""Thermal intensity"", ""value"": 0.947, ""weight"": 0.15, ""contribution"": 0.1421, ""detail"": ""FRP 9.7 MW, 95th percentile""}, {""key"": ""persistence"", ""label"": ""Repeat detections"", ""value"": 0.2, ""weight"": 0.2, ""contribution"": 0.04, ""detail"": ""seen on 1 separate days""}, {""key"": ""corroboration"", ""label"": ""Registry corroboration"", ""value"": 0.0, ""weight"": 0.3, ""contribution"": 0.0, ""detail"": ""0 of 3 registries place infrastructure within 3 km""}, {""key"": ""physics"", ""label"": ""Combustion temperature"", ""value"": 0.0, ""weight"": 0.25, ""contribution"": 0.0, ""detail"": ""retrieved 466 K (smouldering)""}, {""key"": ""nocturnal"", ""label"": ""Burns at night"", ""value"": 0.0, ""weight"": 0.1, ""contribution"": 0.0, ""detail"": ""0% of detections at night""}]",3.0,C8
60470ba6d272,31.87893,75.05732,2026-09-25,809,D,N21,VIIRS,VIIRS_NOAA21_NRT,n,0.4,0.37,31.88,75.06,2.62,330.2,298.49,,,,,,148000.0,unknown,False,False,weak_11um,2.46,scene,0.08175645569413283,0.027252151898044277,0.530448717948718,1,1,0.0,0.2,,0.0,0.2,0.0,True,False,False,1.0,5.0,45.205,361.225,45.199,55.662,,0,0,0,0,osm|wri|gem,,0,0.0,F02420,Beas,power_plant,31.5456,75.3309,wri,1,operating,19.6,MW,,No registered industrial site nearby,False,,False,0.0,0.25,0.2,0.0,0.530448717948718,0.1821,0.1821,0.0,0.2115,0.1319,0.1319,0.2092,Low,insufficient_evidence,Insufficient evidence,,"[{""key"": ""intensity"", ""label"": ""Thermal intensity"", ""value"": 0.53, ""weight"": 0.15, ""contribution"": 0.0796, ""detail"": ""FRP 2.6 MW, 53th percentile""}, {""key"": ""physics"", ""label"": ""Combustion temperature"", ""value"": 0.25, ""weight"": 0.25, ""contribution"": 0.0625, ""detail"": ""temperature retrieval unavailable""}, {""key"": ""persistence"", ""label"": ""Repeat detections"", ""value"": 0.2, ""weight"": 0.2, ""contribution"": 0.04, ""detail"": ""seen on 1 separate days""}, {""key"": ""corroboration"", ""label"": ""Registry corroboration"", ""value"": 0.0, ""weight"": 0.3, ""contribution"": 0.0, ""detail"": ""0 of 3 registries place infrastructure within 3 km""}, {""key"": ""nocturnal"", ""label"": ""Burns at night"", ""value"": 0.0, ""weight"": 0.1, ""contribution"": 0.0, ""detail"": ""0% of detections at night""}]",3.0,
e8933ce562eb,8.60636,77.96252,2026-09-26,744,D,N21,VIIRS,VIIRS_NOAA21_NRT,n,0.45,0.47,8.61,77.96,5.26,338.78,299.03,,,,,,211500.0,unknown,False,False,weak_11um,2.46,scene,1.430737974647323,0.47691265821577433,0.8060897435897436,1,1,0.0,0.2,,0.0,0.2,0.0,True,False,False,1.0,5.0,17.75,489.875,17.988,17.75,,0,0,0,0,osm|wri|gem,,0,0.0,F03711,Sattankulam power station,power_plant,8.45,77.93,gem,1,cancelled,2000.0,MW,Tamil Nadu,No registered industrial site nearby,False,,False,0.0,0.25,0.2,0.0,0.8060897435897436,0.2234,0.2234,0.0291,0.3053,0.1774,0.1774,0.3697,Moderate,insufficient_evidence,Insufficient evidence,,"[{""key"": ""intensity"", ""label"": ""Thermal intensity"", ""value"": 0.806, ""weight"": 0.15, ""contribution"": 0.1209, ""detail"": ""FRP 5.3 MW, 81th percentile""}, {""key"": ""physics"", ""label"": ""Combustion temperature"", ""value"": 0.25, ""weight"": 0.25, ""contribution"": 0.0625, ""detail"": ""temperature retrieval unavailable""}, {""key"": ""persistence"", ""label"": ""Repeat detections"", ""value"": 0.2, ""weight"": 0.2, ""contribution"": 0.04, ""detail"": ""seen on 1 separate days""}, {""key"": ""corroboration"", ""label"": ""Registry corroboration"", ""value"": 0.0, ""weight"": 0.3, ""contribution"": 0.0, ""detail"": ""0 of 3 registries place infrastructure within 3 km""}, {""key"": ""nocturnal"", ""label"": ""Burns at night"", ""value"": 0.0, ""weight"": 0.1, ""contribution"": 0.0, ""detail"": ""0% of detections at night""}]",3.0,C45
45992d558c17,8.70809,78.06082,2026-09-26,822,D,N,VIIRS,VIIRS_SNPP_NRT,n,0.38,0.36,8.71,78.06,9.22,348.23,306.85,,,514.6,0.02184675697976771,2988.6,136800.0,biomass_like,False,False,ok,2.46,scene,3.4542102530771093,1.0,0.9415064102564102,1,1,0.0,0.2,,0.0,0.2,0.0,True,False,False,1.0,5.0,12.525,475.094,13.308,11.905,,0,0,0,0,osm|wri|gem,,0,0.0,F03749,Tuticorin Smelter power station,power_plant,8.816981,78.0899754,gem,1,retired,160.0,MW,Tamil Nadu,No registered industrial site nearby,False,,False,0.0,0.0,0.2,0.0,0.9415064102564102,0.1812,0.1812,0.1116,0.6314,0.2278,0.2278,0.5367,Moderate,insufficient_evidence,Insufficient evidence,,"[{""key"": ""intensity"", ""label"": ""Thermal intensity"", ""value"": 0.942, ""weight"": 0.15, ""contribution"": 0.1412, ""detail"": ""FRP 9.2 MW, 94th percentile""}, {""key"": ""persistence"", ""label"": ""Repeat detections"", ""value"": 0.2, ""weight"": 0.2, ""contribution"": 0.04, ""detail"": ""seen on 1 separate days""}, {""key"": ""corroboration"", ""label"": ""Registry corroboration"", ""value"": 0.0, ""weight"": 0.3, ""contribution"": 0.0, ""detail"": ""0 of 3 registries place infrastructure within 3 km""}, {""key"": ""physics"", ""label"": ""Combustion temperature"", ""value"": 0.0, ""weight"": 0.25, ""contribution"": 0.0, ""detail"": ""retrieved 515 K (biomass like)""}, {""key"": ""nocturnal"", ""label"": ""Burns at night"", ""value"": 0.0, ""weight"": 0.1, ""contribution"": 0.0, ""detail"": ""0% of detections at night""}]",3.0,
c53740c578a6,8.8704,78.0858,2026-09-26,839,D,N20,VIIRS,VIIRS_NOAA20_NRT,n,0.52,0.5,8.87,78.09,8.56,341.85,300.36,,,787.2,0.0012306143157230478,320.0,260000.0,biomass_like,False,False,ok,2.46,scene,3.1169648733388113,1.0,0.9294871794871795,1,1,0.0,0.2,,0.0,0.2,0.0,True,False,False,1.0,5.0,2.406,457.539,3.066,2.406,,0,0,3,0,osm|wri|gem,gem,1,0.2,F03743,Thoothukudi IBPGL power station,power_plant,8.864947,78.106989,gem,1,retired,189.0,MW,Tamil Nadu,Within the site's immediate surroundings,False,,False,0.2,0.0,0.2,0.0,0.9294871794871795,0.2394,0.2394,0.0291,0.8918,0.2742,0.2742,0.5563,High,insufficient_evidence,Insufficient evidence,,"[{""key"": ""intensity"", ""label"": ""Thermal intensity"", ""value"": 0.929, ""weight"": 0.15, ""contribution"": 0.1394, ""detail"": ""FRP 8.6 MW, 93th percentile""}, {""key"": ""corroboration"", ""label"": ""Registry corroboration"", ""value"": 0.2, ""weight"": 0.3, ""contribution"": 0.06, ""detail"": ""1 of 3 registries place infrastructure within 3 km""}, {""key"": ""persistence"", ""label"": ""Repeat detections"", ""value"": 0.2, ""weight"": 0.2, ""contribution"": 0.04, ""detail"": ""seen on 1 separate days""}, {""key"": ""physics"", ""label"": ""Combustion temperature"", ""value"": 0.0, ""weight"": 0.25, ""contribution"": 0.0, ""detail"": ""retrieved 787 K (biomass like)""}, {""key"": ""nocturnal"", ""label"": ""Burns at night"", ""value"": 0.0, ""weight"": 0.1, ""contribution"": 0.0, ""detail"": ""0% of detections at night""}]",3.0,
16720b53eab1,8.91683,78.02504,2026-09-26,744,D,N21,VIIRS,VIIRS_NOAA21_NRT,n,0.44,0.46,8.92,78.03,2.46,332.78,302.2,,,537.5,0.007635274126729239,1545.4,202400.0,biomass_like,False,False,ok,2.46,scene,0.0,0.0,0.5,1,1,0.0,0.2,,0.0,0.2,0.0,True,False,False,1.0,5.0,5.148,455.739,5.376,4.919,,0,0,0,0,osm|wri|gem,,0,0.0,F02333,Arasadi,power_plant,8.883822499999999,78.05789483333334,gem|wri,2,operating,1780.0,MW,Tamil Nadu,Near industrial activity,False,,False,0.0,0.0,0.2,0.0,0.5,0.115,0.115,0.0,0.4928,0.1372,0.1372,0.2017,Low,insufficient_evidence,Insufficient evidence,,"[{""key"": ""intensity"", ""label"": ""Thermal intensity"", ""value"": 0.5, ""weight"": 0.15, ""contribution"": 0.075, ""detail"": ""FRP 2.5 MW, 50th percentile""}, {""key"": ""persistence"", ""label"": ""Repeat detections"", ""value"": 0.2, ""weight"": 0.2, ""contribution"": 0.04, ""detail"": ""seen on 1 separate days""}, {""key"": ""corroboration"", ""label"": ""Registry corroboration"", ""value"": 0.0, ""weight"": 0.3, ""contribution"": 0.0, ""detail"": ""0 of 3 registries place infrastructure within 3 km""}, {""key"": ""physics"", ""label"": ""Combustion temperature"", ""value"": 0.0, ""weight"": 0.25, ""contribution"": 0.0, ""detail"": ""retrieved 538 K (biomass like)""}, {""key"": ""nocturnal"", ""label"": ""Burns at night"", ""value"": 0.0, ""weight"": 0.1, ""contribution"": 0.0, ""detail"": ""0% of detections at night""}]",3.0,
72bff54f13fd,8.93587,77.83012,2026-09-26,744,D,N21,VIIRS,VIIRS_NOAA21_NRT,n,0.45,0.47,8.94,77.83,4.67,341.13,302.09,,,603.5,0.005308335448512977,1122.7,211500.0,biomass_like,False,False,ok,2.46,scene,1.1292610442752087,0.37642034809173625,0.7572115384615384,1,1,0.0,0.2,,0.0,0.2,0.0,True,False,False,1.0,5.0,9.584,463.625,9.584,18.946,,0,0,0,0,osm|wri|gem,,0,0.0,F02813,Kayanathar,power_plant,8.913,77.746,wri,1,operating,49.0,MW,,Near industrial activity,False,,False,0.0,0.0,0.2,0.0,0.7572115384615384,0.1536,0.1536,0.1983,0.3846,0.2017,0.2017,0.3506,Moderate,insufficient_evidence,Insufficient evidence,,"[{""key"": ""intensity"", ""label"": ""Thermal intensity"", ""value"": 0.757, ""weight"": 0.15, ""contribution"": 0.1136, ""detail"": ""FRP 4.7 MW, 76th percentile""}, {""key"": ""persistence"", ""label"": ""Repeat detections"", ""value"": 0.2, ""weight"": 0.2, ""contribution"": 0.04, ""detail"": ""seen on 1 separate days""}, {""key"": ""corroboration"", ""label"": ""Registry corroboration"", ""value"": 0.0, ""weight"": 0.3, ""contribution"": 0.0, ""detail"": ""0 of 3 registries place infrastructure within 3 km""}, {""key"": ""physics"", ""label"": ""Combustion temperature"", ""value"": 0.0, ""weight"": 0.25, ""contribution"": 0.0, ""detail"": ""retrieved 604 K (biomass like)""}, {""key"": ""nocturnal"", ""label"": ""Burns at night"", ""value"": 0.0, ""weight"": 0.1, ""contribution"": 0.0, ""detail"": ""0% of detections at night""}]",3.0,
280f420a986a,9.07137,77.67777,2026-09-26,744,D,N21,VIIRS,VIIRS_NOAA21_NRT,n,0.46,0.47,9.07,77.68,6.29,342.77,304.36,,,533.9,0.013170714772545675,2847.5,216200.0,biomass_like,False,False,ok,2.46,scene,1.9570451581783028,0.6523483860594342,0.8557692307692307,1,1,0.0,0.2,,0.0,0.2,0.0,True,False,False,1.0,5.0,7.103,458.836,7.103,41.04,,0,0,0,0,osm|wri|gem,,0,0.0,F02573,Frost International Palankottai Wind Farm,power_plant,9.1269,77.6458,wri,1,operating,4.25,MW,,Near industrial activity,False,,False,0.0,0.0,0.2,0.0,0.8557692307692307,0.1684,0.1684,0.0091,0.4135,0.1574,0.1574,0.4095,Moderate,insufficient_evidence,Insufficient evidence,,"[{""key"": ""intensity"", ""label"": ""Thermal intensity"", ""value"": 0.856, ""weight"": 0.15, ""contribution"": 0.1284, ""detail"": ""FRP 6.3 MW, 86th percentile""}, {""key"": ""persistence"", ""label"": ""Repeat detections"", ""value"": 0.2, ""weight"": 0.2, ""contribution"": 0.04, ""detail"": ""seen on 1 separate days""}, {""key"": ""corroboration"", ""label"": ""Registry corroboration"", ""value"": 0.0, ""weight"": 0.3, ""contribution"": 0.0, ""detail"": ""0 of 3 registries place infrastructure within 3 km""}, {""key"": ""physics"", ""label"": ""Combustion temperature"", ""value"": 0.0, ""weight"": 0.25, ""contribution"": 0.0, ""detail"": ""retrieved 534 K (biomass like)""}, {""key"": ""nocturnal"", ""label"": ""Burns at night"", ""value"": 0.0, ""weight"": 0.1, ""contribution"": 0.0, ""detail"": ""0% of detections at night""}]",3.0,
3c61070f52c6,9.09714,77.63252,2026-09-26,744,D,N21,VIIRS,VIIRS_NOAA21_NRT,n,0.46,0.47,9.1,77.63,2.59,340.39,302.61,,,573.9,0.007131222701519317,1541.8,216200.0,biomass_like,False,False,ok,2.46,scene,0.06642712025148281,0.022142373417160938,0.5216346153846154,1,1,0.0,0.2,,0.0,0.2,0.0,True,False,False,1.0,5.0,3.174,458.982,3.174,46.76,,0,0,0,0,osm|wri|gem,,0,0.0,F02871,LTML Wind Energy Project in Tamil Nadu,power_plant,9.087,77.6055,wri,1,operating,9.7,MW,,Near industrial activity,False,,False,0.0,0.0,0.2,0.0,0.5216346153846154,0.1182,0.1182,0.0,0.6194,0.1579,0.1579,0.2188,Low,insufficient_evidence,Insufficient evidence,,"[{""key"": ""intensity"", ""label"": ""Thermal intensity"", ""value"": 0.522, ""weight"": 0.15, ""contribution"": 0.0782, ""detail"": ""FRP 2.6 MW, 52th percentile""}, {""key"": ""persistence"", ""label"": ""Repeat detections"", ""value"": 0.2, ""weight"": 0.2, ""contribution"": 0.04, ""detail"": ""seen on 1 separate days""}, {""key"": ""corroboration"", ""label"": ""Registry corroboration"", ""value"": 0.0, ""weight"": 0.3, ""contribution"": 0.0, ""detail"": ""0 of 3 registries place infrastructure within 3 km""}, {""key"": ""physics"", ""label"": ""Combustion temperature"", ""value"": 0.0, ""weight"": 0.25, ""contribution"": 0.0, ""detail"": ""retrieved 574 K (biomass like)""}, {""key"": ""nocturnal"", ""label"": ""Burns at night"", ""value"": 0.0, ""weight"": 0.1, ""contribution"": 0.0, ""detail"": ""0% of detections at night""}]",3.0,
2d4d539b72e2,9.14211,77.68827,2026-09-26,744,D,N21,VIIRS,VIIRS_NOAA21_NRT,n,0.46,0.47,9.14,77.69,15.25,345.84,307.57,,,493.0,0.027533550202980945,5952.8,216200.0,smouldering,False,False,ok,2.46,scene,6.535406677049736,1.0,0.9839743589743589,1,1,0.0,0.2,,0.0,0.2,0.0,True,False,False,1.0,5.0,4.96,451.514,4.96,45.112,,0,0,0,0,osm|wri|gem,,0,0.0,F02573,Frost International Palankottai Wind Farm,power_plant,9.1269,77.6458,wri,1,operating,4.25,MW,,Near industrial activity,False,,False,0.0,0.0,0.2,0.0,0.9839743589743589,0.1876,0.1876,0.0962,0.8614,0.2612,0.2612,0.5559,High,insufficient_evidence,Insufficient evidence,,"[{""key"": ""intensity"", ""label"": ""Thermal intensity"", ""value"": 0.984, ""weight"": 0.15, ""contribution"": 0.1476, ""detail"": ""FRP 15.2 MW, 98th percentile""}, {""key"": ""persistence"", ""label"": ""Repeat detections"", ""value"": 0.2, ""weight"": 0.2, ""contribution"": 0.04, ""detail"": ""seen on 1 separate days""}, {""key"": ""corroboration"", ""label"": ""Registry corroboration"", ""value"": 0.0, ""weight"": 0.3, ""contribution"": 0.0, ""detail"": ""0 of 3 registries place infrastructure within 3 km""}, {""key"": ""physics"", ""label"": ""Combustion temperature"", ""value"": 0.0, ""weight"": 0.25, ""contribution"": 0.0, ""detail"": ""retrieved 493 K (smouldering)""}, {""key"": ""nocturnal"", ""label"": ""Burns at night"", ""value"": 0.0, ""weight"": 0.1, ""contribution"": 0.0, ""detail"": ""0% of detections at night""}]",3.0,
352d71f454bc,9.3373,78.68853,2026-09-26,744,D,N21,VIIRS,VIIRS_NOAA21_NRT,n,0.39,0.44,9.34,78.69,5.62,343.59,303.88,,,,,,171600.0,unknown,False,False,weak_11um,2.46,scene,1.614689999959122,0.538229999986374,0.8317307692307693,1,1,0.0,0.2,,0.0,0.2,0.0,True,False,False,1.0,5.0,17.688,384.452,17.441,22.64,,0,0,0,0,osm|wri|gem,,0,0.0,F03010,NLC Ramanathapuram,power_plant,9.449466666666666,78.5742,wri,1,operating,110.0,MW,,No registered industrial site nearby,False,,False,0.0,0.25,0.2,0.0,0.8317307692307693,0.2273,0.2273,0.0091,0.2372,0.1633,0.1633,0.3812,Moderate,insufficient_evidence,Insufficient evidence,,"[{""key"": ""intensity"", ""label"": ""Thermal intensity"", ""value"": 0.832, ""weight"": 0.15, ""contribution"": 0.1248, ""detail"": ""FRP 5.6 MW, 83th percentile""}, {""key"": ""physics"", ""label"": ""Combustion temperature"", ""value"": 0.25, ""weight"": 0.25, ""contribution"": 0.0625, ""detail"": ""temperature retrieval unavailable""}, {""key"": ""persistence"", ""label"": ""Repeat detections"", ""value"": 0.2, ""weight"": 0.2, ""contribution"": 0.04, ""detail"": ""seen on 1 separate days""}, {""key"": ""corroboration"", ""label"": ""Registry corroboration"", ""value"": 0.0, ""weight"": 0.3, ""contribution"": 0.0, ""detail"": ""0 of 3 registries place infrastructure within 3 km""}, {""key"": ""nocturnal"", ""label"": ""Burns at night"", ""value"": 0.0, ""weight"": 0.1, ""contribution"": 0.0, ""detail"": ""0% of detections at night""}]",3.0,
d04012b33558,9.34061,76.8941,2026-09-26,822,D,N,VIIRS,VIIRS_SNPP_NRT,n,0.39,0.36,9.34,76.89,3.41,331.55,299.64,,,440.4,0.04208886373457026,5909.3,140400.0,smouldering,False,False,ok,2.46,scene,0.4854289556839133,0.16180965189463778,0.6169871794871795,1,1,0.0,0.2,,0.0,0.2,0.0,True,False,False,1.0,5.0,2.004,481.879,2.004,52.603,,0,1,0,0,osm|wri|gem,wri,1,0.2,F02903,MANIYAR,power_plant,9.3294,76.8798,wri,1,operating,12.0,MW,,Within the site's immediate surroundings,False,,False,0.2,0.0,0.2,0.0,0.6169871794871795,0.1925,0.1925,0.1112,0.8325,0.2641,0.2641,0.311,Low,insufficient_evidence,Insufficient evidence,,"[{""key"": ""intensity"", ""label"": ""Thermal intensity"", ""value"": 0.617, ""weight"": 0.15, ""contribution"": 0.0925, ""detail"": ""FRP 3.4 MW, 62th percentile""}, {""key"": ""corroboration"", ""label"": ""Registry corroboration"", ""value"": 0.2, ""weight"": 0.3, ""contribution"": 0.06, ""detail"": ""1 of 3 registries place infrastructure within 3 km""}, {""key"": ""persistence"", ""label"": ""Repeat detections"", ""value"": 0.2, ""weight"": 0.2, ""contribution"": 0.04, ""detail"": ""seen on 1 separate days""}, {""key"": ""physics"", ""label"": ""Combustion temperature"", ""value"": 0.0, ""weight"": 0.25, ""contribution"": 0.0, ""detail"": ""retrieved 440 K (smouldering)""}, {""key"": ""nocturnal"", ""label"": ""Burns at night"", ""value"": 0.0, ""weight"": 0.1, ""contribution"": 0.0, ""detail"": ""0% of detections at night""}]",3.0,
db1efa91e74d,9.39067,77.6126,2026-09-26,744,D,N21,VIIRS,VIIRS_NOAA21_NRT,n,0.46,0.47,9.39,77.61,7.92,350.62,309.03,,,496.6,0.031610173050305335,6834.1,216200.0,smouldering,False,False,ok,2.46,scene,2.78993905056228,0.92997968352076,0.9166666666666666,1,1,0.0,0.2,,0.0,0.2,0.0,True,False,False,1.0,5.0,29.555,432.382,29.555,71.624,,0,0,0,0,osm|wri|gem,,0,0.0,F02573,Frost International Palankottai Wind Farm,power_plant,9.1269,77.6458,wri,1,operating,4.25,MW,,No registered industrial site nearby,False,,False,0.0,0.0,0.2,0.0,0.9166666666666666,0.1775,0.1775,0.0091,0.5497,0.1828,0.1828,0.4964,Moderate,insufficient_evidence,Insufficient evidence,,"[{""key"": ""intensity"", ""label"": ""Thermal intensity"", ""value"": 0.917, ""weight"": 0.15, ""contribution"": 0.1375, ""detail"": ""FRP 7.9 MW, 92th percentile""}, {""key"": ""persistence"", ""label"": ""Repeat detections"", ""value"": 0.2, ""weight"": 0.2, ""contribution"": 0.04, ""detail"": ""seen on 1 separate days""}, {""key"": ""corroboration"", ""label"": ""Registry corroboration"", ""value"": 0.0, ""weight"": 0.3, ""contribution"": 0.0, ""detail"": ""0 of 3 registries place infrastructure within 3 km""}, {""key"": ""physics"", ""label"": ""Combustion temperature"", ""value"": 0.0, ""weight"": 0.25, ""contribution"": 0.0, ""detail"": ""retrieved 497 K (smouldering)""}, {""key"": ""nocturnal"", ""label"": ""Burns at night"", ""value"": 0.0, ""weight"": 0.1, ""contribution"": 0.0, ""detail"": ""0% of detections at night""}]",3.0,
c9a79cba4d2b,9.42437,78.28694,2026-09-26,744,D,N21,VIIRS,VIIRS_NOAA21_NRT,n,0.41,0.45,9.42,78.29,5.77,343.43,308.63,,,469.4,0.03686303619237098,6801.2,184500.0,smouldering,False,False,ok,2.46,scene,1.691336677172371,0.5637788923907904,0.8373397435897436,1,1,0.0,0.2,,0.0,0.2,0.0,True,False,False,1.0,5.0,4.372,392.415,4.372,29.912,,0,0,0,0,osm|wri|gem,,0,0.0,F02952,Melamudimannar,power_plant,9.416,78.248,wri,1,operating,18.0,MW,,Near industrial activity,False,,False,0.0,0.0,0.2,0.0,0.8373397435897436,0.1656,0.1656,0.0091,0.5881,0.182,0.182,0.3966,Moderate,insufficient_evidence,Insufficient evidence,,"[{""key"": ""intensity"", ""label"": ""Thermal intensity"", ""value"": 0.837, ""weight"": 0.15, ""contribution"": 0.1256, ""detail"": ""FRP 5.8 MW, 84th percentile""}, {""key"": ""persistence"", ""label"": ""Repeat detections"", ""value"": 0.2, ""weight"": 0.2, ""contribution"": 0.04, ""detail"": ""seen on 1 separate days""}, {""key"": ""corroboration"", ""label"": ""Registry corroboration"", ""value"": 0.0, ""weight"": 0.3, ""contribution"": 0.0, ""detail"": ""0 of 3 registries place infrastructure within 3 km""}, {""key"": ""physics"", ""label"": ""Combustion temperature"", ""value"": 0.0, ""weight"": 0.25, ""contribution"": 0.0, ""detail"": ""retrieved 469 K (smouldering)""}, {""key"": ""nocturnal"", ""label"": ""Burns at night"", ""value"": 0.0, ""weight"": 0.1, ""contribution"": 0.0, ""detail"": ""0% of detections at night""}]",3.0,
c64e622d1da9,9.43486,78.68918,2026-09-26,822,D,N,VIIRS,VIIRS_SNPP_NRT,n,0.39,0.36,9.43,78.69,4.32,337.44,305.28,,,689.8,0.0017910356686415333,251.5,140400.0,biomass_like,False,False,ok,2.46,scene,0.9504187974442934,0.31680626581476445,0.7243589743589743,1,1,0.0,0.2,,0.0,0.2,0.0,True,False,False,1.0,5.0,12.716,374.207,12.604,23.783,,0,0,0,0,osm|wri|gem,,0,0.0,F03010,NLC Ramanathapuram,power_plant,9.449466666666666,78.5742,wri,1,operating,110.0,MW,,No registered industrial site nearby,False,,False,0.0,0.0,0.2,0.0,0.7243589743589743,0.1487,0.1487,0.0286,0.3462,0.1423,0.1423,0.3057,Low,insufficient_evidence,Insufficient evidence,,"[{""key"": ""intensity"", ""label"": ""Thermal intensity"", ""value"": 0.724, ""weight"": 0.15, ""contribution"": 0.1087, ""detail"": ""FRP 4.3 MW, 72th percentile""}, {""key"": ""persistence"", ""label"": ""Repeat detections"", ""value"": 0.2, ""weight"": 0.2, ""contribution"": 0.04, ""detail"": ""seen on 1 separate days""}, {""key"": ""corroboration"", ""label"": ""Registry corroboration"", ""value"": 0.0, ""weight"": 0.3, ""contribution"": 0.0, ""detail"": ""0 of 3 registries place infrastructure within 3 km""}, {""key"": ""physics"", ""label"": ""Combustion temperature"", ""value"": 0.0, ""weight"": 0.25, ""contribution"": 0.0, ""detail"": ""retrieved 690 K (biomass like)""}, {""key"": ""nocturnal"", ""label"": ""Burns at night"", ""value"": 0.0, ""weight"": 0.1, ""contribution"": 0.0, ""detail"": ""0% of detections at night""}]",3.0,
b060095d75a3,9.46338,77.75925,2026-09-26,744,D,N21,VIIRS,VIIRS_NOAA21_NRT,n,0.44,0.46,9.46,77.76,4.09,336.14,305.87,,,469.5,0.025990707642274274,5260.5,202400.0,smouldering,False,False,ok,2.46,scene,0.8328938923839774,0.2776312974613258,0.7091346153846154,1,1,0.0,0.2,,0.0,0.2,0.0,True,False,False,1.0,5.0,17.014,417.153,17.014,71.314,,0,0,0,0,osm|wri|gem,,0,0.0,F02321,Amathur,power_plant,9.553,77.885,wri,1,operating,14.4,MW,,No registered industrial site nearby,False,,False,0.0,0.0,0.2,0.0,0.7091346153846154,0.1464,0.1464,0.0291,0.2853,0.132,0.132,0.2897,Low,insufficient_evidence,Insufficient evidence,,"[{""key"": ""intensity"", ""label"": ""Thermal intensity"", ""value"": 0.709, ""weight"": 0.15, ""contribution"": 0.1064, ""detail"": ""FRP 4.1 MW, 71th percentile""}, {""key"": ""persistence"", ""label"": ""Repeat detections"", ""value"": 0.2, ""weight"": 0.2, ""contribution"": 0.04, ""detail"": ""seen on 1 separate days""}, {""key"": ""corroboration"", ""label"": ""Registry corroboration"", ""value"": 0.0, ""weight"": 0.3, ""contribution"": 0.0, ""detail"": ""0 of 3 registries place infrastructure within 3 km""}, {""key"": ""physics"", ""label"": ""Combustion temperature"", ""value"": 0.0, ""weight"": 0.25, ""contribution"": 0.0, ""detail"": ""retrieved 470 K (smouldering)""}, {""key"": ""nocturnal"", ""label"": ""Burns at night"", ""value"": 0.0, ""weight"": 0.1, ""contribution"": 0.0, ""detail"": ""0% of detections at night""}]",3.0,
e34407d33ef8,9.47696,78.64985,2026-09-26,822,D,N,VIIRS,VIIRS_SNPP_NRT,n,0.39,0.36,9.48,78.65,7.68,339.91,308.04,,,531.5,0.010853695616398732,1523.9,140400.0,biomass_like,False,False,ok,2.46,scene,2.6673043670210808,0.8891014556736936,0.9038461538461539,1,1,0.0,0.2,,0.0,0.2,0.0,True,False,False,1.0,5.0,8.843,371.31,8.537,29.57,,0,0,0,0,osm|wri|gem,,0,0.0,F03010,NLC Ramanathapuram,power_plant,9.449466666666666,78.5742,wri,1,operating,110.0,MW,,Near industrial activity,False,,False,0.0,0.0,0.2,0.0,0.9038461538461539,0.1756,0.1756,0.0091,0.4535,0.1673,0.1673,0.4779,Moderate,insufficient_evidence,Insufficient evidence,,"[{""key"": ""intensity"", ""label"": ""Thermal intensity"", ""value"": 0.904, ""weight"": 0.15, ""contribution"": 0.1356, ""detail"": ""FRP 7.7 MW, 90th percentile""}, {""key"": ""persistence"", ""label"": ""Repeat detections"", ""value"": 0.2, ""weight"": 0.2, ""contribution"": 0.04, ""detail"": ""seen on 1 separate days""}, {""key"": ""corroboration"", ""label"": ""Registry corroboration"", ""value"": 0.0, ""weight"": 0.3, ""contribution"": 0.0, ""detail"": ""0 of 3 registries place infrastructure within 3 km""}, {""key"": ""physics"", ""label"": ""Combustion temperature"", ""value"": 0.0, ""weight"": 0.25, ""contribution"": 0.0, ""detail"": ""retrieved 532 K (biomass like)""}, {""key"": ""nocturnal"", ""label"": ""Burns at night"", ""value"": 0.0, ""weight"": 0.1, ""contribution"": 0.0, ""detail"": ""0% of detections at night""}]",3.0,
0c736c8d28ee,9.48945,78.58305,2026-09-26,839,D,N20,VIIRS,VIIRS_NOAA20_NRT,n,0.58,0.52,9.49,78.58,8.26,338.52,306.39,,,593.2,0.004732615313798005,1427.4,301600.0,biomass_like,False,False,ok,2.46,scene,2.9636715189123124,0.9878905063041041,0.9214743589743589,1,1,0.0,0.2,,0.0,0.2,0.0,True,False,False,1.0,5.0,4.551,372.673,4.098,31.559,,0,0,0,0,osm|wri|gem,,0,0.0,F03010,NLC Ramanathapuram,power_plant,9.449466666666666,78.5742,wri,1,operating,110.0,MW,,Near industrial activity,False,,False,0.0,0.0,0.2,0.0,0.9214743589743589,0.1782,0.1782,0.1202,0.6538,0.2321,0.2321,0.5336,Moderate,insufficient_evidence,Insufficient evidence,,"[{""key"": ""intensity"", ""label"": ""Thermal intensity"", ""value"": 0.921, ""weight"": 0.15, ""contribution"": 0.1382, ""detail"": ""FRP 8.3 MW, 92th percentile""}, {""key"": ""persistence"", ""label"": ""Repeat detections"", ""value"": 0.2, ""weight"": 0.2, ""contribution"": 0.04, ""detail"": ""seen on 1 separate days""}, {""key"": ""corroboration"", ""label"": ""Registry corroboration"", ""value"": 0.0, ""weight"": 0.3, ""contribution"": 0.0, ""detail"": ""0 of 3 registries place infrastructure within 3 km""}, {""key"": ""physics"", ""label"": ""Combustion temperature"", ""value"": 0.0, ""weight"": 0.25, ""contribution"": 0.0, ""detail"": ""retrieved 593 K (biomass like)""}, {""key"": ""nocturnal"", ""label"": ""Burns at night"", ""value"": 0.0, ""weight"": 0.1, ""contribution"": 0.0, ""detail"": ""0% of detections at night""}]",3.0,
981d615bfa0d,9.49971,77.69122,2026-09-26,744,D,N21,VIIRS,VIIRS_NOAA21_NRT,n,0.45,0.47,9.5,77.69,1.77,340.32,305.01,,,506.2,0.01750783999562305,3702.9,211500.0,biomass_like,False,False,ok,2.46,scene,-0.35257471518094746,0.0,0.35657051282051283,1,1,0.0,0.2,,0.0,0.2,0.0,True,False,False,1.0,5.0,22.061,417.552,22.061,77.904,,0,0,0,0,osm|wri|gem,,0,0.0,F02321,Amathur,power_plant,9.553,77.885,wri,1,operating,14.4,MW,,No registered industrial site nearby,False,,False,0.0,0.0,0.2,0.0,0.35657051282051283,0.0935,0.0935,0.0091,0.2901,0.0977,0.0977,0.1696,Low,insufficient_evidence,Insufficient evidence,,"[{""key"": ""intensity"", ""label"": ""Thermal intensity"", ""value"": 0.357, ""weight"": 0.15, ""contribution"": 0.0535, ""detail"": ""FRP 1.8 MW, 36th percentile""}, {""key"": ""persistence"", ""label"": ""Repeat detections"", ""value"": 0.2, ""weight"": 0.2, ""contribution"": 0.04, ""detail"": ""seen on 1 separate days""}, {""key"": ""corroboration"", ""label"": ""Registry corroboration"", ""value"": 0.0, ""weight"": 0.3, ""contribution"": 0.0, ""detail"": ""0 of 3 registries place infrastructure within 3 km""}, {""key"": ""physics"", ""label"": ""Combustion temperature"", ""value"": 0.0, ""weight"": 0.25, ""contribution"": 0.0, ""detail"": ""retrieved 506 K (biomass like)""}, {""key"": ""nocturnal"", ""label"": ""Burns at night"", ""value"": 0.0, ""weight"": 0.1, ""contribution"": 0.0, ""detail"": ""0% of detections at night""}]",3.0,
3c54dd0f370e,9.50723,77.60115,2026-09-26,822,D,N,VIIRS,VIIRS_SNPP_NRT,n,0.38,0.36,9.51,77.6,2.35,343.68,311.03,,,452.1,0.05072349623528997,6939.0,136800.0,smouldering,False,False,ok,2.46,scene,-0.056207563289716204,0.0,0.4735576923076923,1,1,0.0,0.2,,0.0,0.2,0.0,True,False,False,1.0,5.0,31.333,421.967,31.333,83.217,,0,0,0,0,osm|wri|gem,,0,0.0,F02966,Moolippatti,power_plant,9.644,77.851,wri,1,operating,40.0,MW,,No registered industrial site nearby,False,,False,0.0,0.0,0.2,0.0,0.4735576923076923,0.111,0.111,0.0091,0.5881,0.152,0.152,0.2058,Low,insufficient_evidence,Insufficient evidence,,"[{""key"": ""intensity"", ""label"": ""Thermal intensity"", ""value"": 0.474, ""weight"": 0.15, ""contribution"": 0.071, ""detail"": ""FRP 2.4 MW, 47th percentile""}, {""key"": ""persistence"", ""label"": ""Repeat detections"", ""value"": 0.2, ""weight"": 0.2, ""contribution"": 0.04, ""detail"": ""seen on 1 separate days""}, {""key"": ""corroboration"", ""label"": ""Registry corroboration"", ""value"": 0.0, ""weight"": 0.3, ""contribution"": 0.0, ""detail"": ""0 of 3 registries place infrastructure within 3 km""}, {""key"": ""physics"", ""label"": ""Combustion temperature"", ""value"": 0.0, ""weight"": 0.25, ""contribution"": 0.0, ""detail"": ""retrieved 452 K (smouldering)""}, {""key"": ""nocturnal"", ""label"": ""Burns at night"", ""value"": 0.0, ""weight"": 0.1, ""contribution"": 0.0, ""detail"": ""0% of detections at night""}]",3.0,
ce2b03d6101e,9.54364,77.79539,2026-09-26,822,D,N,VIIRS,VIIRS_SNPP_NRT,n,0.38,0.36,9.54,77.8,5.38,346.46,311.06,,,463.5,0.04631389656412824,6335.7,136800.0,smouldering,False,False,ok,2.46,scene,1.4920553164179227,0.49735177213930754,0.8157051282051282,1,1,0.0,0.2,,0.0,0.2,0.0,True,False,False,1.0,5.0,9.881,407.516,9.881,75.486,,0,0,0,0,osm|wri|gem,,0,0.0,F02321,Amathur,power_plant,9.553,77.885,wri,1,operating,14.4,MW,,Near industrial activity,False,,False,0.0,0.0,0.2,0.0,0.8157051282051282,0.1624,0.1624,0.049,0.4832,0.1765,0.1765,0.3753,Moderate,insufficient_evidence,Insufficient evidence,,"[{""key"": ""intensity"", ""label"": ""Thermal intensity"", ""value"": 0.816, ""weight"": 0.15, ""contribution"": 0.1224, ""detail"": ""FRP 5.4 MW, 82th percentile""}, {""key"": ""persistence"", ""label"": ""Repeat detections"", ""value"": 0.2, ""weight"": 0.2, ""contribution"": 0.04, ""detail"": ""seen on 1 separate days""}, {""key"": ""corroboration"", ""label"": ""Registry corroboration"", ""value"": 0.0, ""weight"": 0.3, ""contribution"": 0.0, ""detail"": ""0 of 3 registries place infrastructure within 3 km""}, {""key"": ""physics"", ""label"": ""Combustion temperature"", ""value"": 0.0, ""weight"": 0.25, ""contribution"": 0.0, ""detail"": ""retrieved 464 K (smouldering)""}, {""key"": ""nocturnal"", ""label"": ""Burns at night"", ""value"": 0.0, ""weight"": 0.1, ""contribution"": 0.0, ""detail"": ""0% of detections at night""}]",3.0,
61108870f17f,9.70522,77.67236,2026-09-26,744,D,N21,VIIRS,VIIRS_NOAA21_NRT,n,0.45,0.47,9.71,77.67,10.28,346.28,303.55,,,600.5,0.0068231048312862,1443.1,211500.0,biomass_like,False,False,ok,2.46,scene,3.995846772050738,1.0,0.9519230769230769,1,1,0.0,0.2,,0.0,0.2,0.0,True,False,False,1.0,5.0,16.58,399.18,16.58,97.551,,0,0,0,0,osm|wri|gem,,0,0.0,F02694,Jambalapuram,power_plant,9.81,77.78,wri,1,operating,20.0,MW,,No registered industrial site nearby,False,,False,0.0,0.0,0.2,0.0,0.9519230769230769,0.1828,0.1828,0.1914,0.762,0.2723,0.2723,0.5577,High,insufficient_evidence,Insufficient evidence,,"[{""key"": ""intensity"", ""label"": ""Thermal intensity"", ""value"": 0.952, ""weight"": 0.15, ""contribution"": 0.1428, ""detail"": ""FRP 10.3 MW, 95th percentile""}, {""key"": ""persistence"", ""label"": ""Repeat detections"", ""value"": 0.2, ""weight"": 0.2, ""contribution"": 0.04, ""detail"": ""seen on 1 separate days""}, {""key"": ""corroboration"", ""label"": ""Registry corroboration"", ""value"": 0.0, ""weight"": 0.3, ""contribution"": 0.0, ""detail"": ""0 of 3 registries place infrastructure within 3 km""}, {""key"": ""physics"", ""label"": ""Combustion temperature"", ""value"": 0.0, ""weight"": 0.25, ""contribution"": 0.0, ""detail"": ""retrieved 600 K (biomass like)""}, {""key"": ""nocturnal"", ""label"": ""Burns at night"", ""value"": 0.0, ""weight"": 0.1, ""contribution"": 0.0, ""detail"": ""0% of detections at night""}]",3.0,C89
87a2fd536365,9.70794,77.67541,2026-09-26,822,D,N,VIIRS,VIIRS_SNPP_NRT,n,0.38,0.36,9.71,77.68,5.37,343.31,305.63,,,521.4,0.015907515499889058,2176.1,136800.0,biomass_like,False,False,ok,2.46,scene,1.4869455379370395,0.49564851264567983,0.813301282051282,1,1,0.0,0.2,,0.0,0.2,0.0,True,False,False,1.0,5.0,16.129,398.745,16.129,97.518,,0,0,0,0,osm|wri|gem,,0,0.0,F02694,Jambalapuram,power_plant,9.81,77.78,wri,1,operating,20.0,MW,,No registered industrial site nearby,False,,False,0.0,0.0,0.2,0.0,0.813301282051282,0.162,0.162,0.0091,0.1603,0.1159,0.1159,0.3474,Low,insufficient_evidence,Insufficient evidence,,"[{""key"": ""intensity"", ""label"": ""Thermal intensity"", ""value"": 0.813, ""weight"": 0.15, ""contribution"": 0.122, ""detail"": ""FRP 5.4 MW, 81th percentile""}, {""key"": ""persistence"", ""label"": ""Repeat detections"", ""value"": 0.2, ""weight"": 0.2, ""contribution"": 0.04, ""detail"": ""seen on 1 separate days""}, {""key"": ""corroboration"", ""label"": ""Registry corroboration"", ""value"": 0.0, ""weight"": 0.3, ""contribution"": 0.0, ""detail"": ""0 of 3 registries place infrastructure within 3 km""}, {""key"": ""physics"", ""label"": ""Combustion temperature"", ""value"": 0.0, ""weight"": 0.25, ""contribution"": 0.0, ""detail"": ""retrieved 521 K (biomass like)""}, {""key"": ""nocturnal"", ""label"": ""Burns at night"", ""value"": 0.0, ""weight"": 0.1, ""contribution"": 0.0, ""detail"": ""0% of detections at night""}]",3.0,C89
c783e9846309,9.7139,77.27146,2026-09-26,822,D,N,VIIRS,VIIRS_SNPP_NRT,n,0.38,0.36,9.71,77.27,4.06,342.21,306.89,,,503.8,0.019387251420162968,2652.2,136800.0,biomass_like,False,False,ok,2.46,scene,0.8175645569413273,0.27252151898044247,0.7027243589743589,1,1,0.0,0.2,,0.0,0.2,0.0,True,False,False,1.0,5.0,10.442,423.688,10.442,103.337,,0,0,0,0,osm|wri|gem,,0,0.0,F03237,SURULIYAR,power_plant,9.62,77.2726,wri,1,operating,35.0,MW,,No registered industrial site nearby,False,,False,0.0,0.0,0.2,0.0,0.7027243589743589,0.1454,0.1454,0.0424,0.2011,0.1229,0.1229,0.2837,Low,insufficient_evidence,Insufficient evidence,,"[{""key"": ""intensity"", ""label"": ""Thermal intensity"", ""value"": 0.703, ""weight"": 0.15, ""contribution"": 0.1054, ""detail"": ""FRP 4.1 MW, 70th percentile""}, {""key"": ""persistence"", ""label"": ""Repeat detections"", ""value"": 0.2, ""weight"": 0.2, ""contribution"": 0.04, ""detail"": ""seen on 1 separate days""}, {""key"": ""corroboration"", ""label"": ""Registry corroboration"", ""value"": 0.0, ""weight"": 0.3, ""contribution"": 0.0, ""detail"": ""0 of 3 registries place infrastructure within 3 km""}, {""key"": ""physics"", ""label"": ""Combustion temperature"", ""value"": 0.0, ""weight"": 0.25, ""contribution"": 0.0, ""detail"": ""retrieved 504 K (biomass like)""}, {""key"": ""nocturnal"", ""label"": ""Burns at night"", ""value"": 0.0, ""weight"": 0.1, ""contribution"": 0.0, ""detail"": ""0% of detections at night""}]",3.0,
3b775b3ca9cb,9.7662,79.0093,2026-09-26,839,D,N20,VIIRS,VIIRS_NOAA20_NRT,n,0.62,0.54,9.77,79.01,3.43,332.83,299.49,,,,,,334800.0,unknown,False,False,weak_11um,2.46,scene,0.49564851264567994,0.1652161708818933,0.6217948717948718,1,1,0.0,0.2,,0.0,0.2,0.0,True,False,False,1.0,5.0,23.11,328.268,47.4,23.11,,0,0,0,0,osm|wri|gem,,0,0.0,F03752,Uppur power station,power_plant,9.58299,78.90976,gem,1,construction,1600.0,MW,Tamil Nadu,No registered industrial site nearby,False,,False,0.0,0.25,0.2,0.0,0.6217948717948718,0.1958,0.1958,0.0,0.0369,0.1132,0.1132,0.2444,Low,insufficient_evidence,Insufficient evidence,,"[{""key"": ""intensity"", ""label"": ""Thermal intensity"", ""value"": 0.622, ""weight"": 0.15, ""contribution"": 0.0933, ""detail"": ""FRP 3.4 MW, 62th percentile""}, {""key"": ""physics"", ""label"": ""Combustion temperature"", ""value"": 0.25, ""weight"": 0.25, ""contribution"": 0.0625, ""detail"": ""temperature retrieval unavailable""}, {""key"": ""persistence"", ""label"": ""Repeat detections"", ""value"": 0.2, ""weight"": 0.2, ""contribution"": 0.04, ""detail"": ""seen on 1 separate days""}, {""key"": ""corroboration"", ""label"": ""Registry corroboration"", ""value"": 0.0, ""weight"": 0.3, ""contribution"": 0.0, ""detail"": ""0 of 3 registries place infrastructure within 3 km""}, {""key"": ""nocturnal"", ""label"": ""Burns at night"", ""value"": 0.0, ""weight"": 0.1, ""contribution"": 0.0, ""detail"": ""0% of detections at night""}]",3.0,
cbe4f68b0093,9.81778,78.89182,2026-09-26,839,D,N20,VIIRS,VIIRS_NOAA20_NRT,n,0.61,0.54,9.82,78.89,5.12,333.16,300.64,,,,,,329400.0,unknown,False,False,weak_11um,2.46,scene,1.359201075914957,0.4530670253049857,0.7916666666666666,1,1,0.0,0.2,,0.0,0.2,0.0,True,False,False,1.0,5.0,26.181,326.677,48.575,26.181,,0,0,0,0,osm|wri|gem,,0,0.0,F03752,Uppur power station,power_plant,9.58299,78.90976,gem,1,construction,1600.0,MW,Tamil Nadu,No registered industrial site nearby,False,,False,0.0,0.25,0.2,0.0,0.7916666666666666,0.2212,0.2212,0.0291,0.2652,0.1702,0.1702,0.359,Moderate,insufficient_evidence,Insufficient evidence,,"[{""key"": ""intensity"", ""label"": ""Thermal intensity"", ""value"": 0.792, ""weight"": 0.15, ""contribution"": 0.1187, ""detail"": ""FRP 5.1 MW, 79th percentile""}, {""key"": ""physics"", ""label"": ""Combustion temperature"", ""value"": 0.25, ""weight"": 0.25, ""contribution"": 0.0625, ""detail"": ""temperature retrieval unavailable""}, {""key"": ""persistence"", ""label"": ""Repeat detections"", ""value"": 0.2, ""weight"": 0.2, ""contribution"": 0.04, ""detail"": ""seen on 1 separate days""}, {""key"": ""corroboration"", ""label"": ""Registry corroboration"", ""value"": 0.0, ""weight"": 0.3, ""contribution"": 0.0, ""detail"": ""0 of 3 registries place infrastructure within 3 km""}, {""key"": ""nocturnal"", ""label"": ""Burns at night"", ""value"": 0.0, ""weight"": 0.1, ""contribution"": 0.0, ""detail"": ""0% of detections at night""}]",3.0,
8a02c58be7de,9.82869,78.27081,2026-09-26,822,D,N,VIIRS,VIIRS_SNPP_NRT,n,0.39,0.36,9.83,78.27,1.59,336.86,303.41,,,542.4,0.008762581326796854,1230.3,140400.0,biomass_like,False,False,ok,2.46,scene,-0.4445507278368468,0.0,0.30288461538461536,1,1,0.0,0.2,,0.0,0.2,0.0,True,False,False,1.0,5.0,19.679,353.333,19.679,70.428,,0,0,0,0,osm|wri|gem,,0,0.0,F03290,Sivaganga Solar Power Plant,power_plant,9.8043,78.4487,wri,1,operating,5.0,MW,,No registered industrial site nearby,False,,False,0.0,0.0,0.2,0.0,0.30288461538461536,0.0854,0.0854,0.0291,0.2388,0.0915,0.0915,0.1615,Low,insufficient_evidence,Insufficient evidence,,"[{""key"": ""intensity"", ""label"": ""Thermal intensity"", ""value"": 0.303, ""weight"": 0.15, ""contribution"": 0.0454, ""detail"": ""FRP 1.6 MW, 30th percentile""}, {""key"": ""persistence"", ""label"": ""Repeat detections"", ""value"": 0.2, ""weight"": 0.2, ""contribution"": 0.04, ""detail"": ""seen on 1 separate days""}, {""key"": ""corroboration"", ""label"": ""Registry corroboration"", ""value"": 0.0, ""weight"": 0.3, ""contribution"": 0.0, ""detail"": ""0 of 3 registries place infrastructure within 3 km""}, {""key"": ""physics"", ""label"": ""Combustion temperature"", ""value"": 0.0, ""weight"": 0.25, ""contribution"": 0.0, ""detail"": ""retrieved 542 K (biomass like)""}, {""key"": ""nocturnal"", ""label"": ""Burns at night"", ""value"": 0.0, ""weight"": 0.1, ""contribution"": 0.0, ""detail"": ""0% of detections at night""}]",3.0,
98bf6a52d58f,9.83428,78.91562,2026-09-26,822,D,N,VIIRS,VIIRS_SNPP_NRT,n,0.4,0.37,9.83,78.92,7.99,347.16,309.79,,,487.4,0.031189738467042174,4616.1,148000.0,smouldering,False,False,ok,2.46,scene,2.8257074999284635,0.9419024999761545,0.9182692307692307,1,1,0.0,0.2,,0.0,0.2,0.0,True,False,False,1.0,5.0,27.95,324.107,51.267,27.95,,0,0,0,0,osm|wri|gem,,0,0.0,F03752,Uppur power station,power_plant,9.58299,78.90976,gem,1,construction,1600.0,MW,Tamil Nadu,No registered industrial site nearby,False,,False,0.0,0.0,0.2,0.0,0.9182692307692307,0.1777,0.1777,0.0091,0.5665,0.1854,0.1854,0.5007,Moderate,insufficient_evidence,Insufficient evidence,,"[{""key"": ""intensity"", ""label"": ""Thermal intensity"", ""value"": 0.918, ""weight"": 0.15, ""contribution"": 0.1377, ""detail"": ""FRP 8.0 MW, 92th percentile""}, {""key"": ""persistence"", ""label"": ""Repeat detections"", ""value"": 0.2, ""weight"": 0.2, ""contribution"": 0.04, ""detail"": ""seen on 1 separate days""}, {""key"": ""corroboration"", ""label"": ""Registry corroboration"", ""value"": 0.0, ""weight"": 0.3, ""contribution"": 0.0, ""detail"": ""0 of 3 registries place infrastructure within 3 km""}, {""key"": ""physics"", ""label"": ""Combustion temperature"", ""value"": 0.0, ""weight"": 0.25, ""contribution"": 0.0, ""detail"": ""retrieved 487 K (smouldering)""}, {""key"": ""nocturnal"", ""label"": ""Burns at night"", ""value"": 0.0, ""weight"": 0.1, ""contribution"": 0.0, ""detail"": ""0% of detections at night""}]",3.0,C90
84300680ce3d,9.8345,78.91451,2026-09-26,744,D,N21,VIIRS,VIIRS_NOAA21_NRT,n,0.56,0.43,9.83,78.91,4.51,337.25,307.04,,,477.3,0.023235661693678016,5595.1,240800.0,smouldering,False,False,ok,2.46,scene,1.0475045885810759,0.34916819619369194,0.7419871794871795,1,1,0.0,0.2,,0.0,0.2,0.0,True,False,False,1.0,5.0,27.972,324.122,51.147,27.972,,0,0,0,0,osm|wri|gem,,0,0.0,F03752,Uppur power station,power_plant,9.58299,78.90976,gem,1,construction,1600.0,MW,Tamil Nadu,No registered industrial site nearby,False,,False,0.0,0.0,0.2,0.0,0.7419871794871795,0.1513,0.1513,0.0377,0.2644,0.1342,0.1342,0.3119,Low,insufficient_evidence,Insufficient evidence,,"[{""key"": ""intensity"", ""label"": ""Thermal intensity"", ""value"": 0.742, ""weight"": 0.15, ""contribution"": 0.1113, ""detail"": ""FRP 4.5 MW, 74th percentile""}, {""key"": ""persistence"", ""label"": ""Repeat detections"", ""value"": 0.2, ""weight"": 0.2, ""contribution"": 0.04, ""detail"": ""seen on 1 separate days""}, {""key"": ""corroboration"", ""label"": ""Registry corroboration"", ""value"": 0.0, ""weight"": 0.3, ""contribution"": 0.0, ""detail"": ""0 of 3 registries place infrastructure within 3 km""}, {""key"": ""physics"", ""label"": ""Combustion temperature"", ""value"": 0.0, ""weight"": 0.25, ""contribution"": 0.0, ""detail"": ""retrieved 477 K (smouldering)""}, {""key"": ""nocturnal"", ""label"": ""Burns at night"", ""value"": 0.0, ""weight"": 0.1, ""contribution"": 0.0, ""detail"": ""0% of detections at night""}]",3.0,C90
9961e940756d,9.85983,78.21469,2026-09-26,839,D,N20,VIIRS,VIIRS_NOAA20_NRT,n,0.55,0.51,9.86,78.21,4.03,332.94,299.32,,,,,,280500.0,unknown,False,False,weak_11um,2.46,scene,0.8022352214986778,0.26741174049955924,0.6995192307692307,1,1,0.0,0.2,,0.0,0.2,0.0,True,False,False,1.0,5.0,22.623,353.381,22.623,75.798,,0,0,0,0,osm|wri|gem,,0,0.0,F03196,SAMAYANALLUR DG,power_plant,9.9751,78.0445,wri,1,operating,106.0,MW,,No registered industrial site nearby,False,,False,0.0,0.25,0.2,0.0,0.6995192307692307,0.2074,0.2074,0.051,0.0561,0.1378,0.1378,0.2888,Low,insufficient_evidence,Insufficient evidence,,"[{""key"": ""intensity"", ""label"": ""Thermal intensity"", ""value"": 0.7, ""weight"": 0.15, ""contribution"": 0.1049, ""detail"": ""FRP 4.0 MW, 70th percentile""}, {""key"": ""physics"", ""label"": ""Combustion temperature"", ""value"": 0.25, ""weight"": 0.25, ""contribution"": 0.0625, ""detail"": ""temperature retrieval unavailable""}, {""key"": ""persistence"", ""label"": ""Repeat detections"", ""value"": 0.2, ""weight"": 0.2, ""contribution"": 0.04, ""detail"": ""seen on 1 separate days""}, {""key"": ""corroboration"", ""label"": ""Registry corroboration"", ""value"": 0.0, ""weight"": 0.3, ""contribution"": 0.0, ""detail"": ""0 of 3 registries place infrastructure within 3 km""}, {""key"": ""nocturnal"", ""label"": ""Burns at night"", ""value"": 0.0, ""weight"": 0.1, ""contribution"": 0.0, ""detail"": ""0% of detections at night""}]",3.0,
56d0abc8ccc0,9.86498,78.16965,2026-09-26,744,D,N21,VIIRS,VIIRS_NOAA21_NRT,n,0.41,0.45,9.86,78.17,4.55,342.84,305.95,,,512.5,0.017728764316179733,3271.0,184500.0,biomass_like,False,False,ok,2.46,scene,1.067943702504609,0.355981234168203,0.7475961538461539,1,1,0.0,0.2,,0.0,0.2,0.0,True,False,False,1.0,5.0,18.381,355.408,18.381,78.293,,0,0,0,0,osm|wri|gem,,0,0.0,F03196,SAMAYANALLUR DG,power_plant,9.9751,78.0445,wri,1,operating,106.0,MW,,No registered industrial site nearby,False,,False,0.0,0.0,0.2,0.0,0.7475961538461539,0.1521,0.1521,0.1202,0.1218,0.138,0.138,0.3159,Low,insufficient_evidence,Insufficient evidence,,"[{""key"": ""intensity"", ""label"": ""Thermal intensity"", ""value"": 0.748, ""weight"": 0.15, ""contribution"": 0.1121, ""detail"": ""FRP 4.5 MW, 75th percentile""}, {""key"": ""persistence"", ""label"": ""Repeat detections"", ""value"": 0.2, ""weight"": 0.2, ""contribution"": 0.04, ""detail"": ""seen on 1 separate days""}, {""key"": ""corroboration"", ""label"": ""Registry corroboration"", ""value"": 0.0, ""weight"": 0.3, ""contribution"": 0.0, ""detail"": ""0 of 3 registries place infrastructure within 3 km""}, {""key"": ""physics"", ""label"": ""Combustion temperature"", ""value"": 0.0, ""weight"": 0.25, ""contribution"": 0.0, ""detail"": ""retrieved 512 K (biomass like)""}, {""key"": ""nocturnal"", ""label"": ""Burns at night"", ""value"": 0.0, ""weight"": 0.1, ""contribution"": 0.0, ""detail"": ""0% of detections at night""}]",3.0,
f99ed490e8f0,9.87609,78.30017,2026-09-26,839,D,N20,VIIRS,VIIRS_NOAA20_NRT,n,0.56,0.51,9.88,78.3,3.44,331.2,299.55,,,,,,285600.0,unknown,False,False,weak_11um,2.46,scene,0.5007582911265631,0.16691943037552104,0.625,1,1,0.0,0.2,,0.0,0.2,0.0,True,False,False,1.0,5.0,18.125,347.163,18.125,74.334,,0,0,0,0,osm|wri|gem,,0,0.0,F03290,Sivaganga Solar Power Plant,power_plant,9.8043,78.4487,wri,1,operating,5.0,MW,,No registered industrial site nearby,False,,False,0.0,0.25,0.2,0.0,0.625,0.1962,0.1962,0.0,0.0865,0.1209,0.1209,0.2486,Low,insufficient_evidence,Insufficient evidence,,"[{""key"": ""intensity"", ""label"": ""Thermal intensity"", ""value"": 0.625, ""weight"": 0.15, ""contribution"": 0.0938, ""detail"": ""FRP 3.4 MW, 62th percentile""}, {""key"": ""physics"", ""label"": ""Combustion temperature"", ""value"": 0.25, ""weight"": 0.25, ""contribution"": 0.0625, ""detail"": ""temperature retrieval unavailable""}, {""key"": ""persistence"", ""label"": ""Repeat detections"", ""value"": 0.2, ""weight"": 0.2, ""contribution"": 0.04, ""detail"": ""seen on 1 separate days""}, {""key"": ""corroboration"", ""label"": ""Registry corroboration"", ""value"": 0.0, ""weight"": 0.3, ""contribution"": 0.0, ""detail"": ""0 of 3 registries place infrastructure within 3 km""}, {""key"": ""nocturnal"", ""label"": ""Burns at night"", ""value"": 0.0, ""weight"": 0.1, ""contribution"": 0.0, ""detail"": ""0% of detections at night""}]",3.0,
f6072e718932,9.89073,77.68811,2026-09-26,744,D,N21,VIIRS,VIIRS_NOAA21_NRT,n,0.44,0.46,9.89,77.69,6.79,341.6,304.77,,,531.5,0.012784205328139895,2587.5,202400.0,biomass_like,False,False,ok,2.46,scene,2.2125340822224677,0.7375113607408226,0.8733974358974359,1,1,0.0,0.2,,0.0,0.2,0.0,True,False,False,1.0,5.0,13.488,380.996,13.488,111.689,,0,0,0,0,osm|wri|gem,,0,0.0,F02694,Jambalapuram,power_plant,9.81,77.78,wri,1,operating,20.0,MW,,No registered industrial site nearby,False,,False,0.0,0.0,0.2,0.0,0.8733974358974359,0.171,0.171,0.0091,0.3622,0.1511,0.1511,0.4297,Moderate,insufficient_evidence,Insufficient evidence,,"[{""key"": ""intensity"", ""label"": ""Thermal intensity"", ""value"": 0.873, ""weight"": 0.15, ""contribution"": 0.131, ""detail"": ""FRP 6.8 MW, 87th percentile""}, {""key"": ""persistence"", ""label"": ""Repeat detections"", ""value"": 0.2, ""weight"": 0.2, ""contribution"": 0.04, ""detail"": ""seen on 1 separate days""}, {""key"": ""corroboration"", ""label"": ""Registry corroboration"", ""value"": 0.0, ""weight"": 0.3, ""contribution"": 0.0, ""detail"": ""0 of 3 registries place infrastructure within 3 km""}, {""key"": ""physics"", ""label"": ""Combustion temperature"", ""value"": 0.0, ""weight"": 0.25, ""contribution"": 0.0, ""detail"": ""retrieved 532 K (biomass like)""}, {""key"": ""nocturnal"", ""label"": ""Burns at night"", ""value"": 0.0, ""weight"": 0.1, ""contribution"": 0.0, ""detail"": ""0% of detections at night""}]",3.0,
94bc64789233,9.9919,78.67371,2026-09-26,744,D,N21,VIIRS,VIIRS_NOAA21_NRT,n,0.38,0.43,9.99,78.67,1.88,333.55,302.76,,,594.1,0.0038564105555817588,630.1,163400.0,biomass_like,False,False,ok,2.46,scene,-0.29636715189123125,0.0,0.38782051282051283,1,1,0.0,0.2,,0.0,0.2,0.0,True,False,False,1.0,5.0,32.29,317.325,32.29,52.311,,0,0,0,0,osm|wri|gem,,0,0.0,F03290,Sivaganga Solar Power Plant,power_plant,9.8043,78.4487,wri,1,operating,5.0,MW,,No registered industrial site nearby,False,,False,0.0,0.0,0.2,0.0,0.38782051282051283,0.0982,0.0982,0.0286,0.25,0.1001,0.1001,0.1738,Low,insufficient_evidence,Insufficient evidence,,"[{""key"": ""intensity"", ""label"": ""Thermal intensity"", ""value"": 0.388, ""weight"": 0.15, ""contribution"": 0.0582, ""detail"": ""FRP 1.9 MW, 39th percentile""}, {""key"": ""persistence"", ""label"": ""Repeat detections"", ""value"": 0.2, ""weight"": 0.2, ""contribution"": 0.04, ""detail"": ""seen on 1 separate days""}, {""key"": ""corroboration"", ""label"": ""Registry corroboration"", ""value"": 0.0, ""weight"": 0.3, ""contribution"": 0.0, ""detail"": ""0 of 3 registries place infrastructure within 3 km""}, {""key"": ""physics"", ""label"": ""Combustion temperature"", ""value"": 0.0, ""weight"": 0.25, ""contribution"": 0.0, ""detail"": ""retrieved 594 K (biomass like)""}, {""key"": ""nocturnal"", ""label"": ""Burns at night"", ""value"": 0.0, ""weight"": 0.1, ""contribution"": 0.0, ""detail"": ""0% of detections at night""}]",3.0,
9c5477b04ef8,10.00231,78.3959,2026-09-26,822,D,N,VIIRS,VIIRS_SNPP_NRT,n,0.39,0.36,10.0,78.4,1.63,337.89,304.13,,,526.2,0.011493844258100143,1613.7,140400.0,biomass_like,False,False,ok,2.46,scene,-0.4241116139133137,0.0,0.31650641025641024,1,1,0.0,0.2,,0.0,0.2,0.0,True,False,False,1.0,5.0,22.765,329.805,22.765,73.105,,0,0,0,0,osm|wri|gem,,0,0.0,F03290,Sivaganga Solar Power Plant,power_plant,9.8043,78.4487,wri,1,operating,5.0,MW,,No registered industrial site nearby,False,,False,0.0,0.0,0.2,0.0,0.31650641025641024,0.0875,0.0875,0.0377,0.2436,0.096,0.096,0.1649,Low,insufficient_evidence,Insufficient evidence,,"[{""key"": ""intensity"", ""label"": ""Thermal intensity"", ""value"": 0.317, ""weight"": 0.15, ""contribution"": 0.0475, ""detail"": ""FRP 1.6 MW, 32th percentile""}, {""key"": ""persistence"", ""label"": ""Repeat detections"", ""value"": 0.2, ""weight"": 0.2, ""contribution"": 0.04, ""detail"": ""seen on 1 separate days""}, {""key"": ""corroboration"", ""label"": ""Registry corroboration"", ""value"": 0.0, ""weight"": 0.3, ""contribution"": 0.0, ""detail"": ""0 of 3 registries place infrastructure within 3 km""}, {""key"": ""physics"", ""label"": ""Combustion temperature"", ""value"": 0.0, ""weight"": 0.25, ""contribution"": 0.0, ""detail"": ""retrieved 526 K (biomass like)""}, {""key"": ""nocturnal"", ""label"": ""Burns at night"", ""value"": 0.0, ""weight"": 0.1, ""contribution"": 0.0, ""detail"": ""0% of detections at night""}]",3.0,
ca050d4a4eed,10.07318,78.54955,2026-09-26,822,D,N,VIIRS,VIIRS_SNPP_NRT,n,0.39,0.36,10.07,78.55,0.59,334.87,303.97,,,539.6,0.008010545168996951,1124.7,140400.0,biomass_like,False,False,ok,2.46,scene,-0.9555285759251766,0.0,0.030448717948717948,1,1,0.0,0.2,,0.0,0.2,0.0,True,False,False,1.0,5.0,31.873,314.984,31.873,67.294,,0,0,0,0,osm|wri|gem,,0,0.0,F03290,Sivaganga Solar Power Plant,power_plant,9.8043,78.4487,wri,1,operating,5.0,MW,,No registered industrial site nearby,False,,False,0.0,0.0,0.2,0.0,0.030448717948717948,0.0446,0.0446,0.0377,0.5409,0.117,0.117,0.1457,Low,insufficient_evidence,Insufficient evidence,,"[{""key"": ""persistence"", ""label"": ""Repeat detections"", ""value"": 0.2, ""weight"": 0.2, ""contribution"": 0.04, ""detail"": ""seen on 1 separate days""}, {""key"": ""intensity"", ""label"": ""Thermal intensity"", ""value"": 0.03, ""weight"": 0.15, ""contribution"": 0.0046, ""detail"": ""FRP 0.6 MW, 3th percentile""}, {""key"": ""corroboration"", ""label"": ""Registry corroboration"", ""value"": 0.0, ""weight"": 0.3, ""contribution"": 0.0, ""detail"": ""0 of 3 registries place infrastructure within 3 km""}, {""key"": ""physics"", ""label"": ""Combustion temperature"", ""value"": 0.0, ""weight"": 0.25, ""contribution"": 0.0, ""detail"": ""retrieved 540 K (biomass like)""}, {""key"": ""nocturnal"", ""label"": ""Burns at night"", ""value"": 0.0, ""weight"": 0.1, ""contribution"": 0.0, ""detail"": ""0% of detections at night""}]",3.0,
824283090561,10.10535,77.7984,2026-09-26,822,D,N,VIIRS,VIIRS_SNPP_NRT,n,0.39,0.36,10.11,77.8,5.6,340.96,304.09,,,546.5,0.010158084736960551,1426.2,140400.0,biomass_like,False,False,ok,2.46,scene,1.604470442997355,0.5348234809991184,0.8277243589743589,1,1,0.0,0.2,,0.0,0.2,0.0,True,False,False,1.0,5.0,11.915,354.478,11.915,107.545,,0,0,0,0,osm|wri|gem,,0,0.0,F03345,Theni-Dundugul,power_plant,10.115,77.69,wri,1,operating,50.0,MW,,No registered industrial site nearby,False,,False,0.0,0.0,0.2,0.0,0.8277243589743589,0.1642,0.1642,0.0091,0.2388,0.1289,0.1289,0.3645,Moderate,insufficient_evidence,Insufficient evidence,,"[{""key"": ""intensity"", ""label"": ""Thermal intensity"", ""value"": 0.828, ""weight"": 0.15, ""contribution"": 0.1242, ""detail"": ""FRP 5.6 MW, 83th percentile""}, {""key"": ""persistence"", ""label"": ""Repeat detections"", ""value"": 0.2, ""weight"": 0.2, ""contribution"": 0.04, ""detail"": ""seen on 1 separate days""}, {""key"": ""corroboration"", ""label"": ""Registry corroboration"", ""value"": 0.0, ""weight"": 0.3, ""contribution"": 0.0, ""detail"": ""0 of 3 registries place infrastructure within 3 km""}, {""key"": ""physics"", ""label"": ""Combustion temperature"", ""value"": 0.0, ""weight"": 0.25, ""contribution"": 0.0, ""detail"": ""retrieved 546 K (biomass like)""}, {""key"": ""nocturnal"", ""label"": ""Burns at night"", ""value"": 0.0, ""weight"": 0.1, ""contribution"": 0.0, ""detail"": ""0% of detections at night""}]",3.0,
ad5508e28e15,10.29494,77.39894,2026-09-26,822,D,N,VIIRS,VIIRS_SNPP_NRT,n,0.38,0.36,10.29,77.4,2.92,331.92,302.86,,,562.4,0.005084632071172232,695.6,136800.0,biomass_like,False,False,ok,2.46,scene,0.23504981012063164,0.07834993670687722,0.5777243589743589,1,1,0.0,0.2,,0.0,0.2,0.0,True,False,False,1.0,5.0,34.046,365.099,34.046,106.565,,0,0,0,0,osm|wri|gem,,0,0.0,F03381,VAIGAI DAM,power_plant,10.0537,77.5905,wri,1,operating,13.5,MW,,No registered industrial site nearby,False,,False,0.0,0.0,0.2,0.0,0.5777243589743589,0.1267,0.1267,0.02,0.0978,0.0904,0.0904,0.208,Low,insufficient_evidence,Insufficient evidence,,"[{""key"": ""intensity"", ""label"": ""Thermal intensity"", ""value"": 0.578, ""weight"": 0.15, ""contribution"": 0.0867, ""detail"": ""FRP 2.9 MW, 58th percentile""}, {""key"": ""persistence"", ""label"": ""Repeat detections"", ""value"": 0.2, ""weight"": 0.2, ""contribution"": 0.04, ""detail"": ""seen on 1 separate days""}, {""key"": ""corroboration"", ""label"": ""Registry corroboration"", ""value"": 0.0, ""weight"": 0.3, ""contribution"": 0.0, ""detail"": ""0 of 3 registries place infrastructure within 3 km""}, {""key"": ""physics"", ""label"": ""Combustion temperature"", ""value"": 0.0, ""weight"": 0.25, ""contribution"": 0.0, ""detail"": ""retrieved 562 K (biomass like)""}, {""key"": ""nocturnal"", ""label"": ""Burns at night"", ""value"": 0.0, ""weight"": 0.1, ""contribution"": 0.0, ""detail"": ""0% of detections at night""}]",3.0,
bcd7625798c6,10.37486,79.26812,2026-09-26,822,D,N,VIIRS,VIIRS_SNPP_NRT,n,0.41,0.37,10.37,79.27,7.06,343.2,310.65,,,460.1,0.0421108471008417,6388.2,151700.0,smouldering,False,False,ok,2.46,scene,2.3504981012063166,0.7834993670687722,0.8830128205128205,1,1,0.0,0.2,,0.0,0.2,0.0,True,False,False,1.0,5.0,27.238,255.479,27.238,27.238,,0,0,0,0,osm|wri|gem,,0,0.0,F02756,KOVILKALAPPAL,power_plant,10.5415,79.4507,gem|wri,2,operating,214.88,MW,Tamil Nadu,No registered industrial site nearby,False,,False,0.0,0.0,0.2,0.0,0.8830128205128205,0.1725,0.1725,0.0224,0.6074,0.1927,0.1927,0.4609,Moderate,insufficient_evidence,Insufficient evidence,,"[{""key"": ""intensity"", ""label"": ""Thermal intensity"", ""value"": 0.883, ""weight"": 0.15, ""contribution"": 0.1325, ""detail"": ""FRP 7.1 MW, 88th percentile""}, {""key"": ""persistence"", ""label"": ""Repeat detections"", ""value"": 0.2, ""weight"": 0.2, ""contribution"": 0.04, ""detail"": ""seen on 1 separate days""}, {""key"": ""corroboration"", ""label"": ""Registry corroboration"", ""value"": 0.0, ""weight"": 0.3, ""contribution"": 0.0, ""detail"": ""0 of 3 registries place infrastructure within 3 km""}, {""key"": ""physics"", ""label"": ""Combustion temperature"", ""value"": 0.0, ""weight"": 0.25, ""contribution"": 0.0, ""detail"": ""retrieved 460 K (smouldering)""}, {""key"": ""nocturnal"", ""label"": ""Burns at night"", ""value"": 0.0, ""weight"": 0.1, ""contribution"": 0.0, ""detail"": ""0% of detections at night""}]",3.0,C91
8e6ddbe70519,10.37598,79.26829,2026-09-26,839,D,N20,VIIRS,VIIRS_NOAA20_NRT,n,0.33,0.55,10.38,79.27,2.22,333.48,301.76,,,714.8,0.0012802702842656813,232.4,181500.0,biomass_like,False,False,ok,2.46,scene,-0.12263468354119901,0.0,0.4439102564102564,1,1,0.0,0.2,,0.0,0.2,0.0,True,False,False,1.0,5.0,27.14,255.353,27.14,27.14,,0,0,0,0,osm|wri|gem,,0,0.0,F02756,KOVILKALAPPAL,power_plant,10.5415,79.4507,gem|wri,2,operating,214.88,MW,Tamil Nadu,No registered industrial site nearby,False,,False,0.0,0.0,0.2,0.0,0.4439102564102564,0.1066,0.1066,0.0,0.5529,0.1416,0.1416,0.1981,Low,insufficient_evidence,Insufficient evidence,,"[{""key"": ""intensity"", ""label"": ""Thermal intensity"", ""value"": 0.444, ""weight"": 0.15, ""contribution"": 0.0666, ""detail"": ""FRP 2.2 MW, 44th percentile""}, {""key"": ""persistence"", ""label"": ""Repeat detections"", ""value"": 0.2, ""weight"": 0.2, ""contribution"": 0.04, ""detail"": ""seen on 1 separate days""}, {""key"": ""corroboration"", ""label"": ""Registry corroboration"", ""value"": 0.0, ""weight"": 0.3, ""contribution"": 0.0, ""detail"": ""0 of 3 registries place infrastructure within 3 km""}, {""key"": ""physics"", ""label"": ""Combustion temperature"", ""value"": 0.0, ""weight"": 0.25, ""contribution"": 0.0, ""detail"": ""retrieved 715 K (biomass like)""}, {""key"": ""nocturnal"", ""label"": ""Burns at night"", ""value"": 0.0, ""weight"": 0.1, ""contribution"": 0.0, ""detail"": ""0% of detections at night""}]",3.0,C91
c3055ca6f5e1,10.4187,79.23825,2026-09-26,839,D,N20,VIIRS,VIIRS_NOAA20_NRT,n,0.33,0.55,10.42,79.24,3.22,338.75,300.77,,,,,,181500.0,unknown,False,False,weak_11um,2.46,scene,0.3883431645471307,0.12944772151571024,0.6081730769230769,1,1,0.0,0.2,,0.0,0.2,0.0,True,False,False,1.0,5.0,26.945,251.618,26.945,26.945,,0,0,0,0,osm|wri|gem,,0,0.0,F02756,KOVILKALAPPAL,power_plant,10.5415,79.4507,gem|wri,2,operating,214.88,MW,Tamil Nadu,No registered industrial site nearby,False,,False,0.0,0.25,0.2,0.0,0.6081730769230769,0.1937,0.1937,0.0,0.0577,0.1152,0.1152,0.235,Low,insufficient_evidence,Insufficient evidence,,"[{""key"": ""intensity"", ""label"": ""Thermal intensity"", ""value"": 0.608, ""weight"": 0.15, ""contribution"": 0.0912, ""detail"": ""FRP 3.2 MW, 61th percentile""}, {""key"": ""physics"", ""label"": ""Combustion temperature"", ""value"": 0.25, ""weight"": 0.25, ""contribution"": 0.0625, ""detail"": ""temperature retrieval unavailable""}, {""key"": ""persistence"", ""label"": ""Repeat detections"", ""value"": 0.2, ""weight"": 0.2, ""contribution"": 0.04, ""detail"": ""seen on 1 separate days""}, {""key"": ""corroboration"", ""label"": ""Registry corroboration"", ""value"": 0.0, ""weight"": 0.3, ""contribution"": 0.0, ""detail"": ""0 of 3 registries place infrastructure within 3 km""}, {""key"": ""nocturnal"", ""label"": ""Burns at night"", ""value"": 0.0, ""weight"": 0.1, ""contribution"": 0.0, ""detail"": ""0% of detections at night""}]",3.0,C92
557c095be446,10.435,79.22451,2026-09-26,822,D,N,VIIRS,VIIRS_SNPP_NRT,n,0.41,0.37,10.44,79.22,2.91,338.54,305.74,,,510.0,0.014722917769815935,2233.5,151700.0,biomass_like,False,False,ok,2.46,scene,0.22994003163974847,0.07664667721324948,0.5745192307692307,1,1,0.0,0.2,,0.0,0.2,0.0,True,False,False,1.0,5.0,27.42,250.282,27.42,27.42,,0,0,0,0,osm|wri|gem,,0,0.0,F02756,KOVILKALAPPAL,power_plant,10.5415,79.4507,gem|wri,2,operating,214.88,MW,Tamil Nadu,No registered industrial site nearby,False,,False,0.0,0.0,0.2,0.0,0.5745192307692307,0.1262,0.1262,0.0091,0.1482,0.0944,0.0944,0.2091,Low,insufficient_evidence,Insufficient evidence,,"[{""key"": ""intensity"", ""label"": ""Thermal intensity"", ""value"": 0.575, ""weight"": 0.15, ""contribution"": 0.0862, ""detail"": ""FRP 2.9 MW, 57th percentile""}, {""key"": ""persistence"", ""label"": ""Repeat detections"", ""value"": 0.2, ""weight"": 0.2, ""contribution"": 0.04, ""detail"": ""seen on 1 separate days""}, {""key"": ""corroboration"", ""label"": ""Registry corroboration"", ""value"": 0.0, ""weight"": 0.3, ""contribution"": 0.0, ""detail"": ""0 of 3 registries place infrastructure within 3 km""}, {""key"": ""physics"", ""label"": ""Combustion temperature"", ""value"": 0.0, ""weight"": 0.25, ""contribution"": 0.0, ""detail"": ""retrieved 510 K (biomass like)""}, {""key"": ""nocturnal"", ""label"": ""Burns at night"", ""value"": 0.0, ""weight"": 0.1, ""contribution"": 0.0, ""detail"": ""0% of detections at night""}]",3.0,C92
d0b547c8780d,10.46607,79.25027,2026-09-26,822,D,N,VIIRS,VIIRS_SNPP_NRT,n,0.41,0.37,10.47,79.25,5.43,347.44,310.6,,,479.4,0.03608076350912192,5473.5,151700.0,smouldering,False,False,ok,2.46,scene,1.5176042088223392,0.5058680696074463,0.8197115384615384,1,1,0.0,0.2,,0.0,0.2,0.0,True,False,False,1.0,5.0,23.464,246.191,23.464,23.464,,0,0,0,0,osm|wri|gem,,0,0.0,F02756,KOVILKALAPPAL,power_plant,10.5415,79.4507,gem|wri,2,operating,214.88,MW,Tamil Nadu,No registered industrial site nearby,False,,False,0.0,0.0,0.2,0.0,0.8197115384615384,0.163,0.163,0.0091,0.3173,0.14,0.14,0.3614,Moderate,insufficient_evidence,Insufficient evidence,,"[{""key"": ""intensity"", ""label"": ""Thermal intensity"", ""value"": 0.82, ""weight"": 0.15, ""contribution"": 0.123, ""detail"": ""FRP 5.4 MW, 82th percentile""}, {""key"": ""persistence"", ""label"": ""Repeat detections"", ""value"": 0.2, ""weight"": 0.2, ""contribution"": 0.04, ""detail"": ""seen on 1 separate days""}, {""key"": ""corroboration"", ""label"": ""Registry corroboration"", ""value"": 0.0, ""weight"": 0.3, ""contribution"": 0.0, ""detail"": ""0 of 3 registries place infrastructure within 3 km""}, {""key"": ""physics"", ""label"": ""Combustion temperature"", ""value"": 0.0, ""weight"": 0.25, ""contribution"": 0.0, ""detail"": ""retrieved 479 K (smouldering)""}, {""key"": ""nocturnal"", ""label"": ""Burns at night"", ""value"": 0.0, ""weight"": 0.1, ""contribution"": 0.0, ""detail"": ""0% of detections at night""}]",3.0,
201f45287c62,10.53714,77.34552,2026-09-26,822,D,N,VIIRS,VIIRS_SNPP_NRT,n,0.38,0.36,10.54,77.35,3.97,339.3,308.05,,,466.3,0.031617636508417375,4325.3,136800.0,smouldering,False,False,ok,2.46,scene,0.7715765506133779,0.25719218353779266,0.6963141025641025,1,1,0.0,0.2,,0.0,0.2,0.0,True,False,False,1.0,5.0,14.64,349.745,14.64,91.288,,0,0,0,0,osm|wri|gem,,0,0.0,F03377,Udumalpet Wind Farm,power_plant,10.6143,77.237,wri,1,operating,25.7,MW,,No registered industrial site nearby,False,,False,0.0,0.0,0.2,0.0,0.6963141025641025,0.1444,0.1444,0.0424,0.3782,0.1489,0.1489,0.2909,Low,insufficient_evidence,Insufficient evidence,,"[{""key"": ""intensity"", ""label"": ""Thermal intensity"", ""value"": 0.696, ""weight"": 0.15, ""contribution"": 0.1044, ""detail"": ""FRP 4.0 MW, 70th percentile""}, {""key"": ""persistence"", ""label"": ""Repeat detections"", ""value"": 0.2, ""weight"": 0.2, ""contribution"": 0.04, ""detail"": ""seen on 1 separate days""}, {""key"": ""corroboration"", ""label"": ""Registry corroboration"", ""value"": 0.0, ""weight"": 0.3, ""contribution"": 0.0, ""detail"": ""0 of 3 registries place infrastructure within 3 km""}, {""key"": ""physics"", ""label"": ""Combustion temperature"", ""value"": 0.0, ""weight"": 0.25, ""contribution"": 0.0, ""detail"": ""retrieved 466 K (smouldering)""}, {""key"": ""nocturnal"", ""label"": ""Burns at night"", ""value"": 0.0, ""weight"": 0.1, ""contribution"": 0.0, ""detail"": ""0% of detections at night""}]",3.0,
9511ce1069f9,10.54768,79.61707,2026-09-26,822,D,N,VIIRS,VIIRS_SNPP_NRT,n,0.43,0.38,10.55,79.62,4.71,341.17,309.96,,,548.8,0.008712148239353448,1423.6,163400.0,biomass_like,False,False,ok,2.46,scene,1.1497001581987418,0.3832333860662473,0.7620192307692307,1,1,0.0,0.2,,0.0,0.2,0.0,True,False,False,1.0,5.0,18.2,225.096,18.2,18.2,,0,0,0,0,osm|wri|gem,,0,0.0,F02756,KOVILKALAPPAL,power_plant,10.5415,79.4507,gem|wri,2,operating,214.88,MW,Tamil Nadu,No registered industrial site nearby,False,,False,0.0,0.0,0.2,0.0,0.7620192307692307,0.1543,0.1543,0.1554,0.1026,0.1469,0.1469,0.3281,Low,insufficient_evidence,Insufficient evidence,,"[{""key"": ""intensity"", ""label"": ""Thermal intensity"", ""value"": 0.762, ""weight"": 0.15, ""contribution"": 0.1143, ""detail"": ""FRP 4.7 MW, 76th percentile""}, {""key"": ""persistence"", ""label"": ""Repeat detections"", ""value"": 0.2, ""weight"": 0.2, ""contribution"": 0.04, ""detail"": ""seen on 1 separate days""}, {""key"": ""corroboration"", ""label"": ""Registry corroboration"", ""value"": 0.0, ""weight"": 0.3, ""contribution"": 0.0, ""detail"": ""0 of 3 registries place infrastructure within 3 km""}, {""key"": ""physics"", ""label"": ""Combustion temperature"", ""value"": 0.0, ""weight"": 0.25, ""contribution"": 0.0, ""detail"": ""retrieved 549 K (biomass like)""}, {""key"": ""nocturnal"", ""label"": ""Burns at night"", ""value"": 0.0, ""weight"": 0.1, ""contribution"": 0.0, ""detail"": ""0% of detections at night""}]",3.0,
3d2b731503b7,10.78657,77.78237,2026-09-26,746,D,N21,VIIRS,VIIRS_NOAA21_NRT,n,0.42,0.45,10.79,77.78,2.77,343.29,308.11,,,450.2,0.05463380412327717,10325.8,189000.0,smouldering,False,False,ok,2.46,scene,0.15840313290738223,0.05280104430246074,0.5552884615384616,1,1,0.0,0.2,,0.0,0.2,0.0,True,False,False,1.0,5.0,20.069,296.491,20.069,37.68,,0,0,0,0,osm|wri|gem,,0,0.0,F02965,Monjanur,power_plant,10.967,77.778,wri,1,operating,15.0,MW,,No registered industrial site nearby,False,,False,0.0,0.0,0.2,0.0,0.5552884615384616,0.1233,0.1233,0.0291,0.5673,0.1616,0.1616,0.2314,Low,insufficient_evidence,Insufficient evidence,,"[{""key"": ""intensity"", ""label"": ""Thermal intensity"", ""value"": 0.555, ""weight"": 0.15, ""contribution"": 0.0833, ""detail"": ""FRP 2.8 MW, 56th percentile""}, {""key"": ""persistence"", ""label"": ""Repeat detections"", ""value"": 0.2, ""weight"": 0.2, ""contribution"": 0.04, ""detail"": ""seen on 1 separate days""}, {""key"": ""corroboration"", ""label"": ""Registry corroboration"", ""value"": 0.0, ""weight"": 0.3, ""contribution"": 0.0, ""detail"": ""0 of 3 registries place infrastructure within 3 km""}, {""key"": ""physics"", ""label"": ""Combustion temperature"", ""value"": 0.0, ""weight"": 0.25, ""contribution"": 0.0, ""detail"": ""retrieved 450 K (smouldering)""}, {""key"": ""nocturnal"", ""label"": ""Burns at night"", ""value"": 0.0, ""weight"": 0.1, ""contribution"": 0.0, ""detail"": ""0% of detections at night""}]",3.0,
72d65c18b36b,10.83539,78.67876,2026-09-26,822,D,N,VIIRS,VIIRS_SNPP_NRT,n,0.4,0.37,10.84,78.68,2.84,337.72,307.13,,,526.7,0.010485067202120363,1551.8,148000.0,biomass_like,False,False,ok,2.46,scene,0.19417158227356524,0.06472386075785508,0.5665064102564102,1,1,0.0,0.2,,0.0,0.2,0.0,True,False,False,1.0,5.0,10.81,234.388,10.81,78.383,,0,0,0,0,osm|wri|gem,,0,0.0,F03353,Tiruchi,power_plant,10.92,78.63,wri,1,operating,10.0,MW,,No registered industrial site nearby,False,,False,0.0,0.0,0.2,0.0,0.5665064102564102,0.125,0.125,0.0,0.1378,0.0894,0.0894,0.2031,Low,insufficient_evidence,Insufficient evidence,,"[{""key"": ""intensity"", ""label"": ""Thermal intensity"", ""value"": 0.567, ""weight"": 0.15, ""contribution"": 0.085, ""detail"": ""FRP 2.8 MW, 57th percentile""}, {""key"": ""persistence"", ""label"": ""Repeat detections"", ""value"": 0.2, ""weight"": 0.2, ""contribution"": 0.04, ""detail"": ""seen on 1 separate days""}, {""key"": ""corroboration"", ""label"": ""Registry corroboration"", ""value"": 0.0, ""weight"": 0.3, ""contribution"": 0.0, ""detail"": ""0 of 3 registries place infrastructure within 3 km""}, {""key"": ""physics"", ""label"": ""Combustion temperature"", ""value"": 0.0, ""weight"": 0.25, ""contribution"": 0.0, ""detail"": ""retrieved 527 K (biomass like)""}, {""key"": ""nocturnal"", ""label"": ""Burns at night"", ""value"": 0.0, ""weight"": 0.1, ""contribution"": 0.0, ""detail"": ""0% of detections at night""}]",3.0,
05df13878f0e,10.88271,79.31465,2026-09-26,841,D,N20,VIIRS,VIIRS_NOAA20_NRT,n,0.34,0.56,10.88,79.31,4.07,339.93,299.96,,,,,,190400.0,unknown,False,False,weak_11um,2.46,scene,0.822674335422211,0.27422477847407034,0.7051282051282052,1,1,0.0,0.2,,0.0,0.2,0.0,True,False,False,1.0,5.0,33.292,199.756,33.292,35.198,,0,0,0,0,osm|wri|gem,,0,0.0,F02835,Komal West Solar Power Plant,power_plant,11.0118,79.5898,wri,1,operating,1.0,MW,,No registered industrial site nearby,False,,False,0.0,0.25,0.2,0.0,0.7051282051282052,0.2083,0.2083,0.0424,0.2115,0.159,0.159,0.3006,Low,insufficient_evidence,Insufficient evidence,,"[{""key"": ""intensity"", ""label"": ""Thermal intensity"", ""value"": 0.705, ""weight"": 0.15, ""contribution"": 0.1058, ""detail"": ""FRP 4.1 MW, 71th percentile""}, {""key"": ""physics"", ""label"": ""Combustion temperature"", ""value"": 0.25, ""weight"": 0.25, ""contribution"": 0.0625, ""detail"": ""temperature retrieval unavailable""}, {""key"": ""persistence"", ""label"": ""Repeat detections"", ""value"": 0.2, ""weight"": 0.2, ""contribution"": 0.04, ""detail"": ""seen on 1 separate days""}, {""key"": ""corroboration"", ""label"": ""Registry corroboration"", ""value"": 0.0, ""weight"": 0.3, ""contribution"": 0.0, ""detail"": ""0 of 3 registries place infrastructure within 3 km""}, {""key"": ""nocturnal"", ""label"": ""Burns at night"", ""value"": 0.0, ""weight"": 0.1, ""contribution"": 0.0, ""detail"": ""0% of detections at night""}]",3.0,
85ea1b42be09,10.90152,79.74362,2026-09-26,746,D,N21,VIIRS,VIIRS_NOAA21_NRT,n,0.49,0.4,10.9,79.74,7.68,336.23,306.58,,,,,,196000.0,unknown,False,False,weak_11um,2.46,scene,2.6673043670210808,0.8891014556736936,0.9038461538461539,1,1,0.0,0.2,,0.0,0.2,0.0,True,False,False,1.0,5.0,8.682,183.541,9.185,8.682,,0,0,0,0,osm|wri|gem,,0,0.0,F03663,Nagai Nagapattinam Power Project,power_plant,10.824085,79.753828,gem,1,operating,300.0,MW,Tamil Nadu,Near industrial activity,False,,False,0.0,0.25,0.2,0.0,0.9038461538461539,0.2381,0.2381,0.0091,0.5176,0.2113,0.2113,0.4977,Moderate,insufficient_evidence,Insufficient evidence,,"[{""key"": ""intensity"", ""label"": ""Thermal intensity"", ""value"": 0.904, ""weight"": 0.15, ""contribution"": 0.1356, ""detail"": ""FRP 7.7 MW, 90th percentile""}, {""key"": ""physics"", ""label"": ""Combustion temperature"", ""value"": 0.25, ""weight"": 0.25, ""contribution"": 0.0625, ""detail"": ""temperature retrieval unavailable""}, {""key"": ""persistence"", ""label"": ""Repeat detections"", ""value"": 0.2, ""weight"": 0.2, ""contribution"": 0.04, ""detail"": ""seen on 1 separate days""}, {""key"": ""corroboration"", ""label"": ""Registry corroboration"", ""value"": 0.0, ""weight"": 0.3, ""contribution"": 0.0, ""detail"": ""0 of 3 registries place infrastructure within 3 km""}, {""key"": ""nocturnal"", ""label"": ""Burns at night"", ""value"": 0.0, ""weight"": 0.1, ""contribution"": 0.0, ""detail"": ""0% of detections at night""}]",3.0,C44
464fbb554054,10.90489,79.74549,2026-09-26,822,D,N,VIIRS,VIIRS_SNPP_NRT,n,0.43,0.38,10.9,79.75,4.2,343.07,306.72,,,,,,163400.0,unknown,False,False,weak_11um,2.46,scene,0.8891014556736938,0.29636715189123125,0.71875,1,1,0.0,0.2,,0.0,0.2,0.0,True,False,False,1.0,5.0,8.859,183.128,8.859,9.031,,0,0,0,0,osm|wri|gem,,0,0.0,F02719,KARAIKAL,power_plant,10.9325,79.8216,wri,1,operating,32.5,MW,,Near industrial activity,False,,False,0.0,0.25,0.2,0.0,0.71875,0.2103,0.2103,0.0291,0.2877,0.1676,0.1676,0.3114,Low,insufficient_evidence,Insufficient evidence,,"[{""key"": ""intensity"", ""label"": ""Thermal intensity"", ""value"": 0.719, ""weight"": 0.15, ""contribution"": 0.1078, ""detail"": ""FRP 4.2 MW, 72th percentile""}, {""key"": ""physics"", ""label"": ""Combustion temperature"", ""value"": 0.25, ""weight"": 0.25, ""contribution"": 0.0625, ""detail"": ""temperature retrieval unavailable""}, {""key"": ""persistence"", ""label"": ""Repeat detections"", ""value"": 0.2, ""weight"": 0.2, ""contribution"": 0.04, ""detail"": ""seen on 1 separate days""}, {""key"": ""corroboration"", ""label"": ""Registry corroboration"", ""value"": 0.0, ""weight"": 0.3, ""contribution"": 0.0, ""detail"": ""0 of 3 registries place infrastructure within 3 km""}, {""key"": ""nocturnal"", ""label"": ""Burns at night"", ""value"": 0.0, ""weight"": 0.1, ""contribution"": 0.0, ""detail"": ""0% of detections at night""}]",3.0,C44
63c6a0cc5dd2,10.90518,79.74301,2026-09-26,746,D,N21,VIIRS,VIIRS_NOAA21_NRT,n,0.49,0.4,10.91,79.74,7.68,341.17,305.7,,,,,,196000.0,unknown,False,False,weak_11um,2.46,scene,2.6673043670210808,0.8891014556736936,0.9038461538461539,1,1,0.0,0.2,,0.0,0.2,0.0,True,False,False,1.0,5.0,9.094,183.162,9.103,9.094,,0,0,0,0,osm|wri|gem,,0,0.0,F03663,Nagai Nagapattinam Power Project,power_plant,10.824085,79.753828,gem,1,operating,300.0,MW,Tamil Nadu,Near industrial activity,False,,False,0.0,0.25,0.2,0.0,0.9038461538461539,0.2381,0.2381,0.0091,0.5032,0.2092,0.2092,0.4968,Moderate,insufficient_evidence,Insufficient evidence,,"[{""key"": ""intensity"", ""label"": ""Thermal intensity"", ""value"": 0.904, ""weight"": 0.15, ""contribution"": 0.1356, ""detail"": ""FRP 7.7 MW, 90th percentile""}, {""key"": ""physics"", ""label"": ""Combustion temperature"", ""value"": 0.25, ""weight"": 0.25, ""contribution"": 0.0625, ""detail"": ""temperature retrieval unavailable""}, {""key"": ""persistence"", ""label"": ""Repeat detections"", ""value"": 0.2, ""weight"": 0.2, ""contribution"": 0.04, ""detail"": ""seen on 1 separate days""}, {""key"": ""corroboration"", ""label"": ""Registry corroboration"", ""value"": 0.0, ""weight"": 0.3, ""contribution"": 0.0, ""detail"": ""0 of 3 registries place infrastructure within 3 km""}, {""key"": ""nocturnal"", ""label"": ""Burns at night"", ""value"": 0.0, ""weight"": 0.1, ""contribution"": 0.0, ""detail"": ""0% of detections at night""}]",3.0,C44
c612a446599b,11.0683,79.28805,2026-09-26,822,D,N,VIIRS,VIIRS_SNPP_NRT,n,0.42,0.38,11.07,79.29,5.75,345.74,308.27,,,544.5,0.012268037468142326,1958.0,159600.0,biomass_like,False,False,ok,2.46,scene,1.6811171202106048,0.560372373403535,0.8349358974358975,1,1,0.0,0.2,,0.0,0.2,0.0,True,False,False,1.0,5.0,18.599,181.118,26.9,18.599,,0,0,0,0,osm|wri|gem,,0,0.0,F03593,Jayamkondam power station,power_plant,11.2167,79.3667,gem,1,cancelled,500.0,MW,Tamil Nadu,No registered industrial site nearby,False,,False,0.0,0.0,0.2,0.0,0.8349358974358975,0.1652,0.1652,0.0091,0.2756,0.1349,0.1349,0.3743,Moderate,insufficient_evidence,Insufficient evidence,,"[{""key"": ""intensity"", ""label"": ""Thermal intensity"", ""value"": 0.835, ""weight"": 0.15, ""contribution"": 0.1252, ""detail"": ""FRP 5.8 MW, 83th percentile""}, {""key"": ""persistence"", ""label"": ""Repeat detections"", ""value"": 0.2, ""weight"": 0.2, ""contribution"": 0.04, ""detail"": ""seen on 1 separate days""}, {""key"": ""corroboration"", ""label"": ""Registry corroboration"", ""value"": 0.0, ""weight"": 0.3, ""contribution"": 0.0, ""detail"": ""0 of 3 registries place infrastructure within 3 km""}, {""key"": ""physics"", ""label"": ""Combustion temperature"", ""value"": 0.0, ""weight"": 0.25, ""contribution"": 0.0, ""detail"": ""retrieved 544 K (biomass like)""}, {""key"": ""nocturnal"", ""label"": ""Burns at night"", ""value"": 0.0, ""weight"": 0.1, ""contribution"": 0.0, ""detail"": ""0% of detections at night""}]",3.0,
d2f98db9d54e,11.1185,76.91002,2026-09-26,746,D,N21,VIIRS,VIIRS_NOAA21_NRT,n,0.48,0.48,11.12,76.91,4.54,334.29,301.66,,,651.3,0.002303808250744314,530.8,230400.0,biomass_like,False,False,ok,2.46,scene,1.062833924023726,0.3542779746745753,0.7451923076923077,1,1,0.0,0.2,,0.0,0.2,0.0,True,False,False,1.0,5.0,5.143,347.842,5.143,118.706,,0,0,0,0,osm|wri|gem,,0,0.0,F02516,Coimbatore,power_plant,11.143,76.95,wri,1,operating,10.0,MW,,Near industrial activity,False,,False,0.0,0.0,0.2,0.0,0.7451923076923077,0.1518,0.1518,0.051,0.5425,0.1802,0.1802,0.3342,Low,insufficient_evidence,Insufficient evidence,,"[{""key"": ""intensity"", ""label"": ""Thermal intensity"", ""value"": 0.745, ""weight"": 0.15, ""contribution"": 0.1118, ""detail"": ""FRP 4.5 MW, 75th percentile""}, {""key"": ""persistence"", ""label"": ""Repeat detections"", ""value"": 0.2, ""weight"": 0.2, ""contribution"": 0.04, ""detail"": ""seen on 1 separate days""}, {""key"": ""corroboration"", ""label"": ""Registry corroboration"", ""value"": 0.0, ""weight"": 0.3, ""contribution"": 0.0, ""detail"": ""0 of 3 registries place infrastructure within 3 km""}, {""key"": ""physics"", ""label"": ""Combustion temperature"", ""value"": 0.0, ""weight"": 0.25, ""contribution"": 0.0, ""detail"": ""retrieved 651 K (biomass like)""}, {""key"": ""nocturnal"", ""label"": ""Burns at night"", ""value"": 0.0, ""weight"": 0.1, ""contribution"": 0.0, ""detail"": ""0% of detections at night""}]",3.0,
fa95a14850d2,11.12721,77.43645,2026-09-26,746,D,N21,VIIRS,VIIRS_NOAA21_NRT,n,0.44,0.46,11.13,77.44,3.88,341.11,300.04,,,,,,202400.0,unknown,False,False,weak_11um,2.46,scene,0.7255885442854282,0.24186284809514272,0.6875,1,1,0.0,0.2,,0.0,0.2,0.0,True,False,False,1.0,5.0,23.07,299.542,23.07,61.594,,0,0,0,0,osm|wri|gem,,0,0.0,F03248,Sai Sulphonates Wind Mill,power_plant,10.9262,77.3841,wri,1,operating,1.5,MW,,No registered industrial site nearby,False,,False,0.0,0.25,0.2,0.0,0.6875,0.2056,0.2056,0.0291,0.0264,0.1258,0.1258,0.2758,Low,insufficient_evidence,Insufficient evidence,,"[{""key"": ""intensity"", ""label"": ""Thermal intensity"", ""value"": 0.688, ""weight"": 0.15, ""contribution"": 0.1031, ""detail"": ""FRP 3.9 MW, 69th percentile""}, {""key"": ""physics"", ""label"": ""Combustion temperature"", ""value"": 0.25, ""weight"": 0.25, ""contribution"": 0.0625, ""detail"": ""temperature retrieval unavailable""}, {""key"": ""persistence"", ""label"": ""Repeat detections"", ""value"": 0.2, ""weight"": 0.2, ""contribution"": 0.04, ""detail"": ""seen on 1 separate days""}, {""key"": ""corroboration"", ""label"": ""Registry corroboration"", ""value"": 0.0, ""weight"": 0.3, ""contribution"": 0.0, ""detail"": ""0 of 3 registries place infrastructure within 3 km""}, {""key"": ""nocturnal"", ""label"": ""Burns at night"", ""value"": 0.0, ""weight"": 0.1, ""contribution"": 0.0, ""detail"": ""0% of detections at night""}]",3.0,
b6216b2f1fdb,11.13447,76.97626,2026-09-26,746,D,N21,VIIRS,VIIRS_NOAA21_NRT,n,0.47,0.48,11.13,76.98,4.55,333.39,301.03,,,,,,225600.0,unknown,False,False,weak_11um,2.46,scene,1.067943702504609,0.355981234168203,0.7475961538461539,1,1,0.0,0.2,,0.0,0.2,0.0,True,False,False,1.0,5.0,3.018,340.745,3.018,111.62,,0,0,0,0,osm|wri|gem,,0,0.0,F02516,Coimbatore,power_plant,11.143,76.95,wri,1,operating,10.0,MW,,Near industrial activity,False,,False,0.0,0.25,0.2,0.0,0.7475961538461539,0.2146,0.2146,0.1304,0.5505,0.2397,0.2397,0.3616,Moderate,insufficient_evidence,Insufficient evidence,,"[{""key"": ""intensity"", ""label"": ""Thermal intensity"", ""value"": 0.748, ""weight"": 0.15, ""contribution"": 0.1121, ""detail"": ""FRP 4.5 MW, 75th percentile""}, {""key"": ""physics"", ""label"": ""Combustion temperature"", ""value"": 0.25, ""weight"": 0.25, ""contribution"": 0.0625, ""detail"": ""temperature retrieval unavailable""}, {""key"": ""persistence"", ""label"": ""Repeat detections"", ""value"": 0.2, ""weight"": 0.2, ""contribution"": 0.04, ""detail"": ""seen on 1 separate days""}, {""key"": ""corroboration"", ""label"": ""Registry corroboration"", ""value"": 0.0, ""weight"": 0.3, ""contribution"": 0.0, ""detail"": ""0 of 3 registries place infrastructure within 3 km""}, {""key"": ""nocturnal"", ""label"": ""Burns at night"", ""value"": 0.0, ""weight"": 0.1, ""contribution"": 0.0, ""detail"": ""0% of detections at night""}]",3.0,
59e948222408,11.23387,78.15085,2026-09-26,822,D,N,VIIRS,VIIRS_SNPP_NRT,n,0.39,0.36,11.23,78.15,3.46,341.42,306.23,,,458.5,0.04305108841462492,6044.4,140400.0,smouldering,False,False,ok,2.46,scene,0.5109778480883297,0.17032594936277656,0.6330128205128205,1,1,0.0,0.2,,0.0,0.2,0.0,True,False,False,1.0,5.0,26.292,232.758,31.093,26.292,,0,0,0,0,osm|wri|gem,,0,0.0,F03602,Kagithapuram Mill power station,power_plant,11.052854,77.995806,gem,1,operating,40.0,MW,Tamil Nadu,No registered industrial site nearby,False,,False,0.0,0.0,0.2,0.0,0.6330128205128205,0.135,0.135,0.0091,0.4551,0.1452,0.1452,0.2612,Low,insufficient_evidence,Insufficient evidence,,"[{""key"": ""intensity"", ""label"": ""Thermal intensity"", ""value"": 0.633, ""weight"": 0.15, ""contribution"": 0.095, ""detail"": ""FRP 3.5 MW, 63th percentile""}, {""key"": ""persistence"", ""label"": ""Repeat detections"", ""value"": 0.2, ""weight"": 0.2, ""contribution"": 0.04, ""detail"": ""seen on 1 separate days""}, {""key"": ""corroboration"", ""label"": ""Registry corroboration"", ""value"": 0.0, ""weight"": 0.3, ""contribution"": 0.0, ""detail"": ""0 of 3 registries place infrastructure within 3 km""}, {""key"": ""physics"", ""label"": ""Combustion temperature"", ""value"": 0.0, ""weight"": 0.25, ""contribution"": 0.0, ""detail"": ""retrieved 458 K (smouldering)""}, {""key"": ""nocturnal"", ""label"": ""Burns at night"", ""value"": 0.0, ""weight"": 0.1, ""contribution"": 0.0, ""detail"": ""0% of detections at night""}]",3.0,
a417d36edc9a,11.24288,79.49145,2026-09-26,822,D,N,VIIRS,VIIRS_SNPP_NRT,n,0.43,0.38,11.24,79.49,3.58,338.93,304.27,,,778.5,0.0010413024642250788,170.1,163400.0,biomass_like,False,False,ok,2.46,scene,0.5722951898589294,0.1907650632863098,0.6514423076923077,1,1,0.0,0.2,,0.0,0.2,0.0,True,False,False,1.0,5.0,13.914,155.928,14.17,13.914,,0,0,0,0,osm|wri|gem,,0,0.0,F03593,Jayamkondam power station,power_plant,11.2167,79.3667,gem,1,cancelled,500.0,MW,Tamil Nadu,No registered industrial site nearby,False,,False,0.0,0.0,0.2,0.0,0.6514423076923077,0.1377,0.1377,0.0,0.6482,0.173,0.173,0.2807,Low,insufficient_evidence,Insufficient evidence,,"[{""key"": ""intensity"", ""label"": ""Thermal intensity"", ""value"": 0.651, ""weight"": 0.15, ""contribution"": 0.0977, ""detail"": ""FRP 3.6 MW, 65th percentile""}, {""key"": ""persistence"", ""label"": ""Repeat detections"", ""value"": 0.2, ""weight"": 0.2, ""contribution"": 0.04, ""detail"": ""seen on 1 separate days""}, {""key"": ""corroboration"", ""label"": ""Registry corroboration"", ""value"": 0.0, ""weight"": 0.3, ""contribution"": 0.0, ""detail"": ""0 of 3 registries place infrastructure within 3 km""}, {""key"": ""physics"", ""label"": ""Combustion temperature"", ""value"": 0.0, ""weight"": 0.25, ""contribution"": 0.0, ""detail"": ""retrieved 778 K (biomass like)""}, {""key"": ""nocturnal"", ""label"": ""Burns at night"", ""value"": 0.0, ""weight"": 0.1, ""contribution"": 0.0, ""detail"": ""0% of detections at night""}]",3.0,
8a3620c0bfe5,11.43383,78.12321,2026-09-26,841,D,N20,VIIRS,VIIRS_NOAA20_NRT,n,0.57,0.52,11.43,78.12,2.03,332.86,301.91,,,471.2,0.022843832655322305,6770.9,296400.0,smouldering,False,False,ok,2.46,scene,-0.21972047467798186,0.0,0.40064102564102566,1,1,0.0,0.2,,0.0,0.2,0.0,True,False,False,1.0,5.0,35.188,219.725,35.188,44.583,,0,0,0,0,osm|wri|gem,,0,0.0,F02374,BHAWANI KATTALAI -III,power_plant,11.2428,77.8659,wri,1,operating,30.0,MW,,No registered industrial site nearby,False,,False,0.0,0.0,0.2,0.0,0.40064102564102566,0.1001,0.1001,0.0091,0.4287,0.1221,0.1221,0.185,Low,insufficient_evidence,Insufficient evidence,,"[{""key"": ""intensity"", ""label"": ""Thermal intensity"", ""value"": 0.401, ""weight"": 0.15, ""contribution"": 0.0601, ""detail"": ""FRP 2.0 MW, 40th percentile""}, {""key"": ""persistence"", ""label"": ""Repeat detections"", ""value"": 0.2, ""weight"": 0.2, ""contribution"": 0.04, ""detail"": ""seen on 1 separate days""}, {""key"": ""corroboration"", ""label"": ""Registry corroboration"", ""value"": 0.0, ""weight"": 0.3, ""contribution"": 0.0, ""detail"": ""0 of 3 registries place infrastructure within 3 km""}, {""key"": ""physics"", ""label"": ""Combustion temperature"", ""value"": 0.0, ""weight"": 0.25, ""contribution"": 0.0, ""detail"": ""retrieved 471 K (smouldering)""}, {""key"": ""nocturnal"", ""label"": ""Burns at night"", ""value"": 0.0, ""weight"": 0.1, ""contribution"": 0.0, ""detail"": ""0% of detections at night""}]",3.0,
26b81ae85803,11.65035,79.12324,2026-09-26,746,D,N21,VIIRS,VIIRS_NOAA21_NRT,n,0.51,0.41,11.65,79.12,25.38,349.37,310.68,,,509.5,0.02359165587683736,4933.0,209100.0,biomass_like,False,False,ok,2.46,scene,11.711612278184516,1.0,0.9951923076923077,1,1,0.0,0.2,,0.0,0.2,0.0,True,False,False,1.0,5.0,34.154,132.32,34.154,34.154,,0,0,0,0,osm|wri|gem,,0,0.0,F03004,NEYVELI TPS(Z),power_plant,11.5401,79.4159,gem|wri,2,operating,750.0,MW,Tamil Nadu,No registered industrial site nearby,False,,False,0.0,0.0,0.2,0.0,0.9951923076923077,0.1893,0.1893,0.0962,0.9704,0.2785,0.2785,0.5648,High,insufficient_evidence,Insufficient evidence,,"[{""key"": ""intensity"", ""label"": ""Thermal intensity"", ""value"": 0.995, ""weight"": 0.15, ""contribution"": 0.1493, ""detail"": ""FRP 25.4 MW, 100th percentile""}, {""key"": ""persistence"", ""label"": ""Repeat detections"", ""value"": 0.2, ""weight"": 0.2, ""contribution"": 0.04, ""detail"": ""seen on 1 separate days""}, {""key"": ""corroboration"", ""label"": ""Registry corroboration"", ""value"": 0.0, ""weight"": 0.3, ""contribution"": 0.0, ""detail"": ""0 of 3 registries place infrastructure within 3 km""}, {""key"": ""physics"", ""label"": ""Combustion temperature"", ""value"": 0.0, ""weight"": 0.25, ""contribution"": 0.0, ""detail"": ""retrieved 510 K (biomass like)""}, {""key"": ""nocturnal"", ""label"": ""Burns at night"", ""value"": 0.0, ""weight"": 0.1, ""contribution"": 0.0, ""detail"": ""0% of detections at night""}]",3.0,
d4c41f724e67,11.70279,79.28355,2026-09-26,841,D,N20,VIIRS,VIIRS_NOAA20_NRT,n,0.35,0.56,11.7,79.28,3.16,342.86,300.17,,,,,,196000.0,unknown,False,False,weak_11um,2.46,scene,0.35768449366183086,0.11922816455394362,0.5969551282051282,1,1,0.0,0.2,,0.0,0.2,0.0,True,False,False,1.0,5.0,23.131,117.594,23.126,23.131,,0,0,0,0,osm|wri|gem,,0,0.0,F03004,NEYVELI TPS(Z),power_plant,11.5401,79.4159,gem|wri,2,operating,750.0,MW,Tamil Nadu,No registered industrial site nearby,False,,False,0.0,0.25,0.2,0.0,0.5969551282051282,0.192,0.192,0.0,0.0681,0.1158,0.1158,0.2316,Low,insufficient_evidence,Insufficient evidence,,"[{""key"": ""intensity"", ""label"": ""Thermal intensity"", ""value"": 0.597, ""weight"": 0.15, ""contribution"": 0.0895, ""detail"": ""FRP 3.2 MW, 60th percentile""}, {""key"": ""physics"", ""label"": ""Combustion temperature"", ""value"": 0.25, ""weight"": 0.25, ""contribution"": 0.0625, ""detail"": ""temperature retrieval unavailable""}, {""key"": ""persistence"", ""label"": ""Repeat detections"", ""value"": 0.2, ""weight"": 0.2, ""contribution"": 0.04, ""detail"": ""seen on 1 separate days""}, {""key"": ""corroboration"", ""label"": ""Registry corroboration"", ""value"": 0.0, ""weight"": 0.3, ""contribution"": 0.0, ""detail"": ""0 of 3 registries place infrastructure within 3 km""}, {""key"": ""nocturnal"", ""label"": ""Burns at night"", ""value"": 0.0, ""weight"": 0.1, ""contribution"": 0.0, ""detail"": ""0% of detections at night""}]",3.0,
c1ea5803f95d,11.80806,77.92495,2026-09-26,822,D,N,VIIRS,VIIRS_SNPP_NRT,n,0.39,0.36,11.81,77.92,1.88,338.09,305.88,,,,,,140400.0,unknown,False,False,weak_11um,2.46,scene,-0.29636715189123125,0.0,0.38782051282051283,2,2,0.5,0.4,,0.0,0.4,0.5,False,False,True,4.0,5.0,0.92,213.716,12.696,0.92,,0,0,4,0,osm|wri|gem,gem,1,0.3333,F03651,Mettur Siscol power station,power_plant,11.814008,77.919073,gem,1,operating,90.0,MW,Tamil Nadu,On a registered industrial site,False,,False,0.3333,0.25,0.4,0.5,0.38782051282051283,0.3507,0.3507,0.2317,0.7973,0.382,0.382,0.2907,Low,insufficient_evidence,Insufficient evidence,,"[{""key"": ""corroboration"", ""label"": ""Registry corroboration"", ""value"": 0.333, ""weight"": 0.3, ""contribution"": 0.1, ""detail"": ""1 of 3 registries place infrastructure within 3 km""}, {""key"": ""persistence"", ""label"": ""Repeat detections"", ""value"": 0.4, ""weight"": 0.2, ""contribution"": 0.08, ""detail"": ""seen on 2 separate days""}, {""key"": ""physics"", ""label"": ""Combustion temperature"", ""value"": 0.25, ""weight"": 0.25, ""contribution"": 0.0625, ""detail"": ""temperature retrieval unavailable""}, {""key"": ""intensity"", ""label"": ""Thermal intensity"", ""value"": 0.388, ""weight"": 0.15, ""contribution"": 0.0582, ""detail"": ""FRP 1.9 MW, 39th percentile""}, {""key"": ""nocturnal"", ""label"": ""Burns at night"", ""value"": 0.5, ""weight"": 0.1, ""contribution"": 0.05, ""detail"": ""50% of detections at night""}]",3.0,C38
a83011435e76,12.79066,79.92429,2026-09-26,822,D,N,VIIRS,VIIRS_SNPP_NRT,n,0.46,0.39,12.79,79.92,3.15,338.35,303.34,,,,,,179400.0,unknown,False,False,weak_11um,2.46,scene,0.35257471518094746,0.11752490506031582,0.594551282051282,1,1,0.0,0.2,,0.0,0.2,0.0,True,False,False,1.0,5.0,2.55,2.212,7.68,50.79,,4,0,0,0,osm|wri|gem,osm,1,0.2,F01422,Varroc Polymers,industrial_area,12.804554749999998,79.9055819,osm,1,unknown,,,,Within the site's immediate surroundings,False,,False,0.2,0.25,0.2,0.0,0.594551282051282,0.2517,0.2517,0.0,0.7043,0.2441,0.2441,0.2887,Low,insufficient_evidence,Insufficient evidence,,"[{""key"": ""intensity"", ""label"": ""Thermal intensity"", ""value"": 0.595, ""weight"": 0.15, ""contribution"": 0.0892, ""detail"": ""FRP 3.1 MW, 59th percentile""}, {""key"": ""physics"", ""label"": ""Combustion temperature"", ""value"": 0.25, ""weight"": 0.25, ""contribution"": 0.0625, ""detail"": ""temperature retrieval unavailable""}, {""key"": ""corroboration"", ""label"": ""Registry corroboration"", ""value"": 0.2, ""weight"": 0.3, ""contribution"": 0.06, ""detail"": ""1 of 3 registries place infrastructure within 3 km""}, {""key"": ""persistence"", ""label"": ""Repeat detections"", ""value"": 0.2, ""weight"": 0.2, ""contribution"": 0.04, ""detail"": ""seen on 1 separate days""}, {""key"": ""nocturnal"", ""label"": ""Burns at night"", ""value"": 0.0, ""weight"": 0.1, ""contribution"": 0.0, ""detail"": ""0% of detections at night""}]",3.0,
7c177fe13b94,12.82812,78.09982,2026-09-26,822,D,N,VIIRS,VIIRS_SNPP_NRT,n,0.4,0.37,12.83,78.1,2.39,337.1,298.22,,,,,,148000.0,unknown,False,False,weak_11um,2.46,scene,-0.035768449366182994,0.0,0.48157051282051283,1,1,0.0,0.2,,0.0,0.2,0.0,True,False,False,1.0,5.0,10.144,166.196,10.144,64.696,,0,0,0,0,osm|wri|gem,,0,0.0,F03431,Yelesandra Solar Power Plant,power_plant,12.8932,78.1654,wri,1,operating,3.0,MW,,No registered industrial site nearby,False,,False,0.0,0.25,0.2,0.0,0.48157051282051283,0.1747,0.1747,0.0,0.0994,0.111,0.111,0.1881,Low,insufficient_evidence,Insufficient evidence,,"[{""key"": ""intensity"", ""label"": ""Thermal intensity"", ""value"": 0.482, ""weight"": 0.15, ""contribution"": 0.0722, ""detail"": ""FRP 2.4 MW, 48th percentile""}, {""key"": ""physics"", ""label"": ""Combustion temperature"", ""value"": 0.25, ""weight"": 0.25, ""contribution"": 0.0625, ""detail"": ""temperature retrieval unavailable""}, {""key"": ""persistence"", ""label"": ""Repeat detections"", ""value"": 0.2, ""weight"": 0.2, ""contribution"": 0.04, ""detail"": ""seen on 1 separate days""}, {""key"": ""corroboration"", ""label"": ""Registry corroboration"", ""value"": 0.0, ""weight"": 0.3, ""contribution"": 0.0, ""detail"": ""0 of 3 registries place infrastructure within 3 km""}, {""key"": ""nocturnal"", ""label"": ""Burns at night"", ""value"": 0.0, ""weight"": 0.1, ""contribution"": 0.0, ""detail"": ""0% of detections at night""}]",3.0,
b3a52ac0cd47,12.84071,78.52483,2026-09-26,841,D,N20,VIIRS,VIIRS_NOAA20_NRT,n,0.32,0.54,12.84,78.52,4.76,347.13,297.83,,,,,,172800.0,unknown,False,False,weak_11um,2.46,scene,1.1752490506031583,0.3917496835343861,0.7644230769230769,1,1,0.0,0.2,,0.0,0.2,0.0,True,False,False,1.0,5.0,39.398,120.715,39.398,106.71,,0,0,0,0,osm|wri|gem,,0,0.0,F03431,Yelesandra Solar Power Plant,power_plant,12.8932,78.1654,wri,1,operating,3.0,MW,,No registered industrial site nearby,False,,False,0.0,0.25,0.2,0.0,0.7644230769230769,0.2172,0.2172,0.2326,0.3061,0.2352,0.2352,0.3702,Moderate,insufficient_evidence,Insufficient evidence,,"[{""key"": ""intensity"", ""label"": ""Thermal intensity"", ""value"": 0.764, ""weight"": 0.15, ""contribution"": 0.1147, ""detail"": ""FRP 4.8 MW, 76th percentile""}, {""key"": ""physics"", ""label"": ""Combustion temperature"", ""value"": 0.25, ""weight"": 0.25, ""contribution"": 0.0625, ""detail"": ""temperature retrieval unavailable""}, {""key"": ""persistence"", ""label"": ""Repeat detections"", ""value"": 0.2, ""weight"": 0.2, ""contribution"": 0.04, ""detail"": ""seen on 1 separate days""}, {""key"": ""corroboration"", ""label"": ""Registry corroboration"", ""value"": 0.0, ""weight"": 0.3, ""contribution"": 0.0, ""detail"": ""0 of 3 registries place infrastructure within 3 km""}, {""key"": ""nocturnal"", ""label"": ""Burns at night"", ""value"": 0.0, ""weight"": 0.1, ""contribution"": 0.0, ""detail"": ""0% of detections at night""}]",3.0,
97dbdeb4c482,12.89057,79.12044,2026-09-26,822,D,N,VIIRS,VIIRS_SNPP_NRT,n,0.43,0.38,12.89,79.12,3.42,342.29,301.97,,,575.0,0.00780572134514556,1275.5,163400.0,biomass_like,False,False,ok,2.46,scene,0.4905387341647965,0.16351291138826549,0.6193910256410257,1,1,0.0,0.2,,0.0,0.2,0.0,True,False,False,1.0,5.0,21.706,57.18,21.706,107.219,,0,0,0,0,osm|wri|gem,,0,0.0,F02975,Mukundarayappuram,power_plant,12.988,79.294,wri,1,operating,5.0,MW,,No registered industrial site nearby,False,,False,0.0,0.0,0.2,0.0,0.6193910256410257,0.1329,0.1329,0.0,0.1322,0.0929,0.0929,0.2346,Low,insufficient_evidence,Insufficient evidence,,"[{""key"": ""intensity"", ""label"": ""Thermal intensity"", ""value"": 0.619, ""weight"": 0.15, ""contribution"": 0.0929, ""detail"": ""FRP 3.4 MW, 62th percentile""}, {""key"": ""persistence"", ""label"": ""Repeat detections"", ""value"": 0.2, ""weight"": 0.2, ""contribution"": 0.04, ""detail"": ""seen on 1 separate days""}, {""key"": ""corroboration"", ""label"": ""Registry corroboration"", ""value"": 0.0, ""weight"": 0.3, ""contribution"": 0.0, ""detail"": ""0 of 3 registries place infrastructure within 3 km""}, {""key"": ""physics"", ""label"": ""Combustion temperature"", ""value"": 0.0, ""weight"": 0.25, ""contribution"": 0.0, ""detail"": ""retrieved 575 K (biomass like)""}, {""key"": ""nocturnal"", ""label"": ""Burns at night"", ""value"": 0.0, ""weight"": 0.1, ""contribution"": 0.0, ""detail"": ""0% of detections at night""}]",3.0,
59fc9c95db72,13.09928,78.75746,2026-09-26,746,D,N21,VIIRS,VIIRS_NOAA21_NRT,n,0.51,0.41,13.1,78.76,5.77,332.7,298.12,,,,,,209100.0,unknown,False,False,weak_11um,2.46,scene,1.691336677172371,0.5637788923907904,0.8373397435897436,1,1,0.0,0.2,,0.0,0.2,0.0,True,False,False,1.0,5.0,26.504,92.394,26.504,116.79,,0,0,0,0,osm|wri|gem,,0,0.0,F03123,Punganur,power_plant,13.323,78.673,wri,1,operating,50.0,MW,,No registered industrial site nearby,False,,False,0.0,0.25,0.2,0.0,0.8373397435897436,0.2281,0.2281,0.0091,0.2436,0.1647,0.1647,0.3888,Moderate,insufficient_evidence,Insufficient evidence,,"[{""key"": ""intensity"", ""label"": ""Thermal intensity"", ""value"": 0.837, ""weight"": 0.15, ""contribution"": 0.1256, ""detail"": ""FRP 5.8 MW, 84th percentile""}, {""key"": ""physics"", ""label"": ""Combustion temperature"", ""value"": 0.25, ""weight"": 0.25, ""contribution"": 0.0625, ""detail"": ""temperature retrieval unavailable""}, {""key"": ""persistence"", ""label"": ""Repeat detections"", ""value"": 0.2, ""weight"": 0.2, ""contribution"": 0.04, ""detail"": ""seen on 1 separate days""}, {""key"": ""corroboration"", ""label"": ""Registry corroboration"", ""value"": 0.0, ""weight"": 0.3, ""contribution"": 0.0, ""detail"": ""0 of 3 registries place infrastructure within 3 km""}, {""key"": ""nocturnal"", ""label"": ""Burns at night"", ""value"": 0.0, ""weight"": 0.1, ""contribution"": 0.0, ""detail"": ""0% of detections at night""}]",3.0,
6004d7d58bdc,13.46123,79.84966,2026-09-26,822,D,N,VIIRS,VIIRS_SNPP_NRT,n,0.46,0.39,13.46,79.85,2.27,336.2,302.95,,,,,,179400.0,unknown,False,False,weak_11um,2.46,scene,-0.09708579113678262,0.0,0.4551282051282051,1,1,0.0,0.2,,0.0,0.2,0.0,True,False,False,1.0,5.0,11.424,11.424,54.948,22.965,,0,0,0,0,osm|wri|gem,,0,0.0,F01515,"APSRTC Bus Depot , Satyavedu",industrial_area,13.4414569,79.9533248,osm,1,unknown,,,,No registered industrial site nearby,False,,False,0.0,0.25,0.2,0.0,0.4551282051282051,0.1708,0.1708,0.0,0.1466,0.1159,0.1159,0.1877,Low,insufficient_evidence,Insufficient evidence,,"[{""key"": ""intensity"", ""label"": ""Thermal intensity"", ""value"": 0.455, ""weight"": 0.15, ""contribution"": 0.0683, ""detail"": ""FRP 2.3 MW, 46th percentile""}, {""key"": ""physics"", ""label"": ""Combustion temperature"", ""value"": 0.25, ""weight"": 0.25, ""contribution"": 0.0625, ""detail"": ""temperature retrieval unavailable""}, {""key"": ""persistence"", ""label"": ""Repeat detections"", ""value"": 0.2, ""weight"": 0.2, ""contribution"": 0.04, ""detail"": ""seen on 1 separate days""}, {""key"": ""corroboration"", ""label"": ""Registry corroboration"", ""value"": 0.0, ""weight"": 0.3, ""contribution"": 0.0, ""detail"": ""0 of 3 registries place infrastructure within 3 km""}, {""key"": ""nocturnal"", ""label"": ""Burns at night"", ""value"": 0.0, ""weight"": 0.1, ""contribution"": 0.0, ""detail"": ""0% of detections at night""}]",3.0,
44d50c40e2c3,14.02246,79.93305,2026-09-26,822,D,N,VIIRS,VIIRS_SNPP_NRT,n,0.47,0.4,14.02,79.93,5.05,338.21,305.53,,,480.9,0.023830418374788963,4480.1,188000.0,smouldering,False,False,ok,2.46,scene,1.323432626548774,0.4411442088495913,0.7868589743589743,1,1,0.0,0.2,,0.0,0.2,0.0,True,False,False,1.0,5.0,7.815,7.48,26.732,14.134,,0,0,0,0,osm|wri|gem,,0,0.0,F01423,,industrial_area,13.9631248,79.89423565,osm,1,unknown,,,,Near industrial activity,False,,False,0.0,0.0,0.2,0.0,0.7868589743589743,0.158,0.158,0.0291,0.4022,0.156,0.156,0.3492,Low,insufficient_evidence,Insufficient evidence,,"[{""key"": ""intensity"", ""label"": ""Thermal intensity"", ""value"": 0.787, ""weight"": 0.15, ""contribution"": 0.118, ""detail"": ""FRP 5.0 MW, 79th percentile""}, {""key"": ""persistence"", ""label"": ""Repeat detections"", ""value"": 0.2, ""weight"": 0.2, ""contribution"": 0.04, ""detail"": ""seen on 1 separate days""}, {""key"": ""corroboration"", ""label"": ""Registry corroboration"", ""value"": 0.0, ""weight"": 0.3, ""contribution"": 0.0, ""detail"": ""0 of 3 registries place infrastructure within 3 km""}, {""key"": ""physics"", ""label"": ""Combustion temperature"", ""value"": 0.0, ""weight"": 0.25, ""contribution"": 0.0, ""detail"": ""retrieved 481 K (smouldering)""}, {""key"": ""nocturnal"", ""label"": ""Burns at night"", ""value"": 0.0, ""weight"": 0.1, ""contribution"": 0.0, ""detail"": ""0% of detections at night""}]",3.0,
d11f8a87ed13,14.26159,79.69938,2026-09-26,841,D,N20,VIIRS,VIIRS_NOAA20_NRT,n,0.4,0.6,14.26,79.7,3.73,343.63,296.36,,,,,,240000.0,unknown,False,False,weak_11um,2.46,scene,0.6489418670721787,0.21631395569072623,0.6698717948717948,1,1,0.0,0.2,,0.0,0.2,0.0,True,False,False,1.0,5.0,22.994,36.841,41.779,22.994,,0,0,0,0,osm|wri|gem,,0,0.0,F03536,Dr. RKP Power Ankulapatur power station,power_plant,14.130902,79.864683,gem,1,cancelled,3060.0,MW,Andhra Pradesh,No registered industrial site nearby,False,,False,0.0,0.25,0.2,0.0,0.6698717948717948,0.203,0.203,0.0091,0.0264,0.1183,0.1183,0.2643,Low,insufficient_evidence,Insufficient evidence,,"[{""key"": ""intensity"", ""label"": ""Thermal intensity"", ""value"": 0.67, ""weight"": 0.15, ""contribution"": 0.1005, ""detail"": ""FRP 3.7 MW, 67th percentile""}, {""key"": ""physics"", ""label"": ""Combustion temperature"", ""value"": 0.25, ""weight"": 0.25, ""contribution"": 0.0625, ""detail"": ""temperature retrieval unavailable""}, {""key"": ""persistence"", ""label"": ""Repeat detections"", ""value"": 0.2, ""weight"": 0.2, ""contribution"": 0.04, ""detail"": ""seen on 1 separate days""}, {""key"": ""corroboration"", ""label"": ""Registry corroboration"", ""value"": 0.0, ""weight"": 0.3, ""contribution"": 0.0, ""detail"": ""0 of 3 registries place infrastructure within 3 km""}, {""key"": ""nocturnal"", ""label"": ""Burns at night"", ""value"": 0.0, ""weight"": 0.1, ""contribution"": 0.0, ""detail"": ""0% of detections at night""}]",3.0,
713b13d93867,14.5209,77.51229,2026-09-26,822,D,N,VIIRS,VIIRS_SNPP_NRT,n,0.39,0.36,14.52,77.51,3.82,339.41,294.91,,,,,,140400.0,unknown,False,False,weak_11um,2.46,scene,0.6949298734001284,0.23164329113337612,0.6762820512820513,1,1,0.0,0.2,,0.0,0.2,0.0,True,False,False,1.0,5.0,8.377,231.99,8.377,18.675,,0,0,0,0,osm|wri|gem,,0,0.0,F02840,Kothapalli Solar Park,power_plant,14.525,77.59,wri,1,operating,100.0,MW,,Near industrial activity,False,,False,0.0,0.25,0.2,0.0,0.6762820512820513,0.2039,0.2039,0.0291,0.2348,0.1561,0.1561,0.2858,Low,insufficient_evidence,Insufficient evidence,,"[{""key"": ""intensity"", ""label"": ""Thermal intensity"", ""value"": 0.676, ""weight"": 0.15, ""contribution"": 0.1014, ""detail"": ""FRP 3.8 MW, 68th percentile""}, {""key"": ""physics"", ""label"": ""Combustion temperature"", ""value"": 0.25, ""weight"": 0.25, ""contribution"": 0.0625, ""detail"": ""temperature retrieval unavailable""}, {""key"": ""persistence"", ""label"": ""Repeat detections"", ""value"": 0.2, ""weight"": 0.2, ""contribution"": 0.04, ""detail"": ""seen on 1 separate days""}, {""key"": ""corroboration"", ""label"": ""Registry corroboration"", ""value"": 0.0, ""weight"": 0.3, ""contribution"": 0.0, ""detail"": ""0 of 3 registries place infrastructure within 3 km""}, {""key"": ""nocturnal"", ""label"": ""Burns at night"", ""value"": 0.0, ""weight"": 0.1, ""contribution"": 0.0, ""detail"": ""0% of detections at night""}]",3.0,
811ee829dac6,14.66404,79.57529,2026-09-26,822,D,N,VIIRS,VIIRS_SNPP_NRT,n,0.46,0.39,14.66,79.58,2.52,337.29,301.02,,,,,,179400.0,unknown,False,False,weak_11um,2.46,scene,0.030658670885299808,0.010219556961766603,0.5080128205128205,1,1,0.0,0.2,,0.0,0.2,0.0,True,False,False,1.0,5.0,7.706,79.962,7.706,48.318,,0,0,0,0,osm|wri|gem,,0,0.0,F03039,Nellorepalem,power_plant,14.68,79.645,wri,1,operating,5.0,MW,,Near industrial activity,False,,False,0.0,0.25,0.2,0.0,0.5080128205128205,0.1787,0.1787,0.0,0.23,0.1328,0.1328,0.2031,Low,insufficient_evidence,Insufficient evidence,,"[{""key"": ""intensity"", ""label"": ""Thermal intensity"", ""value"": 0.508, ""weight"": 0.15, ""contribution"": 0.0762, ""detail"": ""FRP 2.5 MW, 51th percentile""}, {""key"": ""physics"", ""label"": ""Combustion temperature"", ""value"": 0.25, ""weight"": 0.25, ""contribution"": 0.0625, ""detail"": ""temperature retrieval unavailable""}, {""key"": ""persistence"", ""label"": ""Repeat detections"", ""value"": 0.2, ""weight"": 0.2, ""contribution"": 0.04, ""detail"": ""seen on 1 separate days""}, {""key"": ""corroboration"", ""label"": ""Registry corroboration"", ""value"": 0.0, ""weight"": 0.3, ""contribution"": 0.0, ""detail"": ""0 of 3 registries place infrastructure within 3 km""}, {""key"": ""nocturnal"", ""label"": ""Burns at night"", ""value"": 0.0, ""weight"": 0.1, ""contribution"": 0.0, ""detail"": ""0% of detections at night""}]",3.0,
dcce4a772cbc,14.79062,79.70827,2026-09-26,822,D,N,VIIRS,VIIRS_SNPP_NRT,n,0.47,0.4,14.79,79.71,2.59,334.2,301.31,,,,,,188000.0,unknown,False,False,weak_11um,2.46,scene,0.06642712025148281,0.022142373417160938,0.5216346153846154,1,1,0.0,0.2,,0.0,0.2,0.0,True,False,False,1.0,5.0,14.057,93.847,14.057,44.856,,0,0,0,0,osm|wri|gem,,0,0.0,F03039,Nellorepalem,power_plant,14.68,79.645,wri,1,operating,5.0,MW,,No registered industrial site nearby,False,,False,0.0,0.25,0.2,0.0,0.5216346153846154,0.1807,0.1807,0.0,0.0841,0.112,0.112,0.1981,Low,insufficient_evidence,Insufficient evidence,,"[{""key"": ""intensity"", ""label"": ""Thermal intensity"", ""value"": 0.522, ""weight"": 0.15, ""contribution"": 0.0782, ""detail"": ""FRP 2.6 MW, 52th percentile""}, {""key"": ""physics"", ""label"": ""Combustion temperature"", ""value"": 0.25, ""weight"": 0.25, ""contribution"": 0.0625, ""detail"": ""temperature retrieval unavailable""}, {""key"": ""persistence"", ""label"": ""Repeat detections"", ""value"": 0.2, ""weight"": 0.2, ""contribution"": 0.04, ""detail"": ""seen on 1 separate days""}, {""key"": ""corroboration"", ""label"": ""Registry corroboration"", ""value"": 0.0, ""weight"": 0.3, ""contribution"": 0.0, ""detail"": ""0 of 3 registries place infrastructure within 3 km""}, {""key"": ""nocturnal"", ""label"": ""Burns at night"", ""value"": 0.0, ""weight"": 0.1, ""contribution"": 0.0, ""detail"": ""0% of detections at night""}]",3.0,
4969f11ed762,15.16244,76.38383,2026-09-26,841,D,N20,VIIRS,VIIRS_NOAA20_NRT,n,0.49,0.49,15.16,76.38,8.43,334.13,295.88,,,425.8,0.07154422124893482,17177.8,240100.0,smouldering,False,False,ok,2.46,scene,3.0505377530873283,1.0,0.9230769230769231,1,1,0.0,0.2,,0.0,0.2,0.0,True,False,False,1.0,5.0,0.922,370.508,1.175,0.922,,0,1,5,0,osm|wri|gem,wri|gem,2,0.5333,F03789,BMM Ispat steel plant,steel,15.16972,76.37971,gem,1,operating,1108.0,ttpa,Karnataka,On a registered industrial site,False,,False,0.5333,0.0,0.2,0.0,0.9230769230769231,0.3385,0.3385,0.2442,0.9423,0.4008,0.4008,0.6127,High,insufficient_evidence,Insufficient evidence,,"[{""key"": ""corroboration"", ""label"": ""Registry corroboration"", ""value"": 0.533, ""weight"": 0.3, ""contribution"": 0.16, ""detail"": ""2 of 3 registries place infrastructure within 3 km""}, {""key"": ""intensity"", ""label"": ""Thermal intensity"", ""value"": 0.923, ""weight"": 0.15, ""contribution"": 0.1385, ""detail"": ""FRP 8.4 MW, 92th percentile""}, {""key"": ""persistence"", ""label"": ""Repeat detections"", ""value"": 0.2, ""weight"": 0.2, ""contribution"": 0.04, ""detail"": ""seen on 1 separate days""}, {""key"": ""physics"", ""label"": ""Combustion temperature"", ""value"": 0.0, ""weight"": 0.25, ""contribution"": 0.0, ""detail"": ""retrieved 426 K (smouldering)""}, {""key"": ""nocturnal"", ""label"": ""Burns at night"", ""value"": 0.0, ""weight"": 0.1, ""contribution"": 0.0, ""detail"": ""0% of detections at night""}]",3.0,
536ca8c7dfcd,15.18433,76.66764,2026-09-26,746,D,N21,VIIRS,VIIRS_NOAA21_NRT,n,0.42,0.45,15.18,76.67,4.2,340.48,298.8,,,,,,189000.0,unknown,False,False,weak_11um,1.04,region,6.32,1.0,0.71875,2,2,0.5,0.4,,0.0,0.4,0.5,True,False,False,2.0,5.0,0.603,343.543,0.586,0.586,,0,2,8,0,osm|wri|gem,wri|gem,2,0.6667,F03321,TORANGALLU EXT,power_plant,15.18554057142857,76.66216497142857,gem|wri,2,operating,2380.0,MW,Karnataka,On a registered industrial site,False,,False,0.6667,0.25,0.4,0.5,0.71875,0.5003,0.5003,0.7307,0.9535,0.6374,0.6374,0.7387,High,industrial_fire,Industrial fire,Moderate,"[{""key"": ""corroboration"", ""label"": ""Registry corroboration"", ""value"": 0.667, ""weight"": 0.3, ""contribution"": 0.2, ""detail"": ""2 of 3 registries place infrastructure within 3 km""}, {""key"": ""intensity"", ""label"": ""Thermal intensity"", ""value"": 0.719, ""weight"": 0.15, ""contribution"": 0.1078, ""detail"": ""FRP 4.2 MW, 72th percentile""}, {""key"": ""persistence"", ""label"": ""Repeat detections"", ""value"": 0.4, ""weight"": 0.2, ""contribution"": 0.08, ""detail"": ""seen on 2 separate days""}, {""key"": ""physics"", ""label"": ""Combustion temperature"", ""value"": 0.25, ""weight"": 0.25, ""contribution"": 0.0625, ""detail"": ""temperature retrieval unavailable""}, {""key"": ""nocturnal"", ""label"": ""Burns at night"", ""value"": 0.5, ""weight"": 0.1, ""contribution"": 0.05, ""detail"": ""50% of detections at night""}]",3.0,C9
4789d8a3cc8c,15.34119,75.16848,2026-09-26,822,D,N,VIIRS,VIIRS_SNPP_NRT,n,0.39,0.36,15.34,75.17,2.28,335.91,303.18,,,,,,140400.0,unknown,False,False,weak_11um,2.46,scene,-0.09197601265589943,0.0,0.45753205128205127,1,1,0.0,0.2,,0.0,0.2,0.0,True,False,False,1.0,5.0,26.053,411.838,26.053,84.304,,0,0,0,0,osm|wri|gem,,0,0.0,F03328,Tadas wind farm,power_plant,15.1069,75.1661,wri,1,operating,100.0,MW,,No registered industrial site nearby,False,,False,0.0,0.25,0.2,0.0,0.45753205128205127,0.1711,0.1711,0.0,0.0881,0.1073,0.1073,0.184,Low,insufficient_evidence,Insufficient evidence,,"[{""key"": ""intensity"", ""label"": ""Thermal intensity"", ""value"": 0.458, ""weight"": 0.15, ""contribution"": 0.0686, ""detail"": ""FRP 2.3 MW, 46th percentile""}, {""key"": ""physics"", ""label"": ""Combustion temperature"", ""value"": 0.25, ""weight"": 0.25, ""contribution"": 0.0625, ""detail"": ""temperature retrieval unavailable""}, {""key"": ""persistence"", ""label"": ""Repeat detections"", ""value"": 0.2, ""weight"": 0.2, ""contribution"": 0.04, ""detail"": ""seen on 1 separate days""}, {""key"": ""corroboration"", ""label"": ""Registry corroboration"", ""value"": 0.0, ""weight"": 0.3, ""contribution"": 0.0, ""detail"": ""0 of 3 registries place infrastructure within 3 km""}, {""key"": ""nocturnal"", ""label"": ""Burns at night"", ""value"": 0.0, ""weight"": 0.1, ""contribution"": 0.0, ""detail"": ""0% of detections at night""}]",3.0,
f460082b0861,15.48053,79.82989,2026-09-26,822,D,N,VIIRS,VIIRS_SNPP_NRT,n,0.49,0.4,15.48,79.83,3.2,336.67,302.57,,,699.2,0.001699765793532643,333.2,196000.0,biomass_like,False,False,ok,2.46,scene,0.37812360758536406,0.1260412025284547,0.6041666666666666,1,1,0.0,0.2,,0.0,0.2,0.0,True,False,False,1.0,5.0,23.685,168.527,63.9,23.685,,0,0,0,0,osm|wri|gem,,0,0.0,F03524,Devarampadu power station,power_plant,15.5,80.05,gem,1,cancelled,1320.0,MW,Andhra Pradesh,No registered industrial site nearby,False,,False,0.0,0.0,0.2,0.0,0.6041666666666666,0.1306,0.1306,0.0,0.4151,0.1341,0.1341,0.2423,Low,insufficient_evidence,Insufficient evidence,,"[{""key"": ""intensity"", ""label"": ""Thermal intensity"", ""value"": 0.604, ""weight"": 0.15, ""contribution"": 0.0906, ""detail"": ""FRP 3.2 MW, 60th percentile""}, {""key"": ""persistence"", ""label"": ""Repeat detections"", ""value"": 0.2, ""weight"": 0.2, ""contribution"": 0.04, ""detail"": ""seen on 1 separate days""}, {""key"": ""corroboration"", ""label"": ""Registry corroboration"", ""value"": 0.0, ""weight"": 0.3, ""contribution"": 0.0, ""detail"": ""0 of 3 registries place infrastructure within 3 km""}, {""key"": ""physics"", ""label"": ""Combustion temperature"", ""value"": 0.0, ""weight"": 0.25, ""contribution"": 0.0, ""detail"": ""retrieved 699 K (biomass like)""}, {""key"": ""nocturnal"", ""label"": ""Burns at night"", ""value"": 0.0, ""weight"": 0.1, ""contribution"": 0.0, ""detail"": ""0% of detections at night""}]",3.0,
23c8131161e6,15.68949,80.00367,2026-09-26,822,D,N,VIIRS,VIIRS_SNPP_NRT,n,0.5,0.41,15.69,80.0,3.92,338.24,302.37,,,,,,205000.0,unknown,False,False,weak_11um,2.46,scene,0.7460276582089613,0.24867588606965377,0.6923076923076923,1,1,0.0,0.2,,0.0,0.2,0.0,True,False,False,1.0,5.0,21.647,191.972,79.994,21.647,,0,0,0,0,osm|wri|gem,,0,0.0,F03524,Devarampadu power station,power_plant,15.5,80.05,gem,1,cancelled,1320.0,MW,Andhra Pradesh,No registered industrial site nearby,False,,False,0.0,0.25,0.2,0.0,0.6923076923076923,0.2063,0.2063,0.051,0.0337,0.1338,0.1338,0.2816,Low,insufficient_evidence,Insufficient evidence,,"[{""key"": ""intensity"", ""label"": ""Thermal intensity"", ""value"": 0.692, ""weight"": 0.15, ""contribution"": 0.1038, ""detail"": ""FRP 3.9 MW, 69th percentile""}, {""key"": ""physics"", ""label"": ""Combustion temperature"", ""value"": 0.25, ""weight"": 0.25, ""contribution"": 0.0625, ""detail"": ""temperature retrieval unavailable""}, {""key"": ""persistence"", ""label"": ""Repeat detections"", ""value"": 0.2, ""weight"": 0.2, ""contribution"": 0.04, ""detail"": ""seen on 1 separate days""}, {""key"": ""corroboration"", ""label"": ""Registry corroboration"", ""value"": 0.0, ""weight"": 0.3, ""contribution"": 0.0, ""detail"": ""0 of 3 registries place infrastructure within 3 km""}, {""key"": ""nocturnal"", ""label"": ""Burns at night"", ""value"": 0.0, ""weight"": 0.1, ""contribution"": 0.0, ""detail"": ""0% of detections at night""}]",3.0,
6d33c46eb2e8,15.87297,80.60088,2026-09-26,746,D,N21,VIIRS,VIIRS_NOAA21_NRT,n,0.4,0.37,15.87,80.6,3.46,334.72,303.39,,,,,,148000.0,unknown,False,False,weak_11um,2.46,scene,0.5109778480883297,0.17032594936277656,0.6330128205128205,1,1,0.0,0.2,,0.0,0.2,0.0,True,False,False,1.0,5.0,22.939,194.885,80.819,22.939,,0,0,0,0,osm|wri|gem,,0,0.0,F03753,Vadarevu Ultra Mega Power Project,power_plant,15.808028000000002,80.397348,gem,1,cancelled,4000.0,MW,Andhra Pradesh,No registered industrial site nearby,False,,False,0.0,0.25,0.2,0.0,0.6330128205128205,0.1975,0.1975,0.0,0.0312,0.1133,0.1133,0.2469,Low,insufficient_evidence,Insufficient evidence,,"[{""key"": ""intensity"", ""label"": ""Thermal intensity"", ""value"": 0.633, ""weight"": 0.15, ""contribution"": 0.095, ""detail"": ""FRP 3.5 MW, 63th percentile""}, {""key"": ""physics"", ""label"": ""Combustion temperature"", ""value"": 0.25, ""weight"": 0.25, ""contribution"": 0.0625, ""detail"": ""temperature retrieval unavailable""}, {""key"": ""persistence"", ""label"": ""Repeat detections"", ""value"": 0.2, ""weight"": 0.2, ""contribution"": 0.04, ""detail"": ""seen on 1 separate days""}, {""key"": ""corroboration"", ""label"": ""Registry corroboration"", ""value"": 0.0, ""weight"": 0.3, ""contribution"": 0.0, ""detail"": ""0 of 3 registries place infrastructure within 3 km""}, {""key"": ""nocturnal"", ""label"": ""Burns at night"", ""value"": 0.0, ""weight"": 0.1, ""contribution"": 0.0, ""detail"": ""0% of detections at night""}]",3.0,
9d7046317c4b,17.60976,83.20496,2026-09-26,746,D,N21,VIIRS,VIIRS_NOAA21_NRT,n,0.4,0.37,17.61,83.2,4.58,344.48,304.33,,,,,,148000.0,unknown,False,False,weak_11um,2.46,scene,1.083273037947259,0.36109101264908633,0.750801282051282,1,1,0.0,0.2,,0.0,0.2,0.0,True,False,False,1.0,5.0,0.966,0.371,8.748,0.944,,4,0,7,0,osm|wri|gem,osm|gem,2,0.6667,F00926,Vizag Steel Plant power station,steel,17.607371981818183,83.19619734545455,gem|osm,2,operating,435.0,MW,Andhra Pradesh,On a registered industrial site,False,,False,0.6667,0.25,0.2,0.0,0.750801282051282,0.4151,0.4151,0.264,0.8606,0.4366,0.4366,0.4518,Moderate,industrial_fire,Industrial fire,Moderate,"[{""key"": ""corroboration"", ""label"": ""Registry corroboration"", ""value"": 0.667, ""weight"": 0.3, ""contribution"": 0.2, ""detail"": ""2 of 3 registries place infrastructure within 3 km""}, {""key"": ""intensity"", ""label"": ""Thermal intensity"", ""value"": 0.751, ""weight"": 0.15, ""contribution"": 0.1126, ""detail"": ""FRP 4.6 MW, 75th percentile""}, {""key"": ""physics"", ""label"": ""Combustion temperature"", ""value"": 0.25, ""weight"": 0.25, ""contribution"": 0.0625, ""detail"": ""temperature retrieval unavailable""}, {""key"": ""persistence"", ""label"": ""Repeat detections"", ""value"": 0.2, ""weight"": 0.2, ""contribution"": 0.04, ""detail"": ""seen on 1 separate days""}, {""key"": ""nocturnal"", ""label"": ""Burns at night"", ""value"": 0.0, ""weight"": 0.1, ""contribution"": 0.0, ""detail"": ""0% of detections at night""}]",3.0,
4f2a8e6390b9,18.44931,75.2264,2026-09-26,843,D,N20,VIIRS,VIIRS_NOAA20_NRT,n,0.46,0.47,18.45,75.23,3.6,330.83,286.98,,,,,,216200.0,unknown,False,False,weak_11um,2.46,scene,0.5825147468206959,0.19417158227356532,0.65625,1,1,0.0,0.2,,0.0,0.2,0.0,True,False,False,1.0,5.0,26.348,184.343,26.348,55.057,,0,0,0,0,osm|wri|gem,,0,0.0,F02817,Khandala Solar Power Plant,power_plant,18.6051,75.0381,wri,1,operating,5.2,MW,,No registered industrial site nearby,False,,False,0.0,0.25,0.2,0.0,0.65625,0.2009,0.2009,0.0,0.0425,0.1169,0.1169,0.2568,Low,insufficient_evidence,Insufficient evidence,,"[{""key"": ""intensity"", ""label"": ""Thermal intensity"", ""value"": 0.656, ""weight"": 0.15, ""contribution"": 0.0984, ""detail"": ""FRP 3.6 MW, 66th percentile""}, {""key"": ""physics"", ""label"": ""Combustion temperature"", ""value"": 0.25, ""weight"": 0.25, ""contribution"": 0.0625, ""detail"": ""temperature retrieval unavailable""}, {""key"": ""persistence"", ""label"": ""Repeat detections"", ""value"": 0.2, ""weight"": 0.2, ""contribution"": 0.04, ""detail"": ""seen on 1 separate days""}, {""key"": ""corroboration"", ""label"": ""Registry corroboration"", ""value"": 0.0, ""weight"": 0.3, ""contribution"": 0.0, ""detail"": ""0 of 3 registries place infrastructure within 3 km""}, {""key"": ""nocturnal"", ""label"": ""Burns at night"", ""value"": 0.0, ""weight"": 0.1, ""contribution"": 0.0, ""detail"": ""0% of detections at night""}]",3.0,
4480cfdfa2de,18.46832,74.27671,2026-09-26,824,D,N,VIIRS,VIIRS_SNPP_NRT,n,0.39,0.36,18.47,74.28,4.4,336.56,301.49,,,518.0,0.012795913259130159,1796.5,140400.0,biomass_like,False,False,ok,2.46,scene,0.9912970252913599,0.3304323417637866,0.7307692307692307,1,1,0.0,0.2,,0.0,0.2,0.0,True,False,False,1.0,5.0,19.15,85.757,19.15,56.16,,0,0,0,0,osm|wri|gem,,0,0.0,F03298,Supe Solar Power Plant,power_plant,18.3198,74.3686,wri,1,operating,2.0,MW,,No registered industrial site nearby,False,,False,0.0,0.0,0.2,0.0,0.7307692307692307,0.1496,0.1496,0.0424,0.0857,0.1079,0.1079,0.2942,Low,insufficient_evidence,Insufficient evidence,,"[{""key"": ""intensity"", ""label"": ""Thermal intensity"", ""value"": 0.731, ""weight"": 0.15, ""contribution"": 0.1096, ""detail"": ""FRP 4.4 MW, 73th percentile""}, {""key"": ""persistence"", ""label"": ""Repeat detections"", ""value"": 0.2, ""weight"": 0.2, ""contribution"": 0.04, ""detail"": ""seen on 1 separate days""}, {""key"": ""corroboration"", ""label"": ""Registry corroboration"", ""value"": 0.0, ""weight"": 0.3, ""contribution"": 0.0, ""detail"": ""0 of 3 registries place infrastructure within 3 km""}, {""key"": ""physics"", ""label"": ""Combustion temperature"", ""value"": 0.0, ""weight"": 0.25, ""contribution"": 0.0, ""detail"": ""retrieved 518 K (biomass like)""}, {""key"": ""nocturnal"", ""label"": ""Burns at night"", ""value"": 0.0, ""weight"": 0.1, ""contribution"": 0.0, ""detail"": ""0% of detections at night""}]",3.0,
45fcdb589897,19.10064,74.18387,2026-09-26,824,D,N,VIIRS,VIIRS_SNPP_NRT,n,0.39,0.36,19.1,74.18,7.57,345.84,302.26,,,,,,140400.0,unknown,False,False,weak_11um,2.46,scene,2.611096803731365,0.8703656012437883,0.8982371794871795,1,1,0.0,0.2,,0.0,0.2,0.0,True,False,False,1.0,5.0,41.562,77.851,41.562,85.848,,0,0,0,0,osm|wri|gem,,0,0.0,F02902,MANIKDOH,power_plant,19.2345,73.8144,wri,1,operating,6.0,MW,,No registered industrial site nearby,False,,False,0.0,0.25,0.2,0.0,0.8982371794871795,0.2372,0.2372,0.0091,0.5321,0.213,0.213,0.4933,Moderate,insufficient_evidence,Insufficient evidence,,"[{""key"": ""intensity"", ""label"": ""Thermal intensity"", ""value"": 0.898, ""weight"": 0.15, ""contribution"": 0.1347, ""detail"": ""FRP 7.6 MW, 90th percentile""}, {""key"": ""physics"", ""label"": ""Combustion temperature"", ""value"": 0.25, ""weight"": 0.25, ""contribution"": 0.0625, ""detail"": ""temperature retrieval unavailable""}, {""key"": ""persistence"", ""label"": ""Repeat detections"", ""value"": 0.2, ""weight"": 0.2, ""contribution"": 0.04, ""detail"": ""seen on 1 separate days""}, {""key"": ""corroboration"", ""label"": ""Registry corroboration"", ""value"": 0.0, ""weight"": 0.3, ""contribution"": 0.0, ""detail"": ""0 of 3 registries place infrastructure within 3 km""}, {""key"": ""nocturnal"", ""label"": ""Burns at night"", ""value"": 0.0, ""weight"": 0.1, ""contribution"": 0.0, ""detail"": ""0% of detections at night""}]",3.0,
da4a02197272,20.38382,74.14952,2026-09-26,843,D,N20,VIIRS,VIIRS_NOAA20_NRT,n,0.42,0.45,20.38,74.15,4.41,341.23,297.4,,,,,,189000.0,unknown,False,False,weak_11um,2.46,scene,0.996406803772243,0.3321356012574143,0.7323717948717948,1,1,0.0,0.2,,0.0,0.2,0.0,True,False,False,1.0,5.0,52.231,106.403,52.299,52.19,,0,0,0,0,osm|wri|gem,,0,0.0,F02997,NASIK,power_plant,19.9815493125,73.89113474999999,gem|wri,2,operating,3550.0,MW,Maharashtra,No registered industrial site nearby,False,,False,0.0,0.25,0.2,0.0,0.7323717948717948,0.2124,0.2124,0.051,0.4191,0.195,0.195,0.334,Low,insufficient_evidence,Insufficient evidence,,"[{""key"": ""intensity"", ""label"": ""Thermal intensity"", ""value"": 0.732, ""weight"": 0.15, ""contribution"": 0.1099, ""detail"": ""FRP 4.4 MW, 73th percentile""}, {""key"": ""physics"", ""label"": ""Combustion temperature"", ""value"": 0.25, ""weight"": 0.25, ""contribution"": 0.0625, ""detail"": ""temperature retrieval unavailable""}, {""key"": ""persistence"", ""label"": ""Repeat detections"", ""value"": 0.2, ""weight"": 0.2, ""contribution"": 0.04, ""detail"": ""seen on 1 separate days""}, {""key"": ""corroboration"", ""label"": ""Registry corroboration"", ""value"": 0.0, ""weight"": 0.3, ""contribution"": 0.0, ""detail"": ""0 of 3 registries place infrastructure within 3 km""}, {""key"": ""nocturnal"", ""label"": ""Burns at night"", ""value"": 0.0, ""weight"": 0.1, ""contribution"": 0.0, ""detail"": ""0% of detections at night""}]",3.0,
65f11f786a76,21.10225,72.63475,2026-09-26,824,D,N,VIIRS,VIIRS_SNPP_NRT,n,0.42,0.37,21.1,72.63,3.53,331.91,289.28,,,,,,155400.0,unknown,False,False,weak_11um,5.2,cell,-0.34552133997727424,0.0,0.6426282051282052,5,5,0.6,1.0,1.0,0.44045296316707583,1.0,0.6,False,False,False,5.0,5.0,1.484,1.259,2.315,1.722,,7,1,7,0,osm|wri|gem,osm|wri|gem,3,0.6,F00081,Shell Energy India Private Limited,industrial_area,21.0972812,72.6214717,osm,1,unknown,,,,Within the site's immediate surroundings,False,,False,0.6,0.25,1.0,0.6,0.6426282051282052,0.5989,0.5989,0.9556,0.5521,0.6989,0.6989,0.5788,High,persistent_industrial_source,Persistent industrial source,Moderate,"[{""key"": ""persistence"", ""label"": ""Repeat detections"", ""value"": 1.0, ""weight"": 0.2, ""contribution"": 0.2, ""detail"": ""seen on 5 separate days""}, {""key"": ""corroboration"", ""label"": ""Registry corroboration"", ""value"": 0.6, ""weight"": 0.3, ""contribution"": 0.18, ""detail"": ""3 of 3 registries place infrastructure within 3 km""}, {""key"": ""intensity"", ""label"": ""Thermal intensity"", ""value"": 0.643, ""weight"": 0.15, ""contribution"": 0.0964, ""detail"": ""FRP 3.5 MW, 64th percentile""}, {""key"": ""physics"", ""label"": ""Combustion temperature"", ""value"": 0.25, ""weight"": 0.25, ""contribution"": 0.0625, ""detail"": ""temperature retrieval unavailable""}, {""key"": ""nocturnal"", ""label"": ""Burns at night"", ""value"": 0.6, ""weight"": 0.1, ""contribution"": 0.06, ""detail"": ""60% of detections at night""}]",3.0,C1
ac305ccbbc36,21.1029,72.63873,2026-09-26,824,D,N,VIIRS,VIIRS_SNPP_NRT,n,0.42,0.37,21.1,72.64,5.1,333.08,287.95,,,,,,155400.0,unknown,False,False,weak_11um,11.77,cell,-1.0109782844289643,0.0,0.7900641025641025,5,5,0.0,1.0,1.0,0.32450306033456144,1.0,0.0,False,False,False,5.0,5.0,1.266,0.932,1.913,1.379,,7,1,7,0,osm|wri|gem,osm|wri|gem,3,0.7333,F00071,ArcelorMittal Nippon Steel Hazira Plant,steel,21.11174835,72.64641135000001,gem|osm,2,operating,9600.0,ttpa,Gujarat,Within the site's immediate surroundings,False,,False,0.7333,0.25,1.0,0.0,0.7900641025641025,0.601,0.601,0.2645,0.6891,0.5133,0.5133,0.51,Moderate,industrial_fire,Industrial fire,Moderate,"[{""key"": ""corroboration"", ""label"": ""Registry corroboration"", ""value"": 0.733, ""weight"": 0.3, ""contribution"": 0.22, ""detail"": ""3 of 3 registries place infrastructure within 3 km""}, {""key"": ""persistence"", ""label"": ""Repeat detections"", ""value"": 1.0, ""weight"": 0.2, ""contribution"": 0.2, ""detail"": ""seen on 5 separate days""}, {""key"": ""intensity"", ""label"": ""Thermal intensity"", ""value"": 0.79, ""weight"": 0.15, ""contribution"": 0.1185, ""detail"": ""FRP 5.1 MW, 79th percentile""}, {""key"": ""physics"", ""label"": ""Combustion temperature"", ""value"": 0.25, ""weight"": 0.25, ""contribution"": 0.0625, ""detail"": ""temperature retrieval unavailable""}, {""key"": ""nocturnal"", ""label"": ""Burns at night"", ""value"": 0.0, ""weight"": 0.1, ""contribution"": 0.0, ""detail"": ""0% of detections at night""}]",3.0,C1
9dd8a0ee3347,21.10421,72.64667,2026-09-26,824,D,N,VIIRS,VIIRS_SNPP_NRT,n,0.42,0.37,21.1,72.65,5.53,332.45,288.16,,,,,,155400.0,unknown,False,False,weak_11um,7.03,cell,-0.5748500790993712,0.0,0.8221153846153846,5,5,0.6,1.0,1.0,0.3655656018722616,1.0,0.6,False,False,False,5.0,5.0,0.839,0.698,1.147,0.911,,6,1,7,0,osm|wri|gem,osm|wri|gem,3,0.8667,F00071,ArcelorMittal Nippon Steel Hazira Plant,steel,21.11174835,72.64641135000001,gem|osm,2,operating,9600.0,ttpa,Gujarat,On a registered industrial site,False,,False,0.8667,0.25,1.0,0.6,0.8221153846153846,0.7058,0.7058,1.0,0.6579,0.7869,0.7869,0.6363,High,persistent_industrial_source,Persistent industrial source,High,"[{""key"": ""corroboration"", ""label"": ""Registry corroboration"", ""value"": 0.867, ""weight"": 0.3, ""contribution"": 0.26, ""detail"": ""3 of 3 registries place infrastructure within 3 km""}, {""key"": ""persistence"", ""label"": ""Repeat detections"", ""value"": 1.0, ""weight"": 0.2, ""contribution"": 0.2, ""detail"": ""seen on 5 separate days""}, {""key"": ""intensity"", ""label"": ""Thermal intensity"", ""value"": 0.822, ""weight"": 0.15, ""contribution"": 0.1233, ""detail"": ""FRP 5.5 MW, 82th percentile""}, {""key"": ""physics"", ""label"": ""Combustion temperature"", ""value"": 0.25, ""weight"": 0.25, ""contribution"": 0.0625, ""detail"": ""temperature retrieval unavailable""}, {""key"": ""nocturnal"", ""label"": ""Burns at night"", ""value"": 0.6, ""weight"": 0.1, ""contribution"": 0.06, ""detail"": ""60% of detections at night""}]",3.0,C1
b2f6f83c3ffc,21.10679,72.64727,2026-09-26,748,D,N21,VIIRS,VIIRS_NOAA21_NRT,n,0.59,0.53,21.11,72.65,11.32,340.31,281.18,,,,,,312700.0,unknown,False,False,weak_11um,11.32,cell,0.0,0.0,0.9615384615384616,5,5,0.2,1.0,1.0,0.3415053040623589,1.0,0.2,False,False,False,5.0,5.0,0.558,0.501,0.929,0.621,,6,1,7,0,osm|wri|gem,osm|wri|gem,3,1.0,F00071,ArcelorMittal Nippon Steel Hazira Plant,steel,21.11174835,72.64641135000001,gem|osm,2,operating,9600.0,ttpa,Gujarat,On a registered industrial site,False,,False,1.0,0.25,1.0,0.2,0.9615384615384616,0.7267,0.7267,1.0,0.7091,0.806,0.806,0.6589,High,persistent_industrial_source,Persistent industrial source,High,"[{""key"": ""corroboration"", ""label"": ""Registry corroboration"", ""value"": 1.0, ""weight"": 0.3, ""contribution"": 0.3, ""detail"": ""3 of 3 registries place infrastructure within 3 km""}, {""key"": ""persistence"", ""label"": ""Repeat detections"", ""value"": 1.0, ""weight"": 0.2, ""contribution"": 0.2, ""detail"": ""seen on 5 separate days""}, {""key"": ""intensity"", ""label"": ""Thermal intensity"", ""value"": 0.962, ""weight"": 0.15, ""contribution"": 0.1442, ""detail"": ""FRP 11.3 MW, 96th percentile""}, {""key"": ""physics"", ""label"": ""Combustion temperature"", ""value"": 0.25, ""weight"": 0.25, ""contribution"": 0.0625, ""detail"": ""temperature retrieval unavailable""}, {""key"": ""nocturnal"", ""label"": ""Burns at night"", ""value"": 0.2, ""weight"": 0.1, ""contribution"": 0.02, ""detail"": ""20% of detections at night""}]",3.0,C1
e186450bb97b,21.19291,81.38882,2026-09-26,748,D,N21,VIIRS,VIIRS_NOAA21_NRT,n,0.39,0.36,21.19,81.39,4.58,331.08,279.21,,,,,,140400.0,unknown,False,False,weak_11um,2.46,scene,1.083273037947259,0.36109101264908633,0.750801282051282,1,1,0.0,0.2,,0.0,0.2,0.0,True,False,False,1.0,5.0,0.952,0.936,3.75,1.027,,8,0,3,0,osm|wri|gem,osm|gem,2,0.5333,F01776,SAIL Bhilai steel plant,steel,21.184749000000004,81.39160325714286,gem|osm,2,operating,4000.0,ttpa,Chhattisgarh,On a registered industrial site,False,,False,0.5333,0.25,0.2,0.0,0.750801282051282,0.3751,0.3751,0.264,0.8486,0.4128,0.4128,0.4411,Moderate,insufficient_evidence,Insufficient evidence,,"[{""key"": ""corroboration"", ""label"": ""Registry corroboration"", ""value"": 0.533, ""weight"": 0.3, ""contribution"": 0.16, ""detail"": ""2 of 3 registries place infrastructure within 3 km""}, {""key"": ""intensity"", ""label"": ""Thermal intensity"", ""value"": 0.751, ""weight"": 0.15, ""contribution"": 0.1126, ""detail"": ""FRP 4.6 MW, 75th percentile""}, {""key"": ""physics"", ""label"": ""Combustion temperature"", ""value"": 0.25, ""weight"": 0.25, ""contribution"": 0.0625, ""detail"": ""temperature retrieval unavailable""}, {""key"": ""persistence"", ""label"": ""Repeat detections"", ""value"": 0.2, ""weight"": 0.2, ""contribution"": 0.04, ""detail"": ""seen on 1 separate days""}, {""key"": ""nocturnal"", ""label"": ""Burns at night"", ""value"": 0.0, ""weight"": 0.1, ""contribution"": 0.0, ""detail"": ""0% of detections at night""}]",3.0,C28
94f36e847480,22.48005,75.45055,2026-09-26,826,D,N,VIIRS,VIIRS_SNPP_NRT,n,0.39,0.36,22.48,75.45,1.66,332.38,304.57,,,500.2,0.012266010312614158,1722.1,140400.0,biomass_like,False,False,ok,2.46,scene,-0.4087822784706638,0.0,0.328525641025641,1,1,0.0,0.2,,0.0,0.2,0.0,True,False,False,1.0,5.0,38.54,200.736,38.54,61.92,,0,0,0,0,osm|wri|gem,,0,0.0,F02725,KASRAWAD FACTORY,power_plant,22.1335,75.4568,wri,1,operating,10.0,MW,,No registered industrial site nearby,False,,False,0.0,0.0,0.2,0.0,0.328525641025641,0.0893,0.0893,0.0291,0.3558,0.1112,0.1112,0.1729,Low,insufficient_evidence,Insufficient evidence,,"[{""key"": ""intensity"", ""label"": ""Thermal intensity"", ""value"": 0.329, ""weight"": 0.15, ""contribution"": 0.0493, ""detail"": ""FRP 1.7 MW, 33th percentile""}, {""key"": ""persistence"", ""label"": ""Repeat detections"", ""value"": 0.2, ""weight"": 0.2, ""contribution"": 0.04, ""detail"": ""seen on 1 separate days""}, {""key"": ""corroboration"", ""label"": ""Registry corroboration"", ""value"": 0.0, ""weight"": 0.3, ""contribution"": 0.0, ""detail"": ""0 of 3 registries place infrastructure within 3 km""}, {""key"": ""physics"", ""label"": ""Combustion temperature"", ""value"": 0.0, ""weight"": 0.25, ""contribution"": 0.0, ""detail"": ""retrieved 500 K (biomass like)""}, {""key"": ""nocturnal"", ""label"": ""Burns at night"", ""value"": 0.0, ""weight"": 0.1, ""contribution"": 0.0, ""detail"": ""0% of detections at night""}]",3.0,
3e01d6f9565e,22.77287,75.46678,2026-09-26,826,D,N,VIIRS,VIIRS_SNPP_NRT,n,0.39,0.36,22.77,75.47,1.54,333.85,301.38,,,,,,140400.0,unknown,False,False,weak_11um,2.46,scene,-0.4700996202412633,0.0,0.28926282051282054,1,1,0.0,0.2,,0.0,0.2,0.0,True,False,False,1.0,5.0,63.556,203.265,63.556,88.091,,0,0,0,0,osm|wri|gem,,0,0.0,F03020,Nagda Hills Wind Energy project,power_plant,22.8985,76.0718,wri,1,operating,6.25,MW,,No registered industrial site nearby,False,,False,0.0,0.25,0.2,0.0,0.28926282051282054,0.1459,0.1459,0.0377,0.5096,0.168,0.168,0.1945,Low,insufficient_evidence,Insufficient evidence,,"[{""key"": ""physics"", ""label"": ""Combustion temperature"", ""value"": 0.25, ""weight"": 0.25, ""contribution"": 0.0625, ""detail"": ""temperature retrieval unavailable""}, {""key"": ""intensity"", ""label"": ""Thermal intensity"", ""value"": 0.289, ""weight"": 0.15, ""contribution"": 0.0434, ""detail"": ""FRP 1.5 MW, 29th percentile""}, {""key"": ""persistence"", ""label"": ""Repeat detections"", ""value"": 0.2, ""weight"": 0.2, ""contribution"": 0.04, ""detail"": ""seen on 1 separate days""}, {""key"": ""corroboration"", ""label"": ""Registry corroboration"", ""value"": 0.0, ""weight"": 0.3, ""contribution"": 0.0, ""detail"": ""0 of 3 registries place infrastructure within 3 km""}, {""key"": ""nocturnal"", ""label"": ""Burns at night"", ""value"": 0.0, ""weight"": 0.1, ""contribution"": 0.0, ""detail"": ""0% of detections at night""}]",3.0,
562d1c35e940,23.07827,75.67865,2026-09-26,826,D,N,VIIRS,VIIRS_SNPP_NRT,n,0.4,0.37,23.08,75.68,2.29,334.97,298.29,,,,,,148000.0,unknown,False,False,weak_11um,2.46,scene,-0.08686623417501602,0.0,0.4599358974358974,1,1,0.0,0.2,,0.0,0.2,0.0,True,False,False,1.0,5.0,44.936,230.592,44.936,114.048,,0,0,0,0,osm|wri|gem,,0,0.0,F03020,Nagda Hills Wind Energy project,power_plant,22.8985,76.0718,wri,1,operating,6.25,MW,,No registered industrial site nearby,False,,False,0.0,0.25,0.2,0.0,0.4599358974358974,0.1715,0.1715,0.0,0.238,0.13,0.13,0.1945,Low,insufficient_evidence,Insufficient evidence,,"[{""key"": ""intensity"", ""label"": ""Thermal intensity"", ""value"": 0.46, ""weight"": 0.15, ""contribution"": 0.069, ""detail"": ""FRP 2.3 MW, 46th percentile""}, {""key"": ""physics"", ""label"": ""Combustion temperature"", ""value"": 0.25, ""weight"": 0.25, ""contribution"": 0.0625, ""detail"": ""temperature retrieval unavailable""}, {""key"": ""persistence"", ""label"": ""Repeat detections"", ""value"": 0.2, ""weight"": 0.2, ""contribution"": 0.04, ""detail"": ""seen on 1 separate days""}, {""key"": ""corroboration"", ""label"": ""Registry corroboration"", ""value"": 0.0, ""weight"": 0.3, ""contribution"": 0.0, ""detail"": ""0 of 3 registries place infrastructure within 3 km""}, {""key"": ""nocturnal"", ""label"": ""Burns at night"", ""value"": 0.0, ""weight"": 0.1, ""contribution"": 0.0, ""detail"": ""0% of detections at night""}]",3.0,
84d014e00122,23.12794,69.90655,2026-09-26,843,D,N20,VIIRS,VIIRS_NOAA20_NRT,n,0.42,0.37,23.13,69.91,9.01,341.05,308.12,,,531.0,0.0116485650234144,1810.2,155400.0,biomass_like,False,False,ok,2.46,scene,3.3469049049785595,1.0,0.9375,1,1,0.0,0.2,,0.0,0.2,0.0,True,False,False,1.0,5.0,9.555,9.512,12.029,18.0,,0,0,0,0,osm|wri|gem,,0,0.0,F00041,Man Industries,works,23.04293655,69.9202102,osm,1,unknown,,,,Near industrial activity,False,,False,0.0,0.0,0.2,0.0,0.9375,0.1806,0.1806,0.0543,0.617,0.2082,0.2082,0.5274,Moderate,insufficient_evidence,Insufficient evidence,,"[{""key"": ""intensity"", ""label"": ""Thermal intensity"", ""value"": 0.938, ""weight"": 0.15, ""contribution"": 0.1406, ""detail"": ""FRP 9.0 MW, 94th percentile""}, {""key"": ""persistence"", ""label"": ""Repeat detections"", ""value"": 0.2, ""weight"": 0.2, ""contribution"": 0.04, ""detail"": ""seen on 1 separate days""}, {""key"": ""corroboration"", ""label"": ""Registry corroboration"", ""value"": 0.0, ""weight"": 0.3, ""contribution"": 0.0, ""detail"": ""0 of 3 registries place infrastructure within 3 km""}, {""key"": ""physics"", ""label"": ""Combustion temperature"", ""value"": 0.0, ""weight"": 0.25, ""contribution"": 0.0, ""detail"": ""retrieved 531 K (biomass like)""}, {""key"": ""nocturnal"", ""label"": ""Burns at night"", ""value"": 0.0, ""weight"": 0.1, ""contribution"": 0.0, ""detail"": ""0% of detections at night""}]",3.0,
f78347fc4a08,23.50695,69.26672,2026-09-26,750,D,N21,VIIRS,VIIRS_NOAA21_NRT,n,0.43,0.62,23.51,69.27,5.89,342.36,303.6,,,,,,266600.0,unknown,False,False,weak_11um,2.46,scene,1.7526540189429707,0.5842180063143235,0.84375,1,1,0.0,0.2,,0.0,0.2,0.0,True,False,False,1.0,5.0,37.055,47.449,37.055,52.119,,0,0,0,0,osm|wri|gem,,0,0.0,F02463,Bitta Solar Power Plant,power_plant,23.2579,69.0255,wri,1,operating,40.0,MW,,No registered industrial site nearby,False,,False,0.0,0.25,0.2,0.0,0.84375,0.2291,0.2291,0.0091,0.3309,0.1784,0.1784,0.4007,Moderate,insufficient_evidence,Insufficient evidence,,"[{""key"": ""intensity"", ""label"": ""Thermal intensity"", ""value"": 0.844, ""weight"": 0.15, ""contribution"": 0.1266, ""detail"": ""FRP 5.9 MW, 84th percentile""}, {""key"": ""physics"", ""label"": ""Combustion temperature"", ""value"": 0.25, ""weight"": 0.25, ""contribution"": 0.0625, ""detail"": ""temperature retrieval unavailable""}, {""key"": ""persistence"", ""label"": ""Repeat detections"", ""value"": 0.2, ""weight"": 0.2, ""contribution"": 0.04, ""detail"": ""seen on 1 separate days""}, {""key"": ""corroboration"", ""label"": ""Registry corroboration"", ""value"": 0.0, ""weight"": 0.3, ""contribution"": 0.0, ""detail"": ""0 of 3 registries place infrastructure within 3 km""}, {""key"": ""nocturnal"", ""label"": ""Burns at night"", ""value"": 0.0, ""weight"": 0.1, ""contribution"": 0.0, ""detail"": ""0% of detections at night""}]",3.0,
2d7aa0142ea3,25.5578,76.05056,2026-09-26,826,D,N,VIIRS,VIIRS_SNPP_NRT,n,0.42,0.38,25.56,76.05,2.16,330.74,298.8,,,,,,159600.0,unknown,False,False,weak_11um,2.46,scene,-0.15329335442649883,0.0,0.4270833333333333,1,1,0.0,0.2,,0.0,0.2,0.0,True,False,False,1.0,5.0,18.984,224.965,18.984,48.996,,0,0,0,0,osm|wri|gem,,0,0.0,F02856,LAKHERI CEMENT PLANT,power_plant,25.6732,76.1901,wri,1,operating,25.0,MW,,No registered industrial site nearby,False,,False,0.0,0.25,0.2,0.0,0.4270833333333333,0.1666,0.1666,0.0,0.1867,0.1196,0.1196,0.1865,Low,insufficient_evidence,Insufficient evidence,,"[{""key"": ""intensity"", ""label"": ""Thermal intensity"", ""value"": 0.427, ""weight"": 0.15, ""contribution"": 0.0641, ""detail"": ""FRP 2.2 MW, 43th percentile""}, {""key"": ""physics"", ""label"": ""Combustion temperature"", ""value"": 0.25, ""weight"": 0.25, ""contribution"": 0.0625, ""detail"": ""temperature retrieval unavailable""}, {""key"": ""persistence"", ""label"": ""Repeat detections"", ""value"": 0.2, ""weight"": 0.2, ""contribution"": 0.04, ""detail"": ""seen on 1 separate days""}, {""key"": ""corroboration"", ""label"": ""Registry corroboration"", ""value"": 0.0, ""weight"": 0.3, ""contribution"": 0.0, ""detail"": ""0 of 3 registries place infrastructure within 3 km""}, {""key"": ""nocturnal"", ""label"": ""Burns at night"", ""value"": 0.0, ""weight"": 0.1, ""contribution"": 0.0, ""detail"": ""0% of detections at night""}]",3.0,
b734970cbded,28.73252,76.92909,2026-09-26,826,D,N,VIIRS,VIIRS_SNPP_NRT,n,0.49,0.4,28.73,76.93,3.84,331.28,299.81,,,,,,196000.0,unknown,False,False,weak_11um,1.32,region,3.4688096201653456,1.0,0.6802884615384616,1,1,0.0,0.2,,0.0,0.2,0.0,True,False,False,1.0,5.0,3.839,3.526,15.505,15.542,,0,0,0,0,osm|wri|gem,,0,0.0,F02049,,industrial_area,28.6987843,76.9207197,osm,1,unknown,,,,Near industrial activity,False,,False,0.0,0.25,0.2,0.0,0.6802884615384616,0.2045,0.2045,0.0476,0.6883,0.23,0.23,0.5115,Moderate,insufficient_evidence,Insufficient evidence,,"[{""key"": ""intensity"", ""label"": ""Thermal intensity"", ""value"": 0.68, ""weight"": 0.15, ""contribution"": 0.102, ""detail"": ""FRP 3.8 MW, 68th percentile""}, {""key"": ""physics"", ""label"": ""Combustion temperature"", ""value"": 0.25, ""weight"": 0.25, ""contribution"": 0.0625, ""detail"": ""temperature retrieval unavailable""}, {""key"": ""persistence"", ""label"": ""Repeat detections"", ""value"": 0.2, ""weight"": 0.2, ""contribution"": 0.04, ""detail"": ""seen on 1 separate days""}, {""key"": ""corroboration"", ""label"": ""Registry corroboration"", ""value"": 0.0, ""weight"": 0.3, ""contribution"": 0.0, ""detail"": ""0 of 3 registries place infrastructure within 3 km""}, {""key"": ""nocturnal"", ""label"": ""Burns at night"", ""value"": 0.0, ""weight"": 0.1, ""contribution"": 0.0, ""detail"": ""0% of detections at night""}]",3.0,C24
e883e47a3e92,29.22641,73.6429,2026-09-26,826,D,N,VIIRS,VIIRS_SNPP_NRT,n,0.39,0.36,29.23,73.64,3.57,339.36,308.09,,,,,,140400.0,unknown,False,False,weak_11um,2.46,scene,0.5671854113780459,0.18906180379268198,0.6458333333333334,1,1,0.0,0.2,,0.0,0.2,0.0,True,False,False,1.0,5.0,36.971,281.927,36.999,36.816,,0,0,0,0,osm|wri|gem,,0,0.0,F03236,SURATGARH,power_plant,29.174006327272732,74.01902698181819,gem|wri,2,operating,5640.0,MW,Rajasthan,No registered industrial site nearby,False,,False,0.0,0.25,0.2,0.0,0.6458333333333334,0.1994,0.1994,0.0,0.1418,0.1309,0.1309,0.2608,Low,insufficient_evidence,Insufficient evidence,,"[{""key"": ""intensity"", ""label"": ""Thermal intensity"", ""value"": 0.646, ""weight"": 0.15, ""contribution"": 0.0969, ""detail"": ""FRP 3.6 MW, 65th percentile""}, {""key"": ""physics"", ""label"": ""Combustion temperature"", ""value"": 0.25, ""weight"": 0.25, ""contribution"": 0.0625, ""detail"": ""temperature retrieval unavailable""}, {""key"": ""persistence"", ""label"": ""Repeat detections"", ""value"": 0.2, ""weight"": 0.2, ""contribution"": 0.04, ""detail"": ""seen on 1 separate days""}, {""key"": ""corroboration"", ""label"": ""Registry corroboration"", ""value"": 0.0, ""weight"": 0.3, ""contribution"": 0.0, ""detail"": ""0 of 3 registries place infrastructure within 3 km""}, {""key"": ""nocturnal"", ""label"": ""Burns at night"", ""value"": 0.0, ""weight"": 0.1, ""contribution"": 0.0, ""detail"": ""0% of detections at night""}]",3.0,C93
930548ed3f64,29.22699,73.64688,2026-09-26,826,D,N,VIIRS,VIIRS_SNPP_NRT,n,0.39,0.36,29.23,73.65,3.57,342.1,310.12,,,692.3,0.00201121552918797,282.4,140400.0,biomass_like,False,False,ok,2.46,scene,0.5671854113780459,0.18906180379268198,0.6458333333333334,1,1,0.0,0.2,,0.0,0.2,0.0,True,False,False,1.0,5.0,36.599,281.552,36.626,36.442,,0,0,0,0,osm|wri|gem,,0,0.0,F03236,SURATGARH,power_plant,29.174006327272732,74.01902698181819,gem|wri,2,operating,5640.0,MW,Rajasthan,No registered industrial site nearby,False,,False,0.0,0.0,0.2,0.0,0.6458333333333334,0.1369,0.1369,0.0,0.4391,0.1412,0.1412,0.2654,Low,insufficient_evidence,Insufficient evidence,,"[{""key"": ""intensity"", ""label"": ""Thermal intensity"", ""value"": 0.646, ""weight"": 0.15, ""contribution"": 0.0969, ""detail"": ""FRP 3.6 MW, 65th percentile""}, {""key"": ""persistence"", ""label"": ""Repeat detections"", ""value"": 0.2, ""weight"": 0.2, ""contribution"": 0.04, ""detail"": ""seen on 1 separate days""}, {""key"": ""corroboration"", ""label"": ""Registry corroboration"", ""value"": 0.0, ""weight"": 0.3, ""contribution"": 0.0, ""detail"": ""0 of 3 registries place infrastructure within 3 km""}, {""key"": ""physics"", ""label"": ""Combustion temperature"", ""value"": 0.0, ""weight"": 0.25, ""contribution"": 0.0, ""detail"": ""retrieved 692 K (biomass like)""}, {""key"": ""nocturnal"", ""label"": ""Burns at night"", ""value"": 0.0, ""weight"": 0.1, ""contribution"": 0.0, ""detail"": ""0% of detections at night""}]",3.0,C93
dec3733fab68,30.03959,75.77003,2026-09-26,845,D,N20,VIIRS,VIIRS_NOAA20_NRT,n,0.34,0.56,30.04,75.77,2.77,335.07,295.48,,,,,,190400.0,unknown,False,False,weak_11um,2.46,scene,0.15840313290738223,0.05280104430246074,0.5552884615384616,1,1,0.0,0.2,,0.0,0.2,0.0,True,False,False,1.0,5.0,8.751,147.821,8.751,32.074,,0,0,0,0,osm|wri|gem,,0,0.0,F03255,Sangatpura Solar Power Plant,power_plant,29.9611,75.7767,wri,1,operating,10.0,MW,,Near industrial activity,False,,False,0.0,0.25,0.2,0.0,0.5552884615384616,0.1858,0.1858,0.0,0.1114,0.1189,0.1189,0.2122,Low,insufficient_evidence,Insufficient evidence,,"[{""key"": ""intensity"", ""label"": ""Thermal intensity"", ""value"": 0.555, ""weight"": 0.15, ""contribution"": 0.0833, ""detail"": ""FRP 2.8 MW, 56th percentile""}, {""key"": ""physics"", ""label"": ""Combustion temperature"", ""value"": 0.25, ""weight"": 0.25, ""contribution"": 0.0625, ""detail"": ""temperature retrieval unavailable""}, {""key"": ""persistence"", ""label"": ""Repeat detections"", ""value"": 0.2, ""weight"": 0.2, ""contribution"": 0.04, ""detail"": ""seen on 1 separate days""}, {""key"": ""corroboration"", ""label"": ""Registry corroboration"", ""value"": 0.0, ""weight"": 0.3, ""contribution"": 0.0, ""detail"": ""0 of 3 registries place infrastructure within 3 km""}, {""key"": ""nocturnal"", ""label"": ""Burns at night"", ""value"": 0.0, ""weight"": 0.1, ""contribution"": 0.0, ""detail"": ""0% of detections at night""}]",3.0,
945f8b09e3e4,30.58989,76.90581,2026-09-26,828,D,N,VIIRS,VIIRS_SNPP_NRT,n,0.51,0.41,30.59,76.91,1.8,330.02,295.0,,,,,,209100.0,unknown,False,False,weak_11um,2.46,scene,-0.33724537973829755,0.0,0.3629807692307692,1,1,0.0,0.2,,0.0,0.2,0.0,True,False,False,1.0,5.0,24.599,178.463,24.599,31.61,,0,0,0,0,osm|wri|gem,,0,0.0,F02819,Khera,power_plant,30.81,76.88,wri,1,operating,5.0,MW,,No registered industrial site nearby,False,,False,0.0,0.25,0.2,0.0,0.3629807692307692,0.1569,0.1569,0.0,0.2853,0.1291,0.1291,0.1844,Low,insufficient_evidence,Insufficient evidence,,"[{""key"": ""physics"", ""label"": ""Combustion temperature"", ""value"": 0.25, ""weight"": 0.25, ""contribution"": 0.0625, ""detail"": ""temperature retrieval unavailable""}, {""key"": ""intensity"", ""label"": ""Thermal intensity"", ""value"": 0.363, ""weight"": 0.15, ""contribution"": 0.0544, ""detail"": ""FRP 1.8 MW, 36th percentile""}, {""key"": ""persistence"", ""label"": ""Repeat detections"", ""value"": 0.2, ""weight"": 0.2, ""contribution"": 0.04, ""detail"": ""seen on 1 separate days""}, {""key"": ""corroboration"", ""label"": ""Registry corroboration"", ""value"": 0.0, ""weight"": 0.3, ""contribution"": 0.0, ""detail"": ""0 of 3 registries place infrastructure within 3 km""}, {""key"": ""nocturnal"", ""label"": ""Burns at night"", ""value"": 0.0, ""weight"": 0.1, ""contribution"": 0.0, ""detail"": ""0% of detections at night""}]",3.0,
849a05e50cb1,30.6112,75.04105,2026-09-26,828,D,N,VIIRS,VIIRS_SNPP_NRT,n,0.43,0.38,30.61,75.04,4.64,335.14,301.21,,,552.3,0.00732549570456818,1197.0,163400.0,biomass_like,False,False,ok,2.46,scene,1.1139317088325587,0.3713105696108529,0.7548076923076923,1,1,0.0,0.2,,0.0,0.2,0.0,True,False,False,1.0,5.0,40.153,239.88,40.149,40.154,,0,0,0,0,osm|wri|gem,,0,0.0,F02587,GHTP (LEH.MOH.),power_plant,30.266562500000003,75.16609749999999,gem|wri,2,operating,2340.0,MW,Punjab,No registered industrial site nearby,False,,False,0.0,0.0,0.2,0.0,0.7548076923076923,0.1532,0.1532,0.1616,0.1338,0.1528,0.1528,0.3271,Low,insufficient_evidence,Insufficient evidence,,"[{""key"": ""intensity"", ""label"": ""Thermal intensity"", ""value"": 0.755, ""weight"": 0.15, ""contribution"": 0.1132, ""detail"": ""FRP 4.6 MW, 75th percentile""}, {""key"": ""persistence"", ""label"": ""Repeat detections"", ""value"": 0.2, ""weight"": 0.2, ""contribution"": 0.04, ""detail"": ""seen on 1 separate days""}, {""key"": ""corroboration"", ""label"": ""Registry corroboration"", ""value"": 0.0, ""weight"": 0.3, ""contribution"": 0.0, ""detail"": ""0 of 3 registries place infrastructure within 3 km""}, {""key"": ""physics"", ""label"": ""Combustion temperature"", ""value"": 0.0, ""weight"": 0.25, ""contribution"": 0.0, ""detail"": ""retrieved 552 K (biomass like)""}, {""key"": ""nocturnal"", ""label"": ""Burns at night"", ""value"": 0.0, ""weight"": 0.1, ""contribution"": 0.0, ""detail"": ""0% of detections at night""}]",3.0,
9b7908ab4a66,30.98959,75.29948,2026-09-26,828,D,N,VIIRS,VIIRS_SNPP_NRT,n,0.44,0.38,30.99,75.3,3.47,331.8,299.67,,,619.3,0.00287739859970628,481.1,167200.0,biomass_like,False,False,ok,2.46,scene,0.5160876265692131,0.17202920885640438,0.6370192307692307,1,1,0.0,0.2,,0.0,0.2,0.0,True,False,False,1.0,5.0,33.76,262.073,33.76,46.222,,0,0,0,0,osm|wri|gem,,0,0.0,F02875,Lallian Kalan Solar Power Plant,power_plant,31.2496,75.4826,wri,1,operating,1.0,MW,,No registered industrial site nearby,False,,False,0.0,0.0,0.2,0.0,0.6370192307692307,0.1356,0.1356,0.02,0.3133,0.1276,0.1276,0.2541,Low,insufficient_evidence,Insufficient evidence,,"[{""key"": ""intensity"", ""label"": ""Thermal intensity"", ""value"": 0.637, ""weight"": 0.15, ""contribution"": 0.0956, ""detail"": ""FRP 3.5 MW, 64th percentile""}, {""key"": ""persistence"", ""label"": ""Repeat detections"", ""value"": 0.2, ""weight"": 0.2, ""contribution"": 0.04, ""detail"": ""seen on 1 separate days""}, {""key"": ""corroboration"", ""label"": ""Registry corroboration"", ""value"": 0.0, ""weight"": 0.3, ""contribution"": 0.0, ""detail"": ""0 of 3 registries place infrastructure within 3 km""}, {""key"": ""physics"", ""label"": ""Combustion temperature"", ""value"": 0.0, ""weight"": 0.25, ""contribution"": 0.0, ""detail"": ""retrieved 619 K (biomass like)""}, {""key"": ""nocturnal"", ""label"": ""Burns at night"", ""value"": 0.0, ""weight"": 0.1, ""contribution"": 0.0, ""detail"": ""0% of detections at night""}]",3.0,
332c8ec46ca3,31.10823,74.83191,2026-09-26,828,D,N,VIIRS,VIIRS_SNPP_NRT,n,0.43,0.38,31.11,74.83,14.72,344.33,301.87,,,588.0,0.007366326249134433,1203.7,163400.0,biomass_like,False,False,ok,2.46,scene,6.264588417562923,1.0,0.9823717948717948,1,1,0.0,0.2,,0.0,0.2,0.0,True,False,False,1.0,5.0,42.843,296.354,42.835,42.845,,0,0,0,0,osm|wri|gem,,0,0.0,F02591,GOINDWAL SAHIB TPP,power_plant,31.384132,75.1464824,gem|wri,2,operating,2400.0,MW,Punjab,No registered industrial site nearby,False,,False,0.0,0.0,0.2,0.0,0.9823717948717948,0.1874,0.1874,0.133,0.8806,0.2751,0.2751,0.562,High,insufficient_evidence,Insufficient evidence,,"[{""key"": ""intensity"", ""label"": ""Thermal intensity"", ""value"": 0.982, ""weight"": 0.15, ""contribution"": 0.1474, ""detail"": ""FRP 14.7 MW, 98th percentile""}, {""key"": ""persistence"", ""label"": ""Repeat detections"", ""value"": 0.2, ""weight"": 0.2, ""contribution"": 0.04, ""detail"": ""seen on 1 separate days""}, {""key"": ""corroboration"", ""label"": ""Registry corroboration"", ""value"": 0.0, ""weight"": 0.3, ""contribution"": 0.0, ""detail"": ""0 of 3 registries place infrastructure within 3 km""}, {""key"": ""physics"", ""label"": ""Combustion temperature"", ""value"": 0.0, ""weight"": 0.25, ""contribution"": 0.0, ""detail"": ""retrieved 588 K (biomass like)""}, {""key"": ""nocturnal"", ""label"": ""Burns at night"", ""value"": 0.0, ""weight"": 0.1, ""contribution"": 0.0, ""detail"": ""0% of detections at night""}]",3.0,
a85764d2a76b,31.30234,74.867,2026-09-26,828,D,N,VIIRS,VIIRS_SNPP_NRT,n,0.43,0.38,31.3,74.87,3.86,334.21,302.47,,,506.0,0.01324909438005532,2164.9,163400.0,biomass_like,False,False,ok,2.46,scene,0.7153689873236615,0.23845632910788717,0.6834935897435898,1,1,0.0,0.2,,0.0,0.2,0.0,True,False,False,1.0,5.0,28.057,312.661,28.048,28.059,,0,0,0,0,osm|wri|gem,,0,0.0,F02591,GOINDWAL SAHIB TPP,power_plant,31.384132,75.1464824,gem|wri,2,operating,2400.0,MW,Punjab,No registered industrial site nearby,False,,False,0.0,0.0,0.2,0.0,0.6834935897435898,0.1425,0.1425,0.0291,0.0761,0.0985,0.0985,0.2623,Low,insufficient_evidence,Insufficient evidence,,"[{""key"": ""intensity"", ""label"": ""Thermal intensity"", ""value"": 0.683, ""weight"": 0.15, ""contribution"": 0.1025, ""detail"": ""FRP 3.9 MW, 68th percentile""}, {""key"": ""persistence"", ""label"": ""Repeat detections"", ""value"": 0.2, ""weight"": 0.2, ""contribution"": 0.04, ""detail"": ""seen on 1 separate days""}, {""key"": ""corroboration"", ""label"": ""Registry corroboration"", ""value"": 0.0, ""weight"": 0.3, ""contribution"": 0.0, ""detail"": ""0 of 3 registries place infrastructure within 3 km""}, {""key"": ""physics"", ""label"": ""Combustion temperature"", ""value"": 0.0, ""weight"": 0.25, ""contribution"": 0.0, ""detail"": ""retrieved 506 K (biomass like)""}, {""key"": ""nocturnal"", ""label"": ""Burns at night"", ""value"": 0.0, ""weight"": 0.1, ""contribution"": 0.0, ""detail"": ""0% of detections at night""}]",3.0,
f446e886823c,31.33788,75.02445,2026-09-26,828,D,N,VIIRS,VIIRS_SNPP_NRT,n,0.43,0.38,31.34,75.02,3.58,333.55,301.23,,,540.5,0.007855977121387771,1283.7,163400.0,biomass_like,False,False,ok,2.46,scene,0.5722951898589294,0.1907650632863098,0.6514423076923077,1,1,0.0,0.2,,0.0,0.2,0.0,True,False,False,1.0,5.0,12.677,308.569,12.668,12.679,,0,0,0,0,osm|wri|gem,,0,0.0,F02591,GOINDWAL SAHIB TPP,power_plant,31.384132,75.1464824,gem|wri,2,operating,2400.0,MW,Punjab,No registered industrial site nearby,False,,False,0.0,0.0,0.2,0.0,0.6514423076923077,0.1377,0.1377,0.0,0.1002,0.0908,0.0908,0.2437,Low,insufficient_evidence,Insufficient evidence,,"[{""key"": ""intensity"", ""label"": ""Thermal intensity"", ""value"": 0.651, ""weight"": 0.15, ""contribution"": 0.0977, ""detail"": ""FRP 3.6 MW, 65th percentile""}, {""key"": ""persistence"", ""label"": ""Repeat detections"", ""value"": 0.2, ""weight"": 0.2, ""contribution"": 0.04, ""detail"": ""seen on 1 separate days""}, {""key"": ""corroboration"", ""label"": ""Registry corroboration"", ""value"": 0.0, ""weight"": 0.3, ""contribution"": 0.0, ""detail"": ""0 of 3 registries place infrastructure within 3 km""}, {""key"": ""physics"", ""label"": ""Combustion temperature"", ""value"": 0.0, ""weight"": 0.25, ""contribution"": 0.0, ""detail"": ""retrieved 540 K (biomass like)""}, {""key"": ""nocturnal"", ""label"": ""Burns at night"", ""value"": 0.0, ""weight"": 0.1, ""contribution"": 0.0, ""detail"": ""0% of detections at night""}]",3.0,C94
375d77f069c1,31.33802,75.02751,2026-09-26,828,D,N,VIIRS,VIIRS_SNPP_NRT,n,0.43,0.38,31.34,75.03,4.08,333.46,300.87,,,555.1,0.006480560020244557,1058.9,163400.0,biomass_like,False,False,ok,2.46,scene,0.8277841139030941,0.27592803796769805,0.7067307692307693,1,1,0.0,0.2,,0.0,0.2,0.0,True,False,False,1.0,5.0,12.406,308.443,12.397,12.408,,0,0,0,0,osm|wri|gem,,0,0.0,F02591,GOINDWAL SAHIB TPP,power_plant,31.384132,75.1464824,gem|wri,2,operating,2400.0,MW,Punjab,No registered industrial site nearby,False,,False,0.0,0.0,0.2,0.0,0.7067307692307693,0.146,0.146,0.0424,0.1779,0.1197,0.1197,0.2835,Low,insufficient_evidence,Insufficient evidence,,"[{""key"": ""intensity"", ""label"": ""Thermal intensity"", ""value"": 0.707, ""weight"": 0.15, ""contribution"": 0.106, ""detail"": ""FRP 4.1 MW, 71th percentile""}, {""key"": ""persistence"", ""label"": ""Repeat detections"", ""value"": 0.2, ""weight"": 0.2, ""contribution"": 0.04, ""detail"": ""seen on 1 separate days""}, {""key"": ""corroboration"", ""label"": ""Registry corroboration"", ""value"": 0.0, ""weight"": 0.3, ""contribution"": 0.0, ""detail"": ""0 of 3 registries place infrastructure within 3 km""}, {""key"": ""physics"", ""label"": ""Combustion temperature"", ""value"": 0.0, ""weight"": 0.25, ""contribution"": 0.0, ""detail"": ""retrieved 555 K (biomass like)""}, {""key"": ""nocturnal"", ""label"": ""Burns at night"", ""value"": 0.0, ""weight"": 0.1, ""contribution"": 0.0, ""detail"": ""0% of detections at night""}]",3.0,C94
aeddcedcb4aa,31.40663,75.02548,2026-09-26,750,D,N21,VIIRS,VIIRS_NOAA21_NRT,n,0.44,0.39,31.41,75.03,5.59,336.47,301.31,,,557.5,0.007347210656336785,1260.8,171600.0,biomass_like,False,False,ok,2.46,scene,1.599360664516472,0.5331202215054907,0.8245192307692307,1,1,0.0,0.2,,0.0,0.2,0.0,True,False,False,1.0,5.0,11.754,315.249,11.747,11.756,,0,0,0,0,osm|wri|gem,,0,0.0,F02591,GOINDWAL SAHIB TPP,power_plant,31.384132,75.1464824,gem|wri,2,operating,2400.0,MW,Punjab,No registered industrial site nearby,False,,False,0.0,0.0,0.2,0.0,0.8245192307692307,0.1637,0.1637,0.0091,0.2925,0.1366,0.1366,0.3672,Moderate,insufficient_evidence,Insufficient evidence,,"[{""key"": ""intensity"", ""label"": ""Thermal intensity"", ""value"": 0.825, ""weight"": 0.15, ""contribution"": 0.1237, ""detail"": ""FRP 5.6 MW, 82th percentile""}, {""key"": ""persistence"", ""label"": ""Repeat detections"", ""value"": 0.2, ""weight"": 0.2, ""contribution"": 0.04, ""detail"": ""seen on 1 separate days""}, {""key"": ""corroboration"", ""label"": ""Registry corroboration"", ""value"": 0.0, ""weight"": 0.3, ""contribution"": 0.0, ""detail"": ""0 of 3 registries place infrastructure within 3 km""}, {""key"": ""physics"", ""label"": ""Combustion temperature"", ""value"": 0.0, ""weight"": 0.25, ""contribution"": 0.0, ""detail"": ""retrieved 558 K (biomass like)""}, {""key"": ""nocturnal"", ""label"": ""Burns at night"", ""value"": 0.0, ""weight"": 0.1, ""contribution"": 0.0, ""detail"": ""0% of detections at night""}]",3.0,C95
777e852b610a,31.41012,75.02464,2026-09-26,750,D,N21,VIIRS,VIIRS_NOAA21_NRT,n,0.44,0.39,31.41,75.02,5.59,344.46,301.16,,,620.9,0.005235035968181605,898.3,171600.0,biomass_like,False,False,ok,2.46,scene,1.599360664516472,0.5331202215054907,0.8245192307692307,1,1,0.0,0.2,,0.0,0.2,0.0,True,False,False,1.0,5.0,11.92,315.629,11.913,11.922,,0,0,0,0,osm|wri|gem,,0,0.0,F02591,GOINDWAL SAHIB TPP,power_plant,31.384132,75.1464824,gem|wri,2,operating,2400.0,MW,Punjab,No registered industrial site nearby,False,,False,0.0,0.0,0.2,0.0,0.8245192307692307,0.1637,0.1637,0.039,0.484,0.1743,0.1743,0.3842,Moderate,insufficient_evidence,Insufficient evidence,,"[{""key"": ""intensity"", ""label"": ""Thermal intensity"", ""value"": 0.825, ""weight"": 0.15, ""contribution"": 0.1237, ""detail"": ""FRP 5.6 MW, 82th percentile""}, {""key"": ""persistence"", ""label"": ""Repeat detections"", ""value"": 0.2, ""weight"": 0.2, ""contribution"": 0.04, ""detail"": ""seen on 1 separate days""}, {""key"": ""corroboration"", ""label"": ""Registry corroboration"", ""value"": 0.0, ""weight"": 0.3, ""contribution"": 0.0, ""detail"": ""0 of 3 registries place infrastructure within 3 km""}, {""key"": ""physics"", ""label"": ""Combustion temperature"", ""value"": 0.0, ""weight"": 0.25, ""contribution"": 0.0, ""detail"": ""retrieved 621 K (biomass like)""}, {""key"": ""nocturnal"", ""label"": ""Burns at night"", ""value"": 0.0, ""weight"": 0.1, ""contribution"": 0.0, ""detail"": ""0% of detections at night""}]",3.0,C95
9a53b3c673f2,31.42388,75.21657,2026-09-26,828,D,N,VIIRS,VIIRS_SNPP_NRT,n,0.44,0.39,31.42,75.22,5.61,343.52,298.06,,,,,,171600.0,unknown,False,False,weak_11um,2.46,scene,1.6095802214782386,0.5365267404927462,0.8301282051282052,1,1,0.0,0.2,,0.0,0.2,0.0,True,False,False,1.0,5.0,7.986,308.896,7.995,7.984,,0,0,0,0,osm|wri|gem,,0,0.0,F02591,GOINDWAL SAHIB TPP,power_plant,31.384132,75.1464824,gem|wri,2,operating,2400.0,MW,Punjab,Near industrial activity,False,,False,0.0,0.25,0.2,0.0,0.8301282051282052,0.227,0.227,0.0091,0.4022,0.1879,0.1879,0.3917,Moderate,insufficient_evidence,Insufficient evidence,,"[{""key"": ""intensity"", ""label"": ""Thermal intensity"", ""value"": 0.83, ""weight"": 0.15, ""contribution"": 0.1245, ""detail"": ""FRP 5.6 MW, 83th percentile""}, {""key"": ""physics"", ""label"": ""Combustion temperature"", ""value"": 0.25, ""weight"": 0.25, ""contribution"": 0.0625, ""detail"": ""temperature retrieval unavailable""}, {""key"": ""persistence"", ""label"": ""Repeat detections"", ""value"": 0.2, ""weight"": 0.2, ""contribution"": 0.04, ""detail"": ""seen on 1 separate days""}, {""key"": ""corroboration"", ""label"": ""Registry corroboration"", ""value"": 0.0, ""weight"": 0.3, ""contribution"": 0.0, ""detail"": ""0 of 3 registries place infrastructure within 3 km""}, {""key"": ""nocturnal"", ""label"": ""Burns at night"", ""value"": 0.0, ""weight"": 0.1, ""contribution"": 0.0, ""detail"": ""0% of detections at night""}]",3.0,
4fe7a5affab0,31.47236,75.05521,2026-09-26,845,D,N20,VIIRS,VIIRS_NOAA20_NRT,n,0.32,0.55,31.47,75.06,3.03,346.21,298.88,,,958.8,0.000623755474498989,109.8,176000.0,mixed,False,False,ok,2.53,region,0.3494770774490131,0.11649235914967103,0.5849358974358975,2,2,0.0,0.4,,0.0,0.4,0.0,True,False,False,2.0,5.0,13.086,320.43,13.084,13.087,,0,0,0,0,osm|wri|gem,,0,0.0,F02591,GOINDWAL SAHIB TPP,power_plant,31.384132,75.1464824,gem|wri,2,operating,2400.0,MW,Punjab,No registered industrial site nearby,False,,False,0.0,0.2269,0.4,0.0,0.5849358974358975,0.2245,0.2245,0.0424,0.9663,0.2811,0.2811,0.3441,Low,insufficient_evidence,Insufficient evidence,,"[{""key"": ""intensity"", ""label"": ""Thermal intensity"", ""value"": 0.585, ""weight"": 0.15, ""contribution"": 0.0877, ""detail"": ""FRP 3.0 MW, 58th percentile""}, {""key"": ""persistence"", ""label"": ""Repeat detections"", ""value"": 0.4, ""weight"": 0.2, ""contribution"": 0.08, ""detail"": ""seen on 2 separate days""}, {""key"": ""physics"", ""label"": ""Combustion temperature"", ""value"": 0.227, ""weight"": 0.25, ""contribution"": 0.0567, ""detail"": ""retrieved 959 K (mixed)""}, {""key"": ""corroboration"", ""label"": ""Registry corroboration"", ""value"": 0.0, ""weight"": 0.3, ""contribution"": 0.0, ""detail"": ""0 of 3 registries place infrastructure within 3 km""}, {""key"": ""nocturnal"", ""label"": ""Burns at night"", ""value"": 0.0, ""weight"": 0.1, ""contribution"": 0.0, ""detail"": ""0% of detections at night""}]",3.0,C16
6740c19eefc9,31.6192,75.28679,2026-09-26,828,D,N,VIIRS,VIIRS_SNPP_NRT,n,0.45,0.39,31.62,75.29,3.66,334.0,298.8,,,,,,175500.0,unknown,False,False,weak_11um,2.46,scene,0.6131734177059958,0.20439113923533192,0.6634615384615384,1,1,0.0,0.2,,0.0,0.2,0.0,True,False,False,1.0,5.0,9.189,326.176,9.169,29.327,,0,0,0,0,osm|wri|gem,,0,0.0,F02420,Beas,power_plant,31.5456,75.3309,wri,1,operating,19.6,MW,,Near industrial activity,False,,False,0.0,0.25,0.2,0.0,0.6634615384615384,0.202,0.202,0.0,0.1603,0.1351,0.1351,0.2682,Low,insufficient_evidence,Insufficient evidence,,"[{""key"": ""intensity"", ""label"": ""Thermal intensity"", ""value"": 0.663, ""weight"": 0.15, ""contribution"": 0.0995, ""detail"": ""FRP 3.7 MW, 66th percentile""}, {""key"": ""physics"", ""label"": ""Combustion temperature"", ""value"": 0.25, ""weight"": 0.25, ""contribution"": 0.0625, ""detail"": ""temperature retrieval unavailable""}, {""key"": ""persistence"", ""label"": ""Repeat detections"", ""value"": 0.2, ""weight"": 0.2, ""contribution"": 0.04, ""detail"": ""seen on 1 separate days""}, {""key"": ""corroboration"", ""label"": ""Registry corroboration"", ""value"": 0.0, ""weight"": 0.3, ""contribution"": 0.0, ""detail"": ""0 of 3 registries place infrastructure within 3 km""}, {""key"": ""nocturnal"", ""label"": ""Burns at night"", ""value"": 0.0, ""weight"": 0.1, ""contribution"": 0.0, ""detail"": ""0% of detections at night""}]",3.0,
d322f7a8529c,31.62848,74.99851,2026-09-26,750,D,N21,VIIRS,VIIRS_NOAA21_NRT,n,0.44,0.38,31.63,75.0,4.82,334.57,301.94,,,529.6,0.00956158439419389,1598.7,167200.0,biomass_like,False,False,ok,2.46,scene,1.2059077214884584,0.4019692404961528,0.7724358974358975,1,1,0.0,0.2,,0.0,0.2,0.0,True,False,False,1.0,5.0,30.578,338.352,30.578,30.578,,0,0,0,0,osm|wri|gem,,0,0.0,F02591,GOINDWAL SAHIB TPP,power_plant,31.384132,75.1464824,gem|wri,2,operating,2400.0,MW,Punjab,No registered industrial site nearby,False,,False,0.0,0.0,0.2,0.0,0.7724358974358975,0.1559,0.1559,0.0343,0.1546,0.1192,0.1192,0.3214,Low,insufficient_evidence,Insufficient evidence,,"[{""key"": ""intensity"", ""label"": ""Thermal intensity"", ""value"": 0.772, ""weight"": 0.15, ""contribution"": 0.1159, ""detail"": ""FRP 4.8 MW, 77th percentile""}, {""key"": ""persistence"", ""label"": ""Repeat detections"", ""value"": 0.2, ""weight"": 0.2, ""contribution"": 0.04, ""detail"": ""seen on 1 separate days""}, {""key"": ""corroboration"", ""label"": ""Registry corroboration"", ""value"": 0.0, ""weight"": 0.3, ""contribution"": 0.0, ""detail"": ""0 of 3 registries place infrastructure within 3 km""}, {""key"": ""physics"", ""label"": ""Combustion temperature"", ""value"": 0.0, ""weight"": 0.25, ""contribution"": 0.0, ""detail"": ""retrieved 530 K (biomass like)""}, {""key"": ""nocturnal"", ""label"": ""Burns at night"", ""value"": 0.0, ""weight"": 0.1, ""contribution"": 0.0, ""detail"": ""0% of detections at night""}]",3.0,
2bf9ed93f6a2,31.73568,75.25216,2026-09-26,845,D,N20,VIIRS,VIIRS_NOAA20_NRT,n,0.33,0.55,31.74,75.25,4.14,340.59,299.53,,,760.9,0.0013964757948118835,253.5,181500.0,biomass_like,False,False,ok,2.46,scene,0.8584427847883938,0.28614759492946457,0.7147435897435898,1,1,0.0,0.2,,0.0,0.2,0.0,True,False,False,1.0,5.0,22.412,339.414,22.378,40.351,,0,0,0,0,osm|wri|gem,,0,0.0,F02420,Beas,power_plant,31.5456,75.3309,wri,1,operating,19.6,MW,,No registered industrial site nearby,False,,False,0.0,0.0,0.2,0.0,0.7147435897435898,0.1472,0.1472,0.0286,0.5737,0.1756,0.1756,0.312,Low,insufficient_evidence,Insufficient evidence,,"[{""key"": ""intensity"", ""label"": ""Thermal intensity"", ""value"": 0.715, ""weight"": 0.15, ""contribution"": 0.1072, ""detail"": ""FRP 4.1 MW, 71th percentile""}, {""key"": ""persistence"", ""label"": ""Repeat detections"", ""value"": 0.2, ""weight"": 0.2, ""contribution"": 0.04, ""detail"": ""seen on 1 separate days""}, {""key"": ""corroboration"", ""label"": ""Registry corroboration"", ""value"": 0.0, ""weight"": 0.3, ""contribution"": 0.0, ""detail"": ""0 of 3 registries place infrastructure within 3 km""}, {""key"": ""physics"", ""label"": ""Combustion temperature"", ""value"": 0.0, ""weight"": 0.25, ""contribution"": 0.0, ""detail"": ""retrieved 761 K (biomass like)""}, {""key"": ""nocturnal"", ""label"": ""Burns at night"", ""value"": 0.0, ""weight"": 0.1, ""contribution"": 0.0, ""detail"": ""0% of detections at night""}]",3.0,
10e02cdac218,31.77441,74.97915,2026-09-26,848,D,N20,VIIRS,VIIRS_NOAA20_NRT,h,0.32,0.55,31.77,74.98,6.06,367.0,297.2,,,,,,176000.0,unknown,True,False,saturated_lower_bound,2.46,scene,1.8395202531179868,0.6131734177059956,0.8517628205128205,1,1,0.0,0.2,,0.0,0.2,0.0,True,False,False,1.0,5.0,41.901,353.737,41.874,46.201,,0,0,0,0,osm|wri|gem,,0,0.0,F02420,Beas,power_plant,31.5456,75.3309,wri,1,operating,19.6,MW,,No registered industrial site nearby,False,,False,0.0,0.25,0.2,0.0,0.8517628205128205,0.2303,0.2303,0.0091,0.375,0.1856,0.1856,0.412,Moderate,insufficient_evidence,Insufficient evidence,,"[{""key"": ""intensity"", ""label"": ""Thermal intensity"", ""value"": 0.852, ""weight"": 0.15, ""contribution"": 0.1278, ""detail"": ""FRP 6.1 MW, 85th percentile""}, {""key"": ""physics"", ""label"": ""Combustion temperature"", ""value"": 0.25, ""weight"": 0.25, ""contribution"": 0.0625, ""detail"": ""temperature retrieval unavailable""}, {""key"": ""persistence"", ""label"": ""Repeat detections"", ""value"": 0.2, ""weight"": 0.2, ""contribution"": 0.04, ""detail"": ""seen on 1 separate days""}, {""key"": ""corroboration"", ""label"": ""Registry corroboration"", ""value"": 0.0, ""weight"": 0.3, ""contribution"": 0.0, ""detail"": ""0 of 3 registries place infrastructure within 3 km""}, {""key"": ""nocturnal"", ""label"": ""Burns at night"", ""value"": 0.0, ""weight"": 0.1, ""contribution"": 0.0, ""detail"": ""0% of detections at night""}]",3.0,C88
8cbcdb379198,31.78459,74.57161,2026-09-26,828,D,N,VIIRS,VIIRS_SNPP_NRT,n,0.42,0.38,31.78,74.57,3.66,336.22,304.09,,,487.1,0.019689861432085384,3142.5,159600.0,smouldering,False,False,ok,2.46,scene,0.6131734177059958,0.20439113923533192,0.6634615384615384,1,1,0.0,0.2,,0.0,0.2,0.0,True,False,False,1.0,5.0,70.342,373.024,70.339,70.343,,0,0,0,0,osm|wri|gem,,0,0.0,F02591,GOINDWAL SAHIB TPP,power_plant,31.384132,75.1464824,gem|wri,2,operating,2400.0,MW,Punjab,No registered industrial site nearby,False,,False,0.0,0.0,0.2,0.0,0.6634615384615384,0.1395,0.1395,0.0291,0.4503,0.153,0.153,0.2763,Low,insufficient_evidence,Insufficient evidence,,"[{""key"": ""intensity"", ""label"": ""Thermal intensity"", ""value"": 0.663, ""weight"": 0.15, ""contribution"": 0.0995, ""detail"": ""FRP 3.7 MW, 66th percentile""}, {""key"": ""persistence"", ""label"": ""Repeat detections"", ""value"": 0.2, ""weight"": 0.2, ""contribution"": 0.04, ""detail"": ""seen on 1 separate days""}, {""key"": ""corroboration"", ""label"": ""Registry corroboration"", ""value"": 0.0, ""weight"": 0.3, ""contribution"": 0.0, ""detail"": ""0 of 3 registries place infrastructure within 3 km""}, {""key"": ""physics"", ""label"": ""Combustion temperature"", ""value"": 0.0, ""weight"": 0.25, ""contribution"": 0.0, ""detail"": ""retrieved 487 K (smouldering)""}, {""key"": ""nocturnal"", ""label"": ""Burns at night"", ""value"": 0.0, ""weight"": 0.1, ""contribution"": 0.0, ""detail"": ""0% of detections at night""}]",3.0,C96
a0d1c3069125,31.78805,74.57098,2026-09-26,828,D,N,VIIRS,VIIRS_SNPP_NRT,n,0.42,0.38,31.79,74.57,3.66,336.53,300.83,,,591.4,0.004926817925026482,786.3,159600.0,biomass_like,False,False,ok,2.46,scene,0.6131734177059958,0.20439113923533192,0.6634615384615384,1,1,0.0,0.2,,0.0,0.2,0.0,True,False,False,1.0,5.0,70.632,373.385,70.628,70.633,,0,0,0,0,osm|wri|gem,,0,0.0,F02591,GOINDWAL SAHIB TPP,power_plant,31.384132,75.1464824,gem|wri,2,operating,2400.0,MW,Punjab,No registered industrial site nearby,False,,False,0.0,0.0,0.2,0.0,0.6634615384615384,0.1395,0.1395,0.02,0.3742,0.1389,0.1389,0.2699,Low,insufficient_evidence,Insufficient evidence,,"[{""key"": ""intensity"", ""label"": ""Thermal intensity"", ""value"": 0.663, ""weight"": 0.15, ""contribution"": 0.0995, ""detail"": ""FRP 3.7 MW, 66th percentile""}, {""key"": ""persistence"", ""label"": ""Repeat detections"", ""value"": 0.2, ""weight"": 0.2, ""contribution"": 0.04, ""detail"": ""seen on 1 separate days""}, {""key"": ""corroboration"", ""label"": ""Registry corroboration"", ""value"": 0.0, ""weight"": 0.3, ""contribution"": 0.0, ""detail"": ""0 of 3 registries place infrastructure within 3 km""}, {""key"": ""physics"", ""label"": ""Combustion temperature"", ""value"": 0.0, ""weight"": 0.25, ""contribution"": 0.0, ""detail"": ""retrieved 591 K (biomass like)""}, {""key"": ""nocturnal"", ""label"": ""Burns at night"", ""value"": 0.0, ""weight"": 0.1, ""contribution"": 0.0, ""detail"": ""0% of detections at night""}]",3.0,C96
d43db4e60dd6,31.79158,74.73124,2026-09-26,828,D,N,VIIRS,VIIRS_SNPP_NRT,n,0.43,0.38,31.79,74.73,3.6,332.84,302.33,,,506.8,0.012116066920907687,1979.8,163400.0,biomass_like,False,False,ok,3.1,region,0.421556724672872,0.14051890822429067,0.65625,1,1,0.0,0.2,,0.0,0.2,0.0,True,False,False,1.0,5.0,59.997,366.161,59.994,59.998,,0,0,0,0,osm|wri|gem,,0,0.0,F02591,GOINDWAL SAHIB TPP,power_plant,31.384132,75.1464824,gem|wri,2,operating,2400.0,MW,Punjab,No registered industrial site nearby,False,,False,0.0,0.0,0.2,0.0,0.65625,0.1384,0.1384,0.0,0.2372,0.1117,0.1117,0.241,Low,insufficient_evidence,Insufficient evidence,,"[{""key"": ""intensity"", ""label"": ""Thermal intensity"", ""value"": 0.656, ""weight"": 0.15, ""contribution"": 0.0984, ""detail"": ""FRP 3.6 MW, 66th percentile""}, {""key"": ""persistence"", ""label"": ""Repeat detections"", ""value"": 0.2, ""weight"": 0.2, ""contribution"": 0.04, ""detail"": ""seen on 1 separate days""}, {""key"": ""corroboration"", ""label"": ""Registry corroboration"", ""value"": 0.0, ""weight"": 0.3, ""contribution"": 0.0, ""detail"": ""0 of 3 registries place infrastructure within 3 km""}, {""key"": ""physics"", ""label"": ""Combustion temperature"", ""value"": 0.0, ""weight"": 0.25, ""contribution"": 0.0, ""detail"": ""retrieved 507 K (biomass like)""}, {""key"": ""nocturnal"", ""label"": ""Burns at night"", ""value"": 0.0, ""weight"": 0.1, ""contribution"": 0.0, ""detail"": ""0% of detections at night""}]",3.0,
7185c774e855,31.81451,74.66253,2026-09-26,828,D,N,VIIRS,VIIRS_SNPP_NRT,n,0.43,0.38,31.81,74.66,3.63,334.19,302.59,,,508.1,0.01276084729668083,2085.1,163400.0,biomass_like,False,False,ok,3.1,region,0.44685012815324415,0.14895004271774806,0.6594551282051282,1,1,0.0,0.2,,0.0,0.2,0.0,True,False,False,1.0,5.0,66.264,371.558,66.261,66.265,,0,0,0,0,osm|wri|gem,,0,0.0,F02591,GOINDWAL SAHIB TPP,power_plant,31.384132,75.1464824,gem|wri,2,operating,2400.0,MW,Punjab,No registered industrial site nearby,False,,False,0.0,0.0,0.2,0.0,0.6594551282051282,0.1389,0.1389,0.0091,0.2877,0.1223,0.1223,0.2482,Low,insufficient_evidence,Insufficient evidence,,"[{""key"": ""intensity"", ""label"": ""Thermal intensity"", ""value"": 0.659, ""weight"": 0.15, ""contribution"": 0.0989, ""detail"": ""FRP 3.6 MW, 66th percentile""}, {""key"": ""persistence"", ""label"": ""Repeat detections"", ""value"": 0.2, ""weight"": 0.2, ""contribution"": 0.04, ""detail"": ""seen on 1 separate days""}, {""key"": ""corroboration"", ""label"": ""Registry corroboration"", ""value"": 0.0, ""weight"": 0.3, ""contribution"": 0.0, ""detail"": ""0 of 3 registries place infrastructure within 3 km""}, {""key"": ""physics"", ""label"": ""Combustion temperature"", ""value"": 0.0, ""weight"": 0.25, ""contribution"": 0.0, ""detail"": ""retrieved 508 K (biomass like)""}, {""key"": ""nocturnal"", ""label"": ""Burns at night"", ""value"": 0.0, ""weight"": 0.1, ""contribution"": 0.0, ""detail"": ""0% of detections at night""}]",3.0,C42
db37e13496d6,31.81464,74.69016,2026-09-26,828,D,N,VIIRS,VIIRS_SNPP_NRT,n,0.43,0.38,31.81,74.69,2.03,331.68,303.5,,,473.0,0.019624847052760408,3206.7,163400.0,smouldering,False,False,ok,3.1,region,-0.9021313907999463,0.0,0.40064102564102566,1,1,0.0,0.2,,0.0,0.2,0.0,True,False,False,1.0,5.0,64.493,370.288,64.49,64.493,,0,0,0,0,osm|wri|gem,,0,0.0,F02591,GOINDWAL SAHIB TPP,power_plant,31.384132,75.1464824,gem|wri,2,operating,2400.0,MW,Punjab,No registered industrial site nearby,False,,False,0.0,0.0,0.2,0.0,0.40064102564102566,0.1001,0.1001,0.0291,0.6843,0.1664,0.1664,0.2049,Low,insufficient_evidence,Insufficient evidence,,"[{""key"": ""intensity"", ""label"": ""Thermal intensity"", ""value"": 0.401, ""weight"": 0.15, ""contribution"": 0.0601, ""detail"": ""FRP 2.0 MW, 40th percentile""}, {""key"": ""persistence"", ""label"": ""Repeat detections"", ""value"": 0.2, ""weight"": 0.2, ""contribution"": 0.04, ""detail"": ""seen on 1 separate days""}, {""key"": ""corroboration"", ""label"": ""Registry corroboration"", ""value"": 0.0, ""weight"": 0.3, ""contribution"": 0.0, ""detail"": ""0 of 3 registries place infrastructure within 3 km""}, {""key"": ""physics"", ""label"": ""Combustion temperature"", ""value"": 0.0, ""weight"": 0.25, ""contribution"": 0.0, ""detail"": ""retrieved 473 K (smouldering)""}, {""key"": ""nocturnal"", ""label"": ""Burns at night"", ""value"": 0.0, ""weight"": 0.1, ""contribution"": 0.0, ""detail"": ""0% of detections at night""}]",3.0,C42
