latitude,longitude,bright_ti4,scan,track,acq_date,acq_time,satellite,instrument,confidence,version,bright_ti5,frp,daynight,source_sensor,brightness,bright_t31,dist_to_industrial_km,grid_lat,grid_lon,recurrence_days,label,ml_thermal_score,facility_proximity_score,persistence_score,thermal_intensity_score,fusion_score,final_label,nearest_facility_name,nearest_facility_type,nearest_facility_lat,nearest_facility_lon,baseline_frp,frp_deviation_ratio,thermal_abnormality,persistence_norm,risk_score,risk_level,frp_intensity_norm,industrial_context,industrial_evidence_score,evidence_level,cluster_id
8.17185,80.48933,337.53,0.44,0.39,2026-08-25,820,N,VIIRS,n,2.0NRT,291.39,5.88,D,VIIRS_SNPP_NRT,,,482.9690890408479,8.17,80.49,1,unknown_other,0.0,0.0,0.0,0.0,0.0,insufficient_evidence,TNSTC Bus Depot,Industrial area,12.5026914,80.1531349,5.88,1.0,0.0,0.2,0.335965848452508,Low,0.807897545357524,No nearby industrial zone,0.0,,
8.22376,79.9154,335.11,0.42,0.38,2026-08-25,820,N,VIIRS,n,2.0NRT,289.18,8.69,D,VIIRS_SNPP_NRT,,,476.50516106274256,8.22,79.92,1,unknown_other,0.15,0.0,0.0,0.0525,0.0525,insufficient_evidence,TNSTC Bus Depot,Industrial area,12.5026914,80.1531349,8.69,1.0,0.0,0.2,0.3640697260761295,Low,0.8922091782283885,No nearby industrial zone,0.075,,
8.29243,80.20691,348.62,0.43,0.38,2026-08-25,820,N,VIIRS,n,2.0NRT,287.69,11.89,D,VIIRS_SNPP_NRT,,,468.1966303279385,8.29,80.21,1,unknown_other,0.03,0.0,0.0,0.0104999999999999,0.0104999999999999,insufficient_evidence,TNSTC Bus Depot,Industrial area,12.5026914,80.1531349,11.89,1.0,0.0,0.2,0.3804340092493774,Low,0.9413020277481324,No nearby industrial zone,0.0149999999999998,,
8.33228,81.02814,336.9,0.47,0.4,2026-08-25,820,N,VIIRS,n,2.0NRT,289.01,5.71,D,VIIRS_SNPP_NRT,,,473.49421111263234,8.33,81.03,1,unknown_other,0.02,0.0,0.0,0.0069999999999999,0.0069999999999999,insufficient_evidence,TNSTC Bus Depot,Industrial area,12.5026914,80.1531349,3.42,1.6695906432748535,0.3347953216374268,0.2,0.4416944917731301,Moderate,0.7902881536819637,No nearby industrial zone,0.0099999999999998,,C77
8.3507,80.67214,330.59,0.45,0.39,2026-08-25,820,N,VIIRS,n,2.0NRT,289.59,3.94,D,VIIRS_SNPP_NRT,,,465.154450968032,8.35,80.67,1,unknown_other,0.01,0.0,0.0,0.0034999999999999,0.0034999999999999,insufficient_evidence,TNSTC Bus Depot,Industrial area,12.5026914,80.1531349,4.9799999999999995,0.7911646586345382,0.0,0.2,0.2776236214870153,Low,0.6328708644610459,No nearby industrial zone,0.0049999999999998,,C78
8.35207,80.67225,338.64,0.46,0.39,2026-08-25,820,N,VIIRS,n,2.0NRT,290.08,6.02,D,VIIRS_SNPP_NRT,,,465.00470562949647,8.35,80.67,1,unknown_other,0.0,0.0,0.0,0.0,0.0,insufficient_evidence,TNSTC Bus Depot,Industrial area,12.5026914,80.1531349,4.9799999999999995,1.2088353413654618,0.1044176706827308,0.2,0.3730840830415221,Low,0.8148345784418356,No nearby industrial zone,0.0,,C78
8.35752,80.23368,344.91,0.44,0.38,2026-08-25,820,N,VIIRS,n,2.0NRT,287.66,7.87,D,VIIRS_SNPP_NRT,,,461.0061441433212,8.36,80.23,1,unknown_other,0.02,0.0,0.0,0.0069999999999999,0.0069999999999999,insufficient_evidence,TNSTC Bus Depot,Industrial area,12.5026914,80.1531349,5.6933333333333325,1.3823185011709604,0.1911592505854802,0.2,0.4245877686939149,Low,0.8826040554962646,No nearby industrial zone,0.0099999999999998,,C29
8.36105,80.23316,334.08,0.44,0.38,2026-08-25,820,N,VIIRS,n,2.0NRT,288.27,3.9,D,VIIRS_SNPP_NRT,,,460.61261345010064,8.36,80.23,1,unknown_other,0.01,0.0,0.0,0.0034999999999999,0.0034999999999999,insufficient_evidence,TNSTC Bus Depot,Industrial area,12.5026914,80.1531349,5.6933333333333325,0.6850117096018736,0.0,0.2,0.2762006403415154,Low,0.6286019210245464,No nearby industrial zone,0.0049999999999998,,C29
8.37075,80.59804,338.74,0.45,0.39,2026-08-25,820,N,VIIRS,n,2.0NRT,291.28,3.91,D,VIIRS_SNPP_NRT,,,462.0185113081267,8.37,80.6,1,unknown_other,0.01,0.0,0.0,0.0034999999999999,0.0034999999999999,insufficient_evidence,TNSTC Bus Depot,Industrial area,12.5026914,80.1531349,3.91,1.0,0.0,0.2,0.2765563856278904,Low,0.6296691568836713,No nearby industrial zone,0.0049999999999998,,
8.4179,80.5202,334.3,0.45,0.39,2026-08-25,820,N,VIIRS,n,2.0NRT,287.87,1.09,D,VIIRS_SNPP_NRT,,,455.9772396881756,8.42,80.52,1,unknown_other,0.03,0.0,0.0,0.0104999999999999,0.0104999999999999,insufficient_evidence,TNSTC Bus Depot,Industrial area,12.5026914,80.1531349,2.425,0.4494845360824743,0.0,0.2,0.115937388829598,Low,0.147812166488794,No nearby industrial zone,0.0149999999999998,,C79
8.41851,80.52428,335.59,0.45,0.39,2026-08-25,820,N,VIIRS,n,2.0NRT,290.38,3.76,D,VIIRS_SNPP_NRT,,,455.9491457887645,8.42,80.52,1,unknown_other,0.02,0.0,0.0,0.0069999999999999,0.0069999999999999,insufficient_evidence,TNSTC Bus Depot,Industrial area,12.5026914,80.1531349,2.425,1.5505154639175258,0.2752577319587629,0.2,0.3620834204359163,Moderate,0.6109925293489862,No nearby industrial zone,0.0099999999999998,,C79
8.42033,80.56149,339.71,0.45,0.39,2026-08-25,820,N,VIIRS,n,2.0NRT,289.5,5.89,D,VIIRS_SNPP_NRT,,,456.1277081878747,8.42,80.56,1,unknown_other,0.0,0.0,0.0,0.0,0.0,insufficient_evidence,TNSTC Bus Depot,Industrial area,12.5026914,80.1531349,6.733333333333334,0.8747524752475245,0.0,0.2,0.3363215937388829,Low,0.8089647812166488,No nearby industrial zone,0.0,,C47
8.42392,80.56097,342.91,0.45,0.39,2026-08-25,820,N,VIIRS,n,2.0NRT,290.88,10.47,D,VIIRS_SNPP_NRT,,,455.7248480549353,8.42,80.56,1,unknown_other,0.01,0.0,0.0,0.0034999999999999,0.0034999999999999,insufficient_evidence,TNSTC Bus Depot,Industrial area,12.5026914,80.1531349,6.733333333333334,1.5549504950495048,0.2774752475247524,0.2,0.4674117064854831,Moderate,0.924759871931697,No nearby industrial zone,0.0049999999999998,,C47
8.44314,80.35169,331.81,0.44,0.38,2026-08-25,820,N,VIIRS,n,2.0NRT,290.04,5.12,D,VIIRS_SNPP_NRT,,,451.9230702638643,8.44,80.35,1,unknown_other,0.0,0.0,0.0,0.0,0.0,insufficient_evidence,TNSTC Bus Depot,Industrial area,12.5026914,80.1531349,5.12,1.0,0.0,0.2,0.3128424048381359,Low,0.7385272145144077,No nearby industrial zone,0.0,,C48
8.44372,80.35572,339.94,0.44,0.38,2026-08-25,820,N,VIIRS,n,2.0NRT,291.17,11.18,D,VIIRS_SNPP_NRT,,,451.8800271788822,8.44,80.36,1,unknown_other,0.06,0.0,0.0,0.0209999999999999,0.0209999999999999,insufficient_evidence,TNSTC Bus Depot,Industrial area,12.5026914,80.1531349,11.18,1.0,0.0,0.2,0.3782995375311276,Low,0.9348986125933832,No nearby industrial zone,0.0299999999999998,,C48
8.44847,80.80316,335.04,0.46,0.39,2026-08-25,820,N,VIIRS,n,2.0NRT,284.12,4.05,D,VIIRS_SNPP_NRT,,,456.3747558633209,8.45,80.8,1,unknown_other,0.01,0.0,0.0,0.0034999999999999,0.0034999999999999,insufficient_evidence,TNSTC Bus Depot,Industrial area,12.5026914,80.1531349,4.05,1.0,0.0,0.2,0.2808253290643899,Low,0.6424759871931697,No nearby industrial zone,0.0049999999999998,,C80
8.47277,81.33554,334.73,0.49,0.4,2026-08-25,820,N,VIIRS,n,2.0NRT,282.25,9.87,D,VIIRS_SNPP_NRT,,,466.3750296001203,8.47,81.34,1,unknown_other,0.05,0.0,0.0,0.0174999999999999,0.0174999999999999,insufficient_evidence,TNSTC Bus Depot,Industrial area,12.5026914,80.1531349,9.87,1.0,0.0,0.2,0.3715403770900035,Low,0.9146211312700108,No nearby industrial zone,0.0249999999999998,,
8.47545,80.57486,334.97,0.45,0.39,2026-08-25,820,N,VIIRS,n,2.0NRT,291.24,3.83,D,VIIRS_SNPP_NRT,,,450.1754169100783,8.48,80.57,1,unknown_other,0.0,0.0,0.0,0.0,0.0,insufficient_evidence,TNSTC Bus Depot,Industrial area,12.5026914,80.1531349,3.83,1.0,0.0,0.2,0.2726431874777659,Low,0.6179295624332978,No nearby industrial zone,0.0,,
8.52343,80.70296,330.42,0.46,0.39,2026-08-25,820,N,VIIRS,n,2.0NRT,287.42,2.65,D,VIIRS_SNPP_NRT,,,446.5363830833956,8.52,80.7,1,unknown_other,0.02,0.0,0.0,0.0069999999999999,0.0069999999999999,insufficient_evidence,TNSTC Bus Depot,Industrial area,12.5026914,80.1531349,2.65,1.0,0.0,0.2,0.2201707577374599,Low,0.4605122732123799,No nearby industrial zone,0.0099999999999998,,
8.52601,80.82277,333.46,0.46,0.39,2026-08-25,820,N,VIIRS,n,2.0NRT,290.21,4.38,D,VIIRS_SNPP_NRT,,,448.20359151983416,8.53,80.82,2,unknown_other,0.0,0.0,0.2,0.0,0.2,insufficient_evidence,TNSTC Bus Depot,Industrial area,12.5026914,80.1531349,4.526666666666666,0.96759941089838,0.0,0.4,0.35994308075418,Low,0.67982924226254,No nearby industrial zone,0.0,,C30
8.53026,80.82647,336.45,0.46,0.39,2026-08-25,820,N,VIIRS,n,2.0NRT,287.83,4.38,D,VIIRS_SNPP_NRT,,,447.8035766547828,8.53,80.83,1,unknown_other,0.0,0.0,0.0,0.0,0.0,insufficient_evidence,TNSTC Bus Depot,Industrial area,12.5026914,80.1531349,4.38,1.0,0.0,0.2,0.2932764140875133,Low,0.67982924226254,No nearby industrial zone,0.0,,C30
8.56757,80.34253,334.74,0.44,0.39,2026-08-25,820,N,VIIRS,n,2.0NRT,287.91,3.72,D,VIIRS_SNPP_NRT,,,438.0549043472192,8.57,80.34,1,unknown_other,0.0,0.0,0.0,0.0,0.0,insufficient_evidence,TNSTC Bus Depot,Industrial area,12.5026914,80.1531349,3.72,1.0,0.0,0.2,0.2680184987548915,Low,0.6040554962646745,No nearby industrial zone,0.0,,
8.57438,80.56564,343.12,0.45,0.39,2026-08-25,820,N,VIIRS,n,2.0NRT,289.7,4.5,D,VIIRS_SNPP_NRT,,,439.12885100512904,8.57,80.57,1,unknown_other,0.0,0.0,0.0,0.0,0.0,insufficient_evidence,TNSTC Bus Depot,Industrial area,12.5026914,80.1531349,4.5,1.0,0.0,0.2,0.2964781216648879,Low,0.6894343649946638,No nearby industrial zone,0.0,,
8.58405,80.45564,332.59,0.45,0.39,2026-08-25,820,N,VIIRS,n,2.0NRT,289.38,2.8,D,VIIRS_SNPP_NRT,,,436.9855618559824,8.58,80.46,1,unknown_other,0.0,0.0,0.0,0.0,0.0,insufficient_evidence,TNSTC Bus Depot,Industrial area,12.5026914,80.1531349,2.8,1.0,0.0,0.2,0.2262184276058342,Low,0.4786552828175027,No nearby industrial zone,0.0,,
8.59756,80.82961,333.91,0.47,0.39,2026-08-25,820,N,VIIRS,n,2.0NRT,284.88,4.69,D,VIIRS_SNPP_NRT,,,440.4798549721033,8.6,80.83,1,unknown_other,0.04,0.0,0.0,0.0139999999999999,0.0139999999999999,insufficient_evidence,TNSTC Bus Depot,Industrial area,12.5026914,80.1531349,4.69,1.0,0.0,0.2,0.3018143009605122,Low,0.7054429028815368,No nearby industrial zone,0.0199999999999998,,
8.62952,80.64198,333.52,0.46,0.39,2026-08-25,820,N,VIIRS,n,2.0NRT,291.64,3.74,D,VIIRS_SNPP_NRT,,,433.9779128206979,8.63,80.64,1,unknown_other,0.0,0.0,0.0,0.0,0.0,insufficient_evidence,TNSTC Bus Depot,Industrial area,12.5026914,80.1531349,3.74,1.0,0.0,0.2,0.2689078619708289,Low,0.6067235859124867,No nearby industrial zone,0.0,,
8.63257,80.34579,344.64,0.44,0.39,2026-08-25,820,N,VIIRS,n,2.0NRT,295.21,8.37,D,VIIRS_SNPP_NRT,,,430.85260872626986,8.63,80.35,1,unknown_other,0.0,0.0,0.0,0.0,0.0,insufficient_evidence,TNSTC Bus Depot,Industrial area,12.5026914,80.1531349,7.779999999999999,1.075835475578406,0.037917737789203,0.2,0.375285990860364,Low,0.887940234791889,No nearby industrial zone,0.0,,C81
8.63329,80.34522,338.37,0.44,0.39,2026-08-25,820,N,VIIRS,n,2.0NRT,294.85,7.19,D,VIIRS_SNPP_NRT,,,430.7696027755825,8.63,80.35,1,unknown_other,0.01,0.0,0.0,0.0034999999999999,0.0034999999999999,insufficient_evidence,TNSTC Bus Depot,Industrial area,12.5026914,80.1531349,7.779999999999999,0.924164524421594,0.0,0.2,0.3533973674848808,Low,0.8601921024546425,No nearby industrial zone,0.0049999999999998,,C81
8.66378,80.43628,332.82,0.45,0.39,2026-08-25,820,N,VIIRS,n,2.0NRT,289.17,3.55,D,VIIRS_SNPP_NRT,,,427.9874598129513,8.66,80.44,1,unknown_other,0.0,0.0,0.0,0.0,0.0,insufficient_evidence,TNSTC Bus Depot,Industrial area,12.5026914,80.1531349,3.675,0.9659863945578232,0.0,0.2,0.2626823194592672,Low,0.5880469583778015,No nearby industrial zone,0.0,,C49
8.67924,80.44233,346.52,0.45,0.39,2026-08-25,820,N,VIIRS,n,2.0NRT,289.13,6.78,D,VIIRS_SNPP_NRT,,,426.32134918674024,8.68,80.44,1,unknown_other,0.04,0.0,0.0,0.0139999999999999,0.0139999999999999,insufficient_evidence,TNSTC Bus Depot,Industrial area,12.5026914,80.1531349,6.78,1.0,0.0,0.2,0.3505514051938811,Low,0.8516542155816436,No nearby industrial zone,0.0199999999999998,,C49
8.69478,80.34908,339.58,0.44,0.39,2026-08-25,820,N,VIIRS,n,2.0NRT,291.26,3.86,D,VIIRS_SNPP_NRT,,,423.96147748347687,8.69,80.35,1,unknown_other,0.0,0.0,0.0,0.0,0.0,insufficient_evidence,TNSTC Bus Depot,Industrial area,12.5026914,80.1531349,3.86,1.0,0.0,0.2,0.2747776591960156,Low,0.624332977588047,No nearby industrial zone,0.0,,
8.7244,80.32823,336.03,0.44,0.39,2026-08-25,820,N,VIIRS,n,2.0NRT,287.31,4.74,D,VIIRS_SNPP_NRT,,,420.56226666439113,8.72,80.33,1,unknown_other,0.0,0.0,0.0,0.0,0.0,insufficient_evidence,TNSTC Bus Depot,Industrial area,12.5026914,80.1531349,4.74,1.0,0.0,0.2,0.3044823906083244,Low,0.7134471718249733,No nearby industrial zone,0.0,,
10.21385,79.24151,330.12,0.42,0.37,2026-08-25,822,N,VIIRS,n,2.0NRT,278.65,3.48,D,VIIRS_SNPP_NRT,,,273.22069031095043,10.21,79.24,1,unknown_other,0.33,0.0,0.0,0.1154999999999999,0.1154999999999999,insufficient_evidence,TNSTC Bus Depot,Industrial area,12.5026914,80.1531349,3.48,1.0,0.0,0.2,0.260014229811455,Low,0.580042689434365,No nearby industrial zone,0.1649999999999998,,C82
10.2144,79.2453,332.07,0.42,0.37,2026-08-25,822,N,VIIRS,n,2.0NRT,277.4,4.51,D,VIIRS_SNPP_NRT,,,273.01366144725375,10.21,79.25,1,unknown_other,0.08,0.0,0.0,0.0279999999999999,0.0279999999999999,insufficient_evidence,TNSTC Bus Depot,Industrial area,12.5026914,80.1531349,4.51,1.0,0.0,0.2,0.2970117395944504,Low,0.6910352187833512,No nearby industrial zone,0.0399999999999998,,C82
14.20531,77.38112,337.11,0.39,0.36,2026-08-25,822,N,VIIRS,n,2.0NRT,297.5,3.89,D,VIIRS_SNPP_NRT,,,236.3122770637064,14.21,77.38,1,unknown_other,0.02,0.0,0.0,0.0069999999999999,0.0069999999999999,insufficient_evidence,Amararaja Batteries Small Batteries Division,Industrial works,13.6747828,79.5015075,3.89,1.0,0.0,0.2,0.2758448950551405,Low,0.6275346851654215,No nearby industrial zone,0.0099999999999998,,
14.86806,79.7366,350.15,0.48,0.4,2026-08-25,822,N,VIIRS,n,2.0NRT,299.64,9.7,D,VIIRS_SNPP_NRT,,,101.71746856572447,14.87,79.74,1,unknown_other,0.0,0.0,0.0,0.0,0.0,insufficient_evidence,Unnamed industrial facility,Industrial area,13.9662446,79.8949777,6.574999999999999,1.4752851711026616,0.2376425855513307,0.2,0.4496873364146556,Moderate,0.911419423692636,No nearby industrial zone,0.0,,C83
15.65774,78.98273,344.31,0.45,0.39,2026-08-25,822,N,VIIRS,n,2.0NRT,299.23,6.07,D,VIIRS_SNPP_NRT,,,201.4215926498985,15.66,78.98,1,unknown_other,0.0,0.0,0.0,0.0,0.0,insufficient_evidence,"APSRTC Bus Depot , Venkatagiri",Industrial area,13.9451361,79.5931469,6.07,1.0,0.0,0.2,0.3391675560298826,Low,0.8175026680896478,No nearby industrial zone,0.0,,
16.00588,79.10636,330.37,0.46,0.39,2026-08-25,822,N,VIIRS,n,2.0NRT,297.38,1.63,D,VIIRS_SNPP_NRT,,,235.03396245293007,16.01,79.11,1,unknown_other,0.0,0.0,0.0,0.0,0.0,insufficient_evidence,"APSRTC Bus Depot , Venkatagiri",Industrial area,13.9451361,79.5931469,1.63,1.0,0.0,0.2,0.1580932052650302,Low,0.2742796157950907,No nearby industrial zone,0.0,,
17.08652,79.68517,330.79,0.51,0.41,2026-08-25,822,N,VIIRS,n,2.0NRT,293.24,3.75,D,VIIRS_SNPP_NRT,,,246.67014476914412,17.09,79.69,1,unknown_other,0.01,0.0,0.0,0.0034999999999999,0.0034999999999999,insufficient_evidence,Unnamed industrial facility,Industrial area,16.9963409,82.0034981,4.01,0.9351620947630924,0.0,0.2,0.2696193525435787,Low,0.6088580576307364,No nearby industrial zone,0.0049999999999998,,C84
29.78545,72.26527,343.41,0.38,0.36,2026-08-25,826,N,VIIRS,n,2.0NRT,307.31,3.8,D,VIIRS_SNPP_NRT,,,424.3204329513679,29.79,72.27,1,unknown_other,0.0,0.0,0.0,0.0,0.0,insufficient_evidence,Unnamed industrial facility,Industrial area,28.8672971,76.5139469,3.8,1.0,0.0,0.2,0.2713980789754536,Low,0.6141942369263608,No nearby industrial zone,0.0,,C85
30.15438,73.2097,330.18,0.39,0.36,2026-08-25,826,N,VIIRS,l,2.0NRT,305.01,1.61,D,VIIRS_SNPP_NRT,,,350.2940675209181,30.15,73.21,1,unknown_other,0.04,0.0,0.0,0.0139999999999999,0.0139999999999999,insufficient_evidence,Unnamed industrial facility,Industrial area,28.8672971,76.5139469,1.61,1.0,0.0,0.2,0.1556029882604055,Low,0.2668089647812166,No nearby industrial zone,0.0199999999999998,,
30.16365,72.41509,342.79,0.38,0.36,2026-08-25,826,N,VIIRS,n,2.0NRT,307.09,3.03,D,VIIRS_SNPP_NRT,,,421.9705256931086,30.16,72.42,1,unknown_other,0.0,0.0,0.0,0.0,0.0,insufficient_evidence,Unnamed industrial facility,Industrial area,28.8672971,76.5139469,4.145,0.7310012062726177,0.0,0.2,0.2377801494130202,Low,0.5133404482390609,No nearby industrial zone,0.0,,C31
30.26614,72.98603,336.39,0.39,0.36,2026-08-25,826,N,VIIRS,n,2.0NRT,304.45,2.28,D,VIIRS_SNPP_NRT,,,374.9580902013347,30.27,72.99,1,unknown_other,0.0,0.0,0.0,0.0,0.0,insufficient_evidence,Unnamed industrial facility,Industrial area,28.8672971,76.5139469,2.28,1.0,0.0,0.2,0.1991817858413376,Low,0.3975453575240128,No nearby industrial zone,0.0,,
30.35581,73.60623,330.28,0.4,0.37,2026-08-25,826,N,VIIRS,l,2.0NRT,301.9,2.79,D,VIIRS_SNPP_NRT,,,326.1858512784482,30.36,73.61,1,unknown_other,0.02,0.0,0.0,0.0069999999999999,0.0069999999999999,insufficient_evidence,Unnamed industrial facility,Industrial area,28.8672971,76.5139469,2.79,1.0,0.0,0.2,0.2251511917467093,Low,0.475453575240128,No nearby industrial zone,0.0099999999999998,,
30.38699,73.90166,331.03,0.4,0.37,2026-08-25,826,N,VIIRS,l,2.0NRT,303.76,3.83,D,VIIRS_SNPP_NRT,,,303.8084203984127,30.39,73.9,1,unknown_other,0.01,0.0,0.0,0.0034999999999999,0.0034999999999999,insufficient_evidence,Unnamed industrial facility,Industrial area,28.8672971,76.5139469,3.83,1.0,0.0,0.2,0.2726431874777659,Low,0.6179295624332978,No nearby industrial zone,0.0049999999999998,,C50
30.41115,73.77779,332.39,0.4,0.37,2026-08-25,826,N,VIIRS,n,2.0NRT,303.01,1.7,D,VIIRS_SNPP_NRT,,,315.2554806892439,30.41,73.78,1,unknown_other,0.0,0.0,0.0,0.0,0.0,insufficient_evidence,Unnamed industrial facility,Industrial area,28.8672971,76.5139469,1.7,1.0,0.0,0.2,0.1625400213447171,Low,0.2876200640341515,No nearby industrial zone,0.0,,
30.55025,73.47831,339.44,0.39,0.36,2026-08-25,826,N,VIIRS,n,2.0NRT,308.94,4.79,D,VIIRS_SNPP_NRT,,,347.7878949636895,30.55,73.48,1,unknown_other,0.02,0.0,0.0,0.0069999999999999,0.0069999999999999,insufficient_evidence,Unnamed industrial facility,Industrial area,28.8672971,76.5139469,4.79,1.0,0.0,0.2,0.3066168623265741,Low,0.7198505869797225,No nearby industrial zone,0.0099999999999998,,
30.6344,73.05245,336.05,0.39,0.36,2026-08-25,826,N,VIIRS,n,2.0NRT,303.52,4.64,D,VIIRS_SNPP_NRT,,,387.6229982027264,30.63,73.05,1,unknown_other,0.0,0.0,0.0,0.0,0.0,insufficient_evidence,Unnamed industrial facility,Industrial area,28.8672971,76.5139469,4.64,1.0,0.0,0.2,0.3005691924581999,Low,0.7017075773745998,No nearby industrial zone,0.0,,
30.64405,72.29908,333.31,0.38,0.36,2026-08-25,826,N,VIIRS,n,2.0NRT,299.84,2.22,D,VIIRS_SNPP_NRT,,,452.25738180994585,30.64,72.3,1,unknown_other,0.0,0.0,0.0,0.0,0.0,insufficient_evidence,Unnamed industrial facility,Industrial area,28.8672971,76.5139469,2.22,1.0,0.0,0.2,0.1949128424048381,Low,0.3847385272145144,No nearby industrial zone,0.0,,
30.85566,71.98112,334.02,0.38,0.36,2026-08-25,826,N,VIIRS,n,2.0NRT,300.18,2.21,D,VIIRS_SNPP_NRT,,,489.7799132679792,30.86,71.98,1,unknown_other,0.0,0.0,0.0,0.0,0.0,insufficient_evidence,Unnamed industrial facility,Industrial area,28.8672971,76.5139469,2.21,1.0,0.0,0.2,0.1933119886161508,Low,0.3799359658484525,No nearby industrial zone,0.0,,
30.8567,71.94377,347.82,0.38,0.36,2026-08-25,826,N,VIIRS,n,2.0NRT,303.01,8.91,D,VIIRS_SNPP_NRT,,,493.0452861496101,30.86,71.94,1,unknown_other,0.05,0.0,0.0,0.0174999999999999,0.0174999999999999,insufficient_evidence,Unnamed industrial facility,Industrial area,28.8672971,76.5139469,8.91,1.0,0.0,0.2,0.366915688367129,Low,0.9007470651013874,No nearby industrial zone,0.0249999999999998,,
31.09643,72.31196,333.55,0.38,0.36,2026-08-25,828,N,VIIRS,l,2.0NRT,305.53,2.31,D,VIIRS_SNPP_NRT,,,474.52452724008066,31.1,72.31,1,unknown_other,0.0,0.0,0.0,0.0,0.0,insufficient_evidence,Unnamed industrial facility,Industrial area,28.8672971,76.5139469,2.31,1.0,0.0,0.2,0.2002490217004624,Low,0.4007470651013874,No nearby industrial zone,0.0,,C86
31.09704,72.31596,335.48,0.38,0.36,2026-08-25,828,N,VIIRS,l,2.0NRT,307.17,3.38,D,VIIRS_SNPP_NRT,,,474.23051822167776,31.1,72.32,1,unknown_other,0.0,0.0,0.0,0.0,0.0,insufficient_evidence,Unnamed industrial facility,Industrial area,28.8672971,76.5139469,3.38,1.0,0.0,0.2,0.2562789043045179,Low,0.5688367129135539,No nearby industrial zone,0.0,,C86
31.74621,72.21912,332.48,0.38,0.36,2026-08-25,828,N,VIIRS,l,2.0NRT,305.23,2.73,D,VIIRS_SNPP_NRT,,,521.8941629034887,31.75,72.22,1,unknown_other,0.0,0.0,0.0,0.0,0.0,insufficient_evidence,Unnamed industrial facility,Industrial area,28.8672971,76.5139469,2.73,1.0,0.0,0.2,0.2237282106012095,Low,0.4711846318036286,No nearby industrial zone,0.0,,C51
31.86618,72.92677,332.25,0.39,0.36,2026-08-25,828,N,VIIRS,l,2.0NRT,306.22,4.26,D,VIIRS_SNPP_NRT,,,479.1371971502573,31.87,72.93,1,unknown_other,0.0,0.0,0.0,0.0,0.0,insufficient_evidence,Unnamed industrial facility,Industrial area,28.8672971,76.5139469,4.26,1.0,0.0,0.2,0.2886517253646389,Low,0.6659551760939167,No nearby industrial zone,0.0,,
22.24567,87.3872,301.79,0.54,0.68,2026-08-25,1910,N,VIIRS,n,2.0NRT,281.07,0.71,N,VIIRS_SNPP_NRT,,,95.9361471545824,22.25,87.39,2,unknown_other,0.03,0.0,0.2,0.0104999999999999,0.2105,insufficient_evidence,Unnamed industrial facility,Industrial area,22.5870224,86.5300537,1.26,0.5634920634920635,0.0,0.4,0.1553895410885805,Low,0.0661686232657417,No nearby industrial zone,0.0149999999999998,,C87
22.35603,87.28809,299.91,0.55,0.68,2026-08-25,1910,N,VIIRS,n,2.0NRT,278.54,1.02,N,VIIRS_SNPP_NRT,,,82.01523146881789,22.36,87.29,2,unknown_other,0.06,0.0,0.2,0.0209999999999999,0.221,insufficient_evidence,Unnamed industrial facility,Industrial area,22.5870224,86.5300537,1.5733333333333333,0.6483050847457628,0.0,0.4,0.1769121309142654,Low,0.1307363927427961,No nearby industrial zone,0.0299999999999998,,C4
22.36498,87.01769,302.1,0.57,0.69,2026-08-25,1910,N,VIIRS,n,2.0NRT,277.98,0.5,N,VIIRS_SNPP_NRT,,,55.76929259697271,22.36,87.02,2,unknown_other,0.03,0.0,0.2,0.0104999999999999,0.2105,insufficient_evidence,Unnamed industrial facility,Industrial area,22.5003482,86.4952219,2.65,0.1886792452830188,0.0,0.4,0.1441835645677694,Low,0.0325506937033084,No nearby industrial zone,0.0149999999999998,,C88
22.36787,87.30032,305.12,0.55,0.68,2026-08-25,1910,N,VIIRS,n,2.0NRT,281.45,1.59,N,VIIRS_SNPP_NRT,,,82.809446738789,22.37,87.3,2,unknown_other,0.04,0.0,0.2,0.0139999999999999,0.214,insufficient_evidence,Unnamed industrial facility,Industrial area,22.5870224,86.5300537,2.3625,0.6730158730158731,0.0,0.4,0.219957310565635,Low,0.259871931696905,No nearby industrial zone,0.0199999999999998,,C4
22.37608,87.27892,311.74,0.55,0.68,2026-08-25,1910,N,VIIRS,n,2.0NRT,279.11,3.21,N,VIIRS_SNPP_NRT,,,80.43751328759234,22.38,87.28,4,unknown_other,0.04,0.0,0.3,0.0139999999999999,0.314,insufficient_evidence,Unnamed industrial facility,Industrial area,22.5870224,86.5300537,4.01,0.800498753117207,0.0,0.8,0.4484525080042689,Moderate,0.5453575240128068,No nearby industrial zone,0.0199999999999998,,C4
22.37654,87.27341,299.76,0.55,0.68,2026-08-25,1910,N,VIIRS,n,2.0NRT,276.37,2.54,N,VIIRS_SNPP_NRT,,,79.88104555139623,22.38,87.27,1,unknown_other,0.02,0.0,0.0,0.0069999999999999,0.0069999999999999,insufficient_evidence,Unnamed industrial facility,Industrial area,22.5870224,86.5300537,2.295,1.1067538126361656,0.0533769063180827,0.2,0.2310260267591759,Low,0.439701173959445,No nearby industrial zone,0.0099999999999998,,C4
22.37812,87.2802,307.89,0.55,0.68,2026-08-25,1910,N,VIIRS,n,2.0NRT,276.62,2.05,N,VIIRS_SNPP_NRT,,,80.49702625714939,22.38,87.28,4,unknown_other,0.0,0.0,0.3,0.0,0.3,insufficient_evidence,Unnamed industrial facility,Industrial area,22.5870224,86.5300537,4.01,0.5112219451371571,0.0,0.8,0.3853077196727143,Moderate,0.355923159018143,No nearby industrial zone,0.0,,C4
22.37854,87.27468,305.68,0.55,0.68,2026-08-25,1910,N,VIIRS,n,2.0NRT,275.84,2.05,N,VIIRS_SNPP_NRT,,,79.9405111447821,22.38,87.27,1,unknown_other,0.0,0.0,0.0,0.0,0.0,insufficient_evidence,Unnamed industrial facility,Industrial area,22.5870224,86.5300537,2.295,0.8932461873638343,0.0,0.2,0.1853077196727143,Low,0.355923159018143,No nearby industrial zone,0.0,,C4
31.61505,74.37461,312.1,0.42,0.38,2026-08-25,2051,N,VIIRS,n,2.0NRT,297.17,0.89,N,VIIRS_SNPP_NRT,,,367.40726335656115,31.62,74.37,1,unknown_other,0.0,0.0,0.0,0.0,0.0,insufficient_evidence,Unnamed industrial facility,Industrial area,28.8952427,76.5471352,0.89,1.0,0.0,0.2,0.0997509782995375,Low,0.0992529348986125,No nearby industrial zone,0.0,,
15.17508,76.67832,297.22,0.5,0.41,2026-08-25,2053,N,VIIRS,n,2.0NRT,285.37,2.28,N,VIIRS_SNPP_NRT,,,342.07187067171844,15.18,76.68,3,unknown_other,0.06,0.0,0.3,0.0209999999999999,0.321,insufficient_evidence,Unnamed industrial facility,Industrial area,13.8754547,79.558804,2.7154545454545453,0.8396384332105792,0.0,0.6,0.3325151191746709,Moderate,0.3975453575240128,No nearby industrial zone,0.0299999999999998,,C1
15.1759,76.67371,305.07,0.5,0.41,2026-08-25,2053,N,VIIRS,n,2.0NRT,286.46,0.71,N,VIIRS_SNPP_NRT,,,342.5596306443246,15.18,76.67,4,unknown_other,0.0,0.0,0.3,0.0,0.3,insufficient_evidence,Unnamed industrial facility,Industrial area,13.8754547,79.558804,1.967857142857143,0.3607985480943738,0.0,0.8,0.2887228744219139,Moderate,0.0661686232657417,No nearby industrial zone,0.0,,C1
15.17962,76.67442,300.33,0.5,0.41,2026-08-25,2053,N,VIIRS,n,2.0NRT,283.81,0.71,N,VIIRS_SNPP_NRT,,,342.6627951952319,15.18,76.67,4,unknown_other,0.05,0.0,0.3,0.0174999999999999,0.3175,insufficient_evidence,Unnamed industrial facility,Industrial area,13.8754547,79.558804,1.967857142857143,0.3607985480943738,0.0,0.8,0.2887228744219139,Moderate,0.0661686232657417,No nearby industrial zone,0.0249999999999998,,C1
17.95564,80.7951,310.43,0.53,0.5,2026-08-25,2053,N,VIIRS,n,2.0NRT,287.79,1.62,N,VIIRS_SNPP_NRT,,,129.7792408979612,17.96,80.8,4,unknown_other,0.02,0.0,0.3,0.0069999999999999,0.307,insufficient_evidence,Upper Sileru Power House,Thermal power plant,18.0371452,82.0192773,2.3825000000000003,0.6799580272822665,0.0,0.8,0.3570259694059053,Moderate,0.2710779082177161,No nearby industrial zone,0.0099999999999998,,C6
17.95664,80.79015,304.6,0.53,0.5,2026-08-25,2053,N,VIIRS,n,2.0NRT,287.69,2.22,N,VIIRS_SNPP_NRT,,,130.2933973683031,17.96,80.79,3,unknown_other,0.02,0.0,0.3,0.0069999999999999,0.307,insufficient_evidence,Upper Sileru Power House,Thermal power plant,18.0371452,82.0192773,2.5900000000000003,0.8571428571428571,0.0,0.6,0.3282461757381714,Moderate,0.3847385272145144,No nearby industrial zone,0.0099999999999998,,C6
17.95771,80.79256,318.24,0.53,0.5,2026-08-25,2053,N,VIIRS,n,2.0NRT,287.88,4.11,N,VIIRS_SNPP_NRT,,,130.03060535269935,17.96,80.79,3,unknown_other,0.03,0.0,0.3,0.0104999999999999,0.3105,insufficient_evidence,Upper Sileru Power House,Thermal power plant,18.0371452,82.0192773,2.5900000000000003,1.5868725868725868,0.2934362934362934,0.6,0.5139273592848832,High,0.6483457844183564,No nearby industrial zone,0.0149999999999998,,C6
18.57702,72.242,318.46,0.4,0.37,2026-08-25,2053,N,VIIRS,n,2.0NRT,287.56,2.8,N,VIIRS_SNPP_NRT,,,66.41492459226657,18.58,72.24,1,unknown_other,0.14,0.0,0.0,0.049,0.049,insufficient_evidence,Unnamed industrial facility,Industrial area,18.7021815,72.8583522,3.8633333333333337,0.7247627264883519,0.0,0.2,0.2262184276058342,Low,0.4786552828175027,No nearby industrial zone,0.07,,C32
18.80515,74.26173,306.85,0.39,0.36,2026-08-25,2053,N,VIIRS,n,2.0NRT,290.55,0.58,N,VIIRS_SNPP_NRT,,,81.92261125784336,18.81,74.26,1,unknown_other,0.03,0.0,0.0,0.0104999999999999,0.0104999999999999,insufficient_evidence,Pawana Hydroelectric Power Station,Thermal power plant,18.68142,73.494772,0.58,1.0,0.0,0.2,0.0817858413376022,Low,0.0453575240128068,No nearby industrial zone,0.0149999999999998,,
21.37644,81.67916,295.33,0.52,0.5,2026-08-25,2053,N,VIIRS,n,2.0NRT,271.65,1.1,N,VIIRS_SNPP_NRT,,,0.3349361620654953,21.38,81.68,1,possible_industrial,0.1,0.35,0.0,0.0349999999999999,0.3849999999999999,industrial_fire,Unnamed industrial facility,Industrial area,21.3748409,81.6819012,1.475,0.7457627118644068,0.0,0.2,0.1168267520455353,Low,0.1504802561366061,Within known industrial zone,0.5499999999999999,Moderate,C89
21.46661,80.1269,300.63,0.42,0.45,2026-08-25,2053,N,VIIRS,n,2.0NRT,271.13,0.53,N,VIIRS_SNPP_NRT,,,101.57397402604508,21.47,80.13,1,unknown_other,0.05,0.0,0.0,0.0174999999999999,0.0174999999999999,insufficient_evidence,BNC Mill (abandoned),Industrial area,21.1022781,81.0259007,0.53,1.0,0.0,0.2,0.0787620064034151,Low,0.0362860192102454,No nearby industrial zone,0.0249999999999998,,
21.74012,83.84026,308.08,0.35,0.57,2026-08-25,2053,N,VIIRS,n,2.0NRT,277.41,2.32,N,VIIRS_SNPP_NRT,,,18.448338738386877,21.74,83.84,4,unknown_other,0.13,0.0,0.3,0.0455,0.3455,insufficient_evidence,Unnamed industrial facility,Industrial area,21.8219423,83.9956863,8.193333333333333,0.2831570382424735,0.0,0.8,0.4014941302027748,Moderate,0.4044823906083244,No nearby industrial zone,0.065,,C5
21.7445,83.84505,298.77,0.35,0.57,2026-08-25,2053,N,VIIRS,n,2.0NRT,276.34,2.32,N,VIIRS_SNPP_NRT,,,17.778580924299757,21.74,83.85,1,unknown_other,0.05,0.0,0.0,0.0174999999999999,0.0174999999999999,insufficient_evidence,Unnamed industrial facility,Industrial area,21.8219423,83.9956863,2.32,1.0,0.0,0.2,0.2014941302027748,Low,0.4044823906083244,No nearby industrial zone,0.0249999999999998,,C5
21.74524,83.84165,344.62,0.35,0.57,2026-08-25,2053,N,VIIRS,n,2.0NRT,278.44,2.32,N,VIIRS_SNPP_NRT,,,18.047450711212257,21.75,83.84,3,unknown_other,0.07,0.0,0.3,0.0245,0.3245,insufficient_evidence,Unnamed industrial facility,Industrial area,21.8219423,83.9956863,4.588888888888889,0.5055690072639225,0.0,0.6,0.3348274635361081,Moderate,0.4044823906083244,No nearby industrial zone,0.035,,C5
21.75037,83.84305,301.57,0.35,0.57,2026-08-25,2053,N,VIIRS,n,2.0NRT,274.45,0.9,N,VIIRS_SNPP_NRT,,,17.655572969609437,21.75,83.84,3,unknown_other,0.08,0.0,0.3,0.0279999999999999,0.3279999999999999,insufficient_evidence,Unnamed industrial facility,Industrial area,21.8219423,83.9956863,4.588888888888889,0.1961259079903148,0.0,0.6,0.2343294201351831,Moderate,0.1029882604055496,No nearby industrial zone,0.0399999999999998,,C5
21.80047,83.89091,298.89,0.35,0.57,2026-08-25,2053,N,VIIRS,n,2.0NRT,274.09,0.38,N,VIIRS_SNPP_NRT,,,11.076946170304412,21.8,83.89,1,unknown_other,0.02,0.0,0.0,0.0069999999999999,0.0069999999999999,insufficient_evidence,Unnamed industrial facility,Industrial area,21.8219423,83.9956863,0.38,1.0,0.0,0.2,0.0704019921736037,Low,0.011205976520811,No nearby industrial zone,0.0099999999999998,,C90
21.80072,82.0384,300.33,0.54,0.51,2026-08-25,2053,N,VIIRS,n,2.0NRT,277.59,0.72,N,VIIRS_SNPP_NRT,,,9.677121608087257,21.8,82.04,1,unknown_other,0.1,0.0,0.0,0.0349999999999999,0.0349999999999999,insufficient_evidence,Nova Iron & Steel,Industrial area,21.8871018,82.0498085,0.72,1.0,0.0,0.2,0.0896122376378513,Low,0.0688367129135539,No nearby industrial zone,0.0499999999999998,,
21.82554,83.90067,298.76,0.35,0.57,2026-08-25,2053,N,VIIRS,n,2.0NRT,272.21,0.53,N,VIIRS_SNPP_NRT,,,9.816287817770188,21.83,83.9,1,unknown_other,0.01,0.0,0.0,0.0034999999999999,0.0034999999999999,insufficient_evidence,Unnamed industrial facility,Industrial area,21.8219423,83.9956863,0.53,1.0,0.0,0.2,0.0787620064034151,Low,0.0362860192102454,No nearby industrial zone,0.0049999999999998,,C90
22.03749,83.35403,297.68,0.32,0.55,2026-08-25,2053,N,VIIRS,n,2.0NRT,272.66,1.02,N,VIIRS_SNPP_NRT,,,2.869600902973682,22.04,83.35,1,unknown_other,0.09,0.15,0.0,0.0315,0.1815,industrial_fire,Unnamed industrial facility,Industrial area,22.0598514,83.3401307,1.02,1.0,0.0,0.2,0.1102454642475987,Low,0.1307363927427961,Adjacent to industrial zone,0.2592857142857143,Low,
22.93243,69.69887,311.42,0.55,0.43,2026-08-25,2053,N,VIIRS,n,2.0NRT,293.13,2.23,N,VIIRS_SNPP_NRT,,,0.3932955433453469,22.93,69.7,1,possible_industrial,0.01,0.35,0.0,0.0034999999999999,0.3535,industrial_fire,Unnamed industrial facility,Thermal power plant,22.9313765,69.7025362,2.58,0.8643410852713178,0.0,0.2,0.1965136961935254,Low,0.3895410885805763,Within known industrial zone,0.5049999999999999,Moderate,C21
22.93312,69.69748,314.65,0.55,0.43,2026-08-25,2053,N,VIIRS,n,2.0NRT,292.93,2.18,N,VIIRS_SNPP_NRT,,,0.5528928680321908,22.93,69.7,1,possible_industrial,0.01,0.35,0.0,0.0034999999999999,0.3535,industrial_fire,Unnamed industrial facility,Thermal power plant,22.9313765,69.7025362,2.58,0.8449612403100776,0.0,0.2,0.1901102810387762,Low,0.3703308431163287,Within known industrial zone,0.5049999999999999,Moderate,C21
25.38861,68.58073,319.53,0.46,0.47,2026-08-25,2053,N,VIIRS,n,2.0NRT,295.54,2.1,N,VIIRS_SNPP_NRT,,,259.7613627034721,25.39,68.58,1,unknown_other,0.0,0.0,0.0,0.0,0.0,insufficient_evidence,Bhuj Sector 98,Industrial area,23.2653288,69.6499193,1.8233333333333333,1.1517367458866543,0.0758683729433272,0.2,0.2125537763955523,Low,0.3617929562433298,No nearby industrial zone,0.0,,C52
25.9415,72.19053,306.2,0.45,0.39,2026-08-25,2053,N,VIIRS,n,2.0NRT,280.44,0.87,N,VIIRS_SNPP_NRT,,,272.10675509066596,25.94,72.19,3,unknown_other,0.0,0.0,0.3,0.0,0.3,insufficient_evidence,Unnamed industrial facility,Industrial area,23.5020392,72.4034657,5.398888888888889,0.1611442683679769,0.0,0.6,0.2321949484169334,Moderate,0.0965848452508004,No nearby industrial zone,0.0,,C8
26.09389,68.87976,305.55,0.45,0.47,2026-08-25,2053,N,VIIRS,n,2.0NRT,291.38,1.18,N,VIIRS_SNPP_NRT,,,323.9947459572068,26.09,68.88,1,unknown_other,0.06,0.0,0.0,0.0209999999999999,0.0209999999999999,insufficient_evidence,Bhuj Sector 95,Industrial area,23.2674703,69.6591112,2.145,0.55011655011655,0.0,0.2,0.1216293134115973,Low,0.1648879402347919,No nearby industrial zone,0.0299999999999998,,C53
28.42473,69.69848,315.47,0.43,0.46,2026-08-25,2053,N,VIIRS,n,2.0NRT,297.82,1.64,N,VIIRS_SNPP_NRT,,,563.9067816403892,28.42,69.7,3,unknown_other,0.0,0.0,0.3,0.0,0.3,insufficient_evidence,Khisara,Thermal power plant,23.3634358,70.0532502,2.014,0.8142999006951339,0.0,0.6,0.2921380291711135,Moderate,0.2764140875133404,No nearby industrial zone,0.0,,C12
9.70498,77.43482,295.89,0.45,0.47,2026-08-25,2055,N,VIIRS,n,2.0NRT,271.73,1.89,N,VIIRS_SNPP_NRT,,,413.8045543627404,9.7,77.43,1,unknown_other,0.17,0.0,0.0,0.0595,0.0595,insufficient_evidence,"SIPCOT Mamandur, Cheyyar",Industrial area,12.7230991,79.6546488,1.89,1.0,0.0,0.2,0.1753468516542155,Low,0.3260405549626467,No nearby industrial zone,0.085,,
14.87239,78.05413,309.87,0.4,0.44,2026-08-25,2055,N,VIIRS,n,2.0NRT,281.77,2.06,N,VIIRS_SNPP_NRT,,,195.19836410532184,14.87,78.05,1,unknown_other,0.02,0.0,0.0,0.0069999999999999,0.0069999999999999,insufficient_evidence,"APSRTC Bus Depot , Venkatagiri",Industrial area,13.9451361,79.5931469,2.06,1.0,0.0,0.2,0.1860192102454642,Low,0.3580576307363927,No nearby industrial zone,0.0099999999999998,,
19.82175,79.2376,301.47,0.39,0.44,2026-08-25,2055,N,VIIRS,n,2.0NRT,286.07,0.86,N,VIIRS_SNPP_NRT,,,233.24685647076024,19.82,79.24,2,unknown_other,0.0,0.0,0.2,0.0,0.2,insufficient_evidence,Unnamed industrial facility,Industrial area,21.0807235,81.0283461,0.7949999999999999,1.0817610062893082,0.040880503144654,0.4,0.1782657529158807,Low,0.0939167556029882,No nearby industrial zone,0.0,,C91
21.10119,72.63515,333.85,0.4,0.37,2026-08-25,2055,N,VIIRS,n,2.0NRT,290.63,7.38,N,VIIRS_SNPP_NRT,,,1.3125355335172069,21.1,72.64,4,industrial,0.73,0.35,0.3,0.2555,0.9055,persistent_industrial_source,ArcelorMittal Nippon Steel India,Industrial works,21.1098624,72.6437334,5.69875,1.2950208379030488,0.1475104189515244,0.8,0.6057692147127636,High,0.8697972251867663,Within known industrial zone,0.865,High,C2
21.10456,72.63571,316.63,0.4,0.37,2026-08-25,2055,N,VIIRS,n,2.0NRT,287.4,3.21,N,VIIRS_SNPP_NRT,,,1.0199800057983102,21.1,72.64,4,industrial,0.78,0.35,0.3,0.2729999999999999,0.9229999999999998,persistent_industrial_source,ArcelorMittal Nippon Steel India,Industrial works,21.1098624,72.6437334,5.69875,0.5632814213643342,0.0,0.8,0.4484525080042689,Moderate,0.5453575240128068,Within known industrial zone,0.8899999999999999,High,C2
21.1062,72.64778,310.96,0.4,0.37,2026-08-25,2055,N,VIIRS,n,2.0NRT,275.72,1.33,N,VIIRS_SNPP_NRT,,,0.5848519610138733,21.11,72.65,3,industrial,0.68,0.35,0.3,0.238,0.8879999999999999,persistent_industrial_source,ArcelorMittal Nippon Steel India,Industrial works,21.1098624,72.6437334,3.7816666666666663,0.3516967827236669,0.0,0.6,0.267413731768054,Moderate,0.2022411953041622,Within known industrial zone,0.84,High,C2
21.10678,72.64395,316.16,0.4,0.37,2026-08-25,2055,N,VIIRS,n,2.0NRT,277.94,2.31,N,VIIRS_SNPP_NRT,,,0.3434829209393339,21.11,72.64,2,industrial,0.65,0.35,0.2,0.2274999999999999,0.7775000000000001,industrial_fire,ArcelorMittal Nippon Steel India,Industrial works,21.1098624,72.6437334,2.9414285714285713,0.7853326857697912,0.0,0.4,0.2669156883671291,Low,0.4007470651013874,Within known industrial zone,0.825,High,C2
21.1113,72.63686,301.26,0.4,0.37,2026-08-25,2055,N,VIIRS,n,2.0NRT,279.28,1.51,N,VIIRS_SNPP_NRT,,,0.7306936159600547,21.11,72.64,2,industrial,0.71,0.35,0.2,0.2484999999999999,0.7985,industrial_fire,ArcelorMittal Nippon Steel India,Industrial works,21.1098624,72.6437334,2.9414285714285713,0.5133559980573094,0.0,0.4,0.2146211312700106,Low,0.243863393810032,Within known industrial zone,0.8549999999999998,High,C2
22.4152,69.03896,305.3,0.39,0.44,2026-08-25,2055,N,VIIRS,n,2.0NRT,285.84,1.39,N,VIIRS_SNPP_NRT,,,58.745561669009554,22.42,69.04,2,unknown_other,0.0,0.0,0.2,0.0,0.2,insufficient_evidence,Port,Industrial area,22.3183828,69.6005772,1.3775,1.009074410163339,0.0045372050816696,0.4,0.2045718111567144,Low,0.2091782283884738,No nearby industrial zone,0.0,,C33
8.54511,80.56976,330.72,0.41,0.37,2026-08-26,801,N,VIIRS,n,2.0NRT,293.93,4.23,D,VIIRS_SNPP_NRT,,,442.41278138978527,8.55,80.57,1,unknown_other,0.01,0.0,0.0,0.0034999999999999,0.0034999999999999,insufficient_evidence,TNSTC Bus Depot,Industrial area,12.5026914,80.1531349,4.23,1.0,0.0,0.2,0.2872287442191391,Low,0.6616862326574173,No nearby industrial zone,0.0049999999999998,,
8.66969,80.53839,341.19,0.41,0.37,2026-08-26,801,N,VIIRS,l,2.0NRT,299.17,11.4,D,VIIRS_SNPP_NRT,,,428.28458897536177,8.67,80.54,1,unknown_other,0.03,0.0,0.0,0.0104999999999999,0.0104999999999999,insufficient_evidence,TNSTC Bus Depot,Industrial area,12.5026914,80.1531349,11.4,1.0,0.0,0.2,0.3790110281038776,Low,0.9370330843116328,No nearby industrial zone,0.0149999999999998,,
8.69024,80.84766,336.1,0.4,0.37,2026-08-26,801,N,VIIRS,l,2.0NRT,298.49,4.04,D,VIIRS_SNPP_NRT,,,430.6654156091492,8.69,80.85,1,unknown_other,0.0,0.0,0.0,0.0,0.0,insufficient_evidence,TNSTC Bus Depot,Industrial area,12.5026914,80.1531349,2.96,1.364864864864865,0.1824324324324324,0.2,0.3409246493024507,Low,0.6403415154749199,No nearby industrial zone,0.0,,C92
8.77482,80.87483,340.62,0.4,0.37,2026-08-26,801,N,VIIRS,l,2.0NRT,296.31,6.12,D,VIIRS_SNPP_NRT,,,421.95391404787574,8.77,80.87,1,unknown_other,0.01,0.0,0.0,0.0034999999999999,0.0034999999999999,insufficient_evidence,TNSTC Bus Depot,Industrial area,12.5026914,80.1531349,6.12,1.0,0.0,0.2,0.3402347918890074,Low,0.8207043756670224,No nearby industrial zone,0.0049999999999998,,C93
8.87628,80.67516,349.07,0.4,0.37,2026-08-26,801,N,VIIRS,l,2.0NRT,295.63,21.83,D,VIIRS_SNPP_NRT,,,407.2512751439672,8.88,80.68,1,unknown_other,0.03,0.0,0.0,0.0104999999999999,0.0104999999999999,insufficient_evidence,TNSTC Bus Depot,Industrial area,12.5026914,80.1531349,21.83,1.0,0.0,0.2,0.3964425471362504,Low,0.9893276414087512,No nearby industrial zone,0.0149999999999998,,C22
8.99618,80.83887,341.16,0.4,0.37,2026-08-26,801,N,VIIRS,l,2.0NRT,300.2,7.74,D,VIIRS_SNPP_NRT,,,397.03501878087457,9.0,80.84,1,unknown_other,0.01,0.0,0.0,0.0034999999999999,0.0034999999999999,insufficient_evidence,TNSTC Bus Depot,Industrial area,12.5026914,80.1531349,4.995,1.5495495495495497,0.2747747747747747,0.2,0.4510366289448466,Moderate,0.8783351120597652,No nearby industrial zone,0.0049999999999998,,C94
9.00604,80.68044,342.47,0.4,0.37,2026-08-26,801,N,VIIRS,n,2.0NRT,296.42,7.86,D,VIIRS_SNPP_NRT,,,393.0524050814557,9.01,80.68,1,unknown_other,0.01,0.0,0.0,0.0034999999999999,0.0034999999999999,insufficient_evidence,TNSTC Bus Depot,Industrial area,12.5026914,80.1531349,7.86,1.0,0.0,0.2,0.3605122732123799,Low,0.8815368196371398,No nearby industrial zone,0.0049999999999998,,C23
9.04064,80.67525,336.15,0.4,0.37,2026-08-26,801,N,VIIRS,n,2.0NRT,297.39,4.64,D,VIIRS_SNPP_NRT,,,389.16307309413577,9.04,80.68,1,unknown_other,0.0,0.0,0.0,0.0,0.0,insufficient_evidence,TNSTC Bus Depot,Industrial area,12.5026914,80.1531349,6.29,0.737678855325914,0.0,0.2,0.3005691924581999,Low,0.7017075773745998,No nearby industrial zone,0.0,,C95
9.07845,80.47284,330.08,0.41,0.37,2026-08-26,801,N,VIIRS,l,2.0NRT,293.53,1.79,D,VIIRS_SNPP_NRT,,,382.3557698328189,9.08,80.47,1,unknown_other,0.08,0.0,0.0,0.0279999999999999,0.0279999999999999,insufficient_evidence,TNSTC Bus Depot,Industrial area,12.5026914,80.1531349,3.36,0.5327380952380952,0.0,0.2,0.1687655638562789,Low,0.3062966915688367,No nearby industrial zone,0.0399999999999998,,C96
9.15012,80.21935,335.19,0.42,0.37,2026-08-26,801,N,VIIRS,l,2.0NRT,296.34,6.6,D,VIIRS_SNPP_NRT,,,372.85904625800305,9.15,80.22,1,unknown_other,0.08,0.0,0.0,0.0279999999999999,0.0279999999999999,insufficient_evidence,TNSTC Bus Depot,Industrial area,12.5026914,80.1531349,6.6,1.0,0.0,0.2,0.3469939523301316,Low,0.8409818569903948,No nearby industrial zone,0.0399999999999998,,
9.34108,80.16885,334.89,0.42,0.37,2026-08-26,801,N,VIIRS,l,2.0NRT,299.04,4.26,D,VIIRS_SNPP_NRT,,,351.55933349862755,9.34,80.17,1,unknown_other,0.0,0.0,0.0,0.0,0.0,insufficient_evidence,TNSTC Bus Depot,Industrial area,12.5026914,80.1531349,4.26,1.0,0.0,0.2,0.2886517253646389,Low,0.6659551760939167,No nearby industrial zone,0.0,,
9.38904,78.88414,334.56,0.47,0.4,2026-08-26,801,N,VIIRS,l,2.0NRT,299.26,5.44,D,VIIRS_SNPP_NRT,,,372.374337257711,9.39,78.88,1,unknown_other,0.01,0.0,0.0,0.0034999999999999,0.0034999999999999,insufficient_evidence,Unnamed industrial facility,Thermal power plant,12.5982666,79.8590477,5.44,1.0,0.0,0.2,0.3215581643543223,Low,0.7646744930629669,No nearby industrial zone,0.0049999999999998,,C54
9.38948,78.88505,336.31,0.47,0.4,2026-08-26,801,N,VIIRS,l,2.0NRT,299.69,6.1,D,VIIRS_SNPP_NRT,,,372.2990607883264,9.39,78.89,1,unknown_other,0.04,0.0,0.0,0.0139999999999999,0.0139999999999999,insufficient_evidence,Unnamed industrial facility,Thermal power plant,12.5982666,79.8590477,13.935,0.4377466810190168,0.0,0.2,0.3398790466026324,Low,0.8196371398078975,No nearby industrial zone,0.0199999999999998,,C54
9.6447,79.92132,332.66,0.42,0.38,2026-08-26,801,N,VIIRS,l,2.0NRT,297.66,4.9,D,VIIRS_SNPP_NRT,,,318.7991425253581,9.64,79.92,1,unknown_other,0.01,0.0,0.0,0.0034999999999999,0.0034999999999999,insufficient_evidence,TNSTC Bus Depot,Industrial area,12.5026914,80.1531349,4.9,1.0,0.0,0.2,0.3092849519743863,Low,0.727854855923159,No nearby industrial zone,0.0049999999999998,,
9.80408,78.17467,337.02,0.5,0.41,2026-08-26,801,N,VIIRS,n,2.0NRT,296.81,4.0,D,VIIRS_SNPP_NRT,,,360.945931870869,9.8,78.17,1,unknown_other,0.0,0.0,0.0,0.0,0.0,insufficient_evidence,Unnamed industrial facility,Thermal power plant,12.5982666,79.8590477,4.0,1.0,0.0,0.2,0.2786908573461401,Low,0.6360725720384205,No nearby industrial zone,0.0,,C97
9.90823,78.08034,333.85,0.51,0.41,2026-08-26,801,N,VIIRS,n,2.0NRT,295.48,5.5,D,VIIRS_SNPP_NRT,,,356.5003607920589,9.91,78.08,1,unknown_other,0.0,0.0,0.0,0.0,0.0,insufficient_evidence,Unnamed industrial facility,Thermal power plant,12.5982666,79.8590477,5.665,0.970873786407767,0.0,0.2,0.3231590181430095,Low,0.7694770544290288,No nearby industrial zone,0.0,,C55
9.90871,78.08326,333.9,0.51,0.41,2026-08-26,801,N,VIIRS,n,2.0NRT,295.44,5.83,D,VIIRS_SNPP_NRT,,,356.2823356805154,9.91,78.08,1,unknown_other,0.0,0.0,0.0,0.0,0.0,insufficient_evidence,Unnamed industrial facility,Thermal power plant,12.5982666,79.8590477,5.665,1.029126213592233,0.0145631067961164,0.2,0.3401087268117969,Low,0.8057630736392742,No nearby industrial zone,0.0,,C55
10.05334,77.95324,348.01,0.51,0.41,2026-08-26,801,N,VIIRS,n,2.0NRT,296.96,10.17,D,VIIRS_SNPP_NRT,,,350.0251069262899,10.05,77.95,1,unknown_other,0.0,0.0,0.0,0.0,0.0,insufficient_evidence,"SIPCOT Mamandur, Cheyyar",Industrial area,12.7230991,79.6546488,8.616666666666667,1.1802707930367504,0.0901353965183752,0.2,0.4026527451219201,Low,0.9178228388473852,No nearby industrial zone,0.0,,C56
12.13064,79.65323,333.44,0.41,0.37,2026-08-26,801,N,VIIRS,l,2.0NRT,306.63,24.35,D,VIIRS_SNPP_NRT,,,56.59952807505969,12.13,79.65,1,unknown_other,0.11,0.0,0.0,0.0385,0.0385,insufficient_evidence,Unnamed industrial facility,Thermal power plant,12.5982666,79.8590477,18.885,1.2893831082870002,0.1446915541435001,0.2,0.4460960463295836,Low,0.9935965848452508,No nearby industrial zone,0.055,,C98
13.84194,79.25305,330.21,0.41,0.37,2026-08-26,803,N,VIIRS,l,2.0NRT,296.56,5.29,D,VIIRS_SNPP_NRT,,,32.55151957629636,13.84,79.25,1,unknown_other,0.01,0.0,0.0,0.0034999999999999,0.0034999999999999,insufficient_evidence,Unnamed industrial facility,Industrial area,13.6914657,79.5115864,5.29,1.0,0.0,0.2,0.3174670935610102,Low,0.7524012806830309,No nearby industrial zone,0.0049999999999998,,C15
14.2594,80.11615,332.94,0.39,0.36,2026-08-26,803,N,VIIRS,l,2.0NRT,301.84,5.44,D,VIIRS_SNPP_NRT,,,40.39129134815212,14.26,80.12,1,unknown_other,0.0,0.0,0.0,0.0,0.0,insufficient_evidence,Unnamed industrial facility,Industrial area,13.9662446,79.8949777,7.545,0.7210072895957589,0.0,0.2,0.3215581643543223,Low,0.7646744930629669,No nearby industrial zone,0.0,,C99
14.25997,80.11976,330.87,0.39,0.36,2026-08-26,803,N,VIIRS,l,2.0NRT,302.06,9.65,D,VIIRS_SNPP_NRT,,,40.67324468733682,14.26,80.12,1,unknown_other,0.06,0.0,0.0,0.0209999999999999,0.0209999999999999,insufficient_evidence,Unnamed industrial facility,Industrial area,13.9662446,79.8949777,7.545,1.2789927104042411,0.1394963552021206,0.2,0.4166161810118772,Low,0.9103521878335112,No nearby industrial zone,0.0299999999999998,,C99
15.17995,76.68201,334.96,0.51,0.41,2026-08-26,803,N,VIIRS,n,2.0NRT,296.78,3.33,D,VIIRS_SNPP_NRT,,,341.9381387762283,15.18,76.68,3,unknown_other,0.0,0.0,0.3,0.0,0.3,insufficient_evidence,Unnamed industrial facility,Industrial area,13.8754547,79.558804,2.7154545454545453,1.2263140274522937,0.1131570137261467,0.6,0.4255525157813586,Moderate,0.5635005336179295,No nearby industrial zone,0.0,,C1
15.90841,79.10486,332.68,0.4,0.37,2026-08-26,803,N,VIIRS,l,2.0NRT,300.64,3.57,D,VIIRS_SNPP_NRT,,,224.52077539178063,15.91,79.1,1,unknown_other,0.0,0.0,0.0,0.0,0.0,insufficient_evidence,"APSRTC Bus Depot , Venkatagiri",Industrial area,13.9451361,79.5931469,3.57,1.0,0.0,0.2,0.2641053006047669,Low,0.5923159018143009,No nearby industrial zone,0.0,,
16.40065,79.36692,335.87,0.39,0.36,2026-08-26,803,N,VIIRS,n,2.0NRT,297.3,4.44,D,VIIRS_SNPP_NRT,,,274.1177610188046,16.4,79.37,1,unknown_other,0.01,0.0,0.0,0.0034999999999999,0.0034999999999999,insufficient_evidence,"APSRTC Bus Depot , Venkatagiri",Industrial area,13.9451361,79.5931469,4.44,1.0,0.0,0.2,0.2955887584489505,Low,0.6867662753468516,No nearby industrial zone,0.0049999999999998,,
17.95717,80.79728,333.75,0.39,0.36,2026-08-26,803,N,VIIRS,n,2.0NRT,296.44,3.39,D,VIIRS_SNPP_NRT,,,129.53691120402104,17.96,80.8,4,unknown_other,0.0,0.0,0.3,0.0,0.3,insufficient_evidence,Upper Sileru Power House,Thermal power plant,18.0371452,82.0192773,2.3825000000000003,1.4228751311647427,0.2114375655823713,0.8,0.5280032013342875,High,0.572572038420491,No nearby industrial zone,0.0,,C6
18.54734,74.17914,332.83,0.42,0.45,2026-08-26,803,N,VIIRS,n,2.0NRT,294.44,5.43,D,VIIRS_SNPP_NRT,,,73.64232449183893,18.55,74.18,1,unknown_other,0.01,0.0,0.0,0.0034999999999999,0.0034999999999999,insufficient_evidence,Pawana Hydroelectric Power Station,Thermal power plant,18.68142,73.494772,5.43,1.0,0.0,0.2,0.3210245464247598,Low,0.7630736392742796,No nearby industrial zone,0.0049999999999998,,
21.10126,72.63638,355.87,0.47,0.48,2026-08-26,805,N,VIIRS,n,2.0NRT,294.3,11.1,D,VIIRS_SNPP_NRT,,,1.223460454996959,21.1,72.64,4,industrial,0.74,0.35,0.3,0.259,0.909,persistent_industrial_source,ArcelorMittal Nippon Steel India,Industrial works,21.1098624,72.6437334,5.69875,1.9477955692037725,0.4738977846018862,0.8,0.7359097204453815,Critical,0.9338313767342584,Within known industrial zone,0.87,High,C2
21.10306,72.64542,336.67,0.47,0.48,2026-08-26,805,N,VIIRS,n,2.0NRT,293.41,4.7,D,VIIRS_SNPP_NRT,,,0.7763635324779351,21.1,72.65,2,industrial,0.72,0.35,0.2,0.252,0.802,industrial_fire,ArcelorMittal Nippon Steel India,Industrial works,21.1098624,72.6437334,5.786666666666666,0.8122119815668204,0.0,0.4,0.3693703308431163,Low,0.708110992529349,Within known industrial zone,0.86,High,C2
21.74366,83.84032,332.06,0.53,0.42,2026-08-26,805,N,VIIRS,n,2.0NRT,291.1,5.71,D,VIIRS_SNPP_NRT,,,18.251802935762292,21.74,83.84,4,unknown_other,0.0,0.0,0.3,0.0,0.3,insufficient_evidence,Unnamed industrial facility,Industrial area,21.8219423,83.9956863,8.193333333333333,0.6969080553295361,0.0,0.8,0.5300960512273212,Moderate,0.7902881536819637,No nearby industrial zone,0.0,,C5
21.74819,83.84499,338.5,0.53,0.42,2026-08-26,805,N,VIIRS,n,2.0NRT,294.05,5.71,D,VIIRS_SNPP_NRT,,,17.588812490547223,21.75,83.84,3,unknown_other,0.01,0.0,0.3,0.0034999999999999,0.3035,insufficient_evidence,Unnamed industrial facility,Industrial area,21.8219423,83.9956863,4.588888888888889,1.244309927360775,0.1221549636803874,0.6,0.5041477057874504,Moderate,0.7902881536819637,No nearby industrial zone,0.0049999999999998,,C5
21.75594,83.84392,339.67,0.53,0.42,2026-08-26,805,N,VIIRS,n,2.0NRT,293.25,10.06,D,VIIRS_SNPP_NRT,,,17.303516136397107,21.76,83.84,1,unknown_other,0.03,0.0,0.0,0.0104999999999999,0.0104999999999999,insufficient_evidence,Unnamed industrial facility,Industrial area,21.8219423,83.9956863,10.06,1.0,0.0,0.2,0.3722518676627534,Low,0.9167556029882604,No nearby industrial zone,0.0149999999999998,,C5
22.35679,82.30565,330.32,0.45,0.39,2026-08-26,805,N,VIIRS,n,2.0NRT,295.09,5.19,D,VIIRS_SNPP_NRT,,,13.281291128621396,22.36,82.31,1,unknown_other,0.0,0.0,0.0,0.0,0.0,insufficient_evidence,Bhandhakhar Power Station,Thermal power plant,22.3419078,82.433786,5.19,1.0,0.0,0.2,0.3139096406972607,Low,0.7417289220917823,No nearby industrial zone,0.0,,C57
25.21213,68.3015,334.66,0.36,0.57,2026-08-26,805,N,VIIRS,n,2.0NRT,299.45,2.42,D,VIIRS_SNPP_NRT,,,256.0279478453775,25.21,68.3,1,unknown_other,0.0,0.0,0.0,0.0,0.0,insufficient_evidence,Bhuj Sector 98,Industrial area,23.2653288,69.6499193,2.42,1.0,0.0,0.2,0.2071860547847741,Low,0.4215581643543223,No nearby industrial zone,0.0,,
26.53106,68.25273,331.86,0.34,0.56,2026-08-26,807,N,VIIRS,l,2.0NRT,303.06,1.97,D,VIIRS_SNPP_NRT,,,389.5061206837594,26.53,68.25,1,unknown_other,0.05,0.0,0.0,0.0174999999999999,0.0174999999999999,insufficient_evidence,Bhuj Sector 98,Industrial area,23.2653288,69.6499193,1.97,1.0,0.0,0.2,0.1805051583066524,Low,0.3415154749199573,No nearby industrial zone,0.0249999999999998,,
28.51536,68.00385,338.07,0.32,0.55,2026-08-26,807,N,VIIRS,n,2.0NRT,301.92,1.93,D,VIIRS_SNPP_NRT,,,606.5284460330524,28.52,68.0,1,unknown_other,0.01,0.0,0.0,0.0034999999999999,0.0034999999999999,insufficient_evidence,Bhuj Sector 98,Industrial area,23.2653288,69.6499193,1.76,1.096590909090909,0.0482954545454544,0.2,0.1944691714368875,Low,0.3351120597652081,No nearby industrial zone,0.0049999999999998,,C100
28.51605,68.00181,336.73,0.32,0.55,2026-08-26,807,N,VIIRS,n,2.0NRT,301.55,1.59,D,VIIRS_SNPP_NRT,,,606.6575141703056,28.52,68.0,1,unknown_other,0.02,0.0,0.0,0.0069999999999999,0.0069999999999999,insufficient_evidence,Bhuj Sector 98,Industrial area,23.2653288,69.6499193,1.76,0.9034090909090908,0.0,0.2,0.1532906438989683,Low,0.259871931696905,No nearby industrial zone,0.0099999999999998,,C100
30.37163,73.89048,336.49,0.44,0.38,2026-08-26,807,N,VIIRS,n,2.0NRT,302.65,4.25,D,VIIRS_SNPP_NRT,,,303.7794746454778,30.37,73.89,1,unknown_other,0.0,0.0,0.0,0.0,0.0,insufficient_evidence,Unnamed industrial facility,Industrial area,28.8672971,76.5139469,4.255,0.9988249118683902,0.0,0.2,0.2879402347918889,Low,0.663820704375667,No nearby industrial zone,0.0,,C50
30.37266,73.89281,332.4,0.44,0.38,2026-08-26,807,N,VIIRS,l,2.0NRT,302.55,4.26,D,VIIRS_SNPP_NRT,,,303.6535376765782,30.37,73.89,1,unknown_other,0.0,0.0,0.0,0.0,0.0,insufficient_evidence,Unnamed industrial facility,Industrial area,28.8672971,76.5139469,4.255,1.00117508813161,0.0005875440658049,0.2,0.2888475733865738,Low,0.6659551760939167,No nearby industrial zone,0.0,,C50
31.608,74.33546,330.73,0.41,0.37,2026-08-26,807,N,VIIRS,l,2.0NRT,304.78,3.2,D,VIIRS_SNPP_NRT,,,368.9182089064072,31.61,74.34,1,unknown_other,0.0,0.0,0.0,0.0,0.0,insufficient_evidence,Unnamed industrial facility,Industrial area,28.8952427,76.5471352,3.2,1.0,0.0,0.2,0.2472073995019565,Low,0.5416221985058698,No nearby industrial zone,0.0,,
29.39776,70.99824,307.06,0.35,0.57,2026-08-26,2032,N,VIIRS,n,2.0NRT,296.18,0.46,N,VIIRS_SNPP_NRT,,,538.9162797688049,29.4,71.0,1,unknown_other,0.13,0.0,0.0,0.0455,0.0455,insufficient_evidence,Unnamed industrial facility,Industrial area,28.8672971,76.5139469,0.46,1.0,0.0,0.2,0.0764496620419779,Low,0.0293489861259338,No nearby industrial zone,0.065,,
29.92137,74.95252,298.99,0.42,0.45,2026-08-26,2032,N,VIIRS,n,2.0NRT,282.32,0.96,N,VIIRS_SNPP_NRT,,,191.3606958149199,29.92,74.95,2,unknown_other,0.02,0.0,0.2,0.0069999999999999,0.207,insufficient_evidence,Unnamed industrial facility,Industrial area,28.8672971,76.5139469,5.6433333333333335,0.1701122268163024,0.0,0.4,0.1728210601209533,Low,0.1184631803628601,No nearby industrial zone,0.0099999999999998,,C3
20.78876,85.25801,301.02,0.45,0.47,2026-08-26,2034,N,VIIRS,n,2.0NRT,286.65,1.13,N,VIIRS_SNPP_NRT,,,1.7295625820576386,20.79,85.26,2,industrial,0.58,0.35,0.2,0.2029999999999999,0.753,industrial_fire,Tata Steel Meramandali,Industrial area,20.8040132,85.2612681,1.22,0.9262295081967212,0.0,0.4,0.1858057630736392,Low,0.1574172892209178,Within known industrial zone,0.7899999999999999,High,C7
20.79303,85.25893,302.21,0.45,0.47,2026-08-26,2034,N,VIIRS,n,2.0NRT,287.06,1.13,N,VIIRS_SNPP_NRT,,,1.2452249634263712,20.79,85.26,2,industrial,0.76,0.35,0.2,0.2659999999999999,0.8160000000000001,industrial_fire,Tata Steel Meramandali,Industrial area,20.8040132,85.2612681,1.22,0.9262295081967212,0.0,0.4,0.1858057630736392,Low,0.1574172892209178,Within known industrial zone,0.8799999999999999,High,C7
20.79388,85.25462,303.84,0.45,0.47,2026-08-26,2034,N,VIIRS,n,2.0NRT,286.57,1.13,N,VIIRS_SNPP_NRT,,,1.321799503005279,20.79,85.25,2,industrial,0.67,0.35,0.2,0.2345,0.7845,industrial_fire,Tata Steel Meramandali,Industrial area,20.8040132,85.2612681,6.0575,0.1865456046223689,0.0,0.4,0.1858057630736392,Low,0.1574172892209178,Within known industrial zone,0.8350000000000001,High,C7
20.86296,84.99215,308.93,0.43,0.46,2026-08-26,2034,N,VIIRS,n,2.0NRT,281.55,2.41,N,VIIRS_SNPP_NRT,,,1.4707699739547797,20.86,84.99,2,industrial,0.22,0.35,0.2,0.077,0.627,industrial_fire,Angul Steel Plant,Industrial area,20.8753652,84.9872383,3.7275,0.6465459423205903,0.0,0.4,0.2733191035218783,Low,0.419957310565635,Within known industrial zone,0.61,Moderate,C16
20.86377,84.98796,331.05,0.43,0.46,2026-08-26,2034,N,VIIRS,n,2.0NRT,283.25,2.41,N,VIIRS_SNPP_NRT,,,1.2915060424821865,20.86,84.99,2,industrial,0.67,0.35,0.2,0.2345,0.7845,industrial_fire,Angul Steel Plant,Industrial area,20.8753652,84.9872383,3.7275,0.6465459423205903,0.0,0.4,0.2733191035218783,Low,0.419957310565635,Within known industrial zone,0.8350000000000001,High,C16
20.86633,84.99726,302.62,0.43,0.46,2026-08-26,2034,N,VIIRS,n,2.0NRT,282.26,1.86,N,VIIRS_SNPP_NRT,,,1.4469098970302785,20.87,85.0,1,possible_industrial,0.1,0.35,0.0,0.0349999999999999,0.3849999999999999,industrial_fire,Angul Steel Plant,Industrial area,20.8753652,84.9872383,1.86,1.0,0.0,0.2,0.1726787620064034,Low,0.3180362860192102,Within known industrial zone,0.5499999999999999,Moderate,C16
20.86715,84.99306,303.85,0.43,0.46,2026-08-26,2034,N,VIIRS,n,2.0NRT,281.88,2.21,N,VIIRS_SNPP_NRT,,,1.0955936295652842,20.87,84.99,1,possible_industrial,0.08,0.35,0.0,0.0279999999999999,0.378,industrial_fire,Angul Steel Plant,Industrial area,20.8753652,84.9872383,2.21,1.0,0.0,0.2,0.1933119886161508,Low,0.3799359658484525,Within known industrial zone,0.5399999999999999,Moderate,C16
22.9245,69.82229,301.64,0.35,0.57,2026-08-26,2034,N,VIIRS,n,2.0NRT,290.12,1.76,N,VIIRS_SNPP_NRT,,,0.3700420619993374,22.92,69.82,1,possible_industrial,0.39,0.35,0.0,0.1364999999999999,0.4864999999999999,industrial_fire,Unnamed industrial facility,Industrial area,22.9277353,69.8231363,1.76,1.0,0.0,0.2,0.1669868374244041,Low,0.3009605122732123,Within known industrial zone,0.6949999999999998,Moderate,C58
22.92565,69.82343,303.65,0.35,0.57,2026-08-26,2034,N,VIIRS,n,2.0NRT,290.14,0.67,N,VIIRS_SNPP_NRT,,,0.2338174632984979,22.93,69.82,2,industrial,0.87,0.35,0.2,0.3045,0.8545,industrial_fire,Unnamed industrial facility,Industrial area,22.9277353,69.8231363,1.35,0.4962962962962964,0.0,0.4,0.1527214514407684,Low,0.0581643543223052,Within known industrial zone,0.935,High,C58
23.12196,70.08334,311.0,0.34,0.56,2026-08-26,2034,N,VIIRS,n,2.0NRT,290.15,1.48,N,VIIRS_SNPP_NRT,,,0.9889966353522645,23.12,70.08,2,industrial,0.81,0.35,0.2,0.2835,0.8335,industrial_fire,Unnamed industrial facility,Industrial area,23.1167601,70.075494,1.605,0.9221183800623052,0.0,0.4,0.2108858057630736,Low,0.2326574172892209,Within known industrial zone,0.905,High,C101
23.55976,87.23328,304.51,0.53,0.5,2026-08-26,2034,N,VIIRS,n,2.0NRT,285.34,2.46,N,VIIRS_SNPP_NRT,,,32.71402995506779,23.56,87.23,1,unknown_other,0.04,0.0,0.0,0.0139999999999999,0.0139999999999999,insufficient_evidence,Unnamed industrial facility,Industrial works,23.6793166,86.9398843,2.335,1.0535331905781584,0.0267665952890792,0.2,0.2180648522895294,Low,0.4274279615795091,No nearby industrial zone,0.0199999999999998,,C9
23.56083,87.22818,300.7,0.53,0.5,2026-08-26,2034,N,VIIRS,n,2.0NRT,280.42,2.21,N,VIIRS_SNPP_NRT,,,32.190984365600976,23.56,87.23,1,unknown_other,0.05,0.0,0.0,0.0174999999999999,0.0174999999999999,insufficient_evidence,Unnamed industrial facility,Industrial works,23.6793166,86.9398843,2.335,0.9464668094218416,0.0,0.2,0.1933119886161508,Low,0.3799359658484525,No nearby industrial zone,0.0249999999999998,,C9
23.61321,86.7896,311.97,0.5,0.49,2026-08-26,2034,N,VIIRS,n,2.0NRT,287.72,3.11,N,VIIRS_SNPP_NRT,,,5.125455425013797,23.61,86.79,1,unknown_other,0.0,0.0,0.0,0.0,0.0,insufficient_evidence,Unnamed industrial facility,Industrial area,23.6325726,86.8352562,3.335,0.9325337331334332,0.0,0.2,0.2422269654927072,Low,0.5266808964781217,No nearby industrial zone,0.0,,C59
23.61457,86.79169,311.36,0.5,0.49,2026-08-26,2034,N,VIIRS,n,2.0NRT,287.95,3.56,N,VIIRS_SNPP_NRT,,,4.868918199097892,23.61,86.79,1,unknown_other,0.01,0.15,0.0,0.0034999999999999,0.1535,industrial_fire,Unnamed industrial facility,Industrial area,23.6325726,86.8352562,3.335,1.0674662668665666,0.0337331334332833,0.2,0.274460315199924,Low,0.5896478121664888,Adjacent to industrial zone,0.2192857142857141,Low,C59
23.69875,87.09306,301.23,0.52,0.5,2026-08-26,2034,N,VIIRS,n,2.0NRT,285.24,2.02,N,VIIRS_SNPP_NRT,,,13.442882073130171,23.7,87.09,1,unknown_other,0.05,0.0,0.0,0.0174999999999999,0.0174999999999999,insufficient_evidence,Unnamed industrial facility,Industrial area,23.7266655,86.9645857,2.02,1.0,0.0,0.2,0.1831732479544646,Low,0.3495197438633938,No nearby industrial zone,0.0249999999999998,,
23.79305,86.23392,297.85,0.46,0.47,2026-08-26,2034,N,VIIRS,n,2.0NRT,284.98,3.42,N,VIIRS_SNPP_NRT,,,3.9236758108876058,23.79,86.23,1,unknown_other,0.12,0.15,0.0,0.0419999999999999,0.192,industrial_fire,Unnamed industrial facility,Industrial area,23.7913529,86.2724392,3.42,1.0,0.0,0.2,0.2585912486659552,Low,0.5757737459978656,Adjacent to industrial zone,0.2742857142857141,Low,
23.79604,86.28603,299.33,0.46,0.47,2026-08-26,2034,N,VIIRS,n,2.0NRT,285.08,1.39,N,VIIRS_SNPP_NRT,,,1.4777382300856206,23.8,86.29,1,possible_industrial,0.26,0.35,0.0,0.091,0.4409999999999999,industrial_fire,Unnamed industrial facility,Industrial area,23.7913529,86.2724392,1.39,1.0,0.0,0.2,0.1363927427961579,Low,0.2091782283884738,Within known industrial zone,0.63,Moderate,
13.62073,78.48496,299.89,0.4,0.37,2026-08-26,2036,N,VIIRS,n,2.0NRT,281.72,0.4,N,VIIRS_SNPP_NRT,,,109.70190405525824,13.62,78.48,1,unknown_other,0.02,0.0,0.0,0.0069999999999999,0.0069999999999999,insufficient_evidence,Unnamed industrial facility,Thermal power plant,13.6229492,79.5000853,0.4,1.0,0.0,0.2,0.0712913553895411,Low,0.0138740661686232,No nearby industrial zone,0.0099999999999998,,
13.70935,79.61942,304.18,0.43,0.38,2026-08-26,2036,N,VIIRS,n,2.0NRT,281.75,0.92,N,VIIRS_SNPP_NRT,,,1.4832502516450312,13.71,79.62,3,industrial,0.04,0.35,0.3,0.0139999999999999,0.6639999999999999,persistent_industrial_source,Unnamed industrial facility,Industrial area,13.7190582,79.6288364,1.5566666666666666,0.5910064239828694,0.0,0.6,0.2362860192102454,Moderate,0.1088580576307363,Within known industrial zone,0.5199999999999999,Moderate,C17
13.8324,79.25771,300.63,0.42,0.37,2026-08-26,2036,N,VIIRS,n,2.0NRT,283.62,0.19,N,VIIRS_SNPP_NRT,,,31.581747935240255,13.83,79.26,2,unknown_other,0.02,0.0,0.2,0.0069999999999999,0.207,insufficient_evidence,Unnamed industrial facility,Industrial area,13.6914657,79.5115864,0.715,0.2657342657342657,0.0,0.4,0.1336890786197082,Low,0.0010672358591248,No nearby industrial zone,0.0099999999999998,,C15
15.0046,77.00061,310.42,0.39,0.36,2026-08-26,2036,N,VIIRS,n,2.0NRT,292.26,0.69,N,VIIRS_SNPP_NRT,,,302.729533183197,15.0,77.0,1,unknown_other,0.06,0.0,0.0,0.0209999999999999,0.0209999999999999,insufficient_evidence,Unnamed industrial facility,Industrial area,13.8754547,79.558804,2.6049999999999995,0.2648752399232246,0.0,0.2,0.087299893276414,Low,0.0618996798292422,No nearby industrial zone,0.0299999999999998,,C102
15.01486,79.80273,316.21,0.43,0.38,2026-08-26,2036,N,VIIRS,n,2.0NRT,292.67,4.81,N,VIIRS_SNPP_NRT,,,117.02286561791426,15.01,79.8,1,unknown_other,0.04,0.0,0.0,0.0139999999999999,0.0139999999999999,insufficient_evidence,Unnamed industrial facility,Industrial area,13.9662446,79.8949777,4.81,1.0,0.0,0.2,0.3075062255425115,Low,0.7225186766275347,No nearby industrial zone,0.0199999999999998,,
15.02314,78.01447,308.69,0.39,0.36,2026-08-26,2036,N,VIIRS,n,2.0NRT,280.87,1.12,N,VIIRS_SNPP_NRT,,,207.9766627950534,15.02,78.01,2,unknown_other,0.01,0.0,0.2,0.0034999999999999,0.2035,insufficient_evidence,"APSRTC Bus Depot , Venkatagiri",Industrial area,13.9451361,79.5931469,1.6700000000000002,0.6706586826347305,0.0,0.4,0.1847385272145144,Low,0.1542155816435432,No nearby industrial zone,0.0049999999999998,,C103
15.16735,76.6746,304.85,0.39,0.36,2026-08-26,2036,N,VIIRS,n,2.0NRT,285.55,0.5,N,VIIRS_SNPP_NRT,,,342.0779962992131,15.17,76.67,2,unknown_other,0.0,0.0,0.2,0.0,0.2,insufficient_evidence,Unnamed industrial facility,Industrial area,13.8754547,79.558804,1.4800000000000002,0.3378378378378378,0.0,0.4,0.1441835645677694,Low,0.0325506937033084,No nearby industrial zone,0.0,,C1
15.16791,76.67098,309.55,0.39,0.36,2026-08-26,2036,N,VIIRS,n,2.0NRT,285.83,1.47,N,VIIRS_SNPP_NRT,,,342.4574254517365,15.17,76.67,2,unknown_other,0.03,0.0,0.2,0.0104999999999999,0.2105,insufficient_evidence,Unnamed industrial facility,Industrial area,13.8754547,79.558804,1.4800000000000002,0.9932432432432432,0.0,0.4,0.2098185699039487,Low,0.2294557097118463,No nearby industrial zone,0.0149999999999998,,C1
15.16815,76.38161,308.5,0.39,0.36,2026-08-26,2036,N,VIIRS,n,2.0NRT,288.52,1.39,N,VIIRS_SNPP_NRT,,,370.9695938062323,15.17,76.38,2,unknown_other,0.1,0.0,0.2,0.0349999999999999,0.235,insufficient_evidence,Unnamed industrial facility,Industrial area,13.8754547,79.558804,0.9875,1.4075949367088605,0.2037974683544302,0.4,0.2709918989143013,Moderate,0.2091782283884738,No nearby industrial zone,0.0499999999999998,,C34
15.1712,76.69366,302.91,0.39,0.36,2026-08-26,2036,N,VIIRS,n,2.0NRT,287.77,1.32,N,VIIRS_SNPP_NRT,,,340.39568052389023,15.17,76.69,2,unknown_other,0.09,0.0,0.2,0.0315,0.2315,insufficient_evidence,Unnamed industrial facility,Industrial area,13.8754547,79.558804,1.23,1.0731707317073171,0.0365853658536585,0.4,0.211519205907107,Low,0.1979722518676627,No nearby industrial zone,0.045,,C1
15.17149,76.38216,301.43,0.39,0.36,2026-08-26,2036,N,VIIRS,n,2.0NRT,288.15,0.46,N,VIIRS_SNPP_NRT,,,371.0566809560856,15.17,76.38,2,unknown_other,0.07,0.0,0.2,0.0245,0.2245,insufficient_evidence,Unnamed industrial facility,Industrial area,13.8754547,79.558804,0.9875,0.4658227848101265,0.0,0.4,0.1431163287086446,Low,0.0293489861259338,No nearby industrial zone,0.035,,C34
15.1731,76.78556,304.39,0.39,0.36,2026-08-26,2036,N,VIIRS,n,2.0NRT,291.16,0.82,N,VIIRS_SNPP_NRT,,,331.550816109746,15.17,76.79,2,unknown_other,0.0,0.0,0.2,0.0,0.2,insufficient_evidence,Unnamed industrial facility,Industrial area,13.8754547,79.558804,1.0,0.82,0.0,0.4,0.1628601921024546,Low,0.0885805763073639,No nearby industrial zone,0.0,,C104
15.17348,76.65711,311.66,0.39,0.36,2026-08-26,2036,N,VIIRS,n,2.0NRT,287.35,1.0,N,VIIRS_SNPP_NRT,,,344.06882563246353,15.17,76.66,1,unknown_other,0.34,0.0,0.0,0.119,0.119,insufficient_evidence,Unnamed industrial facility,Industrial area,13.8754547,79.558804,1.0699999999999998,0.9345794392523366,0.0,0.2,0.1084667378157239,Low,0.1254002134471718,No nearby industrial zone,0.17,,C1
15.17403,76.65352,310.22,0.39,0.36,2026-08-26,2036,N,VIIRS,n,2.0NRT,286.79,1.0,N,VIIRS_SNPP_NRT,,,344.444908818823,15.17,76.65,2,unknown_other,0.08,0.0,0.2,0.0279999999999999,0.228,insufficient_evidence,Unnamed industrial facility,Industrial area,13.8754547,79.558804,1.58,0.6329113924050632,0.0,0.4,0.1751334044823906,Low,0.1254002134471718,No nearby industrial zone,0.0399999999999998,,C1
15.17453,76.69421,316.22,0.39,0.36,2026-08-26,2036,N,VIIRS,n,2.0NRT,290.04,1.32,N,VIIRS_SNPP_NRT,,,340.4968253962414,15.17,76.69,2,unknown_other,0.12,0.0,0.2,0.0419999999999999,0.242,insufficient_evidence,Unnamed industrial facility,Industrial area,13.8754547,79.558804,1.23,1.0731707317073171,0.0365853658536585,0.4,0.211519205907107,Low,0.1979722518676627,No nearby industrial zone,0.0599999999999998,,C1
15.17495,77.10123,306.08,0.39,0.36,2026-08-26,2036,N,VIIRS,n,2.0NRT,287.24,0.81,N,VIIRS_SNPP_NRT,,,301.03489497989773,15.17,77.1,2,unknown_other,0.01,0.0,0.2,0.0034999999999999,0.2035,insufficient_evidence,"APSRTC Bus Depot , Venkatagiri",Industrial area,13.9451361,79.5931469,0.8200000000000001,0.9878048780487804,0.0,0.4,0.1623265741728922,Low,0.0869797225186766,No nearby industrial zone,0.0049999999999998,,C18
15.17624,76.66125,304.34,0.39,0.36,2026-08-26,2036,N,VIIRS,n,2.0NRT,288.3,1.72,N,VIIRS_SNPP_NRT,,,343.79157419005617,15.18,76.66,3,unknown_other,0.21,0.0,0.3,0.0735,0.3735,insufficient_evidence,Unnamed industrial facility,Industrial area,13.8754547,79.558804,2.51,0.6852589641434264,0.0,0.6,0.2967627178939879,Moderate,0.2902881536819637,No nearby industrial zone,0.105,,C1
15.1768,76.65766,332.51,0.39,0.36,2026-08-26,2036,N,VIIRS,n,2.0NRT,290.69,2.93,N,VIIRS_SNPP_NRT,,,344.1679720967476,15.18,76.66,3,unknown_other,0.04,0.0,0.3,0.0139999999999999,0.314,insufficient_evidence,Unnamed industrial facility,Industrial area,13.8754547,79.558804,2.51,1.1673306772908367,0.0836653386454183,0.6,0.3961559666704934,Moderate,0.5048025613660619,No nearby industrial zone,0.0199999999999998,,C1
15.17733,76.67619,328.74,0.39,0.36,2026-08-26,2036,N,VIIRS,n,2.0NRT,292.52,3.51,N,VIIRS_SNPP_NRT,,,342.3839350596408,15.18,76.68,3,unknown_other,0.08,0.0,0.3,0.0279999999999999,0.3279999999999999,insufficient_evidence,Unnamed industrial facility,Industrial area,13.8754547,79.558804,2.7154545454545453,1.2926012721794442,0.1463006360897221,0.6,0.4428259324141123,Moderate,0.5821771611526148,No nearby industrial zone,0.0399999999999998,,C1
15.17736,76.65406,327.76,0.39,0.36,2026-08-26,2036,N,VIIRS,n,2.0NRT,291.09,2.93,N,VIIRS_SNPP_NRT,,,344.5453783287777,15.18,76.65,3,unknown_other,0.01,0.0,0.3,0.0034999999999999,0.3035,insufficient_evidence,Unnamed industrial facility,Industrial area,13.8754547,79.558804,1.8225,1.607681755829904,0.303840877914952,0.6,0.4695478130936713,High,0.5048025613660619,No nearby industrial zone,0.0049999999999998,,C1
15.17826,77.10178,302.31,0.39,0.36,2026-08-26,2036,N,VIIRS,n,2.0NRT,285.43,0.81,N,VIIRS_SNPP_NRT,,,301.1477453728882,15.18,77.1,3,unknown_other,0.0,0.0,0.3,0.0,0.3,insufficient_evidence,"APSRTC Bus Depot , Venkatagiri",Industrial area,13.9451361,79.5931469,1.344,0.6026785714285714,0.0,0.6,0.2289932408395588,Moderate,0.0869797225186766,No nearby industrial zone,0.0,,C18
15.17922,76.67965,309.1,0.39,0.36,2026-08-26,2036,N,VIIRS,n,2.0NRT,291.74,1.91,N,VIIRS_SNPP_NRT,,,342.1342539898367,15.18,76.68,3,unknown_other,0.01,0.0,0.3,0.0034999999999999,0.3035,insufficient_evidence,Unnamed industrial facility,Industrial area,13.8754547,79.558804,2.7154545454545453,0.7033813190492133,0.0,0.6,0.3101031661330487,Moderate,0.3303094983991462,No nearby industrial zone,0.0049999999999998,,C1
15.18088,76.66885,306.97,0.39,0.36,2026-08-26,2036,N,VIIRS,n,2.0NRT,290.26,2.45,N,VIIRS_SNPP_NRT,,,343.26448504123164,15.18,76.67,4,unknown_other,0.04,0.0,0.3,0.0139999999999999,0.314,insufficient_evidence,Unnamed industrial facility,Industrial area,13.8754547,79.558804,1.967857142857143,1.2450090744101634,0.1225045372050817,0.8,0.4494438816653011,Moderate,0.4258271077908218,No nearby industrial zone,0.0199999999999998,,C1
15.18143,76.66524,326.3,0.39,0.36,2026-08-26,2036,N,VIIRS,n,2.0NRT,290.26,1.57,N,VIIRS_SNPP_NRT,,,343.6421159554295,15.18,76.67,4,unknown_other,0.06,0.0,0.3,0.0209999999999999,0.321,insufficient_evidence,Unnamed industrial facility,Industrial area,13.8754547,79.558804,1.967857142857143,0.7978221415607986,0.0,0.8,0.3518676627534685,Moderate,0.2556029882604055,No nearby industrial zone,0.0299999999999998,,C1
15.18476,76.64362,304.82,0.39,0.36,2026-08-26,2036,N,VIIRS,n,2.0NRT,289.85,0.6,N,VIIRS_SNPP_NRT,,,345.9060778850006,15.18,76.64,2,unknown_other,0.02,0.0,0.2,0.0069999999999999,0.207,insufficient_evidence,Unnamed industrial facility,Industrial area,13.8754547,79.558804,3.03,0.198019801980198,0.0,0.4,0.1496976165065812,Low,0.0490928495197438,No nearby industrial zone,0.0099999999999998,,C1
15.18476,76.66579,311.2,0.39,0.36,2026-08-26,2036,N,VIIRS,n,2.0NRT,290.28,1.57,N,VIIRS_SNPP_NRT,,,343.7429633771279,15.18,76.67,4,unknown_other,0.2,0.0,0.3,0.0699999999999999,0.37,insufficient_evidence,Unnamed industrial facility,Industrial area,13.8754547,79.558804,1.967857142857143,0.7978221415607986,0.0,0.8,0.3518676627534685,Moderate,0.2556029882604055,No nearby industrial zone,0.0999999999999998,,C1
15.30111,76.21888,304.95,0.4,0.37,2026-08-26,2036,N,VIIRS,n,2.0NRT,289.96,0.69,N,VIIRS_SNPP_NRT,,,392.804299334214,15.3,76.22,1,unknown_other,0.0,0.0,0.0,0.0,0.0,insufficient_evidence,Unnamed industrial facility,Industrial area,13.8754547,79.558804,0.745,0.9261744966442952,0.0,0.2,0.087299893276414,Low,0.0618996798292422,No nearby industrial zone,0.0,,C105
15.33239,76.28411,306.46,0.4,0.37,2026-08-26,2036,N,VIIRS,n,2.0NRT,287.96,0.93,N,VIIRS_SNPP_NRT,,,387.8094265824913,15.33,76.28,2,unknown_other,0.02,0.0,0.2,0.0069999999999999,0.207,insufficient_evidence,Unnamed industrial facility,Industrial area,13.8754547,79.558804,1.075,0.8651162790697675,0.0,0.4,0.1705087157595161,Low,0.1115261472785485,No nearby industrial zone,0.0099999999999998,,C13
15.68362,78.45876,306.97,0.39,0.36,2026-08-26,2036,N,VIIRS,n,2.0NRT,292.66,0.94,N,VIIRS_SNPP_NRT,,,228.5567551878098,15.68,78.46,1,unknown_other,0.0,0.0,0.0,0.0,0.0,insufficient_evidence,"APSRTC Bus Depot , Venkatagiri",Industrial area,13.9451361,79.5931469,0.94,1.0,0.0,0.2,0.1045535396655994,Low,0.1136606189967982,No nearby industrial zone,0.0,,
16.63467,74.34213,301.82,0.47,0.4,2026-08-26,2036,N,VIIRS,n,2.0NRT,290.9,0.52,N,VIIRS_SNPP_NRT,,,244.65520383104467,16.63,74.34,1,unknown_other,0.03,0.0,0.0,0.0104999999999999,0.0104999999999999,insufficient_evidence,Pawana Hydroelectric Power Station,Thermal power plant,18.68142,73.494772,0.52,1.0,0.0,0.2,0.0780505158306652,Low,0.0341515474919957,No nearby industrial zone,0.0149999999999998,,
18.68293,73.03869,308.16,0.39,0.44,2026-08-26,2036,N,VIIRS,n,2.0NRT,291.72,2.52,N,VIIRS_SNPP_NRT,,,0.5928039186566751,18.68,73.04,1,possible_industrial,0.01,0.35,0.0,0.0034999999999999,0.3535,industrial_fire,Unnamed industrial facility,Thermal power plant,18.6861449,73.0431794,2.04,1.2352941176470589,0.1176470588235294,0.2,0.2508485571389708,Low,0.4348986125933831,Within known industrial zone,0.5049999999999999,Moderate,C24
18.68391,73.0312,312.29,0.39,0.44,2026-08-26,2036,N,VIIRS,n,2.0NRT,291.47,2.8,N,VIIRS_SNPP_NRT,,,1.142766437666795,18.68,73.03,1,possible_industrial,0.01,0.35,0.0,0.0034999999999999,0.3535,industrial_fire,JSW Ispat Steel Plant,Industrial area,18.6897544,73.040124,2.1799999999999997,1.2844036697247707,0.1422018348623853,0.2,0.2736190392266293,Low,0.4786552828175027,Within known industrial zone,0.5049999999999999,Moderate,C24
18.95733,73.94366,324.36,0.53,0.42,2026-08-26,2036,N,VIIRS,n,2.0NRT,290.0,2.23,N,VIIRS_SNPP_NRT,,,51.74471177945644,18.96,73.94,1,unknown_other,0.01,0.0,0.0,0.0034999999999999,0.0034999999999999,insufficient_evidence,TATA Bhivpuri Hydroelectric Power Plant,Thermal power plant,18.9367388,73.4521329,2.405,0.9272349272349272,0.0,0.2,0.1965136961935254,Low,0.3895410885805763,No nearby industrial zone,0.0049999999999998,,C106
11.18108,79.10128,303.57,0.43,0.38,2026-08-26,2038,N,VIIRS,n,2.0NRT,285.73,0.43,N,VIIRS_SNPP_NRT,,,177.85015204294285,11.18,79.1,3,unknown_other,0.01,0.0,0.3,0.0034999999999999,0.3035,insufficient_evidence,Unnamed industrial facility,Thermal power plant,12.5982666,79.8590477,1.36,0.3161764705882353,0.0,0.6,0.2058697972251867,Moderate,0.0176093916755602,No nearby industrial zone,0.0049999999999998,,C25
11.2694,80.00464,310.68,0.47,0.4,2026-08-26,2038,N,VIIRS,n,2.0NRT,285.63,1.4,N,VIIRS_SNPP_NRT,,,138.0843139814329,11.27,80.0,2,unknown_other,0.0,0.0,0.2,0.0,0.2,insufficient_evidence,TNSTC Bus Depot,Industrial area,12.5026914,80.1531349,1.48,0.945945945945946,0.0,0.4,0.2041266453219494,Low,0.2123799359658484,No nearby industrial zone,0.0,,C35
11.80979,77.00835,302.99,0.38,0.36,2026-08-26,2038,N,VIIRS,n,2.0NRT,272.49,0.44,N,VIIRS_SNPP_NRT,,,304.940110049328,11.81,77.01,1,unknown_other,0.08,0.0,0.0,0.0279999999999999,0.0279999999999999,insufficient_evidence,"SIPCOT Mamandur, Cheyyar",Industrial area,12.7230991,79.6546488,0.44,1.0,0.0,0.2,0.0737815723941657,Low,0.0213447171824973,No nearby industrial zone,0.0399999999999998,,
11.81618,77.91673,315.08,0.4,0.37,2026-08-26,2038,N,VIIRS,n,2.0NRT,286.24,2.03,N,VIIRS_SNPP_NRT,,,214.0720626718066,11.82,77.92,3,unknown_other,0.05,0.0,0.3,0.0174999999999999,0.3175,insufficient_evidence,"SIPCOT Mamandur, Cheyyar",Industrial area,12.7230991,79.6546488,1.814,1.1190738699007716,0.0595369349503858,0.6,0.3374194621303847,Moderate,0.3527214514407684,No nearby industrial zone,0.0249999999999998,,C10
8.07976,81.34676,341.29,0.44,0.46,2026-08-27,741,N,VIIRS,n,2.0NRT,297.32,3.62,D,VIIRS_SNPP_NRT,,,508.84086439914455,8.08,81.35,1,unknown_other,0.0,0.0,0.0,0.0,0.0,insufficient_evidence,TNSTC Bus Depot,Industrial area,12.5026914,80.1531349,4.6899999999999995,0.771855010660981,0.0,0.2,0.2657061543934543,Low,0.5971184631803629,No nearby industrial zone,0.0,,C107
8.16389,81.33283,331.58,0.44,0.46,2026-08-27,741,N,VIIRS,n,2.0NRT,297.15,2.9,D,VIIRS_SNPP_NRT,,,499.4050163369775,8.16,81.33,1,unknown_other,0.0,0.0,0.0,0.0,0.0,insufficient_evidence,TNSTC Bus Depot,Industrial area,12.5026914,80.1531349,2.54,1.141732283464567,0.0708661417322834,0.2,0.2565996352910528,Low,0.4989327641408751,No nearby industrial zone,0.0,,C26
8.18319,81.21323,333.47,0.45,0.47,2026-08-27,741,N,VIIRS,n,2.0NRT,297.42,4.85,D,VIIRS_SNPP_NRT,,,494.0997731001631,8.18,81.21,1,unknown_other,0.0,0.0,0.0,0.0,0.0,insufficient_evidence,TNSTC Bus Depot,Industrial area,12.5026914,80.1531349,4.85,1.0,0.0,0.2,0.3082177161152614,Low,0.7246531483457844,No nearby industrial zone,0.0,,C36
8.18388,81.21734,335.58,0.45,0.47,2026-08-27,741,N,VIIRS,n,2.0NRT,295.36,3.52,D,VIIRS_SNPP_NRT,,,494.1308312618039,8.18,81.22,1,unknown_other,0.01,0.0,0.0,0.0034999999999999,0.0034999999999999,insufficient_evidence,TNSTC Bus Depot,Industrial area,12.5026914,80.1531349,3.52,1.0,0.0,0.2,0.2617929562433297,Low,0.5853788687299893,No nearby industrial zone,0.0049999999999998,,C36
8.18817,81.2166,332.07,0.45,0.47,2026-08-27,741,N,VIIRS,n,2.0NRT,296.28,2.87,D,VIIRS_SNPP_NRT,,,493.64799238305466,8.19,81.22,1,unknown_other,0.0,0.0,0.0,0.0,0.0,insufficient_evidence,TNSTC Bus Depot,Industrial area,12.5026914,80.1531349,3.305,0.8683812405446293,0.0,0.2,0.2299537531127712,Low,0.4898612593383137,No nearby industrial zone,0.0,,C36
8.39403,81.18223,333.39,0.45,0.47,2026-08-27,741,N,VIIRS,n,2.0NRT,292.71,2.83,D,VIIRS_SNPP_NRT,,,470.51120457634016,8.39,81.18,1,unknown_other,0.0,0.0,0.0,0.0,0.0,insufficient_evidence,TNSTC Bus Depot,Industrial area,12.5026914,80.1531349,2.83,1.0,0.0,0.2,0.2285307719672714,Low,0.4855923159018143,No nearby industrial zone,0.0,,
8.49397,80.63341,341.23,0.48,0.48,2026-08-27,741,N,VIIRS,n,2.0NRT,292.78,4.77,D,VIIRS_SNPP_NRT,,,448.830344818629,8.49,80.63,1,unknown_other,0.07,0.0,0.0,0.0245,0.0245,insufficient_evidence,TNSTC Bus Depot,Industrial area,12.5026914,80.1531349,4.77,1.0,0.0,0.2,0.3055496264674492,Low,0.7166488794023479,No nearby industrial zone,0.035,,
8.53706,77.95217,335.66,0.37,0.58,2026-08-27,744,N,VIIRS,n,2.0NRT,291.67,2.88,D,VIIRS_SNPP_NRT,,,497.34900551365666,8.54,77.95,1,unknown_other,0.0,0.0,0.0,0.0,0.0,insufficient_evidence,Unnamed industrial facility,Thermal power plant,12.5982666,79.8590477,2.88,1.0,0.0,0.2,0.2308431163287086,Low,0.4925293489861259,No nearby industrial zone,0.0,,C108
8.53767,77.95551,330.37,0.37,0.58,2026-08-27,744,N,VIIRS,n,2.0NRT,291.3,2.88,D,VIIRS_SNPP_NRT,,,497.1344915061016,8.54,77.96,1,unknown_other,0.01,0.0,0.0,0.0034999999999999,0.0034999999999999,insufficient_evidence,Unnamed industrial facility,Thermal power plant,12.5982666,79.8590477,2.88,1.0,0.0,0.2,0.2308431163287086,Low,0.4925293489861259,No nearby industrial zone,0.0049999999999998,,C108
8.90006,80.48241,343.34,0.49,0.48,2026-08-27,744,N,VIIRS,n,2.0NRT,287.95,5.58,D,VIIRS_SNPP_NRT,,,402.20602812713474,8.9,80.48,1,unknown_other,0.01,0.0,0.0,0.0034999999999999,0.0034999999999999,insufficient_evidence,TNSTC Bus Depot,Industrial area,12.5026914,80.1531349,7.425,0.7515151515151516,0.0,0.2,0.3260049804340092,Low,0.7780149413020278,No nearby industrial zone,0.0049999999999998,,C109
8.92234,80.68958,340.84,0.47,0.48,2026-08-27,744,N,VIIRS,n,2.0NRT,287.91,5.85,D,VIIRS_SNPP_NRT,,,402.40653076304073,8.92,80.69,1,unknown_other,0.05,0.0,0.0,0.0174999999999999,0.0174999999999999,insufficient_evidence,TNSTC Bus Depot,Industrial area,12.5026914,80.1531349,5.85,1.0,0.0,0.2,0.335610103166133,Low,0.8068303094983992,No nearby industrial zone,0.0249999999999998,,
8.93558,77.80733,336.01,0.37,0.58,2026-08-27,744,N,VIIRS,n,2.0NRT,294.19,2.63,D,VIIRS_SNPP_NRT,,,464.8474414150247,8.94,77.81,1,unknown_other,0.0,0.0,0.0,0.0,0.0,insufficient_evidence,Unnamed industrial facility,Thermal power plant,12.5982666,79.8590477,2.63,1.0,0.0,0.2,0.2189256492351476,Low,0.4567769477054429,No nearby industrial zone,0.0,,
9.13009,77.84245,341.07,0.36,0.58,2026-08-27,744,N,VIIRS,n,2.0NRT,296.5,4.92,D,VIIRS_SNPP_NRT,,,444.07168416143475,9.13,77.84,1,unknown_other,0.0,0.0,0.0,0.0,0.0,insufficient_evidence,Unnamed industrial facility,Thermal power plant,12.5982666,79.8590477,4.3,1.144186046511628,0.072093023255814,0.2,0.3340274502990742,Low,0.7299893276414088,No nearby industrial zone,0.0,,C37
9.1307,77.84574,335.59,0.36,0.58,2026-08-27,744,N,VIIRS,n,2.0NRT,296.02,4.28,D,VIIRS_SNPP_NRT,,,443.8346586756902,9.13,77.85,1,unknown_other,0.0,0.0,0.0,0.0,0.0,insufficient_evidence,Unnamed industrial facility,Thermal power plant,12.5982666,79.8590477,4.92,0.8699186991869919,0.0,0.2,0.2900747065101387,Low,0.6702241195304163,No nearby industrial zone,0.0,,C37
9.13252,77.84334,338.51,0.36,0.58,2026-08-27,744,N,VIIRS,n,2.0NRT,296.56,3.68,D,VIIRS_SNPP_NRT,,,443.7884361758203,9.13,77.84,1,unknown_other,0.0,0.0,0.0,0.0,0.0,insufficient_evidence,Unnamed industrial facility,Thermal power plant,12.5982666,79.8590477,4.3,0.8558139534883722,0.0,0.2,0.2665955176093916,Low,0.5997865528281751,No nearby industrial zone,0.0,,C37
9.13851,80.74121,330.75,0.46,0.47,2026-08-27,744,N,VIIRS,n,2.0NRT,296.36,5.95,D,VIIRS_SNPP_NRT,,,379.5520164026646,9.14,80.74,1,unknown_other,0.02,0.0,0.0,0.0069999999999999,0.0069999999999999,insufficient_evidence,TNSTC Bus Depot,Industrial area,12.5026914,80.1531349,5.95,1.0,0.0,0.2,0.3375667022411953,Low,0.812700106723586,No nearby industrial zone,0.0099999999999998,,C38
9.20093,77.46384,331.96,0.38,0.59,2026-08-27,744,N,VIIRS,n,2.0NRT,295.68,1.61,D,VIIRS_SNPP_NRT,,,458.8744143691882,9.2,77.46,1,unknown_other,0.0,0.0,0.0,0.0,0.0,insufficient_evidence,"SIPCOT Mamandur, Cheyyar",Industrial area,12.7230991,79.6546488,1.61,1.0,0.0,0.2,0.1556029882604055,Low,0.2668089647812166,No nearby industrial zone,0.0,,
9.30457,78.81348,334.81,0.62,0.54,2026-08-27,744,N,VIIRS,n,2.0NRT,296.26,0.98,D,VIIRS_SNPP_NRT,,,383.6123444723725,9.3,78.81,1,unknown_other,0.06,0.0,0.0,0.0209999999999999,0.0209999999999999,insufficient_evidence,Unnamed industrial facility,Thermal power plant,12.5982666,79.8590477,0.98,1.0,0.0,0.2,0.107399501956599,Low,0.1221985058697972,No nearby industrial zone,0.0299999999999998,,C110
9.30486,78.81577,336.81,0.62,0.54,2026-08-27,744,N,VIIRS,n,2.0NRT,296.38,6.54,D,VIIRS_SNPP_NRT,,,383.5072460666116,9.3,78.82,1,unknown_other,0.0,0.0,0.0,0.0,0.0,insufficient_evidence,Unnamed industrial facility,Thermal power plant,12.5982666,79.8590477,6.54,1.0,0.0,0.2,0.3448594806118819,Low,0.8345784418356457,No nearby industrial zone,0.0,,C110
9.38627,80.50593,341.96,0.48,0.48,2026-08-27,744,N,VIIRS,n,2.0NRT,296.78,3.62,D,VIIRS_SNPP_NRT,,,348.66352148238616,9.39,80.51,1,unknown_other,0.01,0.0,0.0,0.0034999999999999,0.0034999999999999,insufficient_evidence,TNSTC Bus Depot,Industrial area,12.5026914,80.1531349,3.62,1.0,0.0,0.2,0.2657061543934543,Low,0.5971184631803629,No nearby industrial zone,0.0049999999999998,,
9.4147,80.41617,330.97,0.48,0.48,2026-08-27,744,N,VIIRS,n,2.0NRT,295.31,2.19,D,VIIRS_SNPP_NRT,,,344.56722550384546,9.41,80.42,1,unknown_other,0.1,0.0,0.0,0.0349999999999999,0.0349999999999999,insufficient_evidence,TNSTC Bus Depot,Industrial area,12.5026914,80.1531349,2.19,1.0,0.0,0.2,0.191533262184276,Low,0.3745997865528281,No nearby industrial zone,0.0499999999999998,,C111
9.42552,80.37328,340.3,0.49,0.48,2026-08-27,744,N,VIIRS,n,2.0NRT,295.98,7.33,D,VIIRS_SNPP_NRT,,,343.008541183047,9.43,80.37,1,unknown_other,0.04,0.0,0.0,0.0139999999999999,0.0139999999999999,insufficient_evidence,TNSTC Bus Depot,Industrial area,12.5026914,80.1531349,7.33,1.0,0.0,0.2,0.3558875844895054,Low,0.8676627534685165,No nearby industrial zone,0.0199999999999998,,C112
9.45494,80.49021,344.21,0.48,0.48,2026-08-27,744,N,VIIRS,n,2.0NRT,295.5,5.54,D,VIIRS_SNPP_NRT,,,340.8856082614595,9.45,80.49,1,unknown_other,0.02,0.0,0.0,0.0069999999999999,0.0069999999999999,insufficient_evidence,TNSTC Bus Depot,Industrial area,12.5026914,80.1531349,4.3100000000000005,1.28538283062645,0.1426914153132249,0.2,0.3723236770361052,Low,0.7742796157950907,No nearby industrial zone,0.0099999999999998,,C39
9.91843,77.93557,335.55,0.35,0.56,2026-08-27,744,N,VIIRS,n,2.0NRT,294.03,2.57,D,VIIRS_SNPP_NRT,,,363.8450088962233,9.92,77.94,1,unknown_other,0.02,0.0,0.0,0.0069999999999999,0.0069999999999999,insufficient_evidence,"SIPCOT Mamandur, Cheyyar",Industrial area,12.7230991,79.6546488,2.57,1.0,0.0,0.2,0.2162575595873354,Low,0.4487726787620064,No nearby industrial zone,0.0099999999999998,,
9.9931,79.18903,333.06,0.57,0.52,2026-08-27,744,N,VIIRS,n,2.0NRT,295.75,1.7,D,VIIRS_SNPP_NRT,,,298.201962047776,9.99,79.19,1,unknown_other,0.02,0.0,0.0,0.0069999999999999,0.0069999999999999,insufficient_evidence,TNSTC Bus Depot,Industrial area,12.5026914,80.1531349,1.7,1.0,0.0,0.2,0.1625400213447171,Low,0.2876200640341515,No nearby industrial zone,0.0099999999999998,,
10.02469,78.36389,334.84,0.32,0.55,2026-08-27,744,N,VIIRS,n,2.0NRT,295.39,2.55,D,VIIRS_SNPP_NRT,,,329.3393955957143,10.02,78.36,1,unknown_other,0.07,0.0,0.0,0.0245,0.0245,insufficient_evidence,Unnamed industrial facility,Thermal power plant,12.5982666,79.8590477,2.55,1.0,0.0,0.2,0.2146567057986481,Low,0.4439701173959445,No nearby industrial zone,0.035,,
10.28012,78.98431,339.64,0.58,0.52,2026-08-27,744,N,VIIRS,n,2.0NRT,296.95,7.07,D,VIIRS_SNPP_NRT,,,274.82832331894934,10.28,78.98,1,unknown_other,0.0,0.0,0.0,0.0,0.0,insufficient_evidence,Unnamed industrial facility,Thermal power plant,12.5982666,79.8590477,7.07,1.0,0.0,0.2,0.3521522589825684,Low,0.8564567769477054,No nearby industrial zone,0.0,,
10.87787,77.24078,330.18,0.37,0.58,2026-08-27,744,N,VIIRS,n,2.0NRT,295.55,3.26,D,VIIRS_SNPP_NRT,,,333.3505528679459,10.88,77.24,1,unknown_other,0.0,0.0,0.0,0.0,0.0,insufficient_evidence,"SIPCOT Mamandur, Cheyyar",Industrial area,12.7230991,79.6546488,3.26,1.0,0.0,0.2,0.251476342938456,Low,0.5544290288153682,No nearby industrial zone,0.0,,
10.99141,78.89906,338.6,0.57,0.52,2026-08-27,744,N,VIIRS,n,2.0NRT,298.76,10.52,D,VIIRS_SNPP_NRT,,,206.98368461792128,10.99,78.9,1,unknown_other,0.0,0.0,0.0,0.0,0.0,insufficient_evidence,Unnamed industrial facility,Thermal power plant,12.5982666,79.8590477,10.52,1.0,0.0,0.2,0.3756314478833155,Low,0.9268943436499466,No nearby industrial zone,0.0,,
11.69187,79.39234,332.69,0.52,0.5,2026-08-27,744,N,VIIRS,n,2.0NRT,295.48,1.98,D,VIIRS_SNPP_NRT,,,112.83544267612278,11.69,79.39,1,unknown_other,0.0,0.0,0.0,0.0,0.0,insufficient_evidence,Unnamed industrial facility,Thermal power plant,12.5982666,79.8590477,1.98,1.0,0.0,0.2,0.1810387762362148,Low,0.3431163287086446,No nearby industrial zone,0.0,,
12.19828,79.71751,331.74,0.48,0.48,2026-08-27,744,N,VIIRS,n,2.0NRT,293.89,2.89,D,VIIRS_SNPP_NRT,,,47.05774306033569,12.2,79.72,1,unknown_other,0.02,0.0,0.0,0.0069999999999999,0.0069999999999999,insufficient_evidence,Unnamed industrial facility,Thermal power plant,12.5982666,79.8590477,2.845,1.0158172231985942,0.0079086115992971,0.2,0.2347244286974533,Low,0.4962646744930629,No nearby industrial zone,0.0099999999999998,,C113
17.64342,74.69589,335.54,0.41,0.61,2026-08-27,746,N,VIIRS,n,2.0NRT,291.34,4.07,D,VIIRS_SNPP_NRT,,,171.5395511974188,17.64,74.7,1,unknown_other,0.0,0.0,0.0,0.0,0.0,insufficient_evidence,Pawana Hydroelectric Power Station,Thermal power plant,18.68142,73.494772,4.07,1.0,0.0,0.2,0.2813589469939523,Low,0.644076840981857,No nearby industrial zone,0.0,,
20.78782,85.26209,335.01,0.39,0.36,2026-08-27,746,N,VIIRS,n,2.0NRT,289.15,1.55,D,VIIRS_SNPP_NRT,,,1.802627505849369,20.79,85.26,2,industrial,0.66,0.35,0.2,0.2309999999999999,0.781,industrial_fire,Tata Steel Meramandali,Industrial area,20.8040132,85.2612681,1.22,1.2704918032786885,0.1352459016393442,0.4,0.2614818249150001,Moderate,0.2491995731056563,Within known industrial zone,0.8299999999999998,High,C7
20.86458,84.98833,338.21,0.39,0.36,2026-08-27,746,N,VIIRS,n,2.0NRT,293.29,4.15,D,VIIRS_SNPP_NRT,,,1.2046116073097604,20.86,84.99,2,industrial,0.61,0.35,0.2,0.2135,0.7635000000000001,industrial_fire,Angul Steel Plant,Industrial area,20.8753652,84.9872383,3.7275,1.1133467471495642,0.056673373574782,0.4,0.3702963184061084,Low,0.6542155816435432,Within known industrial zone,0.805,High,C16
20.884,84.98126,330.65,0.39,0.36,2026-08-27,746,N,VIIRS,n,2.0NRT,295.69,2.97,D,VIIRS_SNPP_NRT,,,1.1435247167373217,20.88,84.98,1,possible_industrial,0.01,0.35,0.0,0.0034999999999999,0.3535,industrial_fire,Angul Steel Plant,Industrial area,20.8753652,84.9872383,2.97,1.0,0.0,0.2,0.2368907861970828,Low,0.5106723585912487,Within known industrial zone,0.5049999999999999,Moderate,C16
26.63018,70.38756,336.05,0.49,0.65,2026-08-27,748,N,VIIRS,n,2.0NRT,299.79,4.07,D,VIIRS_SNPP_NRT,,,361.97074270750016,26.63,70.39,1,unknown_other,0.0,0.0,0.0,0.0,0.0,insufficient_evidence,Adhoi (Pasakayara),Thermal power plant,23.3785681,70.558093,5.4350000000000005,0.7488500459981601,0.0,0.2,0.2813589469939523,Low,0.644076840981857,No nearby industrial zone,0.0,,C60
26.63397,70.38496,340.33,0.49,0.65,2026-08-27,748,N,VIIRS,n,2.0NRT,300.41,3.37,D,VIIRS_SNPP_NRT,,,362.40419749346626,26.63,70.38,1,unknown_other,0.0,0.0,0.0,0.0,0.0,insufficient_evidence,Adhoi (Pasakayara),Thermal power plant,23.3785681,70.558093,3.37,1.0,0.0,0.2,0.2550337958022056,Low,0.5651013874066169,No nearby industrial zone,0.0,,C60
27.26775,88.31142,332.2,0.4,0.44,2026-08-27,748,N,VIIRS,n,2.0NRT,278.62,4.19,D,VIIRS_SNPP_NRT,,,345.00516159227277,27.27,88.31,1,unknown_other,0.07,0.0,0.0,0.0245,0.0245,insufficient_evidence,Unnamed industrial facility,Industrial area,24.4084165,86.9728066,4.19,1.0,0.0,0.2,0.2861615083600142,Low,0.6584845250800427,No nearby industrial zone,0.035,,
27.73219,68.73432,334.98,0.57,0.69,2026-08-27,748,N,VIIRS,n,2.0NRT,295.92,6.08,D,VIIRS_SNPP_NRT,,,503.4672503120848,27.73,68.73,1,unknown_other,0.0,0.0,0.0,0.0,0.0,insufficient_evidence,Khisara,Thermal power plant,23.3634358,70.0532502,5.54,1.0974729241877257,0.0487364620938628,0.2,0.3557687886808784,Low,0.8185699039487727,No nearby industrial zone,0.0,,C61
29.47649,70.75252,330.8,0.4,0.6,2026-08-27,750,N,VIIRS,n,2.0NRT,299.04,2.16,D,VIIRS_SNPP_NRT,,,563.4091654597332,29.48,70.75,1,unknown_other,0.0,0.0,0.0,0.0,0.0,insufficient_evidence,Unnamed industrial facility,Industrial area,28.8672971,76.5139469,2.16,1.0,0.0,0.2,0.1893987904660263,Low,0.368196371398079,No nearby industrial zone,0.0,,
29.70477,72.60225,337.54,0.62,0.54,2026-08-27,750,N,VIIRS,n,2.0NRT,293.84,4.11,D,VIIRS_SNPP_NRT,,,390.6065308626603,29.7,72.6,1,unknown_other,0.06,0.0,0.0,0.0209999999999999,0.0209999999999999,insufficient_evidence,Unnamed industrial facility,Industrial area,28.8672971,76.5139469,4.11,1.0,0.0,0.2,0.2827819281394521,Low,0.6483457844183564,No nearby industrial zone,0.0299999999999998,,
30.60386,74.03584,337.14,0.49,0.48,2026-08-27,750,N,VIIRS,n,2.0NRT,298.61,3.14,D,VIIRS_SNPP_NRT,,,307.449653525692,30.6,74.04,1,unknown_other,0.02,0.0,0.0,0.0069999999999999,0.0069999999999999,insufficient_evidence,Unnamed industrial facility,Industrial area,28.8672971,76.5139469,3.14,1.0,0.0,0.2,0.2448950551405194,Low,0.5346851654215582,No nearby industrial zone,0.0099999999999998,,
30.69802,74.17593,330.82,0.48,0.48,2026-08-27,750,N,VIIRS,l,2.0NRT,300.88,3.07,D,VIIRS_SNPP_NRT,,,303.87705933779125,30.7,74.18,1,unknown_other,0.0,0.0,0.0,0.0,0.0,insufficient_evidence,Unnamed industrial facility,Industrial area,28.8672971,76.5139469,3.07,1.0,0.0,0.2,0.2392031305585201,Low,0.5176093916755603,No nearby industrial zone,0.0,,
31.39647,72.43313,330.38,0.58,0.52,2026-08-27,750,N,VIIRS,n,2.0NRT,298.4,5.73,D,VIIRS_SNPP_NRT,,,482.7432664754757,31.4,72.43,1,unknown_other,0.01,0.0,0.0,0.0034999999999999,0.0034999999999999,insufficient_evidence,Unnamed industrial facility,Industrial area,28.8672971,76.5139469,6.16,0.9301948051948052,0.0,0.2,0.3316969050160085,Low,0.7950907150480256,No nearby industrial zone,0.0049999999999998,,C62
31.39734,72.43457,343.26,0.58,0.52,2026-08-27,750,N,VIIRS,n,2.0NRT,299.32,6.59,D,VIIRS_SNPP_NRT,,,482.6856877524041,31.4,72.43,1,unknown_other,0.0,0.0,0.0,0.0,0.0,insufficient_evidence,Unnamed industrial facility,Industrial area,28.8672971,76.5139469,6.16,1.0698051948051948,0.0349025974025973,0.2,0.3579166608915808,Low,0.8388473852721452,No nearby industrial zone,0.0,,C62
31.39786,72.4391,334.97,0.58,0.52,2026-08-27,750,N,VIIRS,n,2.0NRT,299.15,5.73,D,VIIRS_SNPP_NRT,,,482.3647358725175,31.4,72.44,1,unknown_other,0.0,0.0,0.0,0.0,0.0,insufficient_evidence,Unnamed industrial facility,Industrial area,28.8672971,76.5139469,5.73,1.0,0.0,0.2,0.3316969050160085,Low,0.7950907150480256,No nearby industrial zone,0.0,,C62
31.4112,72.16735,336.49,0.6,0.53,2026-08-27,750,N,VIIRS,n,2.0NRT,298.2,4.74,D,VIIRS_SNPP_NRT,,,504.6206791945124,31.41,72.17,1,unknown_other,0.02,0.0,0.0,0.0069999999999999,0.0069999999999999,insufficient_evidence,Unnamed industrial facility,Industrial area,28.8672971,76.5139469,4.74,1.0,0.0,0.2,0.3044823906083244,Low,0.7134471718249733,No nearby industrial zone,0.0099999999999998,,
31.45704,72.16631,341.89,0.6,0.53,2026-08-27,750,N,VIIRS,n,2.0NRT,298.62,8.53,D,VIIRS_SNPP_NRT,,,507.49569971997056,31.46,72.17,1,unknown_other,0.01,0.0,0.0,0.0034999999999999,0.0034999999999999,insufficient_evidence,Unnamed industrial facility,Industrial area,28.8672971,76.5139469,8.53,1.0,0.0,0.2,0.3633582355033795,Low,0.8900747065101388,No nearby industrial zone,0.0049999999999998,,
30.17446,72.42593,335.47,0.78,0.78,2026-08-27,930,N,VIIRS,n,2.0NRT,292.53,7.18,D,VIIRS_SNPP_NRT,,,421.3780389494558,30.17,72.43,1,unknown_other,0.0,0.0,0.0,0.0,0.0,insufficient_evidence,Unnamed industrial facility,Industrial area,28.8672971,76.5139469,8.02,0.8952618453865336,0.0,0.2,0.3530416221985058,Low,0.8591248665955176,No nearby industrial zone,0.0,,C31
30.17456,72.42779,331.62,0.78,0.78,2026-08-27,930,N,VIIRS,n,2.0NRT,292.92,8.86,D,VIIRS_SNPP_NRT,,,421.2128018946777,30.17,72.43,1,unknown_other,0.01,0.0,0.0,0.0034999999999999,0.0034999999999999,insufficient_evidence,Unnamed industrial facility,Industrial area,28.8672971,76.5139469,8.02,1.1047381546134662,0.0523690773067331,0.2,0.3833048116102486,Low,0.8975453575240128,No nearby industrial zone,0.0049999999999998,,C31
22.24742,87.38844,309.29,0.46,0.39,2026-08-27,2014,N,VIIRS,n,2.0NRT,285.15,1.81,N,VIIRS_SNPP_NRT,,,95.97598422915566,22.25,87.39,2,unknown_other,0.0,0.0,0.2,0.0,0.2,insufficient_evidence,Unnamed industrial facility,Industrial area,22.5870224,86.5300537,1.26,1.4365079365079363,0.2182539682539682,0.4,0.3090729164902057,Moderate,0.3089647812166489,No nearby industrial zone,0.0,,C87
22.3576,87.29176,305.77,0.46,0.39,2026-08-27,2014,N,VIIRS,n,2.0NRT,285.89,1.78,N,VIIRS_SNPP_NRT,,,82.31875518744353,22.36,87.29,2,unknown_other,0.0,0.0,0.2,0.0,0.2,insufficient_evidence,Unnamed industrial facility,Industrial area,22.5870224,86.5300537,1.5733333333333333,1.13135593220339,0.0656779661016949,0.4,0.2566133953174273,Low,0.304162219850587,No nearby industrial zone,0.0,,C4
22.36518,87.3004,323.59,0.46,0.39,2026-08-27,2014,N,VIIRS,n,2.0NRT,287.19,3.88,N,VIIRS_SNPP_NRT,,,82.90654077731823,22.37,87.3,2,unknown_other,0.04,0.0,0.2,0.0139999999999999,0.214,insufficient_evidence,Unnamed industrial facility,Industrial area,22.5870224,86.5300537,2.3625,1.6423280423280424,0.3211640211640212,0.4,0.4492104901567726,Moderate,0.6264674493062967,No nearby industrial zone,0.0199999999999998,,C4
22.3763,87.27986,324.45,0.46,0.39,2026-08-27,2014,N,VIIRS,n,2.0NRT,287.22,3.31,N,VIIRS_SNPP_NRT,,,80.52271995161186,22.38,87.28,4,unknown_other,0.05,0.0,0.3,0.0174999999999999,0.3175,insufficient_evidence,Unnamed industrial facility,Industrial area,22.5870224,86.5300537,4.01,0.8254364089775562,0.0,0.8,0.4539665599430807,Moderate,0.5618996798292423,No nearby industrial zone,0.0249999999999998,,C4
22.3771,87.27546,307.83,0.46,0.39,2026-08-27,2014,N,VIIRS,n,2.0NRT,286.36,1.49,N,VIIRS_SNPP_NRT,,,80.06412662800453,22.38,87.28,4,unknown_other,0.0,0.0,0.3,0.0,0.3,insufficient_evidence,Unnamed industrial facility,Industrial area,22.5870224,86.5300537,4.01,0.371571072319202,0.0,0.8,0.3459978655282817,Moderate,0.2379935965848452,No nearby industrial zone,0.0,,C4
22.78921,86.19717,327.01,0.41,0.37,2026-08-27,2014,N,VIIRS,n,2.0NRT,278.39,3.24,N,VIIRS_SNPP_NRT,,,0.5196365730602999,22.79,86.2,2,industrial,0.74,0.35,0.2,0.259,0.809,industrial_fire,Tata Steel,Industrial area,22.7850438,86.1994662,1.9166666666666667,1.6904347826086956,0.3452173913043478,0.4,0.4323261101573012,Moderate,0.551760939167556,Within known industrial zone,0.87,High,C27
22.79055,86.20983,306.4,0.41,0.37,2026-08-27,2014,N,VIIRS,n,2.0NRT,278.4,1.08,N,VIIRS_SNPP_NRT,,,0.4517917078598241,22.79,86.21,2,industrial,0.09,0.35,0.2,0.0315,0.5815,industrial_fire,Jojobera Tata Unit 6 Power Station,Thermal power plant,22.7946128,86.2097801,1.0,1.08,0.04,0.4,0.1950480256136606,Low,0.1451440768409818,Within known industrial zone,0.5449999999999999,Moderate,C27
23.54881,87.24468,296.44,0.44,0.39,2026-08-27,2014,N,VIIRS,n,2.0NRT,266.9,0.54,N,VIIRS_SNPP_NRT,,,34.27718760527385,23.55,87.24,1,unknown_other,0.07,0.0,0.0,0.0245,0.0245,insufficient_evidence,Unnamed industrial facility,Industrial works,23.6793166,86.9398843,0.54,1.0,0.0,0.2,0.0796513696193525,Low,0.0389541088580576,No nearby industrial zone,0.035,,C9
23.55232,87.24541,308.68,0.44,0.39,2026-08-27,2014,N,VIIRS,n,2.0NRT,275.15,0.54,N,VIIRS_SNPP_NRT,,,34.18112278622496,23.55,87.25,1,unknown_other,0.03,0.0,0.0,0.0104999999999999,0.0104999999999999,insufficient_evidence,Unnamed industrial facility,Industrial works,23.6793166,86.9398843,0.54,1.0,0.0,0.2,0.0796513696193525,Low,0.0389541088580576,No nearby industrial zone,0.0149999999999998,,C9
23.55659,87.24186,305.1,0.44,0.38,2026-08-27,2014,N,VIIRS,n,2.0NRT,278.17,1.94,N,VIIRS_SNPP_NRT,,,33.65632392200326,23.56,87.24,3,unknown_other,0.0,0.0,0.3,0.0,0.3,insufficient_evidence,Unnamed industrial facility,Industrial works,23.6793166,86.9398843,1.47,1.3197278911564625,0.1598639455782312,0.6,0.3660592376402712,Moderate,0.3383137673425827,No nearby industrial zone,0.0,,C9
23.56009,87.24259,308.29,0.44,0.38,2026-08-27,2014,N,VIIRS,n,2.0NRT,278.93,1.94,N,VIIRS_SNPP_NRT,,,33.568348259538986,23.56,87.24,3,unknown_other,0.02,0.0,0.3,0.0069999999999999,0.307,insufficient_evidence,Unnamed industrial facility,Industrial works,23.6793166,86.9398843,1.47,1.3197278911564625,0.1598639455782312,0.6,0.3660592376402712,Moderate,0.3383137673425827,No nearby industrial zone,0.0099999999999998,,C9
23.56085,87.2383,327.01,0.44,0.38,2026-08-27,2014,N,VIIRS,n,2.0NRT,278.76,1.94,N,VIIRS_SNPP_NRT,,,33.13349484642123,23.56,87.24,3,unknown_other,0.04,0.0,0.3,0.0139999999999999,0.314,insufficient_evidence,Unnamed industrial facility,Industrial works,23.6793166,86.9398843,1.47,1.3197278911564625,0.1598639455782312,0.6,0.3660592376402712,Moderate,0.3383137673425827,No nearby industrial zone,0.0199999999999998,,C9
23.66214,87.15569,314.34,0.44,0.38,2026-08-27,2014,N,VIIRS,n,2.0NRT,274.6,2.08,N,VIIRS_SNPP_NRT,,,20.739158670002855,23.66,87.16,2,unknown_other,0.03,0.0,0.2,0.0104999999999999,0.2105,insufficient_evidence,Unnamed industrial facility,Industrial area,23.7266655,86.9645857,1.586666666666667,1.3109243697478992,0.1554621848739495,0.4,0.3050402231330098,Moderate,0.35965848452508,No nearby industrial zone,0.0149999999999998,,C63
23.66489,87.16066,304.31,0.44,0.38,2026-08-27,2014,N,VIIRS,n,2.0NRT,275.89,0.75,N,VIIRS_SNPP_NRT,,,21.11302845281563,23.66,87.16,2,unknown_other,0.0,0.0,0.2,0.0,0.2,insufficient_evidence,Unnamed industrial facility,Industrial area,23.7266655,86.9645857,1.586666666666667,0.4726890756302521,0.0,0.4,0.1594806118818925,Low,0.0784418356456777,No nearby industrial zone,0.0,,C63
23.68629,87.12115,295.74,0.44,0.38,2026-08-27,2014,N,VIIRS,n,2.0NRT,261.37,0.41,N,VIIRS_SNPP_NRT,,,16.560298889944,23.69,87.12,2,unknown_other,0.01,0.0,0.2,0.0034999999999999,0.2035,insufficient_evidence,Unnamed industrial facility,Industrial area,23.7266655,86.9645857,1.81,0.2265193370165745,0.0,0.4,0.1384916399857702,Low,0.0154749199573105,No nearby industrial zone,0.0049999999999998,,C114
23.69652,85.29062,304.11,0.39,0.36,2026-08-27,2014,N,VIIRS,n,2.0NRT,279.36,0.74,N,VIIRS_SNPP_NRT,,,21.977741086644276,23.7,85.29,1,unknown_other,0.01,0.0,0.0,0.0034999999999999,0.0034999999999999,insufficient_evidence,Unnamed industrial facility,Industrial area,23.6650406,85.5036886,0.74,1.0,0.0,0.2,0.091746709356101,Low,0.075240128068303,No nearby industrial zone,0.0049999999999998,,
23.84105,85.30284,296.4,0.39,0.36,2026-08-27,2014,N,VIIRS,n,2.0NRT,270.04,0.35,N,VIIRS_SNPP_NRT,,,22.118562120546823,23.84,85.3,1,unknown_other,0.22,0.0,0.0,0.077,0.077,insufficient_evidence,Unnamed industrial facility,Industrial area,23.7590827,85.5009296,0.35,1.0,0.0,0.2,0.0691568836712913,Low,0.007470651013874,No nearby industrial zone,0.11,,
25.81079,88.8863,303.34,0.49,0.4,2026-08-27,2014,N,VIIRS,n,2.0NRT,286.07,3.4,N,VIIRS_SNPP_NRT,,,247.85437837331287,25.81,88.89,1,unknown_other,0.04,0.0,0.0,0.0139999999999999,0.0139999999999999,insufficient_evidence,Unnamed industrial facility,Industrial area,24.4084165,86.9728066,3.4,1.0,0.0,0.2,0.2580576307363927,Low,0.5741728922091782,No nearby industrial zone,0.0199999999999998,,
29.08417,88.0132,300.12,0.42,0.37,2026-08-27,2014,N,VIIRS,n,2.0NRT,280.25,1.48,N,VIIRS_SNPP_NRT,,,528.9538037205958,29.08,88.01,2,unknown_other,0.17,0.0,0.2,0.0595,0.2595,insufficient_evidence,Tapovan,Thermal power plant,24.4615525,86.7551064,2.135,0.693208430913349,0.0,0.4,0.2108858057630736,Low,0.2326574172892209,No nearby industrial zone,0.085,,C115
29.457,76.86609,334.4,0.61,0.53,2026-08-27,2014,N,VIIRS,n,2.0NRT,289.84,7.66,N,VIIRS_SNPP_NRT,,,54.66583042992748,29.46,76.87,1,unknown_other,0.2,0.0,0.0,0.0699999999999999,0.0699999999999999,insufficient_evidence,Unnamed industrial facility,Industrial area,28.9891016,77.0389675,4.92,1.556910569105691,0.2784552845528455,0.2,0.4515519749647869,Moderate,0.8762006403415155,No nearby industrial zone,0.0999999999999998,,C28
29.90909,74.95557,306.55,0.4,0.6,2026-08-27,2014,N,VIIRS,n,2.0NRT,292.96,2.25,N,VIIRS_SNPP_NRT,,,190.3002169613589,29.91,74.96,1,unknown_other,0.01,0.0,0.0,0.0034999999999999,0.0034999999999999,insufficient_evidence,Unnamed industrial facility,Industrial area,28.8672971,76.5139469,13.406,0.1678352976279278,0.0,0.2,0.1974030594094628,Low,0.3922091782283884,No nearby industrial zone,0.0049999999999998,,C3
29.9094,74.95135,321.57,0.4,0.6,2026-08-27,2014,N,VIIRS,n,2.0NRT,293.15,13.61,N,VIIRS_SNPP_NRT,,,190.64550562687177,29.91,74.95,1,unknown_other,0.01,0.0,0.0,0.0034999999999999,0.0034999999999999,insufficient_evidence,Unnamed industrial facility,Industrial area,28.8672971,76.5139469,12.443636363636363,1.0937317358270018,0.0468658679135008,0.2,0.4008585265866062,Low,0.955709711846318,No nearby industrial zone,0.0049999999999998,,C3
29.90971,74.94712,350.51,0.4,0.6,2026-08-27,2014,N,VIIRS,n,2.0NRT,294.75,13.61,N,VIIRS_SNPP_NRT,,,190.9918193917249,29.91,74.95,1,unknown_other,0.0,0.0,0.0,0.0,0.0,insufficient_evidence,Unnamed industrial facility,Industrial area,28.8672971,76.5139469,12.443636363636363,1.0937317358270018,0.0468658679135008,0.2,0.4008585265866062,Low,0.955709711846318,No nearby industrial zone,0.0,,C3
29.91002,74.94289,346.19,0.4,0.6,2026-08-27,2014,N,VIIRS,n,2.0NRT,292.71,12.52,N,VIIRS_SNPP_NRT,,,191.33838822582655,29.91,74.94,1,unknown_other,0.01,0.0,0.0,0.0034999999999999,0.0034999999999999,insufficient_evidence,Unnamed industrial facility,Industrial area,28.8672971,76.5139469,13.496666666666664,0.9276364534452952,0.0,0.2,0.3831020988971896,Low,0.9493062966915689,No nearby industrial zone,0.0049999999999998,,C3
29.91033,74.93867,305.44,0.4,0.6,2026-08-27,2014,N,VIIRS,n,2.0NRT,292.26,12.52,N,VIIRS_SNPP_NRT,,,191.68443939164212,29.91,74.94,1,unknown_other,0.01,0.0,0.0,0.0034999999999999,0.0034999999999999,insufficient_evidence,Unnamed industrial facility,Industrial area,28.8672971,76.5139469,13.496666666666664,0.9276364534452952,0.0,0.2,0.3831020988971896,Low,0.9493062966915689,No nearby industrial zone,0.0049999999999998,,C3
29.91498,74.95193,306.17,0.4,0.6,2026-08-27,2014,N,VIIRS,n,2.0NRT,293.0,1.59,N,VIIRS_SNPP_NRT,,,190.97541571332383,29.91,74.95,1,unknown_other,0.01,0.0,0.0,0.0034999999999999,0.0034999999999999,insufficient_evidence,Unnamed industrial facility,Industrial area,28.8672971,76.5139469,12.443636363636363,0.1277761542957335,0.0,0.2,0.1532906438989683,Low,0.259871931696905,No nearby industrial zone,0.0049999999999998,,C3
29.91529,74.9477,308.09,0.4,0.6,2026-08-27,2014,N,VIIRS,n,2.0NRT,292.96,1.59,N,VIIRS_SNPP_NRT,,,191.32110585914089,29.92,74.95,2,unknown_other,0.01,0.0,0.2,0.0034999999999999,0.2035,insufficient_evidence,Unnamed industrial facility,Industrial area,28.8672971,76.5139469,5.6433333333333335,0.2817483756645009,0.0,0.4,0.219957310565635,Low,0.259871931696905,No nearby industrial zone,0.0049999999999998,,C3
8.99971,80.67416,308.64,0.38,0.36,2026-08-27,2017,N,VIIRS,n,2.0NRT,291.14,1.16,N,VIIRS_SNPP_NRT,,,393.6490210538575,9.0,80.67,2,unknown_other,0.0,0.0,0.2,0.0,0.2,insufficient_evidence,TNSTC Bus Depot,Industrial area,12.5026914,80.1531349,2.3800000000000003,0.4873949579831931,0.0,0.4,0.187584489505514,Low,0.1627534685165421,No nearby industrial zone,0.0,,C23
9.49335,77.62408,304.15,0.47,0.4,2026-08-27,2017,N,VIIRS,n,2.0NRT,283.83,0.45,N,VIIRS_SNPP_NRT,,,421.95875967200897,9.49,77.62,1,unknown_other,0.08,0.0,0.0,0.0279999999999999,0.0279999999999999,insufficient_evidence,"SIPCOT Mamandur, Cheyyar",Industrial area,12.7230991,79.6546488,0.7366666666666667,0.6108597285067873,0.0,0.2,0.075382426182853,Low,0.0261472785485592,No nearby industrial zone,0.0399999999999998,,C40
9.49338,77.62221,302.0,0.47,0.4,2026-08-27,2017,N,VIIRS,n,2.0NRT,281.79,0.44,N,VIIRS_SNPP_NRT,,,422.0630539168745,9.49,77.62,1,unknown_other,0.1,0.0,0.0,0.0349999999999999,0.0349999999999999,insufficient_evidence,"SIPCOT Mamandur, Cheyyar",Industrial area,12.7230991,79.6546488,0.7366666666666667,0.5972850678733032,0.0,0.2,0.0737815723941657,Low,0.0213447171824973,No nearby industrial zone,0.0499999999999998,,C40
10.14528,78.35623,306.72,0.44,0.38,2026-08-27,2017,N,VIIRS,n,2.0NRT,293.87,0.73,N,VIIRS_SNPP_NRT,,,318.16954580172114,10.15,78.36,1,unknown_other,0.01,0.0,0.0,0.0034999999999999,0.0034999999999999,insufficient_evidence,Unnamed industrial facility,Thermal power plant,12.5982666,79.8590477,0.73,1.0,0.0,0.2,0.0905016008537886,Low,0.071504802561366,No nearby industrial zone,0.0049999999999998,,
11.10949,77.76649,309.44,0.48,0.4,2026-08-27,2017,N,VIIRS,n,2.0NRT,292.92,1.12,N,VIIRS_SNPP_NRT,,,272.74755902264826,11.11,77.77,1,unknown_other,0.0,0.0,0.0,0.0,0.0,insufficient_evidence,"SIPCOT Mamandur, Cheyyar",Industrial area,12.7230991,79.6546488,0.78,1.435897435897436,0.2179487179487179,0.2,0.1907214331974203,Moderate,0.1542155816435432,No nearby industrial zone,0.0,,C116
11.17704,79.08945,307.88,0.42,0.38,2026-08-27,2017,N,VIIRS,n,2.0NRT,291.52,1.27,N,VIIRS_SNPP_NRT,,,178.847627931895,11.18,79.09,1,unknown_other,0.03,0.0,0.0,0.0104999999999999,0.0104999999999999,insufficient_evidence,Unnamed industrial facility,Thermal power plant,12.5982666,79.8590477,1.27,1.0,0.0,0.2,0.1290999644254713,Low,0.187299893276414,No nearby industrial zone,0.0149999999999998,,C25
11.18222,79.10208,304.71,0.42,0.38,2026-08-27,2017,N,VIIRS,n,2.0NRT,290.78,2.06,N,VIIRS_SNPP_NRT,,,177.69740397232468,11.18,79.1,3,unknown_other,0.0,0.0,0.3,0.0,0.3,insufficient_evidence,Unnamed industrial facility,Thermal power plant,12.5982666,79.8590477,1.36,1.5147058823529411,0.2573529411764705,0.6,0.4051368573042877,Moderate,0.3580576307363927,No nearby industrial zone,0.0,,C25
11.26739,80.00417,312.59,0.4,0.37,2026-08-27,2017,N,VIIRS,n,2.0NRT,289.69,1.56,N,VIIRS_SNPP_NRT,,,138.3122734954328,11.27,80.0,2,unknown_other,0.09,0.0,0.2,0.0315,0.2315,insufficient_evidence,TNSTC Bus Depot,Industrial area,12.5026914,80.1531349,1.48,1.0540540540540542,0.027027027027027,0.4,0.2266539752132068,Low,0.2529348986125934,No nearby industrial zone,0.045,,C35
11.81603,77.91864,320.62,0.48,0.4,2026-08-27,2017,N,VIIRS,n,2.0NRT,290.36,2.43,N,VIIRS_SNPP_NRT,,,213.8969379311245,11.82,77.92,3,unknown_other,0.01,0.0,0.3,0.0034999999999999,0.3035,insufficient_evidence,"SIPCOT Mamandur, Cheyyar",Industrial area,12.7230991,79.6546488,1.814,1.3395810363836824,0.1697905181918412,0.6,0.3978277180881377,Moderate,0.423692636072572,No nearby industrial zone,0.0049999999999998,,C10
11.81781,77.91653,311.73,0.48,0.4,2026-08-27,2017,N,VIIRS,n,2.0NRT,289.98,2.88,N,VIIRS_SNPP_NRT,,,214.00540822104165,11.82,77.92,3,unknown_other,0.01,0.0,0.3,0.0034999999999999,0.3035,insufficient_evidence,"SIPCOT Mamandur, Cheyyar",Industrial area,12.7230991,79.6546488,1.814,1.5876515986769568,0.2938257993384784,0.6,0.4621183827748681,High,0.4925293489861259,No nearby industrial zone,0.0049999999999998,,C10
15.84457,79.77414,312.68,0.44,0.38,2026-08-27,2017,N,VIIRS,n,2.0NRT,293.76,3.7,N,VIIRS_SNPP_NRT,,,209.26342991145196,15.84,79.77,1,unknown_other,0.01,0.0,0.0,0.0034999999999999,0.0034999999999999,insufficient_evidence,Unnamed industrial facility,Industrial area,13.9662446,79.8949777,2.555,1.4481409001956946,0.2240704500978473,0.2,0.3416414129283823,Moderate,0.6008537886872999,No nearby industrial zone,0.0049999999999998,,C64
15.99257,78.3996,304.82,0.51,0.41,2026-08-27,2017,N,VIIRS,n,2.0NRT,283.96,1.89,N,VIIRS_SNPP_NRT,,,261.2802667204141,15.99,78.4,2,unknown_other,0.01,0.0,0.2,0.0034999999999999,0.2035,insufficient_evidence,"APSRTC Bus Depot , Venkatagiri",Industrial area,13.9451361,79.5931469,2.06,0.9174757281553396,0.0,0.4,0.2420135183208822,Low,0.3260405549626467,No nearby industrial zone,0.0049999999999998,,C41
16.54488,79.75774,307.31,0.44,0.39,2026-08-27,2017,N,VIIRS,n,2.0NRT,293.17,3.09,N,VIIRS_SNPP_NRT,,,244.30697559123337,16.54,79.76,1,unknown_other,0.02,0.0,0.0,0.0069999999999999,0.0069999999999999,insufficient_evidence,Unnamed industrial facility,Industrial area,16.9963409,82.0034981,3.09,1.0,0.0,0.2,0.2404482390608324,Low,0.5213447171824973,No nearby industrial zone,0.0099999999999998,,
17.46458,80.65409,319.97,0.42,0.37,2026-08-27,2017,N,VIIRS,n,2.0NRT,292.22,2.91,N,VIIRS_SNPP_NRT,,,152.47733688679753,17.46,80.65,2,unknown_other,0.0,0.0,0.2,0.0,0.2,insufficient_evidence,Unnamed industrial facility,Industrial area,16.9963409,82.0034981,2.01,1.4477611940298507,0.2238805970149253,0.4,0.3749826109580166,Moderate,0.5010672358591248,No nearby industrial zone,0.0,,C42
17.95565,80.79626,317.3,0.42,0.37,2026-08-27,2017,N,VIIRS,n,2.0NRT,291.82,2.91,N,VIIRS_SNPP_NRT,,,129.65678438625952,17.96,80.8,4,unknown_other,0.02,0.0,0.3,0.0069999999999999,0.307,insufficient_evidence,Upper Sileru Power House,Thermal power plant,18.0371452,82.0192773,2.3825000000000003,1.2214060860440712,0.1107030430220356,0.8,0.4705900929603868,Moderate,0.5010672358591248,No nearby industrial zone,0.0099999999999998,,C6
17.95681,80.78843,308.3,0.42,0.37,2026-08-27,2017,N,VIIRS,n,2.0NRT,291.87,3.03,N,VIIRS_SNPP_NRT,,,130.47350681754955,17.96,80.79,3,unknown_other,0.01,0.0,0.3,0.0034999999999999,0.3035,insufficient_evidence,Upper Sileru Power House,Thermal power plant,18.0371452,82.0192773,2.5900000000000003,1.1698841698841698,0.0849420849420848,0.6,0.3994275110603819,Moderate,0.5133404482390609,No nearby industrial zone,0.0049999999999998,,C6
21.10433,72.64272,305.89,0.45,0.63,2026-08-27,2017,N,VIIRS,n,2.0NRT,264.87,2.66,N,VIIRS_SNPP_NRT,,,0.6240923572037175,21.1,72.64,4,industrial,0.61,0.35,0.3,0.2135,0.8634999999999999,persistent_industrial_source,ArcelorMittal Nippon Steel India,Industrial works,21.1098624,72.6437334,5.69875,0.4667690282956788,0.0,0.8,0.4207043756670224,Moderate,0.4621131270010672,Within known industrial zone,0.805,High,C2
22.38937,73.11508,295.06,0.43,0.62,2026-08-27,2017,N,VIIRS,n,2.0NRT,272.37,0.59,N,VIIRS_SNPP_NRT,,,0.5297562626569736,22.39,73.12,1,possible_industrial,0.03,0.35,0.0,0.0104999999999999,0.3605,industrial_fire,Unnamed industrial facility,Industrial works,22.3938733,73.1133982,0.59,1.0,0.0,0.2,0.0824973319103521,Low,0.0474919957310565,Within known industrial zone,0.5149999999999999,Moderate,
8.30407,77.63763,313.44,0.46,0.39,2026-08-27,2019,N,VIIRS,n,2.0NRT,293.13,1.33,N,VIIRS_SNPP_NRT,,,535.7006749393355,8.3,77.64,1,unknown_other,0.01,0.0,0.0,0.0034999999999999,0.0034999999999999,insufficient_evidence,Unnamed industrial facility,Thermal power plant,12.5982666,79.8590477,1.835,0.7247956403269755,0.0,0.2,0.1340803984347207,Low,0.2022411953041622,No nearby industrial zone,0.0049999999999998,,C65
8.30766,77.63818,310.18,0.46,0.39,2026-08-27,2019,N,VIIRS,n,2.0NRT,293.28,1.33,N,VIIRS_SNPP_NRT,,,535.3170280668134,8.31,77.64,1,unknown_other,0.0,0.0,0.0,0.0,0.0,insufficient_evidence,Unnamed industrial facility,Thermal power plant,12.5982666,79.8590477,1.33,1.0,0.0,0.2,0.1340803984347207,Low,0.2022411953041622,No nearby industrial zone,0.0,,C65
8.40721,80.75729,303.08,0.38,0.36,2026-08-27,2019,N,VIIRS,n,2.0NRT,285.68,0.38,N,VIIRS_SNPP_NRT,,,460.1614522258762,8.41,80.76,1,unknown_other,0.0,0.0,0.0,0.0,0.0,insufficient_evidence,TNSTC Bus Depot,Industrial area,12.5026914,80.1531349,0.38,1.0,0.0,0.2,0.0704019921736037,Low,0.011205976520811,No nearby industrial zone,0.0,,C66
8.41052,80.75783,302.76,0.38,0.36,2026-08-27,2019,N,VIIRS,n,2.0NRT,286.31,0.38,N,VIIRS_SNPP_NRT,,,459.8056477189645,8.41,80.76,1,unknown_other,0.0,0.0,0.0,0.0,0.0,insufficient_evidence,TNSTC Bus Depot,Industrial area,12.5026914,80.1531349,0.38,1.0,0.0,0.2,0.0704019921736037,Low,0.011205976520811,No nearby industrial zone,0.0,,C66
13.39244,80.10186,316.57,0.41,0.37,2026-08-27,2019,N,VIIRS,n,2.0NRT,295.63,2.51,N,VIIRS_SNPP_NRT,,,0.9084832340196564,13.39,80.1,1,possible_industrial,0.05,0.35,0.0,0.0174999999999999,0.3675,industrial_fire,Unnamed industrial facility,Industrial area,13.3871773,80.1082841,1.7333333333333332,1.448076923076923,0.2240384615384615,0.2,0.2856008674711983,Moderate,0.4327641408751334,Within known industrial zone,0.5249999999999999,Moderate,C67
13.70962,79.61949,310.51,0.42,0.38,2026-08-27,2019,N,VIIRS,n,2.0NRT,292.96,1.84,N,VIIRS_SNPP_NRT,,,1.4562918641778508,13.71,79.62,3,industrial,0.01,0.35,0.3,0.0034999999999999,0.6534999999999999,persistent_industrial_source,Unnamed industrial facility,Industrial area,13.7190582,79.6288364,1.5566666666666666,1.1820128479657388,0.0910064239828694,0.6,0.3345688435688184,Moderate,0.3127001067235859,Within known industrial zone,0.5049999999999999,Moderate,C17
13.82483,79.2569,309.05,0.44,0.38,2026-08-27,2019,N,VIIRS,n,2.0NRT,292.0,1.07,N,VIIRS_SNPP_NRT,,,31.246924102034185,13.82,79.26,2,unknown_other,0.01,0.0,0.2,0.0034999999999999,0.2035,insufficient_evidence,Amararaja Batteries Small Batteries Division,Industrial works,13.6747828,79.5015075,8.19,0.1306471306471306,0.0,0.4,0.1801138384916399,Low,0.1403415154749199,No nearby industrial zone,0.0049999999999998,,C15
15.02335,78.01398,308.39,0.52,0.41,2026-08-27,2019,N,VIIRS,n,2.0NRT,285.12,2.22,N,VIIRS_SNPP_NRT,,,208.0331641306753,15.02,78.01,2,unknown_other,0.0,0.0,0.2,0.0,0.2,insufficient_evidence,"APSRTC Bus Depot , Venkatagiri",Industrial area,13.9451361,79.5931469,1.6700000000000002,1.3293413173652695,0.1646706586826347,0.4,0.316469728632383,Moderate,0.3847385272145144,No nearby industrial zone,0.0,,C103
15.07126,76.86606,302.03,0.4,0.44,2026-08-27,2019,N,VIIRS,n,2.0NRT,286.05,1.52,N,VIIRS_SNPP_NRT,,,318.9477064699705,15.07,76.87,1,unknown_other,0.12,0.0,0.0,0.0419999999999999,0.0419999999999999,insufficient_evidence,Unnamed industrial facility,Industrial area,13.8754547,79.558804,1.52,1.0,0.0,0.2,0.1484880825329064,Low,0.2454642475987193,No nearby industrial zone,0.0599999999999998,,
15.17269,76.6937,297.01,0.41,0.45,2026-08-27,2019,N,VIIRS,n,2.0NRT,273.2,1.21,N,VIIRS_SNPP_NRT,,,340.46098396652246,15.17,76.69,2,unknown_other,0.03,0.0,0.2,0.0104999999999999,0.2105,insufficient_evidence,Unnamed industrial facility,Industrial area,13.8754547,79.558804,1.23,0.983739837398374,0.0,0.4,0.1904304517965137,Low,0.1712913553895411,No nearby industrial zone,0.0149999999999998,,C1
15.17371,76.65434,309.23,0.42,0.45,2026-08-27,2019,N,VIIRS,n,2.0NRT,285.98,2.19,N,VIIRS_SNPP_NRT,,,344.35006959356616,15.17,76.65,2,unknown_other,0.0,0.0,0.2,0.0,0.2,insufficient_evidence,Unnamed industrial facility,Industrial area,13.8754547,79.558804,1.58,1.3860759493670884,0.1930379746835442,0.4,0.3225459204121241,Moderate,0.3745997865528281,No nearby industrial zone,0.0,,C1
15.17564,77.10123,299.95,0.39,0.44,2026-08-27,2019,N,VIIRS,n,2.0NRT,280.76,1.48,N,VIIRS_SNPP_NRT,,,301.0693759456163,15.18,77.1,3,unknown_other,0.05,0.0,0.3,0.0174999999999999,0.3175,insufficient_evidence,"APSRTC Bus Depot , Venkatagiri",Industrial area,13.9451361,79.5931469,1.344,1.101190476190476,0.050595238095238,0.6,0.2944175517948196,Moderate,0.2326574172892209,No nearby industrial zone,0.0249999999999998,,C18
15.33388,76.28443,306.14,0.44,0.46,2026-08-27,2019,N,VIIRS,n,2.0NRT,289.24,1.24,N,VIIRS_SNPP_NRT,,,387.8462844909357,15.33,76.28,2,unknown_other,0.03,0.0,0.2,0.0104999999999999,0.2105,insufficient_evidence,Unnamed industrial facility,Industrial area,13.8754547,79.558804,1.075,1.1534883720930234,0.0767441860465116,0.4,0.2185020641499755,Moderate,0.1787620064034151,No nearby industrial zone,0.0149999999999998,,C13
15.33447,76.2467,304.65,0.44,0.46,2026-08-27,2019,N,VIIRS,n,2.0NRT,290.98,0.65,N,VIIRS_SNPP_NRT,,,391.56437773980093,15.33,76.25,2,unknown_other,0.03,0.0,0.2,0.0104999999999999,0.2105,insufficient_evidence,Unnamed industrial facility,Industrial area,13.8754547,79.558804,0.7150000000000001,0.9090909090909092,0.0,0.4,0.151832088224831,Low,0.055496264674493,No nearby industrial zone,0.0149999999999998,,C117
28.42398,69.70206,310.73,0.32,0.55,2026-08-27,2153,N,VIIRS,n,2.0NRT,296.06,1.46,N,VIIRS_SNPP_NRT,,,563.8011558891686,28.42,69.7,3,unknown_other,0.02,0.0,0.3,0.0069999999999999,0.307,insufficient_evidence,Khisara,Thermal power plant,23.3634358,70.0532502,2.014,0.7249255213505461,0.0,0.6,0.275951618641053,Moderate,0.227854855923159,No nearby industrial zone,0.0099999999999998,,C12
29.47338,76.864,304.0,0.78,0.78,2026-08-27,2155,N,VIIRS,n,2.0NRT,286.48,2.54,N,VIIRS_SNPP_NRT,,,56.46233124871589,29.47,76.86,1,unknown_other,0.02,0.0,0.0,0.0069999999999999,0.0069999999999999,insufficient_evidence,Unnamed industrial facility,Industrial area,28.9891016,77.0389675,2.54,1.0,0.0,0.2,0.2132337246531483,Low,0.439701173959445,No nearby industrial zone,0.0099999999999998,,C28
29.90638,74.95924,319.9,0.6,0.7,2026-08-27,2155,N,VIIRS,n,2.0NRT,292.24,19.52,N,VIIRS_SNPP_NRT,,,189.8363052266905,29.91,74.96,1,unknown_other,0.01,0.0,0.0,0.0034999999999999,0.0034999999999999,insufficient_evidence,Unnamed industrial facility,Industrial area,28.8672971,76.5139469,13.406,1.456064448754289,0.2280322243771445,0.2,0.4696073263042989,Moderate,0.9807897545357523,No nearby industrial zone,0.0049999999999998,,C3
29.90671,74.9599,317.64,0.6,0.7,2026-08-27,2155,N,VIIRS,n,2.0NRT,292.12,15.44,N,VIIRS_SNPP_NRT,,,189.80771991108372,29.91,74.96,1,unknown_other,0.02,0.0,0.0,0.0069999999999999,0.0069999999999999,insufficient_evidence,Unnamed industrial facility,Industrial area,28.8672971,76.5139469,13.406,1.1517231090556466,0.0758615545278232,0.2,0.414614826251359,Low,0.967982924226254,No nearby industrial zone,0.0099999999999998,,C3
29.90808,74.95317,367.0,0.6,0.7,2026-08-27,2155,N,VIIRS,h,2.0NRT,294.32,14.38,N,VIIRS_SNPP_NRT,,,190.41706527858557,29.91,74.95,1,unknown_other,0.04,0.0,0.0,0.0139999999999999,0.0139999999999999,insufficient_evidence,Unnamed industrial facility,Industrial area,28.8672971,76.5139469,12.443636363636363,1.1556107539450615,0.0778053769725307,0.2,0.4129504227048243,Low,0.9610458911419424,No nearby industrial zone,0.0199999999999998,,C3
29.90838,74.95381,367.0,0.6,0.7,2026-08-27,2155,N,VIIRS,h,2.0NRT,294.14,15.44,N,VIIRS_SNPP_NRT,,,190.3879332348566,29.91,74.95,1,unknown_other,0.07,0.0,0.0,0.0245,0.0245,insufficient_evidence,Unnamed industrial facility,Industrial area,28.8672971,76.5139469,12.443636363636363,1.2407948568088836,0.1203974284044417,0.2,0.4294601175435652,Low,0.967982924226254,No nearby industrial zone,0.035,,C3
29.90978,74.9471,319.17,0.6,0.7,2026-08-27,2155,N,VIIRS,n,2.0NRT,292.2,14.38,N,VIIRS_SNPP_NRT,,,190.9980413120801,29.91,74.95,1,unknown_other,0.01,0.0,0.0,0.0034999999999999,0.0034999999999999,insufficient_evidence,Unnamed industrial facility,Industrial area,28.8672971,76.5139469,12.443636363636363,1.1556107539450615,0.0778053769725307,0.2,0.4129504227048243,Low,0.9610458911419424,No nearby industrial zone,0.0049999999999998,,C3
29.91005,74.94773,319.45,0.6,0.7,2026-08-27,2155,N,VIIRS,n,2.0NRT,292.36,28.69,N,VIIRS_SNPP_NRT,,,190.96760174298913,29.91,74.95,1,unknown_other,0.01,0.0,0.0,0.0034999999999999,0.0034999999999999,insufficient_evidence,Unnamed industrial facility,Industrial area,28.8672971,76.5139469,12.443636363636363,2.305596142606663,0.6527980713033315,0.2,0.6161763759556107,High,0.9957310565635006,No nearby industrial zone,0.0049999999999998,,C3
29.91436,74.95547,310.32,0.6,0.7,2026-08-27,2155,N,VIIRS,n,2.0NRT,292.87,14.38,N,VIIRS_SNPP_NRT,,,190.66204166400536,29.91,74.96,1,unknown_other,0.02,0.0,0.0,0.0069999999999999,0.0069999999999999,insufficient_evidence,Unnamed industrial facility,Industrial area,28.8672971,76.5139469,13.406,1.0726540355064895,0.0363270177532448,0.2,0.3991243029650623,Low,0.9610458911419424,No nearby industrial zone,0.0099999999999998,,C3
29.91466,74.95614,306.96,0.6,0.7,2026-08-27,2155,N,VIIRS,n,2.0NRT,293.04,15.44,N,VIIRS_SNPP_NRT,,,190.6308443613827,29.91,74.96,1,unknown_other,0.02,0.0,0.0,0.0069999999999999,0.0069999999999999,insufficient_evidence,Unnamed industrial facility,Industrial area,28.8672971,76.5139469,13.406,1.1517231090556466,0.0758615545278232,0.2,0.414614826251359,Low,0.967982924226254,No nearby industrial zone,0.0099999999999998,,C3
29.91607,74.94938,305.84,0.6,0.7,2026-08-27,2155,N,VIIRS,n,2.0NRT,292.75,14.38,N,VIIRS_SNPP_NRT,,,191.2444600997546,29.92,74.95,2,unknown_other,0.09,0.0,0.2,0.0315,0.2315,insufficient_evidence,Unnamed industrial facility,Industrial area,28.8672971,76.5139469,5.6433333333333335,2.5481393975191966,0.7740696987595983,0.4,0.7117051966338468,Critical,0.9610458911419424,No nearby industrial zone,0.045,,C3
8.57365,80.37617,329.17,0.52,0.67,2026-08-28,724,N,VIIRS,n,2.0NRT,282.05,3.95,D,VIIRS_SNPP_NRT,,,437.5690087197739,8.57,80.38,1,unknown_other,0.02,0.0,0.0,0.0069999999999999,0.0069999999999999,insufficient_evidence,TNSTC Bus Depot,Industrial area,12.5026914,80.1531349,3.95,1.0,0.0,0.2,0.2779793667733902,Low,0.6339381003201707,No nearby industrial zone,0.0099999999999998,,
8.66278,81.14859,330.04,0.46,0.64,2026-08-28,724,N,VIIRS,n,2.0NRT,287.35,2.39,D,VIIRS_SNPP_NRT,,,440.6186529141587,8.66,81.15,1,unknown_other,0.01,0.0,0.0,0.0034999999999999,0.0034999999999999,insufficient_evidence,TNSTC Bus Depot,Industrial area,12.5026914,80.1531349,2.39,1.0,0.0,0.2,0.2057630736392742,Low,0.4172892209178228,No nearby industrial zone,0.0049999999999998,,
8.71467,77.97586,332.45,0.75,0.77,2026-08-28,724,N,VIIRS,n,2.0NRT,291.91,6.6,D,VIIRS_SNPP_NRT,,,478.3448415466348,8.71,77.98,1,unknown_other,0.03,0.0,0.0,0.0104999999999999,0.0104999999999999,insufficient_evidence,Unnamed industrial facility,Thermal power plant,12.5982666,79.8590477,4.93,1.3387423935091278,0.1693711967545639,0.2,0.4034510179149862,Low,0.8409818569903948,No nearby industrial zone,0.0149999999999998,,C20
8.72573,80.74754,337.93,0.49,0.65,2026-08-28,724,N,VIIRS,n,2.0NRT,291.49,7.24,D,VIIRS_SNPP_NRT,,,424.97168871475486,8.73,80.75,1,unknown_other,0.0,0.0,0.0,0.0,0.0,insufficient_evidence,TNSTC Bus Depot,Industrial area,12.5026914,80.1531349,6.945,1.0424766018718503,0.0212383009359251,0.2,0.3611882917029391,Low,0.8623265741728922,No nearby industrial zone,0.0,,C118
8.72874,78.1054,335.79,0.73,0.76,2026-08-28,724,N,VIIRS,n,2.0NRT,291.61,9.62,D,VIIRS_SNPP_NRT,,,470.99894460746384,8.73,78.11,1,unknown_other,0.0,0.0,0.0,0.0,0.0,insufficient_evidence,Unnamed industrial facility,Thermal power plant,12.5982666,79.8590477,7.38,1.3035230352303522,0.1517615176151761,0.2,0.4203488231965208,Low,0.9092849519743864,No nearby industrial zone,0.0,,C43
8.73258,78.10741,334.15,0.73,0.76,2026-08-28,724,N,VIIRS,n,2.0NRT,291.19,7.04,D,VIIRS_SNPP_NRT,,,470.5190943080827,8.73,78.11,1,unknown_other,0.01,0.0,0.0,0.0034999999999999,0.0034999999999999,insufficient_evidence,Unnamed industrial facility,Thermal power plant,12.5982666,79.8590477,7.38,0.9539295392953928,0.0,0.2,0.351618641053006,Low,0.8548559231590181,No nearby industrial zone,0.0049999999999998,,C43
8.97291,80.68935,336.86,0.49,0.65,2026-08-28,724,N,VIIRS,n,2.0NRT,287.05,7.29,D,VIIRS_SNPP_NRT,,,396.83980136307287,8.97,80.69,1,unknown_other,0.02,0.0,0.0,0.0069999999999999,0.0069999999999999,insufficient_evidence,TNSTC Bus Depot,Industrial area,12.5026914,80.1531349,7.29,1.0,0.0,0.2,0.3555318392031305,Low,0.8665955176093917,No nearby industrial zone,0.0099999999999998,,
9.277,78.39668,334.35,0.69,0.74,2026-08-28,724,N,VIIRS,n,2.0NRT,290.53,6.4,D,VIIRS_SNPP_NRT,,,402.3304643934464,9.28,78.4,1,unknown_other,0.11,0.0,0.0,0.0385,0.0385,insufficient_evidence,Unnamed industrial facility,Thermal power plant,12.5982666,79.8590477,4.933333333333334,1.2972972972972974,0.1486486486486486,0.2,0.393163921659119,Low,0.8308431163287087,No nearby industrial zone,0.055,,C19
9.27714,78.39496,335.92,0.69,0.74,2026-08-28,724,N,VIIRS,n,2.0NRT,290.19,4.62,D,VIIRS_SNPP_NRT,,,402.3906925857513,9.28,78.39,1,unknown_other,0.13,0.0,0.0,0.0455,0.0455,insufficient_evidence,Unnamed industrial facility,Thermal power plant,12.5982666,79.8590477,6.025,0.766804979253112,0.0,0.2,0.299501956599075,Low,0.6985058697972252,No nearby industrial zone,0.065,,C19
14.49166,79.70969,339.76,0.45,0.63,2026-08-28,726,N,VIIRS,n,2.0NRT,297.46,6.57,D,VIIRS_SNPP_NRT,,,61.742570781508064,14.49,79.71,1,unknown_other,0.0,0.0,0.0,0.0,0.0,insufficient_evidence,Unnamed industrial facility,Industrial area,13.9662446,79.8949777,6.196666666666666,1.0602474448628296,0.0301237224314148,0.2,0.3559679572814783,Low,0.8377801494130203,No nearby industrial zone,0.0,,C68
14.49187,79.7094,335.09,0.45,0.63,2026-08-28,726,N,VIIRS,n,2.0NRT,297.62,5.47,D,VIIRS_SNPP_NRT,,,61.774777597875506,14.49,79.71,1,unknown_other,0.0,0.0,0.0,0.0,0.0,insufficient_evidence,Unnamed industrial facility,Industrial area,13.9662446,79.8949777,6.196666666666666,0.8827326519634212,0.0,0.2,0.3220917822838847,Low,0.7662753468516542,No nearby industrial zone,0.0,,C68
14.75162,79.71841,330.88,0.45,0.63,2026-08-28,726,N,VIIRS,n,2.0NRT,293.97,2.94,D,VIIRS_SNPP_NRT,,,89.37698054113122,14.75,79.72,1,unknown_other,0.0,0.0,0.0,0.0,0.0,insufficient_evidence,Unnamed industrial facility,Industrial area,13.9662446,79.8949777,2.94,1.0,0.0,0.2,0.2361792956243329,Low,0.508537886872999,No nearby industrial zone,0.0,,
15.02867,79.75406,334.11,0.44,0.62,2026-08-28,726,N,VIIRS,n,2.0NRT,296.17,2.51,D,VIIRS_SNPP_NRT,,,119.10634727877957,15.03,79.75,1,unknown_other,0.0,0.0,0.0,0.0,0.0,insufficient_evidence,Unnamed industrial facility,Industrial area,13.9662446,79.8949777,2.51,1.0,0.0,0.2,0.2109213802917111,Low,0.4327641408751334,No nearby industrial zone,0.0,,C119
15.63637,79.58625,330.26,0.44,0.62,2026-08-28,726,N,VIIRS,n,2.0NRT,295.72,4.78,D,VIIRS_SNPP_NRT,,,188.058091123765,15.64,79.59,1,unknown_other,0.03,0.0,0.0,0.0104999999999999,0.0104999999999999,insufficient_evidence,"APSRTC Bus Depot , Venkatagiri",Industrial area,13.9451361,79.5931469,6.025,0.7933609958506224,0.0,0.2,0.3060832443970117,Low,0.7182497331910352,No nearby industrial zone,0.0149999999999998,,C120
15.76769,79.49413,331.28,0.44,0.62,2026-08-28,726,N,VIIRS,n,2.0NRT,292.63,3.29,D,VIIRS_SNPP_NRT,,,202.93794869663245,15.77,79.49,1,unknown_other,0.01,0.0,0.0,0.0034999999999999,0.0034999999999999,insufficient_evidence,"APSRTC Bus Depot , Venkatagiri",Industrial area,13.9451361,79.5931469,3.29,1.0,0.0,0.2,0.2530771967271433,Low,0.5592315901814301,No nearby industrial zone,0.0049999999999998,,
21.74797,83.84405,332.09,0.55,0.43,2026-08-28,729,N,VIIRS,n,2.0NRT,289.1,4.65,D,VIIRS_SNPP_NRT,,,17.686107584389028,21.75,83.84,3,unknown_other,0.03,0.0,0.3,0.0104999999999999,0.3105,insufficient_evidence,Unnamed industrial facility,Industrial area,21.8219423,83.9956863,4.588888888888889,1.0133171912832932,0.0066585956416466,0.6,0.4366556756016445,Moderate,0.7033084311632871,No nearby industrial zone,0.0149999999999998,,C5
22.36216,87.01751,332.41,0.4,0.37,2026-08-28,729,N,VIIRS,n,2.0NRT,295.92,4.8,D,VIIRS_SNPP_NRT,,,55.8374789801268,22.36,87.02,2,unknown_other,0.0,0.0,0.2,0.0,0.2,insufficient_evidence,Unnamed industrial facility,Industrial area,22.5003482,86.4952219,2.65,1.8113207547169812,0.4056603773584906,0.4,0.5090372727089668,High,0.7214514407684098,No nearby industrial zone,0.0,,C88
22.377,87.2805,341.05,0.4,0.37,2026-08-28,729,N,VIIRS,n,2.0NRT,291.28,7.49,D,VIIRS_SNPP_NRT,,,80.56284920381101,22.38,87.28,4,unknown_other,0.17,0.0,0.3,0.0595,0.3595,insufficient_evidence,Unnamed industrial facility,Industrial area,22.5870224,86.5300537,4.01,1.8678304239401495,0.4339152119700749,0.8,0.7026604601977802,High,0.8740661686232657,No nearby industrial zone,0.085,,C4
29.08413,88.01273,331.12,0.39,0.36,2026-08-28,731,N,VIIRS,l,2.0NRT,304.21,2.79,D,VIIRS_SNPP_NRT,,,528.9384823970759,29.08,88.01,2,unknown_other,0.0,0.0,0.2,0.0,0.2,insufficient_evidence,Tapovan,Thermal power plant,24.4615525,86.7551064,2.135,1.3067915690866512,0.1533957845433256,0.4,0.3429497865944845,Moderate,0.475453575240128,No nearby industrial zone,0.0,,C115
29.13515,89.25123,330.31,0.42,0.38,2026-08-28,731,N,VIIRS,l,2.0NRT,305.02,3.97,D,VIIRS_SNPP_NRT,,,572.1484592531584,29.14,89.25,1,unknown_other,0.01,0.0,0.0,0.0034999999999999,0.0034999999999999,insufficient_evidence,Unnamed industrial facility,Industrial area,24.4084165,86.9728066,3.97,1.0,0.0,0.2,0.2783351120597652,Low,0.6350053361792957,No nearby industrial zone,0.0049999999999998,,
9.27846,78.39858,336.74,0.57,0.69,2026-08-28,905,N,VIIRS,n,2.0NRT,293.77,6.18,D,VIIRS_SNPP_NRT,,,402.09902929850216,9.28,78.4,1,unknown_other,0.03,0.0,0.0,0.0104999999999999,0.0104999999999999,insufficient_evidence,Unnamed industrial facility,Thermal power plant,12.5982666,79.8590477,4.933333333333334,1.252702702702703,0.1263513513513513,0.2,0.3827076542924995,Low,0.8217716115261473,No nearby industrial zone,0.0149999999999998,,C19
9.33079,77.52433,334.37,0.5,0.66,2026-08-28,905,N,VIIRS,n,2.0NRT,297.58,4.97,D,VIIRS_SNPP_NRT,,,443.0883886113432,9.33,77.52,1,unknown_other,0.01,0.0,0.0,0.0034999999999999,0.0034999999999999,insufficient_evidence,"SIPCOT Mamandur, Cheyyar",Industrial area,12.7230991,79.6546488,4.97,1.0,0.0,0.2,0.3110636784062611,Low,0.7331910352187834,No nearby industrial zone,0.0049999999999998,,C121
9.33131,77.52667,334.29,0.5,0.66,2026-08-28,905,N,VIIRS,n,2.0NRT,297.26,1.72,D,VIIRS_SNPP_NRT,,,442.9051319068941,9.33,77.53,1,unknown_other,0.02,0.0,0.0,0.0069999999999999,0.0069999999999999,insufficient_evidence,"SIPCOT Mamandur, Cheyyar",Industrial area,12.7230991,79.6546488,1.72,1.0,0.0,0.2,0.1634293845606545,Low,0.2902881536819637,No nearby industrial zone,0.0099999999999998,,C121
9.4159,77.509,332.41,0.5,0.66,2026-08-28,905,N,VIIRS,n,2.0NRT,296.85,1.46,D,VIIRS_SNPP_NRT,,,435.9389816178652,9.42,77.51,1,unknown_other,0.01,0.0,0.0,0.0034999999999999,0.0034999999999999,insufficient_evidence,"SIPCOT Mamandur, Cheyyar",Industrial area,12.7230991,79.6546488,2.12,0.6886792452830188,0.0,0.2,0.1426182853077196,Low,0.227854855923159,No nearby industrial zone,0.0049999999999998,,C122
9.41621,77.50993,334.29,0.5,0.66,2026-08-28,905,N,VIIRS,n,2.0NRT,297.25,2.78,D,VIIRS_SNPP_NRT,,,435.8553534295551,9.42,77.51,1,unknown_other,0.01,0.0,0.0,0.0034999999999999,0.0034999999999999,insufficient_evidence,"SIPCOT Mamandur, Cheyyar",Industrial area,12.7230991,79.6546488,2.12,1.311320754716981,0.1556603773584904,0.2,0.276504366269977,Low,0.4738527214514407,No nearby industrial zone,0.0049999999999998,,C122
22.92944,70.106,336.34,0.49,0.48,2026-08-28,907,N,VIIRS,n,2.0NRT,295.78,4.39,D,VIIRS_SNPP_NRT,,,1.1538091064206089,22.93,70.11,3,industrial,0.6,0.35,0.3,0.21,0.8599999999999999,persistent_industrial_source,Tuna-Tekra Container Terminal,Industrial area,22.9191876,70.1042631,3.9166666666666665,1.1208510638297873,0.0604255319148936,0.6,0.4474630819652277,Moderate,0.6819637139807898,Within known industrial zone,0.7999999999999999,High,C69
24.84141,68.06506,342.24,0.39,0.44,2026-08-28,909,N,VIIRS,n,2.0NRT,304.84,3.72,D,VIIRS_SNPP_NRT,,,237.92342336391107,24.84,68.07,1,unknown_other,0.0,0.0,0.0,0.0,0.0,insufficient_evidence,Bhuj Sector 98,Industrial area,23.2653288,69.6499193,3.72,1.0,0.0,0.2,0.2680184987548915,Low,0.6040554962646745,No nearby industrial zone,0.0,,
25.9428,72.19143,351.1,0.36,0.57,2026-08-28,909,N,VIIRS,n,2.0NRT,296.52,18.43,D,VIIRS_SNPP_NRT,,,272.2436832271593,25.94,72.19,3,unknown_other,0.0,0.0,0.3,0.0,0.3,insufficient_evidence,Unnamed industrial facility,Industrial area,23.5020392,72.4034657,5.398888888888889,3.4136653632434655,1.0,0.6,0.8588402703664176,Critical,0.9765208110992528,No nearby industrial zone,0.0,,C8
25.94312,72.19508,367.0,0.36,0.57,2026-08-28,909,N,VIIRS,h,2.0NRT,302.25,21.83,D,VIIRS_SNPP_NRT,,,272.25041104517595,25.94,72.2,1,unknown_other,0.1,0.0,0.0,0.0349999999999999,0.0349999999999999,insufficient_evidence,Unnamed industrial facility,Industrial area,23.5020392,72.4034657,21.83,1.0,0.0,0.2,0.3964425471362504,Low,0.9893276414087512,No nearby industrial zone,0.0499999999999998,,C8
25.94344,72.1987,330.75,0.36,0.57,2026-08-28,909,N,VIIRS,n,2.0NRT,298.95,21.83,D,VIIRS_SNPP_NRT,,,272.2578726812002,25.94,72.2,1,unknown_other,0.0,0.0,0.0,0.0,0.0,insufficient_evidence,Unnamed industrial facility,Industrial area,23.5020392,72.4034657,21.83,1.0,0.0,0.2,0.3964425471362504,Low,0.9893276414087512,No nearby industrial zone,0.0,,C8
29.27192,71.18018,356.76,0.34,0.56,2026-08-28,909,N,VIIRS,n,2.0NRT,299.7,4.02,D,VIIRS_SNPP_NRT,,,520.2793245204078,29.27,71.18,1,unknown_other,0.05,0.0,0.0,0.0174999999999999,0.0174999999999999,insufficient_evidence,Unnamed industrial facility,Industrial area,28.8672971,76.5139469,3.7,1.0864864864864865,0.0432432432432432,0.2,0.2934610170469295,Low,0.6371398078975453,No nearby industrial zone,0.0249999999999998,,C123
29.27299,71.17931,347.95,0.34,0.56,2026-08-28,909,N,VIIRS,n,2.0NRT,299.55,3.38,D,VIIRS_SNPP_NRT,,,520.3711466176381,29.27,71.18,1,unknown_other,0.01,0.0,0.0,0.0034999999999999,0.0034999999999999,insufficient_evidence,Unnamed industrial facility,Industrial area,28.8672971,76.5139469,3.7,0.9135135135135136,0.0,0.2,0.2562789043045179,Low,0.5688367129135539,No nearby industrial zone,0.0049999999999998,,C123
24.11609,86.8623,299.6,0.42,0.38,2026-08-28,1955,N,VIIRS,n,2.0NRT,273.16,1.75,N,VIIRS_SNPP_NRT,,,21.83212839692738,24.12,86.86,1,unknown_other,0.06,0.0,0.0,0.0209999999999999,0.0209999999999999,insufficient_evidence,Unnamed industrial facility,Industrial area,24.2692396,86.9969914,1.5,1.1666666666666667,0.0833333333333333,0.2,0.1933416340566821,Low,0.2966915688367129,No nearby industrial zone,0.0299999999999998,,C124
24.11668,86.85818,299.08,0.42,0.38,2026-08-28,1955,N,VIIRS,n,2.0NRT,270.26,1.25,N,VIIRS_SNPP_NRT,,,22.045485409761692,24.12,86.86,1,unknown_other,0.04,0.0,0.0,0.0139999999999999,0.0139999999999999,insufficient_evidence,Unnamed industrial facility,Industrial area,24.2692396,86.9969914,1.5,0.8333333333333334,0.0,0.2,0.1273212379935965,Low,0.1819637139807897,No nearby industrial zone,0.0199999999999998,,C124
13.71205,79.61907,307.18,0.52,0.5,2026-08-28,1957,N,VIIRS,n,2.0NRT,290.35,2.67,N,VIIRS_SNPP_NRT,,,1.3116066623535991,13.71,79.62,3,industrial,0.25,0.35,0.3,0.0875,0.7374999999999999,persistent_industrial_source,Unnamed industrial facility,Industrial area,13.7190582,79.6288364,1.5566666666666666,1.715203426124197,0.3576017130620985,0.6,0.4735940253074301,High,0.4631803628601921,Within known industrial zone,0.625,Moderate,C17
15.17497,77.10068,306.28,0.4,0.6,2026-08-28,1957,N,VIIRS,n,2.0NRT,288.41,0.83,N,VIIRS_SNPP_NRT,,,301.08862646076085,15.17,77.1,2,unknown_other,0.05,0.0,0.2,0.0174999999999999,0.2175,insufficient_evidence,"APSRTC Bus Depot , Venkatagiri",Industrial area,13.9451361,79.5931469,0.8200000000000001,1.0121951219512193,0.0060975609756096,0.4,0.1654263303572203,Low,0.0901814300960512,No nearby industrial zone,0.0249999999999998,,C18
15.17508,76.67622,297.14,0.43,0.62,2026-08-28,1957,N,VIIRS,n,2.0NRT,282.33,0.95,N,VIIRS_SNPP_NRT,,,342.27675829174467,15.18,76.68,3,unknown_other,0.04,0.0,0.3,0.0139999999999999,0.314,insufficient_evidence,Unnamed industrial facility,Industrial area,13.8754547,79.558804,2.7154545454545453,0.3498493471710746,0.0,0.6,0.2387762362148701,Moderate,0.1163287086446104,No nearby industrial zone,0.0199999999999998,,C1
15.17742,76.65607,302.89,0.43,0.62,2026-08-28,1957,N,VIIRS,n,2.0NRT,286.94,2.55,N,VIIRS_SNPP_NRT,,,344.3518322829797,15.18,76.66,3,unknown_other,0.01,0.0,0.3,0.0034999999999999,0.3035,insufficient_evidence,Unnamed industrial facility,Industrial area,13.8754547,79.558804,2.51,1.0159362549800797,0.0079681274900398,0.6,0.3506460816286614,Moderate,0.4439701173959445,No nearby industrial zone,0.0049999999999998,,C1
15.17891,76.65431,302.81,0.43,0.62,2026-08-28,1957,N,VIIRS,n,2.0NRT,286.99,1.76,N,VIIRS_SNPP_NRT,,,344.5924048735927,15.18,76.65,3,unknown_other,0.04,0.0,0.3,0.0139999999999999,0.314,insufficient_evidence,Unnamed industrial facility,Industrial area,13.8754547,79.558804,1.8225,0.9657064471879286,0.0,0.6,0.3003201707577374,Moderate,0.3009605122732123,No nearby industrial zone,0.0199999999999998,,C1
15.18081,76.67679,307.26,0.43,0.62,2026-08-28,1957,N,VIIRS,n,2.0NRT,285.14,1.49,N,VIIRS_SNPP_NRT,,,342.4869763925585,15.18,76.68,3,unknown_other,0.0,0.0,0.3,0.0,0.3,insufficient_evidence,Unnamed industrial facility,Industrial area,13.8754547,79.558804,2.7154545454545453,0.5487110813525277,0.0,0.6,0.279331198861615,Moderate,0.2379935965848452,No nearby industrial zone,0.0,,C1
15.18128,76.67277,310.62,0.43,0.62,2026-08-28,1957,N,VIIRS,n,2.0NRT,286.51,2.0,N,VIIRS_SNPP_NRT,,,342.9007581213082,15.18,76.67,4,unknown_other,0.01,0.0,0.3,0.0034999999999999,0.3035,insufficient_evidence,Unnamed industrial facility,Industrial area,13.8754547,79.558804,1.967857142857143,1.0163339382940109,0.0081669691470054,0.8,0.385006207787529,Moderate,0.3468516542155816,No nearby industrial zone,0.0049999999999998,,C1
15.18174,76.66875,301.69,0.43,0.62,2026-08-28,1957,N,VIIRS,n,2.0NRT,286.44,2.0,N,VIIRS_SNPP_NRT,,,343.3141287372747,15.18,76.67,4,unknown_other,0.02,0.0,0.3,0.0069999999999999,0.307,insufficient_evidence,Unnamed industrial facility,Industrial area,13.8754547,79.558804,1.967857142857143,1.0163339382940109,0.0081669691470054,0.8,0.385006207787529,Moderate,0.3468516542155816,No nearby industrial zone,0.0099999999999998,,C1
15.18244,76.67507,315.47,0.43,0.62,2026-08-28,1957,N,VIIRS,n,2.0NRT,286.94,2.9,N,VIIRS_SNPP_NRT,,,342.730429623185,15.18,76.68,3,unknown_other,0.01,0.0,0.3,0.0034999999999999,0.3035,insufficient_evidence,Unnamed industrial facility,Industrial area,13.8754547,79.558804,2.7154545454545453,1.0679611650485437,0.0339805825242718,0.6,0.3776377822217156,Moderate,0.4989327641408751,No nearby industrial zone,0.0049999999999998,,C1
15.18288,76.67104,302.34,0.43,0.62,2026-08-28,1957,N,VIIRS,n,2.0NRT,287.09,1.48,N,VIIRS_SNPP_NRT,,,343.1437565993453,15.18,76.67,4,unknown_other,0.02,0.0,0.3,0.0069999999999999,0.307,insufficient_evidence,Unnamed industrial facility,Industrial area,13.8754547,79.558804,1.967857142857143,0.752087114337568,0.0,0.8,0.344219139096407,Moderate,0.2326574172892209,No nearby industrial zone,0.0099999999999998,,C1
15.18332,76.66703,307.26,0.43,0.62,2026-08-28,1957,N,VIIRS,n,2.0NRT,287.05,1.48,N,VIIRS_SNPP_NRT,,,343.55518901684644,15.18,76.67,4,unknown_other,0.01,0.0,0.3,0.0034999999999999,0.3035,insufficient_evidence,Unnamed industrial facility,Industrial area,13.8754547,79.558804,1.967857142857143,0.752087114337568,0.0,0.8,0.344219139096407,Moderate,0.2326574172892209,No nearby industrial zone,0.0049999999999998,,C1
15.18653,76.67741,301.38,0.43,0.62,2026-08-28,1957,N,VIIRS,n,2.0NRT,286.17,1.49,N,VIIRS_SNPP_NRT,,,342.6929261286288,15.19,76.68,1,unknown_other,0.01,0.0,0.0,0.0034999999999999,0.0034999999999999,insufficient_evidence,Unnamed industrial facility,Industrial area,13.8754547,79.558804,1.49,1.0,0.0,0.2,0.1459978655282817,Low,0.2379935965848452,No nearby industrial zone,0.0049999999999998,,C1
15.65942,73.98846,301.95,0.65,0.73,2026-08-28,1957,N,VIIRS,n,2.0NRT,285.04,0.75,N,VIIRS_SNPP_NRT,,,330.03237786991866,15.66,73.99,1,unknown_other,0.06,0.0,0.0,0.0209999999999999,0.0209999999999999,insufficient_evidence,Unnamed industrial facility,Industrial area,18.5140348,73.1380999,0.8049999999999999,0.9316770186335404,0.0,0.2,0.0928139452152259,Low,0.0784418356456777,No nearby industrial zone,0.0299999999999998,,C125
15.66104,73.9874,299.07,0.65,0.73,2026-08-28,1957,N,VIIRS,n,2.0NRT,285.44,0.86,N,VIIRS_SNPP_NRT,,,329.82818266730374,15.66,73.99,1,unknown_other,0.11,0.0,0.0,0.0385,0.0385,insufficient_evidence,Unnamed industrial facility,Industrial area,18.5140348,73.1380999,0.8049999999999999,1.0683229813664596,0.0341614906832298,0.2,0.1093594154287393,Low,0.0939167556029882,No nearby industrial zone,0.055,,C125
17.46277,80.65205,305.23,0.5,0.49,2026-08-28,1957,N,VIIRS,n,2.0NRT,287.76,2.54,N,VIIRS_SNPP_NRT,,,152.6131374352935,17.46,80.65,2,unknown_other,0.01,0.0,0.2,0.0034999999999999,0.2035,insufficient_evidence,Unnamed industrial facility,Industrial area,16.9963409,82.0034981,2.01,1.2636815920398008,0.1318407960199004,0.4,0.3238473233264485,Moderate,0.439701173959445,No nearby industrial zone,0.0049999999999998,,C42
17.46345,80.65358,305.28,0.5,0.49,2026-08-28,1957,N,VIIRS,n,2.0NRT,287.2,1.06,N,VIIRS_SNPP_NRT,,,152.48581563126322,17.46,80.65,2,unknown_other,0.07,0.0,0.2,0.0245,0.2245,insufficient_evidence,Unnamed industrial facility,Industrial area,16.9963409,82.0034981,2.01,0.5273631840796019,0.0,0.4,0.1785129847029526,Low,0.135538954108858,No nearby industrial zone,0.035,,C42
17.95635,80.79659,310.34,0.49,0.49,2026-08-28,1957,N,VIIRS,n,2.0NRT,286.49,1.61,N,VIIRS_SNPP_NRT,,,129.61629683366627,17.96,80.8,4,unknown_other,0.03,0.0,0.3,0.0104999999999999,0.3105,insufficient_evidence,Upper Sileru Power House,Thermal power plant,18.0371452,82.0192773,2.3825000000000003,0.6757607555089191,0.0,0.8,0.3556029882604055,Moderate,0.2668089647812166,No nearby industrial zone,0.0149999999999998,,C6
8.11868,80.81451,303.83,0.55,0.43,2026-08-28,2000,N,VIIRS,n,2.0NRT,290.23,2.69,N,VIIRS_SNPP_NRT,,,492.817278150445,8.12,80.81,1,unknown_other,0.07,0.0,0.0,0.0245,0.0245,insufficient_evidence,TNSTC Bus Depot,Industrial area,12.5026914,80.1531349,1.898,1.417281348788198,0.2086406743940989,0.2,0.2913185029908469,Moderate,0.4653148345784418,No nearby industrial zone,0.035,,C14
8.11915,80.81272,304.91,0.55,0.43,2026-08-28,2000,N,VIIRS,n,2.0NRT,290.01,1.65,N,VIIRS_SNPP_NRT,,,492.7368753927236,8.12,80.81,1,unknown_other,0.02,0.0,0.0,0.0069999999999999,0.0069999999999999,insufficient_evidence,TNSTC Bus Depot,Industrial area,12.5026914,80.1531349,1.898,0.869336143308746,0.0,0.2,0.1596940590537175,Low,0.2790821771611526,No nearby industrial zone,0.0099999999999998,,C14
8.1194,80.80952,307.31,0.55,0.43,2026-08-28,2000,N,VIIRS,n,2.0NRT,289.69,1.75,N,VIIRS_SNPP_NRT,,,492.6582521189257,8.12,80.81,1,unknown_other,0.01,0.0,0.0,0.0034999999999999,0.0034999999999999,insufficient_evidence,TNSTC Bus Depot,Industrial area,12.5026914,80.1531349,1.898,0.9220231822971549,0.0,0.2,0.1655638562789043,Low,0.2966915688367129,No nearby industrial zone,0.0049999999999998,,C14
8.1199,80.80773,309.11,0.55,0.43,2026-08-28,2000,N,VIIRS,n,2.0NRT,290.57,1.65,N,VIIRS_SNPP_NRT,,,492.5747480914253,8.12,80.81,1,unknown_other,0.02,0.0,0.0,0.0069999999999999,0.0069999999999999,insufficient_evidence,TNSTC Bus Depot,Industrial area,12.5026914,80.1531349,1.898,0.869336143308746,0.0,0.2,0.1596940590537175,Low,0.2790821771611526,No nearby industrial zone,0.0099999999999998,,C14
8.12011,80.80454,304.51,0.55,0.43,2026-08-28,2000,N,VIIRS,n,2.0NRT,291.61,1.75,N,VIIRS_SNPP_NRT,,,492.5010514734289,8.12,80.8,1,unknown_other,0.02,0.0,0.0,0.0069999999999999,0.0069999999999999,insufficient_evidence,TNSTC Bus Depot,Industrial area,12.5026914,80.1531349,1.9,0.9210526315789472,0.0,0.2,0.1655638562789043,Low,0.2966915688367129,No nearby industrial zone,0.0099999999999998,,C14
8.12065,80.80275,305.22,0.55,0.43,2026-08-28,2000,N,VIIRS,n,2.0NRT,292.45,2.23,N,VIIRS_SNPP_NRT,,,492.4133445606328,8.12,80.8,1,unknown_other,0.01,0.0,0.0,0.0034999999999999,0.0034999999999999,insufficient_evidence,TNSTC Bus Depot,Industrial area,12.5026914,80.1531349,1.9,1.1736842105263157,0.0868421052631578,0.2,0.225461064614578,Low,0.3895410885805763,No nearby industrial zone,0.0049999999999998,,C14
8.12404,80.80512,309.4,0.55,0.43,2026-08-28,2000,N,VIIRS,n,2.0NRT,292.18,1.75,N,VIIRS_SNPP_NRT,,,492.07778461506,8.12,80.81,1,unknown_other,0.01,0.0,0.0,0.0034999999999999,0.0034999999999999,insufficient_evidence,TNSTC Bus Depot,Industrial area,12.5026914,80.1531349,1.898,0.9220231822971549,0.0,0.2,0.1655638562789043,Low,0.2966915688367129,No nearby industrial zone,0.0049999999999998,,C14
10.61728,77.41994,301.09,0.33,0.55,2026-08-28,2000,N,VIIRS,n,2.0NRT,284.85,0.23,N,VIIRS_SNPP_NRT,,,337.70013771082796,10.62,77.42,2,unknown_other,0.1,0.0,0.2,0.0349999999999999,0.235,insufficient_evidence,"SIPCOT Mamandur, Cheyyar",Industrial area,12.7230991,79.6546488,0.42,0.5476190476190477,0.0,0.4,0.1344005691924581,Low,0.0032017075773745,No nearby industrial zone,0.0499999999999998,,C44
30.47519,76.58662,304.01,0.38,0.59,2026-08-28,2133,N,VIIRS,n,2.0NRT,288.36,0.86,N,VIIRS_SNPP_NRT,,,170.9197067224584,30.48,76.59,1,unknown_other,0.09,0.0,0.0,0.0315,0.0315,insufficient_evidence,Unnamed industrial facility,Industrial area,28.9891016,77.0389675,0.86,1.0,0.0,0.2,0.0979722518676627,Low,0.0939167556029882,No nearby industrial zone,0.045,,
31.76995,70.11077,309.2,0.49,0.4,2026-08-28,2133,N,VIIRS,n,2.0NRT,297.18,2.36,N,VIIRS_SNPP_NRT,,,694.0243439317485,31.77,70.11,1,unknown_other,0.01,0.0,0.0,0.0034999999999999,0.0034999999999999,insufficient_evidence,Unnamed industrial facility,Industrial area,28.8672971,76.5139469,1.405,1.6797153024911031,0.3398576512455515,0.2,0.3172702309559166,Moderate,0.4119530416221985,No nearby industrial zone,0.0049999999999998,,C126
24.66053,74.63365,302.81,0.4,0.6,2026-08-28,2136,N,VIIRS,n,2.0NRT,289.45,1.34,N,VIIRS_SNPP_NRT,,,198.80896728727944,24.66,74.63,1,unknown_other,0.14,0.0,0.0,0.049,0.049,insufficient_evidence,Azure,Thermal power plant,23.4424671,73.2003389,1.34,1.0,0.0,0.2,0.1349697616506581,Low,0.2049092849519743,No nearby industrial zone,0.07,,
25.94091,72.19165,311.26,0.53,0.5,2026-08-28,2136,N,VIIRS,n,2.0NRT,294.86,2.14,N,VIIRS_SNPP_NRT,,,272.0324415079718,25.94,72.19,3,unknown_other,0.02,0.0,0.3,0.0069999999999999,0.307,insufficient_evidence,Unnamed industrial facility,Industrial area,23.5020392,72.4034657,5.398888888888889,0.3963778555258284,0.0,0.6,0.3221985058697972,Moderate,0.3665955176093917,No nearby industrial zone,0.0099999999999998,,C8
28.42477,69.69869,313.81,0.52,0.42,2026-08-28,2136,N,VIIRS,n,2.0NRT,298.24,1.06,N,VIIRS_SNPP_NRT,,,563.9099001041565,28.42,69.7,3,unknown_other,0.0,0.0,0.3,0.0,0.3,insufficient_evidence,Khisara,Thermal power plant,23.3634358,70.0532502,2.014,0.5263157894736842,0.0,0.6,0.2451796513696193,Moderate,0.135538954108858,No nearby industrial zone,0.0,,C12
28.42534,69.70181,313.98,0.52,0.42,2026-08-28,2136,N,VIIRS,n,2.0NRT,298.29,1.63,N,VIIRS_SNPP_NRT,,,563.95363088096,28.43,69.7,3,unknown_other,0.0,0.0,0.3,0.0,0.3,insufficient_evidence,Khisara,Thermal power plant,23.3634358,70.0532502,1.3766666666666667,1.1840193704600483,0.0920096852300241,0.6,0.3220964336750382,Moderate,0.2742796157950907,No nearby industrial zone,0.0,,C12
20.9107,71.46196,305.7,0.6,0.53,2026-08-28,2138,N,VIIRS,n,2.0NRT,292.17,2.89,N,VIIRS_SNPP_NRT,,,0.2642528420979695,20.91,71.46,3,industrial,0.69,0.35,0.3,0.2414999999999999,0.8914999999999998,persistent_industrial_source,Unnamed industrial facility,Industrial area,20.9083657,71.4614828,1.5733333333333337,1.836864406779661,0.4184322033898304,0.6,0.5048989592942977,High,0.4962646744930629,Within known industrial zone,0.845,High,C70
21.10043,72.63733,305.36,0.35,0.57,2026-08-28,2138,N,VIIRS,n,2.0NRT,289.84,1.2,N,VIIRS_SNPP_NRT,,,1.24149154840888,21.1,72.64,4,industrial,0.91,0.35,0.3,0.3185,0.9685,persistent_industrial_source,ArcelorMittal Nippon Steel India,Industrial works,21.1098624,72.6437334,5.69875,0.2105724939679754,0.0,0.8,0.3225186766275347,Moderate,0.167556029882604,Within known industrial zone,0.955,High,C2
21.1034,72.64882,301.14,0.35,0.57,2026-08-28,2138,N,VIIRS,n,2.0NRT,288.98,0.74,N,VIIRS_SNPP_NRT,,,0.8915098264273305,21.1,72.65,2,industrial,0.87,0.35,0.2,0.3045,0.8545,industrial_fire,ArcelorMittal Nippon Steel India,Industrial works,21.1098624,72.6437334,5.786666666666666,0.1278801843317972,0.0,0.4,0.1584133760227677,Low,0.075240128068303,Within known industrial zone,0.935,High,C2
22.37586,87.27822,331.92,0.43,0.46,2026-08-29,707,N,VIIRS,n,2.0NRT,292.02,4.74,D,VIIRS_SNPP_NRT,,,80.37592212541192,22.38,87.28,4,unknown_other,0.01,0.0,0.3,0.0034999999999999,0.3035,insufficient_evidence,Unnamed industrial facility,Industrial area,22.5870224,86.5300537,4.01,1.1820448877805487,0.0910224438902743,0.8,0.5348232052384159,Moderate,0.7134471718249733,No nearby industrial zone,0.0049999999999998,,C4
22.37665,87.28234,332.05,0.43,0.46,2026-08-29,707,N,VIIRS,n,2.0NRT,292.39,4.74,D,VIIRS_SNPP_NRT,,,80.7551572288154,22.38,87.28,4,unknown_other,0.01,0.0,0.3,0.0034999999999999,0.3035,insufficient_evidence,Unnamed industrial facility,Industrial area,22.5870224,86.5300537,4.01,1.1820448877805487,0.0910224438902743,0.8,0.5348232052384159,Moderate,0.7134471718249733,No nearby industrial zone,0.0049999999999998,,C4
23.55899,87.24026,330.62,0.41,0.45,2026-08-29,709,N,VIIRS,n,2.0NRT,290.41,2.57,D,VIIRS_SNPP_NRT,,,33.399326188863036,23.56,87.24,3,unknown_other,0.06,0.0,0.3,0.0209999999999999,0.321,insufficient_evidence,Unnamed industrial facility,Industrial works,23.6793166,86.9398843,1.47,1.748299319727891,0.3741496598639455,0.6,0.4743074462086506,High,0.4487726787620064,No nearby industrial zone,0.0299999999999998,,C9
29.23654,88.87944,329.58,0.43,0.38,2026-08-29,709,N,VIIRS,n,2.0NRT,294.29,2.4,D,VIIRS_SNPP_NRT,,,569.1918789717314,29.24,88.88,1,unknown_other,0.05,0.0,0.0,0.0174999999999999,0.0174999999999999,insufficient_evidence,Unnamed industrial facility,Industrial area,24.4084165,86.9728066,2.4,1.0,0.0,0.2,0.2061188189256492,Low,0.4183564567769477,No nearby industrial zone,0.0249999999999998,,
31.65704,78.40268,329.09,0.46,0.63,2026-08-29,712,N,VIIRS,l,2.0NRT,303.31,4.03,D,VIIRS_SNPP_NRT,,,305.0647489342352,31.66,78.4,1,unknown_other,0.01,0.0,0.0,0.0034999999999999,0.0034999999999999,insufficient_evidence,Unnamed industrial facility,Industrial area,28.9834732,77.6894562,4.03,1.0,0.0,0.2,0.27940234791889,Low,0.6382070437566703,No nearby industrial zone,0.0049999999999998,,C127
8.57969,77.66151,339.99,0.48,0.48,2026-08-29,845,N,VIIRS,n,2.0NRT,295.44,3.72,D,VIIRS_SNPP_NRT,,,507.2844004533142,8.58,77.66,1,unknown_other,0.06,0.0,0.0,0.0209999999999999,0.0209999999999999,insufficient_evidence,Unnamed industrial facility,Thermal power plant,12.5982666,79.8590477,3.72,1.0,0.0,0.2,0.2680184987548915,Low,0.6040554962646745,No nearby industrial zone,0.0299999999999998,,
8.60485,77.9724,339.73,0.5,0.49,2026-08-29,845,N,VIIRS,n,2.0NRT,288.68,3.44,D,VIIRS_SNPP_NRT,,,489.5707778088537,8.6,77.97,1,unknown_other,0.03,0.0,0.0,0.0104999999999999,0.0104999999999999,insufficient_evidence,Unnamed industrial facility,Thermal power plant,12.5982666,79.8590477,3.44,1.0,0.0,0.2,0.2591248665955176,Low,0.5773745997865528,No nearby industrial zone,0.0149999999999998,,C128
8.60874,77.96722,336.02,0.5,0.49,2026-08-29,845,N,VIIRS,n,2.0NRT,287.79,2.7,D,VIIRS_SNPP_NRT,,,489.4167816420704,8.61,77.97,1,unknown_other,0.01,0.0,0.0,0.0034999999999999,0.0034999999999999,insufficient_evidence,Unnamed industrial facility,Thermal power plant,12.5982666,79.8590477,2.7,1.0,0.0,0.2,0.2224831020988971,Low,0.4674493062966915,No nearby industrial zone,0.0049999999999998,,C128
8.64795,77.83846,336.15,0.49,0.49,2026-08-29,845,N,VIIRS,n,2.0NRT,293.65,2.82,D,VIIRS_SNPP_NRT,,,491.618476328426,8.65,77.84,1,unknown_other,0.01,0.0,0.0,0.0034999999999999,0.0034999999999999,insufficient_evidence,Unnamed industrial facility,Thermal power plant,12.5982666,79.8590477,2.37,1.1898734177215189,0.0949367088607594,0.2,0.2594648510147747,Low,0.4834578441835646,No nearby industrial zone,0.0049999999999998,,C129
8.65245,77.83784,330.16,0.49,0.49,2026-08-29,845,N,VIIRS,n,2.0NRT,291.93,1.92,D,VIIRS_SNPP_NRT,,,491.20121833724863,8.65,77.84,1,unknown_other,0.01,0.0,0.0,0.0034999999999999,0.0034999999999999,insufficient_evidence,Unnamed industrial facility,Thermal power plant,12.5982666,79.8590477,2.37,0.810126582278481,0.0,0.2,0.1774813233724653,Low,0.3324439701173959,No nearby industrial zone,0.0049999999999998,,C129
8.74677,78.08665,332.55,0.51,0.49,2026-08-29,845,N,VIIRS,n,2.0NRT,287.41,2.69,D,VIIRS_SNPP_NRT,,,470.00618199058545,8.75,78.09,1,unknown_other,0.01,0.0,0.0,0.0034999999999999,0.0034999999999999,insufficient_evidence,Unnamed industrial facility,Thermal power plant,12.5982666,79.8590477,2.69,1.0,0.0,0.2,0.2217716115261472,Low,0.4653148345784418,No nearby industrial zone,0.0049999999999998,,C43
9.38294,80.44886,345.5,0.38,0.58,2026-08-29,845,N,VIIRS,n,2.0NRT,283.23,5.38,D,VIIRS_SNPP_NRT,,,348.3992327397477,9.38,80.45,1,unknown_other,0.02,0.0,0.0,0.0069999999999999,0.0069999999999999,insufficient_evidence,TNSTC Bus Depot,Industrial area,12.5026914,80.1531349,5.1,1.0549019607843138,0.0274509803921568,0.2,0.3283961467902706,Low,0.7577374599786553,No nearby industrial zone,0.0099999999999998,,C130
9.38339,80.4523,329.01,0.38,0.58,2026-08-29,845,N,VIIRS,n,2.0NRT,282.56,4.82,D,VIIRS_SNPP_NRT,,,348.3844058432982,9.38,80.45,1,unknown_other,0.04,0.0,0.0,0.0139999999999999,0.0139999999999999,insufficient_evidence,TNSTC Bus Depot,Industrial area,12.5026914,80.1531349,5.1,0.9450980392156864,0.0,0.2,0.3078619708288865,Low,0.7235859124866596,No nearby industrial zone,0.0199999999999998,,C130
9.41203,80.44762,328.29,0.38,0.59,2026-08-29,845,N,VIIRS,n,2.0NRT,287.77,3.19,D,VIIRS_SNPP_NRT,,,345.1658453687112,9.41,80.45,1,unknown_other,0.03,0.0,0.0,0.0104999999999999,0.0104999999999999,insufficient_evidence,TNSTC Bus Depot,Industrial area,12.5026914,80.1531349,3.19,1.0,0.0,0.2,0.2464959089292066,Low,0.53948772678762,No nearby industrial zone,0.0149999999999998,,C131
9.41747,80.44695,343.39,0.38,0.59,2026-08-29,845,N,VIIRS,n,2.0NRT,286.81,3.19,D,VIIRS_SNPP_NRT,,,344.55673747691316,9.42,80.45,1,unknown_other,0.02,0.0,0.0,0.0069999999999999,0.0069999999999999,insufficient_evidence,TNSTC Bus Depot,Industrial area,12.5026914,80.1531349,3.19,1.0,0.0,0.2,0.2464959089292066,Low,0.53948772678762,No nearby industrial zone,0.0099999999999998,,C131
9.50563,77.60714,335.3,0.49,0.48,2026-08-29,845,N,VIIRS,n,2.0NRT,295.79,4.45,D,VIIRS_SNPP_NRT,,,421.77067655831655,9.51,77.61,1,unknown_other,0.31,0.0,0.0,0.1085,0.1085,insufficient_evidence,"SIPCOT Mamandur, Cheyyar",Industrial area,12.7230991,79.6546488,4.45,1.0,0.0,0.2,0.2961223763785129,Low,0.688367129135539,No nearby industrial zone,0.155,,C40
10.93459,78.47301,337.47,0.58,0.52,2026-08-29,845,N,VIIRS,n,2.0NRT,299.46,5.59,D,VIIRS_SNPP_NRT,,,236.82792125677403,10.93,78.47,1,unknown_other,0.0,0.0,0.0,0.0,0.0,insufficient_evidence,"SIPCOT Mamandur, Cheyyar",Industrial area,12.7230991,79.6546488,5.59,1.0,0.0,0.2,0.3263607257203841,Low,0.7790821771611526,No nearby industrial zone,0.0,,
11.74922,79.71774,333.73,0.36,0.58,2026-08-29,845,N,VIIRS,n,2.0NRT,294.78,2.57,D,VIIRS_SNPP_NRT,,,95.65088447584736,11.75,79.72,1,unknown_other,0.0,0.0,0.0,0.0,0.0,insufficient_evidence,Unnamed industrial facility,Thermal power plant,12.5982666,79.8590477,2.57,1.0,0.0,0.2,0.2162575595873354,Low,0.4487726787620064,No nearby industrial zone,0.0,,
11.83292,79.64937,332.56,0.36,0.57,2026-08-29,845,N,VIIRS,n,2.0NRT,295.44,2.65,D,VIIRS_SNPP_NRT,,,88.10056988862821,11.83,79.65,1,unknown_other,0.0,0.0,0.0,0.0,0.0,insufficient_evidence,Unnamed industrial facility,Thermal power plant,12.5982666,79.8590477,2.65,1.0,0.0,0.2,0.2201707577374599,Low,0.4605122732123799,No nearby industrial zone,0.0,,
12.17967,79.73842,344.66,0.37,0.58,2026-08-29,845,N,VIIRS,n,2.0NRT,295.14,7.67,D,VIIRS_SNPP_NRT,,,48.35436295913602,12.18,79.74,1,unknown_other,0.0,0.0,0.0,0.0,0.0,insufficient_evidence,Unnamed industrial facility,Thermal power plant,12.5982666,79.8590477,7.67,1.0,0.0,0.2,0.3590892920668801,Low,0.8772678762006404,No nearby industrial zone,0.0,,
13.51015,78.18242,335.03,0.6,0.53,2026-08-29,848,N,VIIRS,n,2.0NRT,295.74,6.93,D,VIIRS_SNPP_NRT,,,142.98058143395593,13.51,78.18,1,unknown_other,0.05,0.0,0.0,0.0174999999999999,0.0174999999999999,insufficient_evidence,Unnamed industrial facility,Thermal power plant,13.6229492,79.5000853,6.93,1.0,0.0,0.2,0.351262895766631,Low,0.8537886872998933,No nearby industrial zone,0.0249999999999998,,
14.14709,77.40031,330.17,0.55,0.51,2026-08-29,848,N,VIIRS,n,2.0NRT,296.0,1.36,D,VIIRS_SNPP_NRT,,,232.78991113028977,14.15,77.4,1,unknown_other,0.0,0.0,0.0,0.0,0.0,insufficient_evidence,Amararaja Batteries Small Batteries Division,Industrial works,13.6747828,79.5015075,1.36,1.0,0.0,0.2,0.135325506937033,Low,0.2059765208110992,No nearby industrial zone,0.0,,
14.20221,79.16484,336.34,0.36,0.57,2026-08-29,848,N,VIIRS,n,2.0NRT,292.66,2.54,D,VIIRS_SNPP_NRT,,,54.32483263395011,14.2,79.16,1,unknown_other,0.02,0.0,0.0,0.0069999999999999,0.0069999999999999,insufficient_evidence,"APSRTC Bus Depot , Venkatagiri",Industrial area,13.9451361,79.5931469,2.54,1.0,0.0,0.2,0.2132337246531483,Low,0.439701173959445,No nearby industrial zone,0.0099999999999998,,
14.78831,79.94443,332.64,0.41,0.61,2026-08-29,848,N,VIIRS,n,2.0NRT,290.36,6.21,D,VIIRS_SNPP_NRT,,,91.5645643126603,14.79,79.94,1,unknown_other,0.04,0.0,0.0,0.0139999999999999,0.0139999999999999,insufficient_evidence,Unnamed industrial facility,Industrial area,13.9662446,79.8949777,6.21,1.0,0.0,0.2,0.3413020277481323,Low,0.823906083244397,No nearby industrial zone,0.0199999999999998,,
15.46434,80.16425,349.37,0.43,0.62,2026-08-29,848,N,VIIRS,n,2.0NRT,293.78,5.8,D,VIIRS_SNPP_NRT,,,169.07897894161988,15.46,80.16,1,unknown_other,0.01,0.0,0.0,0.0034999999999999,0.0034999999999999,insufficient_evidence,Unnamed industrial facility,Industrial area,13.9662446,79.8949777,5.8,1.0,0.0,0.2,0.3347207399501956,Low,0.804162219850587,No nearby industrial zone,0.0049999999999998,,C132
15.47011,80.16361,333.26,0.43,0.62,2026-08-29,848,N,VIIRS,n,2.0NRT,289.99,5.8,D,VIIRS_SNPP_NRT,,,169.69933152047668,15.47,80.16,1,unknown_other,0.01,0.0,0.0,0.0034999999999999,0.0034999999999999,insufficient_evidence,Unnamed industrial facility,Industrial area,13.9662446,79.8949777,5.8,1.0,0.0,0.2,0.3347207399501956,Low,0.804162219850587,No nearby industrial zone,0.0049999999999998,,C132
29.2909,88.86868,,1.05,1.02,2026-08-25,310,Terra,MODIS,50,6.1NRT,,5.2,D,MODIS_NRT,309.15,291.71,574.530969362677,29.29,88.87,1,unknown_other,0.07,0.0,0.0,0.0245,0.0245,insufficient_evidence,Unnamed industrial facility,Industrial area,24.4084165,86.9728066,5.2,1.0,0.0,0.2,0.3142653859836357,Low,0.7427961579509071,No nearby industrial zone,0.035,,
18.57152,72.2374,,1.13,1.06,2026-08-25,1028,Aqua,MODIS,49,6.1NRT,,6.71,D,MODIS_NRT,311.54,294.49,67.01985722261898,18.57,72.24,1,unknown_other,0.08,0.0,0.0,0.0279999999999999,0.0279999999999999,insufficient_evidence,Unnamed industrial facility,Industrial area,18.7021815,72.8583522,6.71,1.0,0.0,0.2,0.3494841693347563,Low,0.848452508004269,No nearby industrial zone,0.0399999999999998,,C32
31.74129,72.21106,,1.02,1.01,2026-08-25,1032,Aqua,MODIS,61,6.1NRT,,11.35,D,MODIS_NRT,324.13,305.42,522.1786809594189,31.74,72.21,1,unknown_other,0.1,0.0,0.0,0.0349999999999999,0.0349999999999999,insufficient_evidence,Unnamed industrial facility,Industrial area,28.8672971,76.5139469,11.35,1.0,0.0,0.2,0.3786552828175026,Low,0.935965848452508,No nearby industrial zone,0.0499999999999998,,C51
31.74274,72.22147,,1.02,1.01,2026-08-25,1032,Aqua,MODIS,39,6.1NRT,,7.45,D,MODIS_NRT,320.07,304.66,521.4853490365361,31.74,72.22,1,unknown_other,0.1,0.0,0.0,0.0349999999999999,0.0349999999999999,insufficient_evidence,Unnamed industrial facility,Industrial area,28.8672971,76.5139469,7.45,1.0,0.0,0.2,0.3576663109213802,Low,0.8729989327641409,No nearby industrial zone,0.0499999999999998,,C51
25.94186,72.1828,,1.08,1.04,2026-08-25,1544,Terra,MODIS,71,6.1NRT,,5.22,N,MODIS_NRT,309.57,297.86,272.20945674020527,25.94,72.18,1,unknown_other,0.07,0.0,0.0,0.0245,0.0245,insufficient_evidence,Unnamed industrial facility,Industrial area,23.5020392,72.4034657,5.22,1.0,0.0,0.2,0.3147990039131981,Low,0.7443970117395945,No nearby industrial zone,0.035,,C8
25.94316,72.19324,,1.08,1.04,2026-08-25,1544,Terra,MODIS,100,6.1NRT,,21.39,N,MODIS_NRT,325.59,298.21,272.26927220007826,25.94,72.19,3,unknown_other,0.1,0.0,0.3,0.0349999999999999,0.3349999999999999,insufficient_evidence,Unnamed industrial facility,Industrial area,23.5020392,72.4034657,5.398888888888889,3.961926322288537,1.0,0.6,0.8616862326574173,Critical,0.985058697972252,No nearby industrial zone,0.0499999999999998,,C8
11.40139,77.46828,,1.04,1.02,2026-08-25,2240,Aqua,MODIS,17,6.1NRT,,3.37,N,MODIS_NRT,300.3,287.22,279.49804236701846,11.4,77.47,1,unknown_other,0.06,0.0,0.0,0.0209999999999999,0.0209999999999999,insufficient_evidence,"SIPCOT Mamandur, Cheyyar",Industrial area,12.7230991,79.6546488,3.37,1.0,0.0,0.2,0.2550337958022056,Low,0.5651013874066169,No nearby industrial zone,0.0299999999999998,,
12.75397,76.88705,,1.27,1.12,2026-08-26,353,Terra,MODIS,63,6.1NRT,,5.22,D,MODIS_NRT,309.63,290.77,297.51181928078694,12.75,76.89,1,unknown_other,0.07,0.0,0.0,0.0245,0.0245,insufficient_evidence,Unnamed industrial facility,Industrial area,13.0778375,79.6119225,5.22,1.0,0.0,0.2,0.3147990039131981,Low,0.7443970117395945,No nearby industrial zone,0.035,,
21.75373,83.84193,,1.66,1.27,2026-08-26,928,Aqua,MODIS,56,6.1NRT,,11.49,D,MODIS_NRT,313.6,292.64,17.594448238244,21.75,83.84,3,unknown_other,0.1,0.0,0.3,0.0349999999999999,0.3349999999999999,insufficient_evidence,Unnamed industrial facility,Industrial area,21.8219423,83.9956863,4.588888888888889,2.503874092009686,0.7519370460048427,0.6,0.7633457887252,Critical,0.9381003201707576,No nearby industrial zone,0.0499999999999998,,C5
20.8637,84.9892,,1.05,1.02,2026-08-26,1444,Terra,MODIS,66,6.1NRT,,5.94,N,MODIS_NRT,307.93,292.22,1.3130269791519271,20.86,84.99,2,industrial,0.12,0.35,0.2,0.0419999999999999,0.5920000000000001,industrial_fire,Angul Steel Plant,Industrial area,20.8753652,84.9872383,3.7275,1.5935613682092555,0.2967806841046277,0.4,0.502626645679842,Moderate,0.8110992529348986,Within known industrial zone,0.5599999999999999,Moderate,C16
20.95059,86.05023,,1.0,1.0,2026-08-26,1444,Terra,MODIS,59,6.1NRT,,4.14,N,MODIS_NRT,307.47,293.62,0.3289172669797148,20.95,86.05,1,possible_industrial,0.07,0.35,0.0,0.0245,0.3745,industrial_fire,Unnamed industrial facility,Industrial area,20.952929,86.052169,4.14,1.0,0.0,0.2,0.2840270366417645,Low,0.6520811099252934,Within known industrial zone,0.535,Moderate,
20.96287,86.01005,,1.0,1.0,2026-08-26,1444,Terra,MODIS,57,6.1NRT,,4.14,N,MODIS_NRT,307.72,293.5,0.9099171360287984,20.96,86.01,1,possible_industrial,0.07,0.35,0.0,0.0245,0.3745,industrial_fire,TATA Steel,Industrial area,20.9710485,86.0097568,4.14,1.0,0.0,0.2,0.2840270366417645,Low,0.6520811099252934,Within known industrial zone,0.535,Moderate,C71
20.96317,85.17108,,1.04,1.02,2026-08-26,1444,Terra,MODIS,87,6.1NRT,,8.83,N,MODIS_NRT,313.74,294.04,3.2034847295808984,20.96,85.17,1,unknown_other,0.11,0.15,0.0,0.0385,0.1885,industrial_fire,Unnamed industrial facility,Industrial area,20.9405288,85.1520038,5.51,1.602540834845735,0.3012704174228675,0.2,0.465738307052731,Moderate,0.8959445037353255,Adjacent to industrial zone,0.2692857142857143,Low,C11
20.96456,85.18073,,1.04,1.02,2026-08-26,1444,Terra,MODIS,79,6.1NRT,,6.52,N,MODIS_NRT,310.58,293.65,3.1667740533053252,20.96,85.18,1,unknown_other,0.08,0.15,0.0,0.0279999999999999,0.178,industrial_fire,Unnamed industrial facility,Industrial area,20.959367,85.2107166,6.52,1.0,0.0,0.2,0.3445037353255069,Low,0.8335112059765208,Adjacent to industrial zone,0.2542857142857141,Low,C11
20.96594,85.19036,,1.04,1.02,2026-08-26,1444,Terra,MODIS,76,6.1NRT,,6.02,N,MODIS_NRT,309.52,293.26,2.236530099634426,20.97,85.19,1,unknown_other,0.09,0.15,0.0,0.0315,0.1815,industrial_fire,Unnamed industrial facility,Industrial area,20.959367,85.2107166,6.02,1.0,0.0,0.2,0.3382781928139451,Low,0.8148345784418356,Adjacent to industrial zone,0.2592857142857143,Low,C11
20.97398,85.17289,,1.04,1.02,2026-08-26,1444,Terra,MODIS,86,6.1NRT,,8.78,N,MODIS_NRT,313.08,293.4,4.250479163218019,20.97,85.17,1,unknown_other,0.11,0.15,0.0,0.0385,0.1885,industrial_fire,Unnamed industrial facility,Industrial area,20.959367,85.2107166,8.78,1.0,0.0,0.2,0.3647812166488793,Low,0.8943436499466382,Adjacent to industrial zone,0.2692857142857143,Low,C11
20.97351,85.18336,,3.08,1.67,2026-08-26,2138,Aqua,MODIS,26,6.1NRT,,17.78,N,MODIS_NRT,301.97,287.51,3.246792938968159,20.97,85.18,1,unknown_other,0.1,0.15,0.0,0.0349999999999999,0.185,industrial_fire,Unnamed industrial facility,Industrial area,20.959367,85.2107166,10.44,1.7030651340996168,0.3515325670498084,0.2,0.5086396354769371,Moderate,0.9743863393810032,Adjacent to industrial zone,0.2642857142857141,Low,C11
29.65053,76.97887,,1.75,1.3,2026-08-26,2312,Aqua,MODIS,57,6.1NRT,,8.3,N,MODIS_NRT,303.85,289.32,73.77790714744363,29.65,76.98,1,unknown_other,0.1,0.0,0.0,0.0349999999999999,0.0349999999999999,insufficient_evidence,Unnamed industrial facility,Industrial area,28.9891016,77.0389675,8.3,1.0,0.0,0.2,0.3622909996442547,Low,0.8868729989327642,No nearby industrial zone,0.0499999999999998,,
8.27984,81.00748,,1.06,1.03,2026-08-27,1004,Aqua,MODIS,71,6.1NRT,,9.04,D,MODIS_NRT,318.85,299.66,478.76203449681253,8.28,81.01,1,unknown_other,0.11,0.0,0.0,0.0385,0.0385,insufficient_evidence,TNSTC Bus Depot,Industrial area,12.5026914,80.1531349,9.04,1.0,0.0,0.2,0.367627178939879,Low,0.9028815368196372,No nearby industrial zone,0.055,,
8.53286,80.78808,,1.07,1.03,2026-08-27,1004,Aqua,MODIS,60,6.1NRT,,5.66,D,MODIS_NRT,316.03,297.36,446.84744687831346,8.53,80.79,1,unknown_other,0.09,0.0,0.0,0.0315,0.0315,insufficient_evidence,TNSTC Bus Depot,Industrial area,12.5026914,80.1531349,5.66,1.0,0.0,0.2,0.3279615795090714,Low,0.7838847385272145,No nearby industrial zone,0.045,,C133
8.60111,80.3784,,1.12,1.05,2026-08-27,1004,Aqua,MODIS,49,6.1NRT,,6.2,D,MODIS_NRT,315.77,297.09,434.534054623514,8.6,80.38,1,unknown_other,0.08,0.0,0.0,0.0279999999999999,0.0279999999999999,insufficient_evidence,TNSTC Bus Depot,Industrial area,12.5026914,80.1531349,6.2,1.0,0.0,0.2,0.3409462824617573,Low,0.8228388473852721,No nearby industrial zone,0.0399999999999998,,
9.37137,80.64022,,1.07,1.03,2026-08-27,1004,Aqua,MODIS,58,6.1NRT,,6.65,D,MODIS_NRT,318.66,299.87,352.22336672049346,9.37,80.64,1,unknown_other,0.08,0.0,0.0,0.0279999999999999,0.0279999999999999,insufficient_evidence,TNSTC Bus Depot,Industrial area,12.5026914,80.1531349,6.65,1.0,0.0,0.2,0.3489505514051938,Low,0.8468516542155816,No nearby industrial zone,0.0399999999999998,,
9.38066,77.55781,,1.64,1.26,2026-08-27,1004,Aqua,MODIS,34,6.1NRT,,12.51,D,MODIS_NRT,319.37,295.85,436.44121707105506,9.38,77.56,1,unknown_other,0.1,0.0,0.0,0.0349999999999999,0.0349999999999999,insufficient_evidence,"SIPCOT Mamandur, Cheyyar",Industrial area,12.7230991,79.6546488,12.51,1.0,0.0,0.2,0.3825684809676271,Low,0.9477054429028816,No nearby industrial zone,0.0499999999999998,,
11.17951,78.23668,,1.37,1.16,2026-08-27,1004,Aqua,MODIS,30,6.1NRT,,10.52,D,MODIS_NRT,318.15,296.1,230.76486493029464,11.18,78.24,1,unknown_other,0.1,0.0,0.0,0.0349999999999999,0.0349999999999999,insufficient_evidence,"SIPCOT Mamandur, Cheyyar",Industrial area,12.7230991,79.6546488,10.52,1.0,0.0,0.2,0.3756314478833155,Low,0.9268943436499466,No nearby industrial zone,0.0499999999999998,,
21.74315,83.8423,,1.52,1.22,2026-08-27,1006,Aqua,MODIS,50,6.1NRT,,18.05,D,MODIS_NRT,314.86,277.11,18.099776033744664,21.74,83.84,4,unknown_other,0.1,0.0,0.3,0.0349999999999999,0.3349999999999999,insufficient_evidence,Unnamed industrial facility,Industrial area,21.8219423,83.9956863,8.193333333333333,2.203010577705452,0.6015052888527259,0.8,0.7923196213642847,Critical,0.975453575240128,No nearby industrial zone,0.0499999999999998,,C5
18.53371,74.40224,,1.2,1.09,2026-08-27,1522,Terra,MODIS,63,6.1NRT,,7.22,N,MODIS_NRT,305.2,290.52,97.03118816956018,18.53,74.4,1,unknown_other,0.09,0.0,0.0,0.0315,0.0315,insufficient_evidence,Pawana Hydroelectric Power Station,Thermal power plant,18.68142,73.494772,7.22,1.0,0.0,0.2,0.3537531127712557,Low,0.8612593383137673,No nearby industrial zone,0.045,,
18.58396,74.44306,,1.19,1.08,2026-08-27,1522,Terra,MODIS,77,6.1NRT,,10.03,N,MODIS_NRT,309.16,291.68,100.5038996057908,18.58,74.44,1,unknown_other,0.11,0.0,0.0,0.0385,0.0385,insufficient_evidence,Pawana Hydroelectric Power Station,Thermal power plant,18.68142,73.494772,10.03,1.0,0.0,0.2,0.3718961223763785,Low,0.9156883671291356,No nearby industrial zone,0.055,,
29.92134,74.95511,,4.5,1.95,2026-08-27,2212,Aqua,MODIS,55,6.1NRT,,34.97,N,MODIS_NRT,303.46,292.84,191.1603949346475,29.92,74.96,1,unknown_other,0.1,0.0,0.0,0.0349999999999999,0.0349999999999999,insufficient_evidence,Unnamed industrial facility,Industrial area,28.8672971,76.5139469,34.97,1.0,0.0,0.2,0.399644254713625,Low,0.9989327641408752,No nearby industrial zone,0.0499999999999998,,C3
15.33159,79.23282,,1.0,1.0,2026-08-28,332,Terra,MODIS,59,6.1NRT,,6.62,D,MODIS_NRT,316.58,299.11,158.96560838090016,15.33,79.23,1,unknown_other,0.08,0.0,0.0,0.0279999999999999,0.0279999999999999,insufficient_evidence,"APSRTC Bus Depot , Venkatagiri",Industrial area,13.9451361,79.5931469,6.62,1.0,0.0,0.2,0.3480611881892564,Low,0.8441835645677694,No nearby industrial zone,0.0399999999999998,,
15.91515,79.33801,,1.0,1.0,2026-08-28,332,Terra,MODIS,62,6.1NRT,,5.79,D,MODIS_NRT,318.43,299.97,220.76383790057477,15.92,79.34,1,unknown_other,0.09,0.0,0.0,0.0315,0.0315,insufficient_evidence,"APSRTC Bus Depot , Venkatagiri",Industrial area,13.9451361,79.5931469,5.79,1.0,0.0,0.2,0.3341871220206331,Low,0.8025613660618997,No nearby industrial zone,0.045,,
16.02722,79.71971,,1.0,1.0,2026-08-28,332,Terra,MODIS,65,6.1NRT,,8.95,D,MODIS_NRT,321.31,299.61,229.9417984228561,16.03,79.72,1,unknown_other,0.11,0.0,0.0,0.0385,0.0385,insufficient_evidence,Unnamed industrial facility,Industrial area,13.9662446,79.8949777,8.95,1.0,0.0,0.2,0.367271433653504,Low,0.9018143009605124,No nearby industrial zone,0.055,,
16.065,79.70681,,1.0,1.0,2026-08-28,332,Terra,MODIS,58,6.1NRT,,5.6,D,MODIS_NRT,317.81,300.26,234.2441985611165,16.07,79.71,1,unknown_other,0.08,0.0,0.0,0.0279999999999999,0.0279999999999999,insufficient_evidence,Unnamed industrial facility,Industrial area,13.9662446,79.8949777,5.6,1.0,0.0,0.2,0.3267164710067591,Low,0.7801494130202775,No nearby industrial zone,0.0399999999999998,,
8.70113,77.97204,,1.0,1.0,2026-08-28,334,Terra,MODIS,72,6.1NRT,,6.27,D,MODIS_NRT,319.8,300.36,479.8854624483683,8.7,77.97,1,unknown_other,0.08,0.0,0.0,0.0279999999999999,0.0279999999999999,insufficient_evidence,Unnamed industrial facility,Thermal power plant,12.5982666,79.8590477,6.27,1.0,0.0,0.2,0.3423692636072571,Low,0.8271077908217717,No nearby industrial zone,0.0399999999999998,,C20
8.70993,77.97327,,1.0,1.0,2026-08-28,334,Terra,MODIS,84,6.1NRT,,19.0,D,MODIS_NRT,331.28,301.53,478.9430152393835,8.71,77.97,1,unknown_other,0.1,0.0,0.0,0.0349999999999999,0.0349999999999999,insufficient_evidence,Unnamed industrial facility,Thermal power plant,12.5982666,79.8590477,11.13,1.707097933513028,0.353548966756514,0.2,0.5110904951443804,Moderate,0.9797225186766276,No nearby industrial zone,0.0499999999999998,,C20
8.94464,78.01625,,1.0,1.0,2026-08-28,334,Terra,MODIS,72,6.1NRT,,7.27,D,MODIS_NRT,321.99,304.25,453.3840767147507,8.94,78.02,1,unknown_other,0.09,0.0,0.0,0.0315,0.0315,insufficient_evidence,Unnamed industrial facility,Thermal power plant,12.5982666,79.8590477,7.27,1.0,0.0,0.2,0.3546424759871931,Low,0.8639274279615795,No nearby industrial zone,0.045,,
9.3496,77.55766,,1.01,1.0,2026-08-28,334,Terra,MODIS,70,6.1NRT,,6.5,D,MODIS_NRT,321.0,303.45,439.40052445698086,9.35,77.56,1,unknown_other,0.08,0.0,0.0,0.0279999999999999,0.0279999999999999,insufficient_evidence,"SIPCOT Mamandur, Cheyyar",Industrial area,12.7230991,79.6546488,6.5,1.0,0.0,0.2,0.3441479900391319,Low,0.8324439701173959,No nearby industrial zone,0.0399999999999998,,
10.14434,77.74384,,1.01,1.0,2026-08-28,334,Terra,MODIS,79,6.1NRT,,18.76,D,MODIS_NRT,330.28,303.05,354.3793135551672,10.14,77.74,1,unknown_other,0.1,0.0,0.0,0.0349999999999999,0.0349999999999999,insufficient_evidence,"SIPCOT Mamandur, Cheyyar",Industrial area,12.7230991,79.6546488,18.76,1.0,0.0,0.2,0.3928850942725008,Low,0.9786552828175028,No nearby industrial zone,0.0499999999999998,,
11.24578,78.18089,,1.0,1.0,2026-08-28,334,Terra,MODIS,63,6.1NRT,,5.5,D,MODIS_NRT,316.5,295.56,229.521324477074,11.25,78.18,1,unknown_other,0.08,0.0,0.0,0.0279999999999999,0.0279999999999999,insufficient_evidence,"SIPCOT Mamandur, Cheyyar",Industrial area,12.7230991,79.6546488,5.5,1.0,0.0,0.2,0.3231590181430095,Low,0.7694770544290288,No nearby industrial zone,0.0399999999999998,,
12.10217,76.99417,,1.08,1.04,2026-08-28,334,Terra,MODIS,51,6.1NRT,,5.61,D,MODIS_NRT,309.2,292.99,297.0188555731782,12.1,76.99,1,unknown_other,0.08,0.0,0.0,0.0279999999999999,0.0279999999999999,insufficient_evidence,Axiles India,Industrial works,12.7841937,79.6389405,5.61,1.0,0.0,0.2,0.3272500889363215,Low,0.7817502668089648,No nearby industrial zone,0.0399999999999998,,
13.82107,79.2636,,1.0,1.0,2026-08-28,334,Terra,MODIS,59,6.1NRT,,15.31,D,MODIS_NRT,321.69,297.73,30.41201337326609,13.82,79.26,2,unknown_other,0.1,0.0,0.2,0.0349999999999999,0.235,insufficient_evidence,Amararaja Batteries Small Batteries Division,Industrial works,13.6747828,79.5015075,8.19,1.8693528693528696,0.4346764346764348,0.4,0.6001749623948129,High,0.9658484525080042,No nearby industrial zone,0.0499999999999998,,C15
22.0128,85.49667,,3.25,1.7,2026-08-28,907,Aqua,MODIS,48,6.1NRT,,22.53,D,MODIS_NRT,309.31,288.83,6.804787058028971,22.01,85.5,1,unknown_other,0.1,0.0,0.0,0.0349999999999999,0.0349999999999999,insufficient_evidence,Unnamed industrial facility,Industrial area,22.0111574,85.4306852,22.53,1.0,0.0,0.2,0.3971540377090003,Low,0.991462113127001,No nearby industrial zone,0.0499999999999998,,C134
22.02734,85.49293,,3.25,1.7,2026-08-28,907,Aqua,MODIS,52,6.1NRT,,24.28,D,MODIS_NRT,309.65,288.95,6.663990930880511,22.03,85.49,1,unknown_other,0.1,0.0,0.0,0.0349999999999999,0.0349999999999999,insufficient_evidence,Unnamed industrial facility,Industrial area,22.0111574,85.4306852,24.28,1.0,0.0,0.2,0.3975097829953752,Low,0.992529348986126,No nearby industrial zone,0.0499999999999998,,C134
28.63371,87.14172,,1.75,1.3,2026-08-28,909,Aqua,MODIS,80,6.1NRT,,20.07,D,MODIS_NRT,320.83,302.73,465.5127239527765,28.63,87.14,1,unknown_other,0.1,0.0,0.0,0.0349999999999999,0.0349999999999999,insufficient_evidence,Tapovan,Thermal power plant,24.4615525,86.7551064,20.07,1.0,0.0,0.2,0.3939523301316257,Low,0.9818569903948772,No nearby industrial zone,0.0499999999999998,,
8.89478,77.84936,,1.76,1.3,2026-08-28,1043,Aqua,MODIS,73,6.1NRT,,18.54,D,MODIS_NRT,323.55,301.87,466.6573414333563,8.89,77.85,1,unknown_other,0.1,0.0,0.0,0.0349999999999999,0.0349999999999999,insufficient_evidence,Unnamed industrial facility,Thermal power plant,12.5982666,79.8590477,18.54,1.0,0.0,0.2,0.3925293489861259,Low,0.9775880469583778,No nearby industrial zone,0.0499999999999998,,
15.17688,76.67044,,1.31,1.13,2026-08-28,2254,Aqua,MODIS,43,6.1NRT,,4.91,N,MODIS_NRT,301.97,291.29,342.92407082471897,15.18,76.67,4,unknown_other,0.05,0.0,0.3,0.0174999999999999,0.3175,insufficient_evidence,Unnamed industrial facility,Industrial area,13.8754547,79.558804,1.967857142857143,2.4950998185117967,0.7475499092558984,0.8,0.7588240003460607,Critical,0.7289220917822838,No nearby industrial zone,0.0249999999999998,,C1
15.17881,76.65878,,1.3,1.13,2026-08-28,2254,Aqua,MODIS,51,6.1NRT,,5.52,N,MODIS_NRT,302.66,291.39,344.1513465194551,15.18,76.66,3,unknown_other,0.08,0.0,0.3,0.0279999999999999,0.3279999999999999,insufficient_evidence,Unnamed industrial facility,Industrial area,13.8754547,79.558804,2.51,2.199203187250996,0.5996015936254979,0.6,0.6574267852106337,High,0.7726787620064034,No nearby industrial zone,0.0399999999999998,,C1
30.05835,82.70967,,3.3,1.72,2026-08-29,406,Terra,MODIS,23,6.1NRT,,20.26,D,MODIS_NRT,301.9,280.89,479.0269589274654,30.06,82.71,1,unknown_other,0.1,0.0,0.0,0.0349999999999999,0.0349999999999999,insufficient_evidence,Unnamed industrial facility,Industrial area,28.7648524,77.9919567,20.26,1.0,0.0,0.2,0.3943080754180006,Low,0.982924226254002,No nearby industrial zone,0.0499999999999998,,
29.45627,76.8924,327.41,0.63,0.72,2026-08-25,705,N20,VIIRS,n,2.0NRT,281.67,4.73,D,VIIRS_NOAA20_NRT,,,53.85876921824862,29.46,76.89,1,unknown_other,0.0,0.0,0.0,0.0,0.0,insufficient_evidence,Unnamed industrial facility,Industrial area,28.9891016,77.0389675,4.73,1.0,0.0,0.2,0.303593027392387,Low,0.7107790821771611,No nearby industrial zone,0.0,,C28
8.33277,81.0308,326.93,0.41,0.61,2026-08-25,839,N20,VIIRS,n,2.0NRT,273.5,1.13,D,VIIRS_NOAA20_NRT,,,473.4996898685783,8.33,81.03,1,unknown_other,0.16,0.0,0.0,0.0559999999999999,0.0559999999999999,insufficient_evidence,TNSTC Bus Depot,Industrial area,12.5026914,80.1531349,3.42,0.3304093567251461,0.0,0.2,0.1191390964069726,Low,0.1574172892209178,No nearby industrial zone,0.0799999999999998,,C77
8.35598,80.23265,349.37,0.36,0.57,2026-08-25,839,N20,VIIRS,n,2.0NRT,275.31,5.31,D,VIIRS_NOAA20_NRT,,,461.1752169259095,8.36,80.23,1,unknown_other,0.0,0.0,0.0,0.0,0.0,insufficient_evidence,TNSTC Bus Depot,Industrial area,12.5026914,80.1531349,5.6933333333333325,0.9326697892271664,0.0,0.2,0.3180007114905727,Low,0.7540021344717183,No nearby industrial zone,0.0,,C29
8.35643,80.23595,341.37,0.36,0.57,2026-08-25,839,N20,VIIRS,n,2.0NRT,273.67,5.31,D,VIIRS_NOAA20_NRT,,,461.1321310637016,8.36,80.24,1,unknown_other,0.0,0.0,0.0,0.0,0.0,insufficient_evidence,TNSTC Bus Depot,Industrial area,12.5026914,80.1531349,5.31,1.0,0.0,0.2,0.3180007114905727,Low,0.7540021344717183,No nearby industrial zone,0.0,,C29
8.4222,80.56379,333.08,0.38,0.59,2026-08-25,839,N20,VIIRS,n,2.0NRT,273.02,3.84,D,VIIRS_NOAA20_NRT,,,455.94544844075494,8.42,80.56,1,unknown_other,0.01,0.0,0.0,0.0034999999999999,0.0034999999999999,insufficient_evidence,TNSTC Bus Depot,Industrial area,12.5026914,80.1531349,6.733333333333334,0.5702970297029702,0.0,0.2,0.2735325506937033,Low,0.62059765208111,No nearby industrial zone,0.0049999999999998,,C47
8.66043,80.43851,332.98,0.38,0.58,2026-08-25,839,N20,VIIRS,n,2.0NRT,272.7,3.8,D,VIIRS_NOAA20_NRT,,,428.3766727101472,8.66,80.44,1,unknown_other,0.01,0.0,0.0,0.0034999999999999,0.0034999999999999,insufficient_evidence,TNSTC Bus Depot,Industrial area,12.5026914,80.1531349,3.675,1.034013605442177,0.0170068027210884,0.2,0.2770670132158164,Low,0.6141942369263608,No nearby industrial zone,0.0049999999999998,,C49
8.66442,80.46942,330.26,0.38,0.59,2026-08-25,839,N20,VIIRS,n,2.0NRT,273.41,3.42,D,VIIRS_NOAA20_NRT,,,428.19358673837047,8.66,80.47,1,unknown_other,0.06,0.0,0.0,0.0209999999999999,0.0209999999999999,insufficient_evidence,TNSTC Bus Depot,Industrial area,12.5026914,80.1531349,3.42,1.0,0.0,0.2,0.2585912486659552,Low,0.5757737459978656,No nearby industrial zone,0.0299999999999998,,
14.86755,79.73705,337.02,0.41,0.61,2026-08-25,841,N20,VIIRS,n,2.0NRT,291.31,3.45,D,VIIRS_NOAA20_NRT,,,101.6534465669053,14.87,79.74,1,unknown_other,0.02,0.0,0.0,0.0069999999999999,0.0069999999999999,insufficient_evidence,Unnamed industrial facility,Industrial area,13.9662446,79.8949777,6.574999999999999,0.5247148288973384,0.0,0.2,0.2594806118818926,Low,0.5784418356456777,No nearby industrial zone,0.0099999999999998,,C83
15.38928,75.22285,331.45,0.42,0.45,2026-08-25,841,N20,VIIRS,n,2.0NRT,297.05,3.57,D,VIIRS_NOAA20_NRT,,,409.5712191027757,15.39,75.22,1,unknown_other,0.0,0.0,0.0,0.0,0.0,insufficient_evidence,Pawana Hydroelectric Power Station,Thermal power plant,18.68142,73.494772,3.57,1.0,0.0,0.2,0.2641053006047669,Low,0.5923159018143009,No nearby industrial zone,0.0,,
17.08532,79.68513,332.03,0.43,0.62,2026-08-25,841,N20,VIIRS,n,2.0NRT,288.06,4.27,D,VIIRS_NOAA20_NRT,,,246.66979700336108,17.09,79.69,1,unknown_other,0.02,0.0,0.0,0.0069999999999999,0.0069999999999999,insufficient_evidence,Unnamed industrial facility,Industrial area,16.9963409,82.0034981,4.01,1.0648379052369077,0.0324189526184538,0.2,0.3001695334768734,Low,0.6680896478121665,No nearby industrial zone,0.0099999999999998,,C84
18.70882,74.45466,336.09,0.41,0.45,2026-08-25,841,N20,VIIRS,n,2.0NRT,295.12,3.57,D,VIIRS_NOAA20_NRT,,,101.14886974737075,18.71,74.45,1,unknown_other,0.01,0.0,0.0,0.0034999999999999,0.0034999999999999,insufficient_evidence,Pawana Hydroelectric Power Station,Thermal power plant,18.68142,73.494772,3.57,1.0,0.0,0.2,0.2641053006047669,Low,0.5923159018143009,No nearby industrial zone,0.0049999999999998,,
19.36854,71.35598,339.9,0.44,0.38,2026-08-25,843,N20,VIIRS,n,2.0NRT,292.71,5.54,D,VIIRS_NOAA20_NRT,,,150.55618714310378,19.37,71.36,1,unknown_other,0.02,0.0,0.0,0.0069999999999999,0.0069999999999999,insufficient_evidence,Rubber Art Industry,Industrial area,19.3683364,72.7911934,5.54,1.0,0.0,0.2,0.3247598719316968,Low,0.7742796157950907,No nearby industrial zone,0.0099999999999998,,
21.10028,72.63832,336.63,0.52,0.42,2026-08-25,843,N20,VIIRS,n,2.0NRT,288.5,6.64,D,VIIRS_NOAA20_NRT,,,1.2044402204645672,21.1,72.64,4,industrial,0.63,0.35,0.3,0.2204999999999999,0.8704999999999998,persistent_industrial_source,ArcelorMittal Nippon Steel India,Industrial works,21.1098624,72.6437334,5.69875,1.1651677999561303,0.0825838999780652,0.8,0.5759449001349866,Moderate,0.8452508004268944,Within known industrial zone,0.815,High,C2
21.10536,72.64783,332.66,0.52,0.42,2026-08-25,843,N20,VIIRS,n,2.0NRT,289.06,6.03,D,VIIRS_NOAA20_NRT,,,0.6566840799217386,21.11,72.65,3,industrial,0.07,0.35,0.3,0.0245,0.6744999999999999,persistent_industrial_source,ArcelorMittal Nippon Steel India,Industrial works,21.1098624,72.6437334,3.7816666666666663,1.5945350374614369,0.2972675187307184,0.6,0.5712343169870804,High,0.816435432230523,Within known industrial zone,0.535,Moderate,C2
22.93576,69.1861,331.31,0.4,0.37,2026-08-25,843,N20,VIIRS,n,2.0NRT,298.51,0.9,D,VIIRS_NOAA20_NRT,,,36.44344469954794,22.94,69.19,1,unknown_other,0.0,0.0,0.0,0.0,0.0,insufficient_evidence,Coastal Gujarat Power Ltd,Thermal power plant,22.819854,69.5188392,0.9,1.0,0.0,0.2,0.1009960868018498,Low,0.1029882604055496,No nearby industrial zone,0.0,,
24.96003,68.29343,346.04,0.39,0.36,2026-08-25,843,N20,VIIRS,n,2.0NRT,303.42,11.94,D,VIIRS_NOAA20_NRT,,,233.3711109706228,24.96,68.29,1,unknown_other,0.17,0.0,0.0,0.0595,0.0595,insufficient_evidence,Bhuj Sector 98,Industrial area,23.2653288,69.6499193,11.94,1.0,0.0,0.2,0.3815012451085022,Low,0.9445037353255068,No nearby industrial zone,0.085,,
25.38883,68.58194,333.09,0.4,0.37,2026-08-25,843,N20,VIIRS,n,2.0NRT,302.22,1.93,D,VIIRS_NOAA20_NRT,,,259.7324659971115,25.39,68.58,1,unknown_other,0.0,0.0,0.0,0.0,0.0,insufficient_evidence,Bhuj Sector 98,Industrial area,23.2653288,69.6499193,1.8233333333333333,1.0585009140767825,0.0292504570383912,0.2,0.1881208389345331,Low,0.3351120597652081,No nearby industrial zone,0.0,,C52
26.09337,68.87978,331.86,0.41,0.37,2026-08-25,845,N20,VIIRS,l,2.0NRT,304.79,3.11,D,VIIRS_NOAA20_NRT,,,323.9382080640362,26.09,68.88,1,unknown_other,0.0,0.0,0.0,0.0,0.0,insufficient_evidence,Bhuj Sector 95,Industrial area,23.2674703,69.6591112,2.145,1.44988344988345,0.2249417249417249,0.2,0.3172075404732821,Moderate,0.5266808964781217,No nearby industrial zone,0.0,,C53
26.83839,68.12151,331.51,0.4,0.37,2026-08-25,845,N20,VIIRS,l,2.0NRT,306.09,3.38,D,VIIRS_NOAA20_NRT,,,426.0797625595543,26.84,68.12,1,unknown_other,0.0,0.0,0.0,0.0,0.0,insufficient_evidence,Bhuj Sector 98,Industrial area,23.2653288,69.6499193,3.38,1.0,0.0,0.2,0.2562789043045179,Low,0.5688367129135539,No nearby industrial zone,0.0,,
28.42337,69.70033,334.43,0.45,0.39,2026-08-25,845,N20,VIIRS,l,2.0NRT,306.78,4.54,D,VIIRS_NOAA20_NRT,,,563.7442633423875,28.42,69.7,3,unknown_other,0.01,0.0,0.3,0.0034999999999999,0.3035,insufficient_evidence,Khisara,Thermal power plant,23.3634358,70.0532502,2.014,2.254220456802383,0.6271102284011916,0.6,0.6409826695168681,Critical,0.695837780149413,No nearby industrial zone,0.0049999999999998,,C12
29.82046,72.60643,332.85,0.44,0.46,2026-08-25,845,N20,VIIRS,l,2.0NRT,303.36,3.52,D,VIIRS_NOAA20_NRT,,,393.2724773012609,29.82,72.61,1,unknown_other,0.0,0.0,0.0,0.0,0.0,insufficient_evidence,Unnamed industrial facility,Industrial area,28.8672971,76.5139469,3.52,1.0,0.0,0.2,0.2617929562433297,Low,0.5853788687299893,No nearby industrial zone,0.0,,
29.94383,72.05908,331.82,0.41,0.45,2026-08-25,845,N20,VIIRS,l,2.0NRT,302.77,2.03,D,VIIRS_NOAA20_NRT,,,447.797296196978,29.94,72.06,1,unknown_other,0.03,0.0,0.0,0.0104999999999999,0.0104999999999999,insufficient_evidence,Unnamed industrial facility,Industrial area,28.8672971,76.5139469,2.03,1.0,0.0,0.2,0.1842404838135894,Low,0.3527214514407684,No nearby industrial zone,0.0149999999999998,,
30.1649,72.4173,342.06,0.43,0.46,2026-08-25,845,N20,VIIRS,n,2.0NRT,300.61,5.26,D,VIIRS_NOAA20_NRT,,,421.8147795469366,30.16,72.42,1,unknown_other,0.0,0.0,0.0,0.0,0.0,insufficient_evidence,Unnamed industrial facility,Industrial area,28.8672971,76.5139469,4.145,1.2689987937273826,0.1344993968636912,0.2,0.3605214994170326,Low,0.7470651013874067,No nearby industrial zone,0.0,,C31
30.89147,73.20195,332.29,0.49,0.49,2026-08-25,845,N20,VIIRS,l,2.0NRT,305.26,14.19,D,VIIRS_NOAA20_NRT,,,390.6403759678099,30.89,73.2,1,unknown_other,0.0,0.0,0.0,0.0,0.0,insufficient_evidence,Unnamed industrial facility,Industrial area,28.8672971,76.5139469,14.19,1.0,0.0,0.2,0.3861259338313767,Low,0.9583778014941302,No nearby industrial zone,0.0,,C135
30.89391,73.18082,333.16,0.49,0.49,2026-08-25,845,N20,VIIRS,l,2.0NRT,307.22,11.6,D,VIIRS_NOAA20_NRT,,,392.4593094180991,30.89,73.18,1,unknown_other,0.02,0.0,0.0,0.0069999999999999,0.0069999999999999,insufficient_evidence,Unnamed industrial facility,Industrial area,28.8672971,76.5139469,11.6,1.0,0.0,0.2,0.379900391319815,Low,0.9397011739594452,No nearby industrial zone,0.0099999999999998,,C135
31.02832,73.36803,330.66,0.5,0.49,2026-08-25,845,N20,VIIRS,l,2.0NRT,304.52,4.72,D,VIIRS_NOAA20_NRT,,,386.7632972483326,31.03,73.37,1,unknown_other,0.01,0.0,0.0,0.0034999999999999,0.0034999999999999,insufficient_evidence,Unnamed industrial facility,Industrial area,28.8672971,76.5139469,7.289999999999999,0.6474622770919067,0.0,0.2,0.3032372821060121,Low,0.7097118463180363,No nearby industrial zone,0.0049999999999998,,C136
31.02979,73.37043,330.64,0.5,0.49,2026-08-25,845,N20,VIIRS,l,2.0NRT,303.71,9.86,D,VIIRS_NOAA20_NRT,,,386.682003396397,31.03,73.37,1,unknown_other,0.0,0.0,0.0,0.0,0.0,insufficient_evidence,Unnamed industrial facility,Industrial area,28.8672971,76.5139469,7.289999999999999,1.3525377229080933,0.1762688614540466,0.2,0.4299409189549775,Low,0.9135538954108858,No nearby industrial zone,0.0,,C136
31.0935,72.58533,332.53,0.46,0.47,2026-08-25,845,N20,VIIRS,n,2.0NRT,299.98,3.13,D,VIIRS_NOAA20_NRT,,,452.1141022868091,31.09,72.59,1,unknown_other,0.0,0.0,0.0,0.0,0.0,insufficient_evidence,Unnamed industrial facility,Industrial area,28.8672971,76.5139469,3.13,1.0,0.0,0.2,0.2441835645677694,Low,0.5325506937033084,No nearby industrial zone,0.0,,
26.75963,83.19836,301.32,0.44,0.62,2026-08-25,1930,N20,VIIRS,n,2.0NRT,278.65,1.23,N,VIIRS_NOAA20_NRT,,,346.3307064650552,26.76,83.2,2,unknown_other,0.04,0.0,0.2,0.0139999999999999,0.214,insufficient_evidence,Unnamed industrial facility,Industrial area,24.4577097,85.5253187,1.08,1.1388888888888888,0.0694444444444444,0.4,0.2153573263765366,Moderate,0.1766275346851654,No nearby industrial zone,0.0199999999999998,,C137
17.60567,83.19904,306.36,0.34,0.56,2026-08-25,1932,N20,VIIRS,n,2.0NRT,285.52,1.83,N,VIIRS_NOAA20_NRT,,,0.3616816926030024,17.61,83.2,1,possible_industrial,0.13,0.35,0.0,0.0455,0.3954999999999999,industrial_fire,Unnamed industrial facility,Thermal power plant,17.6046541,83.1957982,1.83,1.0,0.0,0.2,0.1703664176449661,Low,0.3110992529348986,Within known industrial zone,0.565,Moderate,C138
17.6105,83.20296,318.58,0.34,0.56,2026-08-25,1932,N20,VIIRS,n,2.0NRT,287.06,1.83,N,VIIRS_NOAA20_NRT,,,0.4466493970433919,17.61,83.2,1,possible_industrial,0.17,0.35,0.0,0.0595,0.4095,industrial_fire,Unnamed industrial facility,Industrial works,17.6065831,83.2038941,1.83,1.0,0.0,0.2,0.1703664176449661,Low,0.3110992529348986,Within known industrial zone,0.585,Moderate,C138
21.19596,81.41667,327.82,0.5,0.66,2026-08-25,1932,N20,VIIRS,n,2.0NRT,281.6,2.93,N,VIIRS_NOAA20_NRT,,,1.1721860553865655,21.2,81.42,1,possible_industrial,0.06,0.35,0.0,0.0209999999999999,0.371,industrial_fire,Bhilai 500 MW Expansion Power Project,Thermal power plant,21.1882014,81.4243243,2.93,1.0,0.0,0.2,0.2349341871220206,Low,0.5048025613660619,Within known industrial zone,0.5299999999999999,Moderate,C139
21.19639,81.41189,307.28,0.5,0.66,2026-08-25,1932,N20,VIIRS,n,2.0NRT,281.28,2.93,N,VIIRS_NOAA20_NRT,,,1.5782632608466831,21.2,81.41,1,possible_industrial,0.05,0.35,0.0,0.0174999999999999,0.3675,industrial_fire,Bhilai 500 MW Expansion Power Project,Thermal power plant,21.1882014,81.4243243,2.93,1.0,0.0,0.2,0.2349341871220206,Low,0.5048025613660619,Within known industrial zone,0.5249999999999999,Moderate,C139
21.3352,78.96751,301.03,0.72,0.76,2026-08-25,1932,N20,VIIRS,n,2.0NRT,280.3,2.37,N,VIIRS_NOAA20_NRT,,,214.93010487949783,21.34,78.97,1,unknown_other,0.01,0.0,0.0,0.0034999999999999,0.0034999999999999,insufficient_evidence,BNC Mill (abandoned),Industrial area,21.1022781,81.0259007,2.37,1.0,0.0,0.2,0.2043400924937744,Low,0.4130202774813233,No nearby industrial zone,0.0049999999999998,,
21.37752,81.67648,303.65,0.48,0.65,2026-08-25,1932,N20,VIIRS,n,2.0NRT,277.68,1.85,N,VIIRS_NOAA20_NRT,,,0.6354916324646749,21.38,81.68,1,possible_industrial,0.03,0.35,0.0,0.0104999999999999,0.3605,industrial_fire,Unnamed industrial facility,Industrial area,21.3748409,81.6819012,1.475,1.2542372881355932,0.1271186440677966,0.2,0.2139844075032107,Low,0.3148345784418356,Within known industrial zone,0.5149999999999999,Moderate,C89
21.39248,81.64462,301.02,0.48,0.65,2026-08-25,1932,N20,VIIRS,n,2.0NRT,277.24,0.73,N,VIIRS_NOAA20_NRT,,,0.2354616351717072,21.39,81.64,1,possible_industrial,0.02,0.35,0.0,0.0069999999999999,0.357,industrial_fire,Unnamed industrial facility,Industrial area,21.3914025,81.6465778,0.73,1.0,0.0,0.2,0.0905016008537886,Low,0.071504802561366,Within known industrial zone,0.5099999999999999,Moderate,
21.74762,83.84057,298.87,0.35,0.57,2026-08-25,1932,N20,VIIRS,n,2.0NRT,279.45,0.68,N,VIIRS_NOAA20_NRT,,,18.022811566578916,21.75,83.84,3,unknown_other,0.16,0.0,0.3,0.0559999999999999,0.356,insufficient_evidence,Unnamed industrial facility,Industrial area,21.8219423,83.9956863,4.588888888888889,0.14818401937046,0.0,0.6,0.2199217360369975,Moderate,0.0597652081109925,No nearby industrial zone,0.0799999999999998,,C5
22.35725,87.29079,305.1,0.43,0.46,2026-08-25,1932,N20,VIIRS,n,2.0NRT,287.79,1.92,N,VIIRS_NOAA20_NRT,,,82.23617607703729,22.36,87.29,2,unknown_other,0.0,0.0,0.2,0.0,0.2,insufficient_evidence,Unnamed industrial facility,Industrial area,22.5870224,86.5300537,1.5733333333333333,1.2203389830508475,0.1101694915254237,0.4,0.2808711538809398,Moderate,0.3324439701173959,No nearby industrial zone,0.0,,C4
22.36469,87.30035,317.29,0.43,0.46,2026-08-25,1932,N20,VIIRS,n,2.0NRT,288.75,3.38,N,VIIRS_NOAA20_NRT,,,82.91799812069812,22.36,87.3,2,unknown_other,0.05,0.0,0.2,0.0174999999999999,0.2175,insufficient_evidence,Unnamed industrial facility,Industrial area,22.5870224,86.5300537,2.645,1.277882797731569,0.1389413988657845,0.4,0.3692593705931127,Moderate,0.5688367129135539,No nearby industrial zone,0.0249999999999998,,C4
22.3689,87.30096,305.95,0.43,0.46,2026-08-25,1932,N20,VIIRS,n,2.0NRT,288.76,2.38,N,VIIRS_NOAA20_NRT,,,82.83840888921655,22.37,87.3,2,unknown_other,0.02,0.0,0.2,0.0069999999999999,0.207,insufficient_evidence,Unnamed industrial facility,Industrial area,22.5870224,86.5300537,2.3625,1.0074074074074075,0.0037037037037037,0.4,0.2729528176344256,Low,0.4151547491995731,No nearby industrial zone,0.0099999999999998,,C4
22.78875,86.20664,298.14,0.51,0.49,2026-08-25,1932,N20,VIIRS,n,2.0NRT,276.01,0.92,N,VIIRS_NOAA20_NRT,,,0.7270565164033546,22.79,86.21,2,industrial,0.85,0.35,0.2,0.2975,0.8475,industrial_fire,Jojobera Tata Unit 6 Power Station,Thermal power plant,22.7946128,86.2097801,1.0,0.92,0.0,0.4,0.1696193525435788,Low,0.1088580576307363,Within known industrial zone,0.925,High,C27
22.7893,86.20161,298.23,0.51,0.49,2026-08-25,1932,N20,VIIRS,n,2.0NRT,279.01,0.92,N,VIIRS_NOAA20_NRT,,,0.5218075507610771,22.79,86.2,2,industrial,0.86,0.35,0.2,0.301,0.851,industrial_fire,Tata Steel,Industrial area,22.7850438,86.1994662,1.9166666666666667,0.48,0.0,0.4,0.1696193525435788,Low,0.1088580576307363,Within known industrial zone,0.93,High,C27
22.78985,86.19658,299.79,0.51,0.49,2026-08-25,1932,N20,VIIRS,n,2.0NRT,278.86,1.59,N,VIIRS_NOAA20_NRT,,,0.6108649710305734,22.79,86.2,2,industrial,0.78,0.35,0.2,0.2729999999999999,0.823,industrial_fire,Tata Steel,Industrial area,22.7850438,86.1994662,1.9166666666666667,0.8295652173913044,0.0,0.4,0.219957310565635,Low,0.259871931696905,Within known industrial zone,0.8899999999999999,High,C27
22.80134,86.09074,308.76,0.52,0.5,2026-08-25,1932,N20,VIIRS,n,2.0NRT,281.25,2.73,N,VIIRS_NOAA20_NRT,,,0.2407684885743805,22.8,86.09,2,industrial,0.59,0.35,0.2,0.2065,0.7565000000000001,industrial_fire,Adityapur Works Power Station,Thermal power plant,22.8033373,86.0916471,2.79,0.978494623655914,0.0,0.4,0.2903948772678761,Low,0.4711846318036286,Within known industrial zone,0.795,High,C140
23.56146,87.23864,298.85,0.45,0.47,2026-08-25,1932,N20,VIIRS,n,2.0NRT,276.18,0.59,N,VIIRS_NOAA20_NRT,,,33.138333980670026,23.56,87.24,3,unknown_other,0.06,0.0,0.3,0.0209999999999999,0.321,insufficient_evidence,Unnamed industrial facility,Industrial works,23.6793166,86.9398843,1.47,0.4013605442176871,0.0,0.6,0.2158306652436855,Moderate,0.0474919957310565,No nearby industrial zone,0.0299999999999998,,C9
23.61165,87.14617,298.73,0.46,0.47,2026-08-25,1932,N20,VIIRS,n,2.0NRT,274.79,0.41,N,VIIRS_NOAA20_NRT,,,22.318693858698374,23.61,87.15,1,unknown_other,0.04,0.0,0.0,0.0139999999999999,0.0139999999999999,insufficient_evidence,Unnamed industrial facility,Industrial works,23.6793166,86.9398843,0.41,1.0,0.0,0.2,0.0718249733191035,Low,0.0154749199573105,No nearby industrial zone,0.0199999999999998,,
23.66496,87.15575,310.24,0.46,0.47,2026-08-25,1932,N20,VIIRS,n,2.0NRT,276.63,1.93,N,VIIRS_NOAA20_NRT,,,20.638337500898515,23.66,87.16,2,unknown_other,0.02,0.0,0.2,0.0069999999999999,0.207,insufficient_evidence,Unnamed industrial facility,Industrial area,23.7266655,86.9645857,1.586666666666667,1.2163865546218486,0.1081932773109243,0.4,0.2811017790253775,Moderate,0.3351120597652081,No nearby industrial zone,0.0099999999999998,,C63
28.42387,69.70198,325.04,0.38,0.36,2026-08-25,2110,N20,VIIRS,n,2.0NRT,298.93,1.37,N,VIIRS_NOAA20_NRT,,,563.7894474091114,28.42,69.7,3,unknown_other,0.0,0.0,0.3,0.0,0.3,insufficient_evidence,Khisara,Thermal power plant,23.3634358,70.0532502,2.014,0.6802383316782522,0.0,0.6,0.2690145855567413,Moderate,0.2070437566702241,No nearby industrial zone,0.0,,C12
20.9112,71.45757,302.1,0.49,0.4,2026-08-25,2112,N20,VIIRS,n,2.0NRT,284.29,0.57,N,VIIRS_NOAA20_NRT,,,0.5143067187458733,20.91,71.46,3,industrial,0.63,0.35,0.3,0.2204999999999999,0.8704999999999998,persistent_industrial_source,Unnamed industrial facility,Industrial area,20.9083657,71.4614828,1.5733333333333337,0.3622881355932202,0.0,0.6,0.2144076840981856,Moderate,0.0432230522945571,Within known industrial zone,0.815,High,C70
21.10278,72.63721,322.81,0.56,0.43,2026-08-25,2112,N20,VIIRS,n,2.0NRT,288.84,5.36,N,VIIRS_NOAA20_NRT,,,1.0383307333466785,21.1,72.64,4,industrial,0.68,0.35,0.3,0.238,0.8879999999999999,persistent_industrial_source,ArcelorMittal Nippon Steel India,Industrial works,21.1098624,72.6437334,5.69875,0.9405571397236236,0.0,0.8,0.5188900747065102,Moderate,0.7566702241195304,Within known industrial zone,0.84,High,C2
21.10566,72.6433,330.23,0.56,0.43,2026-08-25,2112,N20,VIIRS,n,2.0NRT,288.03,9.44,N,VIIRS_NOAA20_NRT,,,0.4694433461560702,21.11,72.64,2,industrial,0.66,0.35,0.2,0.2309999999999999,0.781,industrial_fire,ArcelorMittal Nippon Steel India,Industrial works,21.1098624,72.6437334,2.9414285714285713,3.209324915007285,1.0,0.4,0.7690501600853789,Critical,0.9071504802561366,Within known industrial zone,0.8299999999999998,High,C2
21.18221,81.38339,302.23,0.65,0.73,2026-08-25,2112,N20,VIIRS,n,2.0NRT,282.69,3.38,N,VIIRS_NOAA20_NRT,,,0.5733714667603219,21.18,81.38,1,possible_industrial,0.0,0.35,0.0,0.0,0.35,industrial_fire,Unnamed industrial facility,Industrial works,21.1845065,81.3883414,3.38,1.0,0.0,0.2,0.2562789043045179,Low,0.5688367129135539,Within known industrial zone,0.5,Moderate,
22.33997,69.85574,308.37,0.41,0.37,2026-08-25,2112,N20,VIIRS,n,2.0NRT,292.92,3.06,N,VIIRS_NOAA20_NRT,,,0.5342594695424228,22.34,69.86,1,possible_industrial,0.07,0.35,0.0,0.0245,0.3745,industrial_fire,Unnamed industrial facility,Industrial area,22.3422483,69.8603135,3.06,1.0,0.0,0.2,0.2386695126289576,Low,0.516008537886873,Within known industrial zone,0.535,Moderate,C141
22.3412,69.85442,306.8,0.41,0.37,2026-08-25,2112,N20,VIIRS,n,2.0NRT,291.97,2.19,N,VIIRS_NOAA20_NRT,,,0.6172405545254172,22.34,69.85,1,possible_industrial,0.04,0.35,0.0,0.0139999999999999,0.364,industrial_fire,Unnamed industrial facility,Industrial area,22.3422483,69.8603135,2.19,1.0,0.0,0.2,0.191533262184276,Low,0.3745997865528281,Within known industrial zone,0.5199999999999999,Moderate,C141
22.41745,69.03764,310.21,0.39,0.36,2026-08-25,2112,N20,VIIRS,n,2.0NRT,285.03,0.7,N,VIIRS_NOAA20_NRT,,,58.92480127733642,22.42,69.04,2,unknown_other,0.03,0.0,0.2,0.0104999999999999,0.2105,insufficient_evidence,Port,Industrial area,22.3183828,69.6005772,1.3775,0.5081669691470054,0.0,0.4,0.1546780505158306,Low,0.064034151547492,No nearby industrial zone,0.0149999999999998,,C33
22.42014,69.04203,302.36,0.39,0.36,2026-08-25,2112,N20,VIIRS,n,2.0NRT,284.81,0.79,N,VIIRS_NOAA20_NRT,,,58.53793853373909,22.42,69.04,2,unknown_other,0.0,0.0,0.2,0.0,0.2,insufficient_evidence,Port,Industrial area,22.3183828,69.6005772,1.3775,0.573502722323049,0.0,0.4,0.1607257203842049,Low,0.0821771611526147,No nearby industrial zone,0.0,,C33
22.92693,69.82433,307.02,0.4,0.37,2026-08-25,2112,N20,VIIRS,n,2.0NRT,294.39,2.03,N,VIIRS_NOAA20_NRT,,,0.151534760710033,22.93,69.82,2,industrial,0.65,0.35,0.2,0.2274999999999999,0.7775000000000001,industrial_fire,Unnamed industrial facility,Industrial area,22.9277353,69.8231363,1.35,1.5037037037037038,0.2518518518518519,0.4,0.3348577677642067,Moderate,0.3527214514407684,Within known industrial zone,0.825,High,C58
22.92767,70.10764,315.24,0.41,0.37,2026-08-25,2112,N20,VIIRS,n,2.0NRT,293.46,1.1,N,VIIRS_NOAA20_NRT,,,1.0046050077060242,22.93,70.11,3,industrial,0.7,0.35,0.3,0.2449999999999999,0.8949999999999999,persistent_industrial_source,Tuna-Tekra Container Terminal,Industrial area,22.9191876,70.1042631,3.9166666666666665,0.2808510638297872,0.0,0.6,0.2501600853788687,Moderate,0.1504802561366061,Within known industrial zone,0.8499999999999999,High,C69
22.9311,69.69724,306.28,0.4,0.37,2026-08-25,2112,N20,VIIRS,n,2.0NRT,294.03,1.76,N,VIIRS_NOAA20_NRT,,,0.5432415359926042,22.93,69.7,1,possible_industrial,0.11,0.35,0.0,0.0385,0.3884999999999999,industrial_fire,Unnamed industrial facility,Thermal power plant,22.9313765,69.7025362,2.58,0.6821705426356589,0.0,0.2,0.1669868374244041,Low,0.3009605122732123,Within known industrial zone,0.5549999999999999,Moderate,C21
22.9338,69.70174,317.05,0.4,0.37,2026-08-25,2112,N20,VIIRS,n,2.0NRT,294.03,2.97,N,VIIRS_NOAA20_NRT,,,0.2815458906396521,22.93,69.7,1,possible_industrial,0.03,0.35,0.0,0.0104999999999999,0.3605,industrial_fire,Unnamed industrial facility,Thermal power plant,22.9313765,69.7025362,2.58,1.1511627906976745,0.0755813953488372,0.2,0.2620845846466952,Low,0.5106723585912487,Within known industrial zone,0.5149999999999999,Moderate,C21
22.93445,69.69788,330.6,0.4,0.37,2026-08-25,2112,N20,VIIRS,n,2.0NRT,293.92,3.76,N,VIIRS_NOAA20_NRT,,,0.5866510593686091,22.93,69.7,1,possible_industrial,0.0,0.35,0.0,0.0,0.35,industrial_fire,Unnamed industrial facility,Thermal power plant,22.9313765,69.7025362,2.58,1.4573643410852712,0.2286821705426356,0.2,0.3465582332972072,Moderate,0.6109925293489862,Within known industrial zone,0.5,Moderate,C21
23.49973,68.57806,299.67,0.38,0.36,2026-08-25,2112,N20,VIIRS,n,2.0NRT,289.53,0.72,N,VIIRS_NOAA20_NRT,,,112.32453170310286,23.5,68.58,1,unknown_other,0.03,0.0,0.0,0.0104999999999999,0.0104999999999999,insufficient_evidence,Bhuj Sector 111,Industrial area,23.2309798,69.6388028,0.72,1.0,0.0,0.2,0.0896122376378513,Low,0.0688367129135539,No nearby industrial zone,0.0149999999999998,,
25.38767,68.58335,322.1,0.38,0.36,2026-08-25,2112,N20,VIIRS,n,2.0NRT,296.81,1.44,N,VIIRS_NOAA20_NRT,,,259.55591828554236,25.39,68.58,1,unknown_other,0.0,0.0,0.0,0.0,0.0,insufficient_evidence,Bhuj Sector 98,Industrial area,23.2653288,69.6499193,1.8233333333333333,0.7897623400365631,0.0,0.2,0.1408395588758448,Low,0.2225186766275347,No nearby industrial zone,0.0,,C52
25.9438,72.19157,304.35,0.45,0.39,2026-08-25,2112,N20,VIIRS,n,2.0NRT,280.35,0.77,N,VIIRS_NOAA20_NRT,,,272.35341558011214,25.94,72.19,3,unknown_other,0.0,0.0,0.3,0.0,0.3,insufficient_evidence,Unnamed industrial facility,Industrial area,23.5020392,72.4034657,5.398888888888889,0.1426219386705083,0.0,0.6,0.2266808964781216,Moderate,0.0800426894343649,No nearby industrial zone,0.0,,C8
15.10937,76.80316,296.23,0.44,0.62,2026-08-25,2114,N20,VIIRS,n,2.0NRT,286.09,2.57,N,VIIRS_NOAA20_NRT,,,326.8478314708931,15.11,76.8,1,unknown_other,0.02,0.0,0.0,0.0069999999999999,0.0069999999999999,insufficient_evidence,Unnamed industrial facility,Industrial area,13.8754547,79.558804,2.57,1.0,0.0,0.2,0.2162575595873354,Low,0.4487726787620064,No nearby industrial zone,0.0099999999999998,,C72
15.11204,76.8075,300.58,0.44,0.62,2026-08-25,2114,N20,VIIRS,n,2.0NRT,287.16,2.02,N,VIIRS_NOAA20_NRT,,,326.54709505074374,15.11,76.81,2,unknown_other,0.05,0.0,0.2,0.0174999999999999,0.2175,insufficient_evidence,Unnamed industrial facility,Industrial area,13.8754547,79.558804,1.455,1.388316151202749,0.1941580756013745,0.4,0.3145592731549227,Moderate,0.3495197438633938,No nearby industrial zone,0.0249999999999998,,C72
15.33927,76.27831,307.71,0.4,0.6,2026-08-25,2114,N20,VIIRS,n,2.0NRT,286.95,2.0,N,VIIRS_NOAA20_NRT,,,388.69113206421906,15.34,76.28,3,unknown_other,0.0,0.0,0.3,0.0,0.3,insufficient_evidence,Unnamed industrial facility,Industrial area,13.8754547,79.558804,2.005,0.9975062344139652,0.0,0.6,0.3156172180718605,Moderate,0.3468516542155816,No nearby industrial zone,0.0,,C13
15.34013,76.27901,303.12,0.4,0.6,2026-08-25,2114,N20,VIIRS,n,2.0NRT,286.55,1.89,N,VIIRS_NOAA20_NRT,,,388.66216166972856,15.34,76.28,3,unknown_other,0.04,0.0,0.3,0.0139999999999999,0.314,insufficient_evidence,Unnamed industrial facility,Industrial area,13.8754547,79.558804,2.005,0.942643391521197,0.0,0.6,0.3086801849875489,Moderate,0.3260405549626467,No nearby industrial zone,0.0199999999999998,,C13
17.95897,80.78802,301.14,0.7,0.75,2026-08-25,2114,N20,VIIRS,n,2.0NRT,282.43,3.86,N,VIIRS_NOAA20_NRT,,,130.4997507640569,17.96,80.79,3,unknown_other,0.0,0.0,0.3,0.0,0.3,insufficient_evidence,Upper Sileru Power House,Thermal power plant,18.0371452,82.0192773,2.5900000000000003,1.49034749034749,0.245173745173745,0.6,0.4898355742539306,Moderate,0.624332977588047,No nearby industrial zone,0.0,,C6
17.95949,80.79189,304.32,0.7,0.75,2026-08-25,2114,N20,VIIRS,n,2.0NRT,282.64,2.56,N,VIIRS_NOAA20_NRT,,,130.08735597986504,17.96,80.79,3,unknown_other,0.03,0.0,0.3,0.0104999999999999,0.3105,insufficient_evidence,Upper Sileru Power House,Thermal power plant,18.0371452,82.0192773,2.5900000000000003,0.9884169884169884,0.0,0.6,0.3487015297047314,Moderate,0.4461045891141942,No nearby industrial zone,0.0149999999999998,,C6
18.57772,72.24317,315.9,0.39,0.44,2026-08-25,2114,N20,VIIRS,n,2.0NRT,289.13,3.93,N,VIIRS_NOAA20_NRT,,,66.27796557417575,18.58,72.24,1,unknown_other,0.15,0.0,0.0,0.0525,0.0525,insufficient_evidence,Unnamed industrial facility,Industrial area,18.7021815,72.8583522,3.8633333333333337,1.01725625539258,0.0086281276962899,0.2,0.2801439187660703,Low,0.6318036286019211,No nearby industrial zone,0.075,,C32
18.57839,72.23957,315.38,0.39,0.44,2026-08-25,2114,N20,VIIRS,n,2.0NRT,290.3,4.86,N,VIIRS_NOAA20_NRT,,,66.63339928998994,18.58,72.24,1,unknown_other,0.1,0.0,0.0,0.0349999999999999,0.0349999999999999,insufficient_evidence,Unnamed industrial facility,Industrial area,18.7021815,72.8583522,3.8633333333333337,1.2579810181190685,0.1289905090595341,0.2,0.3517481703980019,Low,0.7262540021344717,No nearby industrial zone,0.0499999999999998,,C32
19.17601,70.94729,310.13,0.48,0.4,2026-08-25,2114,N20,VIIRS,n,2.0NRT,292.68,3.27,N,VIIRS_NOAA20_NRT,,,170.2525794129386,19.18,70.95,1,unknown_other,0.01,0.0,0.0,0.0034999999999999,0.0034999999999999,insufficient_evidence,Unnamed industrial facility,Thermal power plant,20.7071175,70.9533884,3.27,1.0,0.0,0.2,0.2525435787975809,Low,0.5576307363927427,No nearby industrial zone,0.0049999999999998,,
8.01057,81.09593,331.49,0.39,0.44,2026-08-26,820,N20,VIIRS,n,2.0NRT,277.6,6.4,D,VIIRS_NOAA20_NRT,,,510.0363714684847,8.01,81.1,1,unknown_other,0.12,0.0,0.0,0.0419999999999999,0.0419999999999999,insufficient_evidence,TNSTC Bus Depot,Industrial area,12.5026914,80.1531349,6.4,1.0,0.0,0.2,0.3436143721095695,Low,0.8308431163287087,No nearby industrial zone,0.0599999999999998,,
8.1289,80.0549,338.64,0.51,0.41,2026-08-26,820,N20,VIIRS,n,2.0NRT,293.7,5.51,D,VIIRS_NOAA20_NRT,,,486.462069622589,8.13,80.05,1,unknown_other,0.0,0.0,0.0,0.0,0.0,insufficient_evidence,TNSTC Bus Depot,Industrial area,12.5026914,80.1531349,5.51,1.0,0.0,0.2,0.3238705087157595,Low,0.7716115261472786,No nearby industrial zone,0.0,,
8.20856,81.02636,332.46,0.39,0.44,2026-08-26,820,N20,VIIRS,n,2.0NRT,292.81,4.4,D,VIIRS_NOAA20_NRT,,,486.940687284949,8.21,81.03,1,unknown_other,0.04,0.0,0.0,0.0139999999999999,0.0139999999999999,insufficient_evidence,TNSTC Bus Depot,Industrial area,12.5026914,80.1531349,4.4,1.0,0.0,0.2,0.2945215225898256,Low,0.683564567769477,No nearby industrial zone,0.0199999999999998,,
8.28923,80.15002,330.6,0.52,0.42,2026-08-26,820,N20,VIIRS,n,2.0NRT,291.8,3.92,D,VIIRS_NOAA20_NRT,,,468.5156550901122,8.29,80.15,1,unknown_other,0.0,0.0,0.0,0.0,0.0,insufficient_evidence,TNSTC Bus Depot,Industrial area,12.5026914,80.1531349,3.92,1.0,0.0,0.2,0.2769121309142653,Low,0.6307363927427961,No nearby industrial zone,0.0,,
8.36776,80.28935,331.15,0.53,0.42,2026-08-26,820,N20,VIIRS,n,2.0NRT,295.25,4.52,D,VIIRS_NOAA20_NRT,,,460.0245114785797,8.37,80.29,1,unknown_other,0.0,0.0,0.0,0.0,0.0,insufficient_evidence,TNSTC Bus Depot,Industrial area,12.5026914,80.1531349,4.52,1.0,0.0,0.2,0.2977232301672002,Low,0.6931696905016008,No nearby industrial zone,0.0,,
8.45122,80.81182,333.38,0.57,0.43,2026-08-26,820,N20,VIIRS,n,2.0NRT,288.36,4.62,D,VIIRS_NOAA20_NRT,,,456.22111049196815,8.45,80.81,1,unknown_other,0.05,0.0,0.0,0.0174999999999999,0.0174999999999999,insufficient_evidence,TNSTC Bus Depot,Industrial area,12.5026914,80.1531349,4.62,1.0,0.0,0.2,0.299501956599075,Low,0.6985058697972252,No nearby industrial zone,0.0249999999999998,,C80
8.47738,80.69013,330.69,0.56,0.43,2026-08-26,820,N20,VIIRS,n,2.0NRT,288.47,3.52,D,VIIRS_NOAA20_NRT,,,451.4268964082533,8.48,80.69,1,unknown_other,0.08,0.0,0.0,0.0279999999999999,0.0279999999999999,insufficient_evidence,TNSTC Bus Depot,Industrial area,12.5026914,80.1531349,3.52,1.0,0.0,0.2,0.2617929562433297,Low,0.5853788687299893,No nearby industrial zone,0.0399999999999998,,
8.53845,80.41251,341.52,0.54,0.42,2026-08-26,820,N20,VIIRS,n,2.0NRT,292.04,6.76,D,VIIRS_NOAA20_NRT,,,441.7142543843888,8.54,80.41,1,unknown_other,0.05,0.0,0.0,0.0174999999999999,0.0174999999999999,insufficient_evidence,TNSTC Bus Depot,Industrial area,12.5026914,80.1531349,6.76,1.0,0.0,0.2,0.3501956599075062,Low,0.8505869797225186,No nearby industrial zone,0.0249999999999998,,
8.57087,80.89142,334.75,0.39,0.44,2026-08-26,820,N20,VIIRS,n,2.0NRT,292.59,4.4,D,VIIRS_NOAA20_NRT,,,444.58269287034625,8.57,80.89,1,unknown_other,0.04,0.0,0.0,0.0139999999999999,0.0139999999999999,insufficient_evidence,TNSTC Bus Depot,Industrial area,12.5026914,80.1531349,4.4,1.0,0.0,0.2,0.2945215225898256,Low,0.683564567769477,No nearby industrial zone,0.0199999999999998,,
8.62436,80.88211,339.35,0.39,0.44,2026-08-26,820,N20,VIIRS,n,2.0NRT,293.42,4.69,D,VIIRS_NOAA20_NRT,,,438.54781106456545,8.62,80.88,1,unknown_other,0.26,0.0,0.0,0.091,0.091,insufficient_evidence,TNSTC Bus Depot,Industrial area,12.5026914,80.1531349,4.69,1.0,0.0,0.2,0.3018143009605122,Low,0.7054429028815368,No nearby industrial zone,0.13,,
8.66584,80.63694,336.35,0.56,0.43,2026-08-26,820,N20,VIIRS,n,2.0NRT,293.19,4.08,D,VIIRS_NOAA20_NRT,,,429.9018686077897,8.67,80.64,1,unknown_other,0.02,0.0,0.0,0.0069999999999999,0.0069999999999999,insufficient_evidence,TNSTC Bus Depot,Industrial area,12.5026914,80.1531349,4.08,1.0,0.0,0.2,0.2818925649235147,Low,0.6456776947705443,No nearby industrial zone,0.0099999999999998,,
8.69085,80.84747,330.61,0.39,0.44,2026-08-26,820,N20,VIIRS,n,2.0NRT,291.76,1.88,D,VIIRS_NOAA20_NRT,,,430.59497696258614,8.69,80.85,1,unknown_other,0.0,0.0,0.0,0.0,0.0,insufficient_evidence,TNSTC Bus Depot,Industrial area,12.5026914,80.1531349,2.96,0.6351351351351351,0.0,0.2,0.1742796157950907,Low,0.3228388473852721,No nearby industrial zone,0.0,,C92
8.73697,80.79823,343.3,0.38,0.43,2026-08-26,820,N20,VIIRS,n,2.0NRT,296.72,7.13,D,VIIRS_NOAA20_NRT,,,424.6206741269475,8.74,80.8,1,unknown_other,0.0,0.0,0.0,0.0,0.0,insufficient_evidence,TNSTC Bus Depot,Industrial area,12.5026914,80.1531349,6.27,1.1371610845295057,0.0685805422647528,0.2,0.3755460576670485,Low,0.8580576307363927,No nearby industrial zone,0.0,,C142
8.74096,80.79766,341.85,0.38,0.43,2026-08-26,820,N20,VIIRS,n,2.0NRT,295.2,5.41,D,VIIRS_NOAA20_NRT,,,424.1727516572759,8.74,80.8,1,unknown_other,0.0,0.0,0.0,0.0,0.0,insufficient_evidence,TNSTC Bus Depot,Industrial area,12.5026914,80.1531349,6.27,0.8628389154704945,0.0,0.2,0.3204909284951974,Low,0.7614727854855923,No nearby industrial zone,0.0,,C142
8.74453,80.65204,334.42,0.56,0.43,2026-08-26,820,N20,VIIRS,n,2.0NRT,295.26,13.98,D,VIIRS_NOAA20_NRT,,,421.42918848504166,8.74,80.65,1,unknown_other,0.0,0.0,0.0,0.0,0.0,insufficient_evidence,TNSTC Bus Depot,Industrial area,12.5026914,80.1531349,13.98,1.0,0.0,0.2,0.3857701885450018,Low,0.9573105656350054,No nearby industrial zone,0.0,,C143
8.74527,80.65717,334.43,0.56,0.43,2026-08-26,820,N20,VIIRS,n,2.0NRT,289.07,10.18,D,VIIRS_NOAA20_NRT,,,421.4204769926706,8.75,80.66,1,unknown_other,0.12,0.0,0.0,0.0419999999999999,0.0419999999999999,insufficient_evidence,TNSTC Bus Depot,Industrial area,12.5026914,80.1531349,10.18,1.0,0.0,0.2,0.3733191035218783,Low,0.919957310565635,No nearby industrial zone,0.0599999999999998,,C143
8.77647,80.87511,343.14,0.39,0.44,2026-08-26,820,N20,VIIRS,n,2.0NRT,294.02,5.23,D,VIIRS_NOAA20_NRT,,,421.7793593706771,8.78,80.88,1,unknown_other,0.01,0.0,0.0,0.0034999999999999,0.0034999999999999,insufficient_evidence,TNSTC Bus Depot,Industrial area,12.5026914,80.1531349,5.23,1.0,0.0,0.2,0.3153326218427605,Low,0.7459978655282817,No nearby industrial zone,0.0049999999999998,,C93
8.7949,81.09161,340.56,0.4,0.44,2026-08-26,820,N20,VIIRS,n,2.0NRT,297.21,2.88,D,VIIRS_NOAA20_NRT,,,424.8468333037789,8.79,81.09,1,unknown_other,0.0,0.0,0.0,0.0,0.0,insufficient_evidence,TNSTC Bus Depot,Industrial area,12.5026914,80.1531349,2.88,1.0,0.0,0.2,0.2308431163287086,Low,0.4925293489861259,No nearby industrial zone,0.0,,
8.80649,80.58329,335.29,0.56,0.43,2026-08-26,820,N20,VIIRS,n,2.0NRT,296.0,8.83,D,VIIRS_NOAA20_NRT,,,413.6771768797258,8.81,80.58,1,unknown_other,0.0,0.0,0.0,0.0,0.0,insufficient_evidence,TNSTC Bus Depot,Industrial area,12.5026914,80.1531349,8.83,1.0,0.0,0.2,0.3653148345784418,Low,0.8959445037353255,No nearby industrial zone,0.0,,C73
8.80721,80.58835,349.01,0.56,0.43,2026-08-26,820,N20,VIIRS,n,2.0NRT,296.59,17.72,D,VIIRS_NOAA20_NRT,,,413.6608131953011,8.81,80.59,1,unknown_other,0.0,0.0,0.0,0.0,0.0,insufficient_evidence,TNSTC Bus Depot,Industrial area,12.5026914,80.1531349,14.37,1.23312456506611,0.116562282533055,0.2,0.429960462018311,Low,0.9733191035218784,No nearby industrial zone,0.0,,C73
8.81115,80.5878,347.39,0.56,0.43,2026-08-26,820,N20,VIIRS,n,2.0NRT,295.85,11.02,D,VIIRS_NOAA20_NRT,,,413.2186687861964,8.81,80.59,1,unknown_other,0.07,0.0,0.0,0.0245,0.0245,insufficient_evidence,TNSTC Bus Depot,Industrial area,12.5026914,80.1531349,14.37,0.7668754349338901,0.0,0.2,0.3775880469583778,Low,0.9327641408751334,No nearby industrial zone,0.035,,C73
8.83608,80.67843,338.57,0.57,0.43,2026-08-26,820,N20,VIIRS,n,2.0NRT,294.82,8.44,D,VIIRS_NOAA20_NRT,,,411.72787812265955,8.84,80.68,1,unknown_other,0.01,0.0,0.0,0.0034999999999999,0.0034999999999999,insufficient_evidence,TNSTC Bus Depot,Industrial area,12.5026914,80.1531349,8.44,1.0,0.0,0.2,0.3630024902170046,Low,0.8890074706510138,No nearby industrial zone,0.0049999999999998,,
8.87436,80.67086,352.69,0.57,0.43,2026-08-26,822,N20,VIIRS,n,2.0NRT,296.61,10.18,D,VIIRS_NOAA20_NRT,,,407.3972087093893,8.87,80.67,1,unknown_other,0.01,0.0,0.0,0.0034999999999999,0.0034999999999999,insufficient_evidence,TNSTC Bus Depot,Industrial area,12.5026914,80.1531349,10.18,1.0,0.0,0.2,0.3733191035218783,Low,0.919957310565635,No nearby industrial zone,0.0049999999999998,,C22
8.87502,80.66782,340.41,0.57,0.43,2026-08-26,822,N20,VIIRS,n,2.0NRT,296.57,10.19,D,VIIRS_NOAA20_NRT,,,407.2785410812944,8.88,80.67,1,unknown_other,0.0,0.0,0.0,0.0,0.0,insufficient_evidence,TNSTC Bus Depot,Industrial area,12.5026914,80.1531349,11.81,0.8628281117696867,0.0,0.2,0.3740305940946282,Low,0.9220917822838848,No nearby industrial zone,0.0,,C22
8.87576,80.67297,351.91,0.57,0.43,2026-08-26,822,N20,VIIRS,n,2.0NRT,297.59,15.06,D,VIIRS_NOAA20_NRT,,,407.275104335064,8.88,80.67,1,unknown_other,0.0,0.0,0.0,0.0,0.0,insufficient_evidence,TNSTC Bus Depot,Industrial area,12.5026914,80.1531349,11.81,1.275190516511431,0.1375952582557155,0.2,0.4341254916348649,Low,0.9647812166488794,No nearby industrial zone,0.0,,C22
8.87833,80.67032,336.94,0.57,0.43,2026-08-26,822,N20,VIIRS,n,2.0NRT,296.45,10.18,D,VIIRS_NOAA20_NRT,,,406.95180159228386,8.88,80.67,1,unknown_other,0.0,0.0,0.0,0.0,0.0,insufficient_evidence,TNSTC Bus Depot,Industrial area,12.5026914,80.1531349,11.81,0.8619813717188822,0.0,0.2,0.3733191035218783,Low,0.919957310565635,No nearby industrial zone,0.0,,C22
8.89322,80.57399,335.88,0.56,0.43,2026-08-26,822,N20,VIIRS,n,2.0NRT,292.36,4.31,D,VIIRS_NOAA20_NRT,,,403.9795516336037,8.89,80.57,1,unknown_other,0.0,0.0,0.0,0.0,0.0,insufficient_evidence,TNSTC Bus Depot,Industrial area,12.5026914,80.1531349,4.31,1.0,0.0,0.2,0.2911419423692636,Low,0.6734258271077909,No nearby industrial zone,0.0,,C144
8.95257,80.36842,331.42,0.55,0.42,2026-08-26,822,N20,VIIRS,n,2.0NRT,295.29,4.33,D,VIIRS_NOAA20_NRT,,,395.4553089687,8.95,80.37,1,unknown_other,0.0,0.0,0.0,0.0,0.0,insufficient_evidence,TNSTC Bus Depot,Industrial area,12.5026914,80.1531349,4.33,1.0,0.0,0.2,0.292031305585201,Low,0.676093916755603,No nearby industrial zone,0.0,,C145
8.95326,80.37337,331.91,0.55,0.42,2026-08-26,822,N20,VIIRS,n,2.0NRT,293.74,4.33,D,VIIRS_NOAA20_NRT,,,395.41124644137153,8.95,80.37,1,unknown_other,0.01,0.0,0.0,0.0034999999999999,0.0034999999999999,insufficient_evidence,TNSTC Bus Depot,Industrial area,12.5026914,80.1531349,4.33,1.0,0.0,0.2,0.292031305585201,Low,0.676093916755603,No nearby industrial zone,0.0049999999999998,,C145
8.99573,80.83981,335.46,0.39,0.44,2026-08-26,822,N20,VIIRS,n,2.0NRT,296.9,2.25,D,VIIRS_NOAA20_NRT,,,397.1035471054183,9.0,80.84,1,unknown_other,0.0,0.0,0.0,0.0,0.0,insufficient_evidence,TNSTC Bus Depot,Industrial area,12.5026914,80.1531349,4.995,0.4504504504504504,0.0,0.2,0.1974030594094628,Low,0.3922091782283884,No nearby industrial zone,0.0,,C94
9.00394,80.68155,336.08,0.57,0.43,2026-08-26,822,N20,VIIRS,n,2.0NRT,291.79,7.59,D,VIIRS_NOAA20_NRT,,,393.3011960121562,9.0,80.68,1,unknown_other,0.02,0.0,0.0,0.0069999999999999,0.0069999999999999,insufficient_evidence,TNSTC Bus Depot,Industrial area,12.5026914,80.1531349,7.59,1.0,0.0,0.2,0.3583778014941302,Low,0.8751334044823906,No nearby industrial zone,0.0099999999999998,,C23
9.03975,80.67662,336.58,0.57,0.43,2026-08-26,822,N20,VIIRS,n,2.0NRT,297.05,7.94,D,VIIRS_NOAA20_NRT,,,389.28292786049224,9.04,80.68,1,unknown_other,0.0,0.0,0.0,0.0,0.0,insufficient_evidence,TNSTC Bus Depot,Industrial area,12.5026914,80.1531349,6.29,1.2623211446740858,0.1311605723370429,0.2,0.4049439545641441,Low,0.8836712913553896,No nearby industrial zone,0.0,,C95
9.07868,80.46973,333.04,0.56,0.43,2026-08-26,822,N20,VIIRS,n,2.0NRT,295.61,4.93,D,VIIRS_NOAA20_NRT,,,382.2994331919786,9.08,80.47,1,unknown_other,0.0,0.0,0.0,0.0,0.0,insufficient_evidence,TNSTC Bus Depot,Industrial area,12.5026914,80.1531349,3.36,1.4672619047619049,0.2336309523809523,0.2,0.3882291719604953,Moderate,0.7310565635005336,No nearby industrial zone,0.0,,C96
9.21554,78.64903,336.71,0.45,0.39,2026-08-26,822,N20,VIIRS,n,2.0NRT,297.98,3.51,D,VIIRS_NOAA20_NRT,,,398.662972915388,9.22,78.65,1,unknown_other,0.0,0.0,0.0,0.0,0.0,insufficient_evidence,Unnamed industrial facility,Thermal power plant,12.5982666,79.8590477,3.0149999999999997,1.164179104477612,0.0820895522388059,0.2,0.2880889044638068,Low,0.5821771611526148,No nearby industrial zone,0.0,,C146
9.21909,78.64851,335.48,0.45,0.39,2026-08-26,822,N20,VIIRS,n,2.0NRT,295.48,2.52,D,VIIRS_NOAA20_NRT,,,398.3091356635523,9.22,78.65,1,unknown_other,0.0,0.0,0.0,0.0,0.0,insufficient_evidence,Unnamed industrial facility,Thermal power plant,12.5982666,79.8590477,3.0149999999999997,0.8358208955223881,0.0,0.2,0.211632870864461,Low,0.4348986125933831,No nearby industrial zone,0.0,,C146
9.28148,80.71458,337.78,0.39,0.44,2026-08-26,822,N20,VIIRS,n,2.0NRT,297.12,4.77,D,VIIRS_NOAA20_NRT,,,363.3893623413176,9.28,80.71,1,unknown_other,0.01,0.0,0.0,0.0034999999999999,0.0034999999999999,insufficient_evidence,TNSTC Bus Depot,Industrial area,12.5026914,80.1531349,4.77,1.0,0.0,0.2,0.3055496264674492,Low,0.7166488794023479,No nearby industrial zone,0.0049999999999998,,
9.30177,77.47569,336.04,0.41,0.37,2026-08-26,822,N20,VIIRS,n,2.0NRT,285.33,5.73,D,VIIRS_NOAA20_NRT,,,448.6349936030456,9.3,77.48,1,unknown_other,0.06,0.0,0.0,0.0209999999999999,0.0209999999999999,insufficient_evidence,"SIPCOT Mamandur, Cheyyar",Industrial area,12.7230991,79.6546488,5.73,1.0,0.0,0.2,0.3316969050160085,Low,0.7950907150480256,No nearby industrial zone,0.0299999999999998,,
9.38962,78.88501,347.44,0.46,0.39,2026-08-26,822,N20,VIIRS,n,2.0NRT,301.32,21.77,D,VIIRS_NOAA20_NRT,,,372.2853812818338,9.39,78.89,1,unknown_other,0.0,0.0,0.0,0.0,0.0,insufficient_evidence,Unnamed industrial facility,Thermal power plant,12.5982666,79.8590477,13.935,1.5622533189809833,0.2811266594904916,0.2,0.489439943060331,Moderate,0.9871931696905016,No nearby industrial zone,0.0,,C54
9.43152,80.36105,335.92,0.55,0.43,2026-08-26,822,N20,VIIRS,n,2.0NRT,296.32,4.04,D,VIIRS_NOAA20_NRT,,,342.2518927428444,9.43,80.36,1,unknown_other,0.0,0.0,0.0,0.0,0.0,insufficient_evidence,TNSTC Bus Depot,Industrial area,12.5026914,80.1531349,4.04,1.0,0.0,0.2,0.2801138384916399,Low,0.6403415154749199,No nearby industrial zone,0.0,,C112
9.45475,80.49753,343.43,0.56,0.43,2026-08-26,822,N20,VIIRS,n,2.0NRT,297.44,10.63,D,VIIRS_NOAA20_NRT,,,340.99375935796394,9.45,80.5,1,unknown_other,0.0,0.0,0.0,0.0,0.0,insufficient_evidence,TNSTC Bus Depot,Industrial area,12.5026914,80.1531349,10.63,1.0,0.0,0.2,0.3761650658128779,Low,0.928495197438634,No nearby industrial zone,0.0,,C39
9.48116,80.4004,335.58,0.56,0.43,2026-08-26,822,N20,VIIRS,n,2.0NRT,296.84,3.64,D,VIIRS_NOAA20_NRT,,,337.0610428522735,9.48,80.4,1,unknown_other,0.0,0.0,0.0,0.0,0.0,insufficient_evidence,TNSTC Bus Depot,Industrial area,12.5026914,80.1531349,4.355,0.835820895522388,0.0,0.2,0.2662397723230167,Low,0.5987193169690501,No nearby industrial zone,0.0,,C147
9.48141,80.40318,336.22,0.56,0.43,2026-08-26,822,N20,VIIRS,n,2.0NRT,297.1,5.07,D,VIIRS_NOAA20_NRT,,,337.0577627557106,9.48,80.4,1,unknown_other,0.01,0.0,0.0,0.0034999999999999,0.0034999999999999,insufficient_evidence,TNSTC Bus Depot,Industrial area,12.5026914,80.1531349,4.355,1.164179104477612,0.0820895522388059,0.2,0.3398498436313629,Low,0.7374599786552828,No nearby industrial zone,0.0049999999999998,,C147
9.61096,80.29897,336.79,0.55,0.43,2026-08-26,822,N20,VIIRS,n,2.0NRT,296.75,1.4,D,VIIRS_NOAA20_NRT,,,321.93939100061465,9.61,80.3,1,unknown_other,0.01,0.0,0.0,0.0034999999999999,0.0034999999999999,insufficient_evidence,TNSTC Bus Depot,Industrial area,12.5026914,80.1531349,1.4,1.0,0.0,0.2,0.1374599786552828,Low,0.2123799359658484,No nearby industrial zone,0.0049999999999998,,
9.8038,78.17648,340.06,0.43,0.38,2026-08-26,822,N20,VIIRS,n,2.0NRT,300.91,4.38,D,VIIRS_NOAA20_NRT,,,360.8723518874281,9.8,78.18,1,unknown_other,0.01,0.0,0.0,0.0034999999999999,0.0034999999999999,insufficient_evidence,Unnamed industrial facility,Thermal power plant,12.5982666,79.8590477,4.38,1.0,0.0,0.2,0.2932764140875133,Low,0.67982924226254,No nearby industrial zone,0.0049999999999998,,C97
10.05029,77.95355,349.07,0.43,0.38,2026-08-26,822,N20,VIIRS,n,2.0NRT,303.31,7.84,D,VIIRS_NOAA20_NRT,,,350.295407079347,10.05,77.95,1,unknown_other,0.02,0.0,0.0,0.0069999999999999,0.0069999999999999,insufficient_evidence,"SIPCOT Mamandur, Cheyyar",Industrial area,12.7230991,79.6546488,8.616666666666667,0.9098646034816248,0.0,0.2,0.3599786552828175,Low,0.8799359658484525,No nearby industrial zone,0.0099999999999998,,C56
10.05376,77.95303,343.77,0.43,0.38,2026-08-26,822,N20,VIIRS,n,2.0NRT,299.95,7.84,D,VIIRS_NOAA20_NRT,,,349.99755793823607,10.05,77.95,1,unknown_other,0.0,0.0,0.0,0.0,0.0,insufficient_evidence,"SIPCOT Mamandur, Cheyyar",Industrial area,12.7230991,79.6546488,8.616666666666667,0.9098646034816248,0.0,0.2,0.3599786552828175,Low,0.8799359658484525,No nearby industrial zone,0.0,,C56
10.93808,79.54315,336.15,0.52,0.41,2026-08-26,822,N20,VIIRS,n,2.0NRT,294.31,4.04,D,VIIRS_NOAA20_NRT,,,186.22118252250655,10.94,79.54,1,unknown_other,0.05,0.0,0.0,0.0174999999999999,0.0174999999999999,insufficient_evidence,TNSTC Bus Depot,Industrial area,12.5026914,80.1531349,4.04,1.0,0.0,0.2,0.2801138384916399,Low,0.6403415154749199,No nearby industrial zone,0.0249999999999998,,
11.35922,77.2625,330.28,0.41,0.37,2026-08-26,822,N20,VIIRS,n,2.0NRT,293.57,1.86,D,VIIRS_NOAA20_NRT,,,301.11406149053073,11.36,77.26,1,unknown_other,0.1,0.0,0.0,0.0349999999999999,0.0349999999999999,insufficient_evidence,"SIPCOT Mamandur, Cheyyar",Industrial area,12.7230991,79.6546488,1.86,1.0,0.0,0.2,0.1726787620064034,Low,0.3180362860192102,No nearby industrial zone,0.0499999999999998,,
11.42405,78.16054,332.79,0.45,0.39,2026-08-26,822,N20,VIIRS,n,2.0NRT,300.25,4.18,D,VIIRS_NOAA20_NRT,,,217.38856086085607,11.42,78.16,1,unknown_other,0.0,0.0,0.0,0.0,0.0,insufficient_evidence,"SIPCOT Mamandur, Cheyyar",Industrial area,12.7230991,79.6546488,4.18,1.0,0.0,0.2,0.2856278904304518,Low,0.6568836712913554,No nearby industrial zone,0.0,,
11.46199,77.46516,341.29,0.42,0.38,2026-08-26,822,N20,VIIRS,n,2.0NRT,296.66,5.71,D,VIIRS_NOAA20_NRT,,,276.2838393764295,11.46,77.47,1,unknown_other,0.0,0.0,0.0,0.0,0.0,insufficient_evidence,"SIPCOT Mamandur, Cheyyar",Industrial area,12.7230991,79.6546488,5.71,1.0,0.0,0.2,0.3300960512273212,Low,0.7902881536819637,No nearby industrial zone,0.0,,
11.53354,78.71278,341.68,0.48,0.4,2026-08-26,822,N20,VIIRS,n,2.0NRT,303.65,4.61,D,VIIRS_NOAA20_NRT,,,167.27251931823326,11.53,78.71,1,unknown_other,0.01,0.0,0.0,0.0034999999999999,0.0034999999999999,insufficient_evidence,"SIPCOT Mamandur, Cheyyar",Industrial area,12.7230991,79.6546488,4.61,1.0,0.0,0.2,0.2989683386695126,Low,0.6969050160085379,No nearby industrial zone,0.0049999999999998,,
11.55913,79.62791,336.44,0.53,0.42,2026-08-26,822,N20,VIIRS,n,2.0NRT,295.58,4.14,D,VIIRS_NOAA20_NRT,,,118.24829318247768,11.56,79.63,1,unknown_other,0.01,0.0,0.0,0.0034999999999999,0.0034999999999999,insufficient_evidence,Unnamed industrial facility,Thermal power plant,12.5982666,79.8590477,4.14,1.0,0.0,0.2,0.2840270366417645,Low,0.6520811099252934,No nearby industrial zone,0.0049999999999998,,
11.67362,78.43934,330.64,0.46,0.39,2026-08-26,822,N20,VIIRS,n,2.0NRT,300.06,2.19,D,VIIRS_NOAA20_NRT,,,176.2498502986744,11.67,78.44,1,unknown_other,0.0,0.0,0.0,0.0,0.0,insufficient_evidence,"SIPCOT Mamandur, Cheyyar",Industrial area,12.7230991,79.6546488,2.19,1.0,0.0,0.2,0.191533262184276,Low,0.3745997865528281,No nearby industrial zone,0.0,,
12.05793,76.91864,331.26,0.41,0.37,2026-08-26,822,N20,VIIRS,l,2.0NRT,303.36,1.61,D,VIIRS_NOAA20_NRT,,,306.20794019473385,12.06,76.92,1,unknown_other,0.0,0.0,0.0,0.0,0.0,insufficient_evidence,"SIPCOT Mamandur, Cheyyar",Industrial area,12.7230991,79.6546488,1.61,1.0,0.0,0.2,0.1556029882604055,Low,0.2668089647812166,No nearby industrial zone,0.0,,
12.13018,79.65379,342.13,0.54,0.42,2026-08-26,822,N20,VIIRS,n,2.0NRT,302.82,13.42,D,VIIRS_NOAA20_NRT,,,56.62255403632843,12.13,79.65,1,unknown_other,0.03,0.0,0.0,0.0104999999999999,0.0104999999999999,insufficient_evidence,Unnamed industrial facility,Thermal power plant,12.5982666,79.8590477,18.885,0.7106168917129997,0.0,0.2,0.3847029526858768,Low,0.9541088580576308,No nearby industrial zone,0.0149999999999998,,C98
12.26599,77.0015,335.46,0.41,0.37,2026-08-26,822,N20,VIIRS,n,2.0NRT,300.16,2.81,D,VIIRS_NOAA20_NRT,,,292.02942265424747,12.27,77.0,1,unknown_other,0.0,0.0,0.0,0.0,0.0,insufficient_evidence,Axiles India,Industrial works,12.7841937,79.6389405,2.81,1.0,0.0,0.2,0.2271077908217715,Low,0.4813233724653148,No nearby industrial zone,0.0,,
12.30538,76.84256,330.79,0.41,0.37,2026-08-26,822,N20,VIIRS,n,2.0NRT,297.18,1.44,D,VIIRS_NOAA20_NRT,,,308.1519127312325,12.31,76.84,1,unknown_other,0.03,0.0,0.0,0.0104999999999999,0.0104999999999999,insufficient_evidence,Axiles India,Industrial works,12.7841937,79.6389405,1.44,1.0,0.0,0.2,0.1408395588758448,Low,0.2225186766275347,No nearby industrial zone,0.0149999999999998,,
12.83705,79.94056,330.38,0.39,0.44,2026-08-26,822,N20,VIIRS,l,2.0NRT,301.2,2.86,D,VIIRS_NOAA20_NRT,,,0.2307043521570402,12.84,79.94,1,possible_industrial,0.0,0.35,0.0,0.0,0.35,industrial_fire,Renault Nissan,Industrial area,12.835853,79.9422981,2.86,1.0,0.0,0.2,0.2295980078263962,Low,0.4887940234791889,Within known industrial zone,0.5,Moderate,
12.95476,79.27879,334.78,0.53,0.42,2026-08-26,822,N20,VIIRS,n,2.0NRT,298.13,3.78,D,VIIRS_NOAA20_NRT,,,38.59851951011212,12.95,79.28,1,unknown_other,0.0,0.0,0.0,0.0,0.0,insufficient_evidence,Unnamed industrial facility,Industrial area,13.0778375,79.6119225,3.78,1.0,0.0,0.2,0.2708644610458911,Low,0.6125933831376734,No nearby industrial zone,0.0,,
13.09371,78.80157,334.78,0.5,0.41,2026-08-26,822,N20,VIIRS,n,2.0NRT,299.14,4.44,D,VIIRS_NOAA20_NRT,,,87.78491151438949,13.09,78.8,1,unknown_other,0.01,0.0,0.0,0.0034999999999999,0.0034999999999999,insufficient_evidence,Unnamed industrial facility,Industrial area,13.0778375,79.6119225,4.44,1.0,0.0,0.2,0.2955887584489505,Low,0.6867662753468516,No nearby industrial zone,0.0049999999999998,,
13.973,78.2289,331.1,0.48,0.4,2026-08-26,822,N20,VIIRS,n,2.0NRT,298.76,3.09,D,VIIRS_NOAA20_NRT,,,141.35294915284695,13.97,78.23,1,unknown_other,0.0,0.0,0.0,0.0,0.0,insufficient_evidence,Amararaja Batteries Small Batteries Division,Industrial works,13.6747828,79.5015075,3.09,1.0,0.0,0.2,0.2404482390608324,Low,0.5213447171824973,No nearby industrial zone,0.0,,
14.15628,77.23994,339.33,0.43,0.38,2026-08-26,822,N20,VIIRS,n,2.0NRT,298.39,3.71,D,VIIRS_NOAA20_NRT,,,249.89545790453911,14.16,77.24,1,unknown_other,0.0,0.0,0.0,0.0,0.0,insufficient_evidence,Amararaja Batteries Small Batteries Division,Industrial works,13.6747828,79.5015075,3.71,1.0,0.0,0.2,0.2673070081821415,Low,0.6019210245464247,No nearby industrial zone,0.0,,
14.23911,79.66386,333.76,0.39,0.44,2026-08-26,822,N20,VIIRS,n,2.0NRT,294.68,3.12,D,VIIRS_NOAA20_NRT,,,33.56623758510504,14.24,79.66,1,unknown_other,0.0,0.0,0.0,0.0,0.0,insufficient_evidence,"APSRTC Bus Depot , Venkatagiri",Industrial area,13.9451361,79.5931469,3.12,1.0,0.0,0.2,0.243294201351832,Low,0.5298826040554963,No nearby industrial zone,0.0,,
15.00306,76.99864,337.96,0.43,0.38,2026-08-26,822,N20,VIIRS,n,2.0NRT,302.29,4.52,D,VIIRS_NOAA20_NRT,,,302.85251436771443,15.0,77.0,1,unknown_other,0.0,0.0,0.0,0.0,0.0,insufficient_evidence,Unnamed industrial facility,Industrial area,13.8754547,79.558804,2.6049999999999995,1.7351247600767756,0.3675623800383878,0.2,0.4202440235133295,Moderate,0.6931696905016008,No nearby industrial zone,0.0,,C102
15.01841,79.74989,340.98,0.4,0.44,2026-08-26,822,N20,VIIRS,n,2.0NRT,297.14,5.67,D,VIIRS_NOAA20_NRT,,,118.03348085964738,15.02,79.75,1,unknown_other,0.0,0.0,0.0,0.0,0.0,insufficient_evidence,Unnamed industrial facility,Industrial area,13.9662446,79.8949777,5.67,1.0,0.0,0.2,0.3286730700818214,Low,0.7860192102454643,No nearby industrial zone,0.0,,C119
15.17506,76.65867,334.39,0.42,0.38,2026-08-26,822,N20,VIIRS,n,2.0NRT,302.05,4.09,D,VIIRS_NOAA20_NRT,,,343.989147777987,15.18,76.66,3,unknown_other,0.02,0.0,0.3,0.0069999999999999,0.307,insufficient_evidence,Unnamed industrial facility,Industrial area,13.8754547,79.558804,2.51,1.6294820717131475,0.3147410358565737,0.6,0.5204953221620809,High,0.6467449306296692,No nearby industrial zone,0.0099999999999998,,C1
15.17785,76.67822,336.4,0.42,0.38,2026-08-26,822,N20,VIIRS,n,2.0NRT,302.7,4.7,D,VIIRS_NOAA20_NRT,,,342.210067761652,15.18,76.68,3,unknown_other,0.0,0.0,0.3,0.0,0.3,insufficient_evidence,Unnamed industrial facility,Industrial area,13.8754547,79.558804,2.7154545454545453,1.7308336123200536,0.3654168061600268,0.6,0.5578425995631252,High,0.708110992529349,No nearby industrial zone,0.0,,C1
15.17841,76.68213,338.03,0.42,0.38,2026-08-26,822,N20,VIIRS,n,2.0NRT,301.96,5.5,D,VIIRS_NOAA20_NRT,,,341.854827597232,15.18,76.68,3,unknown_other,0.0,0.0,0.3,0.0,0.3,insufficient_evidence,Unnamed industrial facility,Industrial area,13.8754547,79.558804,2.7154545454545453,2.025443588885169,0.5127217944425846,0.6,0.6273996162905378,High,0.7694770544290288,No nearby industrial zone,0.0,,C1
15.18318,76.64153,337.25,0.42,0.38,2026-08-26,822,N20,VIIRS,n,2.0NRT,299.05,4.17,D,VIIRS_NOAA20_NRT,,,346.0373209082359,15.18,76.64,2,unknown_other,0.0,0.0,0.2,0.0,0.2,insufficient_evidence,Unnamed industrial facility,Industrial area,13.8754547,79.558804,3.03,1.3762376237623763,0.1881188118811881,0.4,0.4144672097946187,Moderate,0.655282817502668,No nearby industrial zone,0.0,,C1
15.44035,76.97665,332.95,0.44,0.38,2026-08-26,822,N20,VIIRS,n,2.0NRT,302.63,1.86,D,VIIRS_NOAA20_NRT,,,326.8600790497086,15.44,76.98,1,unknown_other,0.0,0.0,0.0,0.0,0.0,insufficient_evidence,"APSRTC Bus Depot , Venkatagiri",Industrial area,13.9451361,79.5931469,1.86,1.0,0.0,0.2,0.1726787620064034,Low,0.3180362860192102,No nearby industrial zone,0.0,,
15.74739,77.78989,337.15,0.48,0.4,2026-08-26,822,N20,VIIRS,n,2.0NRT,294.81,4.12,D,VIIRS_NOAA20_NRT,,,278.7879248237725,15.75,77.79,1,unknown_other,0.0,0.0,0.0,0.0,0.0,insufficient_evidence,"APSRTC Bus Depot , Venkatagiri",Industrial area,13.9451361,79.5931469,4.12,1.0,0.0,0.2,0.2833155460690146,Low,0.6499466382070438,No nearby industrial zone,0.0,,
15.97756,78.4123,330.46,0.52,0.41,2026-08-26,822,N20,VIIRS,n,2.0NRT,294.78,2.89,D,VIIRS_NOAA20_NRT,,,259.1590998744163,15.98,78.41,1,unknown_other,0.0,0.0,0.0,0.0,0.0,insufficient_evidence,"APSRTC Bus Depot , Venkatagiri",Industrial area,13.9451361,79.5931469,2.89,1.0,0.0,0.2,0.2320882248310209,Low,0.4962646744930629,No nearby industrial zone,0.0,,C41
16.0065,77.04945,340.97,0.44,0.39,2026-08-26,822,N20,VIIRS,n,2.0NRT,298.13,3.84,D,VIIRS_NOAA20_NRT,,,356.634006749645,16.01,77.05,1,unknown_other,0.0,0.0,0.0,0.0,0.0,insufficient_evidence,"APSRTC Bus Depot , Venkatagiri",Industrial area,13.9451361,79.5931469,3.84,1.0,0.0,0.2,0.2735325506937033,Low,0.62059765208111,No nearby industrial zone,0.0,,
16.83671,79.16844,333.57,0.39,0.44,2026-08-26,824,N20,VIIRS,n,2.0NRT,297.69,2.33,D,VIIRS_NOAA20_NRT,,,302.12251546471583,16.84,79.17,1,unknown_other,0.0,0.0,0.0,0.0,0.0,insufficient_evidence,Unnamed industrial facility,Industrial area,16.9963409,82.0034981,2.33,1.0,0.0,0.2,0.2025613660618996,Low,0.407684098185699,No nearby industrial zone,0.0,,
19.99819,74.01125,333.16,0.39,0.36,2026-08-26,824,N20,VIIRS,n,2.0NRT,295.9,3.21,D,VIIRS_NOAA20_NRT,,,89.68000772731124,20.0,74.01,1,unknown_other,0.0,0.0,0.0,0.0,0.0,insufficient_evidence,Unnamed industrial facility,Industrial works,19.497302,73.3396311,3.21,1.0,0.0,0.2,0.2484525080042689,Low,0.5453575240128068,No nearby industrial zone,0.0,,
21.10113,72.63656,342.14,0.38,0.36,2026-08-26,824,N20,VIIRS,n,2.0NRT,300.87,8.04,D,VIIRS_NOAA20_NRT,,,1.2233481967887632,21.1,72.64,4,industrial,0.08,0.35,0.3,0.0279999999999999,0.6779999999999999,persistent_industrial_source,ArcelorMittal Nippon Steel India,Industrial works,21.1098624,72.6437334,5.69875,1.4108357095854351,0.2054178547927175,0.8,0.630052127335744,High,0.8847385272145144,Within known industrial zone,0.5399999999999999,Moderate,C2
21.10283,72.64758,339.05,0.38,0.36,2026-08-26,824,N20,VIIRS,n,2.0NRT,302.09,11.92,D,VIIRS_NOAA20_NRT,,,0.8778929930301552,21.1,72.65,2,industrial,0.78,0.35,0.2,0.2729999999999999,0.823,industrial_fire,ArcelorMittal Nippon Steel India,Industrial works,21.1098624,72.6437334,5.786666666666666,2.0599078341013826,0.5299539170506913,0.4,0.6242855995291703,High,0.9429028815368196,Within known industrial zone,0.8899999999999999,High,C2
21.10612,72.647,344.97,0.38,0.36,2026-08-26,824,N20,VIIRS,n,2.0NRT,302.32,11.92,D,VIIRS_NOAA20_NRT,,,0.5366504754933495,21.11,72.65,3,industrial,0.79,0.35,0.3,0.2764999999999999,0.9265,persistent_industrial_source,ArcelorMittal Nippon Steel India,Industrial works,21.1098624,72.6437334,3.7816666666666663,3.1520493609519615,1.0,0.6,0.8476342938456065,Critical,0.9429028815368196,Within known industrial zone,0.8949999999999998,High,C2
21.74298,83.84299,346.9,0.45,0.63,2026-08-26,824,N20,VIIRS,n,2.0NRT,287.63,11.6,D,VIIRS_NOAA20_NRT,,,18.046663385817126,21.74,83.84,4,unknown_other,0.03,0.0,0.3,0.0104999999999999,0.3105,insufficient_evidence,Unnamed industrial facility,Industrial area,21.8219423,83.9956863,8.193333333333333,1.4157851912123678,0.2078925956061839,0.8,0.649197923188543,High,0.9397011739594452,No nearby industrial zone,0.0149999999999998,,C5
21.74881,83.84253,346.63,0.45,0.63,2026-08-26,824,N20,VIIRS,n,2.0NRT,287.28,5.28,D,VIIRS_NOAA20_NRT,,,17.78224785929118,21.75,83.84,3,unknown_other,0.0,0.0,0.3,0.0,0.3,insufficient_evidence,Unnamed industrial facility,Industrial area,21.8219423,83.9956863,4.588888888888889,1.1506053268765135,0.0753026634382567,0.6,0.4751898241343459,Moderate,0.7502668089647813,No nearby industrial zone,0.0,,C5
21.74921,83.84696,326.92,0.45,0.63,2026-08-26,824,N20,VIIRS,n,2.0NRT,286.66,5.28,D,VIIRS_NOAA20_NRT,,,17.35593650424352,21.75,83.85,1,unknown_other,0.07,0.0,0.0,0.0245,0.0245,insufficient_evidence,Unnamed industrial facility,Industrial area,21.8219423,83.9956863,5.28,1.0,0.0,0.2,0.3167556029882604,Low,0.7502668089647813,No nearby industrial zone,0.035,,C5
21.75503,83.8465,334.17,0.45,0.63,2026-08-26,824,N20,VIIRS,n,2.0NRT,286.35,5.28,D,VIIRS_NOAA20_NRT,,,17.106462321097787,21.76,83.85,2,unknown_other,0.0,0.0,0.2,0.0,0.2,insufficient_evidence,Unnamed industrial facility,Industrial area,21.8219423,83.9956863,4.78,1.104602510460251,0.0523012552301255,0.4,0.4008560213983022,Low,0.7502668089647813,No nearby industrial zone,0.0,,C5
21.9208,83.35326,326.38,0.42,0.61,2026-08-26,824,N20,VIIRS,n,2.0NRT,277.14,2.84,D,VIIRS_NOAA20_NRT,,,0.932752375910986,21.92,83.35,1,possible_industrial,0.07,0.35,0.0,0.0245,0.3745,industrial_fire,Jindal Steel Works,Industrial area,21.9275326,83.3478661,2.84,1.0,0.0,0.2,0.2288865172536464,Low,0.4866595517609391,Within known industrial zone,0.535,Moderate,
22.35542,82.30332,334.63,0.36,0.58,2026-08-26,824,N20,VIIRS,n,2.0NRT,289.53,7.35,D,VIIRS_NOAA20_NRT,,,13.501344254050082,22.36,82.3,1,unknown_other,0.03,0.0,0.0,0.0104999999999999,0.0104999999999999,insufficient_evidence,Bhandhakhar Power Station,Thermal power plant,22.3419078,82.433786,7.78,0.9447300771208226,0.0,0.2,0.3562433297758804,Low,0.8687299893276414,No nearby industrial zone,0.0149999999999998,,C57
22.35975,82.30282,333.19,0.36,0.58,2026-08-26,824,N20,VIIRS,n,2.0NRT,286.99,8.21,D,VIIRS_NOAA20_NRT,,,13.614030599941282,22.36,82.3,1,unknown_other,0.01,0.0,0.0,0.0034999999999999,0.0034999999999999,insufficient_evidence,Bhandhakhar Power Station,Thermal power plant,22.3419078,82.433786,7.78,1.0552699228791775,0.0276349614395887,0.2,0.371146908171076,Low,0.8858057630736392,No nearby industrial zone,0.0049999999999998,,C57
22.92799,70.10835,334.26,0.42,0.38,2026-08-26,826,N20,VIIRS,l,2.0NRT,302.81,6.26,D,VIIRS_NOAA20_NRT,,,1.0645192594536057,22.93,70.11,3,industrial,0.61,0.35,0.3,0.2135,0.8634999999999999,persistent_industrial_source,Tuna-Tekra Container Terminal,Industrial area,22.9191876,70.1042631,3.9166666666666665,1.5982978723404255,0.2991489361702127,0.6,0.5748852910677656,High,0.8255069370330843,Within known industrial zone,0.805,High,C69
29.75521,72.58524,330.69,0.4,0.37,2026-08-26,828,N20,VIIRS,l,2.0NRT,303.11,1.43,D,VIIRS_NOAA20_NRT,,,393.48606650252134,29.76,72.59,1,unknown_other,0.0,0.0,0.0,0.0,0.0,insufficient_evidence,Unnamed industrial facility,Industrial area,28.8672971,76.5139469,1.43,1.0,0.0,0.2,0.1395944503735325,Low,0.2187833511205976,No nearby industrial zone,0.0,,
29.75555,71.19326,338.7,0.39,0.36,2026-08-26,828,N20,VIIRS,n,2.0NRT,306.07,3.2,D,VIIRS_NOAA20_NRT,,,525.2038628481417,29.76,71.19,1,unknown_other,0.01,0.0,0.0,0.0034999999999999,0.0034999999999999,insufficient_evidence,Unnamed industrial facility,Industrial area,28.8672971,76.5139469,3.2,1.0,0.0,0.2,0.2472073995019565,Low,0.5416221985058698,No nearby industrial zone,0.0049999999999998,,
29.76845,72.26132,339.23,0.4,0.37,2026-08-26,828,N20,VIIRS,n,2.0NRT,306.31,4.79,D,VIIRS_NOAA20_NRT,,,424.27530204524226,29.77,72.26,1,unknown_other,0.0,0.0,0.0,0.0,0.0,insufficient_evidence,Unnamed industrial facility,Industrial area,28.8672971,76.5139469,4.79,1.0,0.0,0.2,0.3066168623265741,Low,0.7198505869797225,No nearby industrial zone,0.0,,C85
29.90841,72.08109,343.34,0.4,0.37,2026-08-26,828,N20,VIIRS,n,2.0NRT,306.37,12.85,D,VIIRS_NOAA20_NRT,,,444.775086104488,29.91,72.08,1,unknown_other,0.1,0.0,0.0,0.0349999999999999,0.0349999999999999,insufficient_evidence,Unnamed industrial facility,Industrial area,28.8672971,76.5139469,12.85,1.0,0.0,0.2,0.3843472073995019,Low,0.953041622198506,No nearby industrial zone,0.0499999999999998,,
29.93687,72.9943,335.83,0.42,0.37,2026-08-26,828,N20,VIIRS,n,2.0NRT,302.18,3.13,D,VIIRS_NOAA20_NRT,,,361.0831453329074,29.94,72.99,1,unknown_other,0.0,0.0,0.0,0.0,0.0,insufficient_evidence,Unnamed industrial facility,Industrial area,28.8672971,76.5139469,3.13,1.0,0.0,0.2,0.2441835645677694,Low,0.5325506937033084,No nearby industrial zone,0.0,,
29.95284,72.59747,331.09,0.41,0.37,2026-08-26,828,N20,VIIRS,l,2.0NRT,303.47,3.11,D,VIIRS_NOAA20_NRT,,,398.0820900380071,29.95,72.6,1,unknown_other,0.0,0.0,0.0,0.0,0.0,insufficient_evidence,Unnamed industrial facility,Industrial area,28.8672971,76.5139469,3.11,1.0,0.0,0.2,0.2422269654927072,Low,0.5266808964781217,No nearby industrial zone,0.0,,C148
29.95621,72.59685,338.88,0.41,0.37,2026-08-26,828,N20,VIIRS,n,2.0NRT,302.4,3.11,D,VIIRS_NOAA20_NRT,,,398.24701818853424,29.96,72.6,1,unknown_other,0.01,0.0,0.0,0.0034999999999999,0.0034999999999999,insufficient_evidence,Unnamed industrial facility,Industrial area,28.8672971,76.5139469,3.11,1.0,0.0,0.2,0.2422269654927072,Low,0.5266808964781217,No nearby industrial zone,0.0049999999999998,,C148
30.07844,71.96696,339.62,0.39,0.37,2026-08-26,828,N20,VIIRS,n,2.0NRT,305.7,6.61,D,VIIRS_NOAA20_NRT,,,460.27039445220345,30.08,71.97,1,unknown_other,0.07,0.0,0.0,0.0245,0.0245,insufficient_evidence,Unnamed industrial facility,Industrial area,28.8672971,76.5139469,4.375,1.510857142857143,0.2554285714285714,0.2,0.4328483000457386,Moderate,0.8431163287086446,No nearby industrial zone,0.035,,C149
30.08177,71.96634,336.0,0.39,0.37,2026-08-26,828,N20,VIIRS,n,2.0NRT,304.73,2.14,D,VIIRS_NOAA20_NRT,,,460.4292390339527,30.08,71.97,1,unknown_other,0.0,0.0,0.0,0.0,0.0,insufficient_evidence,Unnamed industrial facility,Industrial area,28.8672971,76.5139469,4.375,0.4891428571428571,0.0,0.2,0.1888651725364639,Low,0.3665955176093917,No nearby industrial zone,0.0,,C149
30.33941,73.0291,337.17,0.42,0.38,2026-08-26,828,N20,VIIRS,n,2.0NRT,304.08,2.54,D,VIIRS_NOAA20_NRT,,,374.5480976153757,30.34,73.03,1,unknown_other,0.0,0.0,0.0,0.0,0.0,insufficient_evidence,Unnamed industrial facility,Industrial area,28.8672971,76.5139469,2.54,1.0,0.0,0.2,0.2132337246531483,Low,0.439701173959445,No nearby industrial zone,0.0,,
30.35612,73.65794,334.6,0.44,0.38,2026-08-26,828,N20,VIIRS,n,2.0NRT,302.11,3.06,D,VIIRS_NOAA20_NRT,,,321.90621792990936,30.36,73.66,1,unknown_other,0.0,0.0,0.0,0.0,0.0,insufficient_evidence,Unnamed industrial facility,Industrial area,28.8672971,76.5139469,3.06,1.0,0.0,0.2,0.2386695126289576,Low,0.516008537886873,No nearby industrial zone,0.0,,
30.51083,72.14,336.55,0.4,0.37,2026-08-26,828,N20,VIIRS,n,2.0NRT,301.57,1.28,D,VIIRS_NOAA20_NRT,,,460.29479179137826,30.51,72.14,1,unknown_other,0.0,0.0,0.0,0.0,0.0,insufficient_evidence,Unnamed industrial facility,Industrial area,28.8672971,76.5139469,1.28,1.0,0.0,0.2,0.1296335823550338,Low,0.1889007470651013,No nearby industrial zone,0.0,,
30.53793,71.68966,330.55,0.39,0.36,2026-08-26,828,N20,VIIRS,l,2.0NRT,303.08,2.47,D,VIIRS_NOAA20_NRT,,,501.5571018978447,30.54,71.69,1,unknown_other,0.02,0.0,0.0,0.0069999999999999,0.0069999999999999,insufficient_evidence,Unnamed industrial facility,Industrial area,28.8672971,76.5139469,2.47,1.0,0.0,0.2,0.2098541444325862,Low,0.4295624332977588,No nearby industrial zone,0.0099999999999998,,
30.70773,71.90141,332.47,0.4,0.37,2026-08-26,828,N20,VIIRS,n,2.0NRT,301.47,2.38,D,VIIRS_NOAA20_NRT,,,489.8528455312824,30.71,71.9,1,unknown_other,0.0,0.0,0.0,0.0,0.0,insufficient_evidence,Unnamed industrial facility,Industrial area,28.8672971,76.5139469,2.38,1.0,0.0,0.2,0.2050515830665243,Low,0.4151547491995731,No nearby industrial zone,0.0,,
31.30204,72.22087,334.75,0.41,0.37,2026-08-26,828,N20,VIIRS,n,2.0NRT,301.27,3.08,D,VIIRS_NOAA20_NRT,,,493.8038524196692,31.3,72.22,1,unknown_other,0.0,0.0,0.0,0.0,0.0,insufficient_evidence,Unnamed industrial facility,Industrial area,28.8672971,76.5139469,3.08,1.0,0.0,0.2,0.2397367484880825,Low,0.5192102454642475,No nearby industrial zone,0.0,,
31.76711,74.16125,332.21,0.48,0.4,2026-08-26,828,N20,VIIRS,l,2.0NRT,303.39,3.52,D,VIIRS_NOAA20_NRT,,,392.91970540868766,31.77,74.16,1,unknown_other,0.0,0.0,0.0,0.0,0.0,insufficient_evidence,Unnamed industrial facility,Industrial area,28.8952427,76.5471352,3.52,1.0,0.0,0.2,0.2617929562433297,Low,0.5853788687299893,No nearby industrial zone,0.0,,
31.98062,70.32509,343.51,0.38,0.36,2026-08-26,828,N20,VIIRS,n,2.0NRT,308.31,10.89,D,VIIRS_NOAA20_NRT,,,686.8156033755645,31.98,70.33,1,unknown_other,0.24,0.0,0.0,0.0839999999999999,0.0839999999999999,insufficient_evidence,Unnamed industrial facility,Industrial area,28.8672971,76.5139469,10.89,1.0,0.0,0.2,0.3772323016720028,Low,0.9316969050160084,No nearby industrial zone,0.1199999999999998,,
20.79373,85.25214,303.88,0.57,0.69,2026-08-26,1913,N20,VIIRS,n,2.0NRT,271.84,1.95,N,VIIRS_NOAA20_NRT,,,1.443486975268056,20.79,85.25,2,industrial,0.0,0.35,0.2,0.0,0.55,industrial_fire,Meramandali Power Station,Thermal power plant,20.8066389,85.2536075,6.0575,0.3219149814279818,0.0,0.4,0.2468160796869441,Low,0.3404482390608324,Within known industrial zone,0.5,Moderate,C7
20.96356,85.1699,297.9,0.58,0.69,2026-08-26,1913,N20,VIIRS,n,2.0NRT,270.6,2.19,N,VIIRS_NOAA20_NRT,,,3.164189004328325,20.96,85.17,1,unknown_other,0.0,0.15,0.0,0.0,0.15,industrial_fire,Unnamed industrial facility,Industrial area,20.9405288,85.1520038,5.51,0.397459165154265,0.0,0.2,0.191533262184276,Low,0.3745997865528281,Adjacent to industrial zone,0.2142857142857143,Low,C11
20.96951,85.17609,305.91,0.58,0.69,2026-08-26,1913,N20,VIIRS,n,2.0NRT,274.26,3.1,N,VIIRS_NOAA20_NRT,,,3.7681705132170538,20.97,85.18,1,unknown_other,0.06,0.15,0.0,0.0209999999999999,0.1709999999999999,industrial_fire,Unnamed industrial facility,Industrial area,20.959367,85.2107166,10.44,0.2969348659003831,0.0,0.2,0.2411597296335823,Low,0.5234791889007471,Adjacent to industrial zone,0.2442857142857141,Low,C11
20.76191,85.29632,305.1,0.56,0.69,2026-08-26,1915,N20,VIIRS,n,2.0NRT,273.38,1.85,N,VIIRS_NOAA20_NRT,,,5.115716415195285,20.76,85.3,1,unknown_other,0.01,0.0,0.0,0.0034999999999999,0.0034999999999999,insufficient_evidence,Unnamed industrial facility,Thermal power plant,20.8076658,85.2911873,1.85,1.0,0.0,0.2,0.1716115261472785,Low,0.3148345784418356,No nearby industrial zone,0.0049999999999998,,C74
20.76239,85.29076,299.33,0.56,0.69,2026-08-26,1915,N20,VIIRS,n,2.0NRT,273.13,1.44,N,VIIRS_NOAA20_NRT,,,5.034635231579505,20.76,85.29,1,unknown_other,0.05,0.0,0.0,0.0174999999999999,0.0174999999999999,insufficient_evidence,Unnamed industrial facility,Thermal power plant,20.8076658,85.2911873,1.775,0.8112676056338028,0.0,0.2,0.1408395588758448,Low,0.2225186766275347,No nearby industrial zone,0.0249999999999998,,C74
20.76468,85.29327,303.89,0.56,0.69,2026-08-26,1915,N20,VIIRS,n,2.0NRT,272.33,2.11,N,VIIRS_NOAA20_NRT,,,4.784704068726521,20.76,85.29,1,unknown_other,0.0,0.15,0.0,0.0,0.15,industrial_fire,Unnamed industrial facility,Thermal power plant,20.8076658,85.2911873,1.775,1.1887323943661972,0.0943661971830985,0.2,0.2192533357383718,Low,0.3633938100320171,Adjacent to industrial zone,0.2142857142857143,Low,C74
20.79809,85.25024,301.94,0.57,0.69,2026-08-26,1915,N20,VIIRS,n,2.0NRT,271.59,2.09,N,VIIRS_NOAA20_NRT,,,1.01299398887223,20.8,85.25,1,possible_industrial,0.0,0.35,0.0,0.0,0.35,industrial_fire,Meramandali Power Station,Thermal power plant,20.8066389,85.2536075,1.67,1.251497005988024,0.1257485029940119,0.2,0.2288247411260722,Low,0.3607257203842049,Within known industrial zone,0.5,Moderate,C7
23.61789,86.78893,305.36,0.63,0.72,2026-08-26,2051,N20,VIIRS,n,2.0NRT,283.23,1.9,N,VIIRS_NOAA20_NRT,,,4.993907135716434,23.62,86.79,1,unknown_other,0.12,0.15,0.0,0.0419999999999999,0.192,industrial_fire,Unnamed industrial facility,Industrial area,23.6325726,86.8352562,1.9,1.0,0.0,0.2,0.1762362148701529,Low,0.3287086446104589,Adjacent to industrial zone,0.2742857142857141,Low,C59
23.93222,72.36194,322.77,0.39,0.36,2026-08-26,2051,N20,VIIRS,n,2.0NRT,280.0,1.69,N,VIIRS_NOAA20_NRT,,,48.02036546755535,23.93,72.36,1,unknown_other,0.14,0.0,0.0,0.049,0.049,insufficient_evidence,Unnamed industrial facility,Industrial area,23.5020392,72.4034657,1.69,1.0,0.0,0.2,0.1620064034151547,Low,0.2860192102454642,No nearby industrial zone,0.07,,
26.76138,83.19917,301.41,0.32,0.55,2026-08-26,2051,N20,VIIRS,n,2.0NRT,278.05,0.93,N,VIIRS_NOAA20_NRT,,,346.41869390801986,26.76,83.2,2,unknown_other,0.03,0.0,0.2,0.0104999999999999,0.2105,insufficient_evidence,Unnamed industrial facility,Industrial area,24.4577097,85.5253187,1.08,0.861111111111111,0.0,0.4,0.1705087157595161,Low,0.1115261472785485,No nearby industrial zone,0.0149999999999998,,C137
26.87866,73.51471,303.59,0.39,0.36,2026-08-26,2051,N20,VIIRS,n,2.0NRT,282.78,1.11,N,VIIRS_NOAA20_NRT,,,313.0733935027346,26.88,73.51,1,unknown_other,0.03,0.0,0.0,0.0104999999999999,0.0104999999999999,insufficient_evidence,Unnamed industrial facility,Industrial area,27.524209,76.596126,1.11,1.0,0.0,0.2,0.1175382426182853,Low,0.1526147278548559,No nearby industrial zone,0.0149999999999998,,
26.92686,73.4677,305.99,0.39,0.36,2026-08-26,2051,N20,VIIRS,n,2.0NRT,287.44,1.1,N,VIIRS_NOAA20_NRT,,,316.3668144937247,26.93,73.47,1,unknown_other,0.05,0.0,0.0,0.0174999999999999,0.0174999999999999,insufficient_evidence,Unnamed industrial facility,Industrial area,27.524209,76.596126,1.1,1.0,0.0,0.2,0.1168267520455353,Low,0.1504802561366061,No nearby industrial zone,0.0249999999999998,,
28.0541,69.37069,311.29,0.54,0.42,2026-08-26,2051,N20,VIIRS,n,2.0NRT,297.98,0.64,N,VIIRS_NOAA20_NRT,,,526.0376746393841,28.05,69.37,2,unknown_other,0.0,0.0,0.2,0.0,0.2,insufficient_evidence,Khisara,Thermal power plant,23.3634358,70.0532502,2.42,0.2644628099173554,0.0,0.4,0.1511205976520811,Low,0.0533617929562433,No nearby industrial zone,0.0,,C150
28.42557,69.69781,313.35,0.52,0.42,2026-08-26,2051,N20,VIIRS,n,2.0NRT,298.26,1.67,N,VIIRS_NOAA20_NRT,,,564.0042084482432,28.43,69.7,3,unknown_other,0.0,0.0,0.3,0.0,0.3,insufficient_evidence,Khisara,Thermal power plant,23.3634358,70.0532502,1.3766666666666667,1.2130750605326877,0.1065375302663438,0.6,0.3297850109781444,Moderate,0.2828175026680896,No nearby industrial zone,0.0,,C12
29.47616,76.85736,306.91,0.41,0.37,2026-08-26,2051,N20,VIIRS,n,2.0NRT,287.88,1.89,N,VIIRS_NOAA20_NRT,,,56.953200057236934,29.48,76.86,1,unknown_other,0.01,0.0,0.0,0.0034999999999999,0.0034999999999999,insufficient_evidence,Unnamed industrial facility,Industrial area,28.9891016,77.0389675,1.89,1.0,0.0,0.2,0.1753468516542155,Low,0.3260405549626467,No nearby industrial zone,0.0049999999999998,,C28
18.68135,73.03658,308.6,0.39,0.36,2026-08-26,2053,N20,VIIRS,n,2.0NRT,290.54,1.56,N,VIIRS_NOAA20_NRT,,,0.8760707480764748,18.68,73.04,1,possible_industrial,0.05,0.35,0.0,0.0174999999999999,0.3675,industrial_fire,Unnamed industrial facility,Thermal power plant,18.6861449,73.0431794,2.04,0.7647058823529412,0.0,0.2,0.1509782995375311,Low,0.2529348986125934,Within known industrial zone,0.5249999999999999,Moderate,C24
18.68196,73.03288,302.89,0.39,0.36,2026-08-26,2053,N20,VIIRS,n,2.0NRT,289.13,1.56,N,VIIRS_NOAA20_NRT,,,1.1547258287054898,18.68,73.03,1,possible_industrial,0.12,0.35,0.0,0.0419999999999999,0.3919999999999999,industrial_fire,JSW Ispat Steel Plant,Industrial area,18.6897544,73.040124,2.1799999999999997,0.7155963302752295,0.0,0.2,0.1509782995375311,Low,0.2529348986125934,Within known industrial zone,0.5599999999999999,Moderate,C24
18.68589,73.02978,301.74,0.39,0.36,2026-08-26,2053,N20,VIIRS,n,2.0NRT,287.39,0.74,N,VIIRS_NOAA20_NRT,,,1.1712319787688346,18.69,73.03,1,possible_industrial,0.02,0.35,0.0,0.0069999999999999,0.357,industrial_fire,JSW Ispat Steel Plant,Industrial area,18.6897544,73.040124,0.74,1.0,0.0,0.2,0.091746709356101,Low,0.075240128068303,Within known industrial zone,0.5099999999999999,Moderate,C24
18.95677,73.94353,329.4,0.41,0.37,2026-08-26,2053,N20,VIIRS,n,2.0NRT,290.9,2.58,N,VIIRS_NOAA20_NRT,,,51.728421038991115,18.96,73.94,1,unknown_other,0.05,0.0,0.0,0.0174999999999999,0.0174999999999999,insufficient_evidence,TATA Bhivpuri Hydroelectric Power Plant,Thermal power plant,18.9367388,73.4521329,2.405,1.0727650727650726,0.0363825363825363,0.2,0.2294523075739724,Low,0.451974386339381,No nearby industrial zone,0.0249999999999998,,C106
20.78307,85.26205,301.72,0.59,0.7,2026-08-26,2053,N20,VIIRS,n,2.0NRT,283.99,1.07,N,VIIRS_NOAA20_NRT,,,2.330195601979828,20.78,85.26,1,unknown_other,0.19,0.15,0.0,0.0664999999999999,0.2164999999999999,industrial_fire,Tata Steel Meramandali,Industrial area,20.8040132,85.2612681,1.07,1.0,0.0,0.2,0.1134471718249733,Low,0.1403415154749199,Adjacent to industrial zone,0.3092857142857141,Low,C7
20.78438,85.25655,302.13,0.58,0.7,2026-08-26,2053,N20,VIIRS,n,2.0NRT,283.99,1.07,N,VIIRS_NOAA20_NRT,,,2.237526636164889,20.78,85.26,1,unknown_other,0.1,0.15,0.0,0.0349999999999999,0.185,industrial_fire,Tata Steel Meramandali,Industrial area,20.8040132,85.2612681,1.07,1.0,0.0,0.2,0.1134471718249733,Low,0.1403415154749199,Adjacent to industrial zone,0.2642857142857141,Low,C7
20.78934,85.26369,304.73,0.59,0.7,2026-08-26,2053,N20,VIIRS,n,2.0NRT,284.02,1.07,N,VIIRS_NOAA20_NRT,,,1.650894438028429,20.79,85.26,2,industrial,0.65,0.35,0.2,0.2274999999999999,0.7775000000000001,industrial_fire,Tata Steel Meramandali,Industrial area,20.8040132,85.2612681,1.22,0.8770491803278689,0.0,0.4,0.1801138384916399,Low,0.1403415154749199,Within known industrial zone,0.825,High,C7
20.79822,85.25431,308.68,0.58,0.7,2026-08-26,2053,N20,VIIRS,n,2.0NRT,283.63,1.25,N,VIIRS_NOAA20_NRT,,,0.9389826460396822,20.8,85.25,1,possible_industrial,0.09,0.35,0.0,0.0315,0.3814999999999999,industrial_fire,Meramandali Power Station,Thermal power plant,20.8066389,85.2536075,1.67,0.7485029940119761,0.0,0.2,0.1273212379935965,Low,0.1819637139807897,Within known industrial zone,0.5449999999999999,Moderate,C7
20.80444,85.25613,301.92,0.58,0.7,2026-08-26,2053,N20,VIIRS,n,2.0NRT,284.07,1.25,N,VIIRS_NOAA20_NRT,,,0.3585131680159281,20.8,85.26,1,possible_industrial,0.06,0.35,0.0,0.0209999999999999,0.371,industrial_fire,Meramandali Power Station,Thermal power plant,20.8066389,85.2536075,1.25,1.0,0.0,0.2,0.1273212379935965,Low,0.1819637139807897,Within known industrial zone,0.5299999999999999,Moderate,C7
20.81066,85.25798,303.54,0.58,0.7,2026-08-26,2053,N20,VIIRS,n,2.0NRT,284.2,2.64,N,VIIRS_NOAA20_NRT,,,0.6375571465510346,20.81,85.26,1,possible_industrial,0.14,0.35,0.0,0.049,0.3989999999999999,industrial_fire,Meramandali Power Station,Thermal power plant,20.8066389,85.2536075,2.64,1.0,0.0,0.2,0.2196371398078975,Low,0.4589114194236926,Within known industrial zone,0.57,Moderate,C7
20.91049,71.45941,312.46,0.39,0.36,2026-08-26,2053,N20,VIIRS,n,2.0NRT,289.09,1.26,N,VIIRS_NOAA20_NRT,,,0.3196133295529011,20.91,71.46,3,industrial,0.72,0.35,0.3,0.252,0.902,persistent_industrial_source,Unnamed industrial facility,Industrial area,20.9083657,71.4614828,1.5733333333333337,0.8008474576271186,0.0,0.6,0.2617218071860547,Moderate,0.1851654215581643,Within known industrial zone,0.86,High,C70
21.1065,72.64651,300.89,0.38,0.36,2026-08-26,2053,N20,VIIRS,n,2.0NRT,270.92,0.55,N,VIIRS_NOAA20_NRT,,,0.4719614568295607,21.11,72.65,3,industrial,0.7,0.35,0.3,0.2449999999999999,0.8949999999999999,persistent_industrial_source,ArcelorMittal Nippon Steel India,Industrial works,21.1098624,72.6437334,3.7816666666666663,0.1454385191714411,0.0,0.6,0.2135183208822482,Moderate,0.0405549626467449,Within known industrial zone,0.8499999999999999,High,C2
22.32085,69.8827,311.16,0.44,0.38,2026-08-26,2053,N20,VIIRS,n,2.0NRT,286.86,1.41,N,VIIRS_NOAA20_NRT,,,1.6400661840936404,22.32,69.88,1,possible_industrial,0.11,0.35,0.0,0.0385,0.3884999999999999,industrial_fire,Unnamed industrial facility,Thermal power plant,22.3230732,69.8669379,1.45,0.9724137931034482,0.0,0.2,0.1383493418712202,Low,0.2150480256136606,Within known industrial zone,0.5549999999999999,Moderate,C151
22.32132,69.88142,317.54,0.44,0.38,2026-08-26,2053,N20,VIIRS,n,2.0NRT,287.39,1.49,N,VIIRS_NOAA20_NRT,,,1.5023635927275356,22.32,69.88,1,possible_industrial,0.03,0.35,0.0,0.0104999999999999,0.3605,industrial_fire,Unnamed industrial facility,Thermal power plant,22.3230732,69.8669379,1.45,1.0275862068965518,0.0137931034482758,0.2,0.150595566677707,Low,0.2379935965848452,Within known industrial zone,0.5149999999999999,Moderate,C151
22.41633,69.0387,309.0,0.48,0.4,2026-08-26,2053,N20,VIIRS,n,2.0NRT,292.91,2.63,N,VIIRS_NOAA20_NRT,,,58.79475990473118,22.42,69.04,2,unknown_other,0.0,0.0,0.2,0.0,0.2,insufficient_evidence,Port,Industrial area,22.3183828,69.6005772,1.3775,1.909255898366606,0.454627949183303,0.4,0.4371349656295819,High,0.4567769477054429,No nearby industrial zone,0.0,,C33
23.31464,70.48708,307.11,0.43,0.38,2026-08-26,2053,N20,VIIRS,n,2.0NRT,293.75,1.62,N,VIIRS_NOAA20_NRT,,,0.3467332087500904,23.31,70.49,1,possible_industrial,0.02,0.35,0.0,0.0069999999999999,0.357,industrial_fire,Unnamed industrial facility,Industrial area,23.3159808,70.4901456,1.62,1.0,0.0,0.2,0.1570259694059053,Low,0.2710779082177161,Within known industrial zone,0.5099999999999999,Moderate,C152
23.31667,70.48634,308.92,0.43,0.38,2026-08-26,2053,N20,VIIRS,n,2.0NRT,294.09,1.21,N,VIIRS_NOAA20_NRT,,,0.3960896438729603,23.32,70.49,1,possible_industrial,0.02,0.35,0.0,0.0069999999999999,0.357,industrial_fire,Unnamed industrial facility,Industrial area,23.3159808,70.4901456,1.21,1.0,0.0,0.2,0.123763785129847,Low,0.1712913553895411,Within known industrial zone,0.5099999999999999,Moderate,C152
11.80962,77.92208,298.71,0.58,0.52,2026-08-26,2055,N20,VIIRS,n,2.0NRT,276.25,0.74,N,VIIRS_NOAA20_NRT,,,213.90693165481505,11.81,77.92,3,unknown_other,0.14,0.0,0.3,0.049,0.349,insufficient_evidence,"SIPCOT Mamandur, Cheyyar",Industrial area,12.7230991,79.6546488,1.178,0.6281833616298812,0.0,0.6,0.2250800426894343,Moderate,0.075240128068303,No nearby industrial zone,0.07,,C10
13.71163,79.62034,301.42,0.35,0.56,2026-08-26,2055,N20,VIIRS,n,2.0NRT,282.07,1.07,N,VIIRS_NOAA20_NRT,,,1.2347586021426602,13.71,79.62,3,industrial,0.67,0.35,0.3,0.2345,0.8844999999999998,persistent_industrial_source,Unnamed industrial facility,Industrial area,13.7190582,79.6288364,1.5566666666666666,0.6873661670235547,0.0,0.6,0.2467805051583066,Moderate,0.1403415154749199,Within known industrial zone,0.8350000000000001,High,C17
13.71613,79.62455,302.5,0.35,0.56,2026-08-26,2055,N20,VIIRS,n,2.0NRT,282.05,0.91,N,VIIRS_NOAA20_NRT,,,0.5660508298241644,13.72,79.62,1,possible_industrial,0.13,0.35,0.0,0.0455,0.3954999999999999,industrial_fire,Unnamed industrial facility,Industrial area,13.7190582,79.6288364,0.91,1.0,0.0,0.2,0.1020633226609747,Low,0.1061899679829242,Within known industrial zone,0.565,Moderate,C17
13.84566,79.25454,303.89,0.33,0.55,2026-08-26,2055,N20,VIIRS,n,2.0NRT,283.38,1.01,N,VIIRS_NOAA20_NRT,,,32.62885003236912,13.85,79.25,1,unknown_other,0.07,0.0,0.0,0.0245,0.0245,insufficient_evidence,Unnamed industrial facility,Industrial area,13.6914657,79.5115864,1.14,0.8859649122807016,0.0,0.2,0.1091782283884738,Low,0.1275346851654215,No nearby industrial zone,0.035,,C15
13.84619,79.25174,311.52,0.33,0.55,2026-08-26,2055,N20,VIIRS,n,2.0NRT,279.9,1.27,N,VIIRS_NOAA20_NRT,,,32.91725451309988,13.85,79.25,1,unknown_other,0.05,0.0,0.0,0.0174999999999999,0.0174999999999999,insufficient_evidence,Unnamed industrial facility,Industrial area,13.6914657,79.5115864,1.14,1.1140350877192982,0.057017543859649,0.2,0.1481058123786877,Low,0.187299893276414,No nearby industrial zone,0.0249999999999998,,C15
15.17025,76.38171,304.26,0.4,0.44,2026-08-26,2055,N20,VIIRS,n,2.0NRT,286.12,0.89,N,VIIRS_NOAA20_NRT,,,371.048691817567,15.17,76.38,2,unknown_other,0.0,0.0,0.2,0.0,0.2,insufficient_evidence,Unnamed industrial facility,Industrial area,13.8754547,79.558804,0.9875,0.90126582278481,0.0,0.4,0.1664176449662042,Low,0.0992529348986125,No nearby industrial zone,0.0,,C34
15.17336,76.66246,301.82,0.42,0.45,2026-08-26,2055,N20,VIIRS,n,2.0NRT,285.19,1.14,N,VIIRS_NOAA20_NRT,,,343.54064599529505,15.17,76.66,1,unknown_other,0.07,0.0,0.0,0.0245,0.0245,insufficient_evidence,Unnamed industrial facility,Industrial area,13.8754547,79.558804,1.0699999999999998,1.0654205607476637,0.0327102803738318,0.2,0.1309318864141872,Low,0.1600853788687299,No nearby industrial zone,0.035,,C1
15.17477,76.65479,318.72,0.42,0.45,2026-08-26,2055,N20,VIIRS,n,2.0NRT,284.95,1.55,N,VIIRS_NOAA20_NRT,,,344.3548388593825,15.17,76.65,2,unknown_other,0.02,0.0,0.2,0.0069999999999999,0.207,insufficient_evidence,Unnamed industrial facility,Industrial area,13.8754547,79.558804,1.58,0.981012658227848,0.0,0.4,0.2163998577018854,Low,0.2491995731056563,No nearby industrial zone,0.0099999999999998,,C1
15.17542,77.10057,302.32,0.45,0.47,2026-08-26,2055,N20,VIIRS,n,2.0NRT,285.01,1.32,N,VIIRS_NOAA20_NRT,,,301.1216544552263,15.18,77.1,3,unknown_other,0.27,0.0,0.3,0.0945,0.3944999999999999,insufficient_evidence,"APSRTC Bus Depot , Venkatagiri",Industrial area,13.9451361,79.5931469,1.344,0.9821428571428572,0.0,0.6,0.2659907506225542,Moderate,0.1979722518676627,No nearby industrial zone,0.135,,C18
15.17816,76.65945,310.09,0.42,0.45,2026-08-26,2055,N20,VIIRS,n,2.0NRT,285.4,1.55,N,VIIRS_NOAA20_NRT,,,344.0559259101822,15.18,76.66,3,unknown_other,0.0,0.0,0.3,0.0,0.3,insufficient_evidence,Unnamed industrial facility,Industrial area,13.8754547,79.558804,2.51,0.6175298804780878,0.0,0.6,0.283066524368552,Moderate,0.2491995731056563,No nearby industrial zone,0.0,,C1
15.17886,76.65562,312.26,0.42,0.45,2026-08-26,2055,N20,VIIRS,n,2.0NRT,286.36,1.55,N,VIIRS_NOAA20_NRT,,,344.4621804040392,15.18,76.66,3,unknown_other,0.01,0.0,0.3,0.0034999999999999,0.3035,insufficient_evidence,Unnamed industrial facility,Industrial area,13.8754547,79.558804,2.51,0.6175298804780878,0.0,0.6,0.283066524368552,Moderate,0.2491995731056563,No nearby industrial zone,0.0049999999999998,,C1
15.17946,76.67565,307.05,0.42,0.45,2026-08-26,2055,N20,VIIRS,n,2.0NRT,285.67,1.65,N,VIIRS_NOAA20_NRT,,,342.53542120878603,15.18,76.68,3,unknown_other,0.0,0.0,0.3,0.0,0.3,insufficient_evidence,Unnamed industrial facility,Industrial area,13.8754547,79.558804,2.7154545454545453,0.6076330766655507,0.0,0.6,0.2930273923870509,Moderate,0.2790821771611526,No nearby industrial zone,0.0,,C1
15.18357,76.67648,309.53,0.42,0.45,2026-08-26,2055,N20,VIIRS,n,2.0NRT,286.52,1.65,N,VIIRS_NOAA20_NRT,,,342.6455810489548,15.18,76.68,3,unknown_other,0.0,0.0,0.3,0.0,0.3,insufficient_evidence,Unnamed industrial facility,Industrial area,13.8754547,79.558804,2.7154545454545453,0.6076330766655507,0.0,0.6,0.2930273923870509,Moderate,0.2790821771611526,No nearby industrial zone,0.0,,C1
15.18496,76.66879,312.05,0.42,0.45,2026-08-26,2055,N20,VIIRS,n,2.0NRT,285.84,2.38,N,VIIRS_NOAA20_NRT,,,343.45977995015085,15.18,76.67,4,unknown_other,0.0,0.0,0.3,0.0,0.3,insufficient_evidence,Unnamed industrial facility,Industrial area,13.8754547,79.558804,1.967857142857143,1.2094373865698729,0.1047186932849364,0.8,0.4399578141615031,Moderate,0.4151547491995731,No nearby industrial zone,0.0,,C1
15.30119,76.21846,301.59,0.39,0.44,2026-08-26,2055,N20,VIIRS,n,2.0NRT,288.41,0.8,N,VIIRS_NOAA20_NRT,,,392.84917832652064,15.3,76.22,1,unknown_other,0.03,0.0,0.0,0.0104999999999999,0.0104999999999999,insufficient_evidence,Unnamed industrial facility,Industrial area,13.8754547,79.558804,0.745,1.0738255033557047,0.0369127516778523,0.2,0.1070747948495722,Low,0.0843116328708644,No nearby industrial zone,0.0149999999999998,,C105
15.33309,76.24698,309.09,0.39,0.44,2026-08-26,2055,N20,VIIRS,n,2.0NRT,290.15,0.78,N,VIIRS_NOAA20_NRT,,,391.4744395757994,15.33,76.25,2,unknown_other,0.0,0.0,0.2,0.0,0.2,insufficient_evidence,Unnamed industrial facility,Industrial area,13.8754547,79.558804,0.7150000000000001,1.0909090909090908,0.0454545454545454,0.4,0.1755214902493451,Low,0.0811099252934898,No nearby industrial zone,0.0,,C117
15.33449,76.28466,307.06,0.39,0.44,2026-08-26,2055,N20,VIIRS,n,2.0NRT,290.93,1.15,N,VIIRS_NOAA20_NRT,,,387.8517197038512,15.33,76.28,2,unknown_other,0.02,0.0,0.2,0.0069999999999999,0.207,insufficient_evidence,Unnamed industrial facility,Industrial area,13.8754547,79.558804,1.075,1.069767441860465,0.0348837209302325,0.4,0.1986787785526957,Low,0.1611526147278548,No nearby industrial zone,0.0099999999999998,,C13
8.00174,80.37679,330.92,0.39,0.36,2026-08-27,803,N20,VIIRS,n,2.0NRT,287.19,2.58,D,VIIRS_NOAA20_NRT,,,501.0805788181197,8.0,80.38,1,unknown_other,0.22,0.0,0.0,0.077,0.077,insufficient_evidence,TNSTC Bus Depot,Industrial area,12.5026914,80.1531349,2.58,1.0,0.0,0.2,0.2173247954464603,Low,0.451974386339381,No nearby industrial zone,0.11,,
8.07855,81.34753,347.57,0.39,0.36,2026-08-27,803,N20,VIIRS,n,2.0NRT,304.24,5.76,D,VIIRS_NOAA20_NRT,,,508.9925762419303,8.08,81.35,1,unknown_other,0.01,0.0,0.0,0.0034999999999999,0.0034999999999999,insufficient_evidence,TNSTC Bus Depot,Industrial area,12.5026914,80.1531349,4.6899999999999995,1.2281449893390193,0.1140724946695096,0.2,0.3718555416240947,Low,0.8014941302027748,No nearby industrial zone,0.0049999999999998,,C107
8.1266,81.32954,332.51,0.39,0.36,2026-08-27,803,N20,VIIRS,l,2.0NRT,303.55,2.35,D,VIIRS_NOAA20_NRT,,,503.3215762212019,8.13,81.33,1,unknown_other,0.0,0.0,0.0,0.0,0.0,insufficient_evidence,TNSTC Bus Depot,Industrial area,12.5026914,80.1531349,2.35,1.0,0.0,0.2,0.2036286019210245,Low,0.4108858057630736,No nearby industrial zone,0.0,,C26
8.15307,81.32552,336.44,0.39,0.36,2026-08-27,803,N20,VIIRS,n,2.0NRT,301.16,5.7,D,VIIRS_NOAA20_NRT,,,500.3624761212072,8.15,81.33,1,unknown_other,0.0,0.0,0.0,0.0,0.0,insufficient_evidence,TNSTC Bus Depot,Industrial area,12.5026914,80.1531349,5.7,1.0,0.0,0.2,0.3292066880113838,Low,0.7876200640341515,No nearby industrial zone,0.0,,C26
8.15969,81.32451,338.73,0.39,0.36,2026-08-27,803,N20,VIIRS,n,2.0NRT,301.58,5.72,D,VIIRS_NOAA20_NRT,,,499.6223257985516,8.16,81.32,1,unknown_other,0.01,0.0,0.0,0.0034999999999999,0.0034999999999999,insufficient_evidence,TNSTC Bus Depot,Industrial area,12.5026914,80.1531349,5.72,1.0,0.0,0.2,0.3309854144432586,Low,0.7929562433297759,No nearby industrial zone,0.0049999999999998,,C26
8.16075,81.33147,332.99,0.39,0.36,2026-08-27,803,N20,VIIRS,n,2.0NRT,301.94,2.18,D,VIIRS_NOAA20_NRT,,,499.7041016121891,8.16,81.33,1,unknown_other,0.0,0.0,0.0,0.0,0.0,insufficient_evidence,TNSTC Bus Depot,Industrial area,12.5026914,80.1531349,2.54,0.8582677165354331,0.0,0.2,0.1901102810387762,Low,0.3703308431163287,No nearby industrial zone,0.0,,C26
8.18756,81.21635,338.58,0.39,0.36,2026-08-27,803,N20,VIIRS,n,2.0NRT,302.12,3.74,D,VIIRS_NOAA20_NRT,,,493.7074975353182,8.19,81.22,1,unknown_other,0.03,0.0,0.0,0.0104999999999999,0.0104999999999999,insufficient_evidence,TNSTC Bus Depot,Industrial area,12.5026914,80.1531349,3.305,1.1316187594553706,0.0658093797276853,0.2,0.2908443218800573,Low,0.6067235859124867,No nearby industrial zone,0.0149999999999998,,C36
8.37496,80.5052,334.35,0.38,0.36,2026-08-27,803,N20,VIIRS,n,2.0NRT,299.22,3.16,D,VIIRS_NOAA20_NRT,,,460.59389756971746,8.37,80.51,1,unknown_other,0.0,0.0,0.0,0.0,0.0,insufficient_evidence,TNSTC Bus Depot,Industrial area,12.5026914,80.1531349,3.16,1.0,0.0,0.2,0.2452508004268943,Low,0.535752401280683,No nearby industrial zone,0.0,,
8.89727,80.48201,340.98,0.38,0.36,2026-08-27,803,N20,VIIRS,n,2.0NRT,301.5,9.27,D,VIIRS_NOAA20_NRT,,,402.5111311019346,8.9,80.48,1,unknown_other,0.08,0.0,0.0,0.0279999999999999,0.0279999999999999,insufficient_evidence,TNSTC Bus Depot,Industrial area,12.5026914,80.1531349,7.425,1.2484848484848483,0.1242424242424242,0.2,0.4101085562131453,Low,0.9060832443970116,No nearby industrial zone,0.0399999999999998,,C109
8.95087,77.90591,336.68,0.44,0.38,2026-08-27,803,N20,VIIRS,l,2.0NRT,302.71,2.82,D,VIIRS_NOAA20_NRT,,,458.24639500111664,8.95,77.91,1,unknown_other,0.0,0.0,0.0,0.0,0.0,insufficient_evidence,Unnamed industrial facility,Thermal power plant,12.5982666,79.8590477,2.82,1.0,0.0,0.2,0.2278192813945215,Low,0.4834578441835646,No nearby industrial zone,0.0,,
9.12931,77.84509,337.52,0.44,0.39,2026-08-27,803,N20,VIIRS,l,2.0NRT,305.71,5.56,D,VIIRS_NOAA20_NRT,,,444.004319698395,9.13,77.85,1,unknown_other,0.0,0.0,0.0,0.0,0.0,insufficient_evidence,Unnamed industrial facility,Thermal power plant,12.5982666,79.8590477,4.92,1.1300813008130082,0.065040650406504,0.2,0.3471515793066148,Low,0.7764140875133404,No nearby industrial zone,0.0,,C37
9.23964,77.81049,339.38,0.44,0.39,2026-08-27,803,N20,VIIRS,l,2.0NRT,303.83,8.89,D,VIIRS_NOAA20_NRT,,,435.297732244339,9.24,77.81,1,unknown_other,0.0,0.0,0.0,0.0,0.0,insufficient_evidence,Unnamed industrial facility,Thermal power plant,12.5982666,79.8590477,8.89,1.0,0.0,0.2,0.3663820704375666,Low,0.8991462113127001,No nearby industrial zone,0.0,,
9.27336,77.94791,337.78,0.44,0.38,2026-08-27,803,N20,VIIRS,l,2.0NRT,304.71,10.83,D,VIIRS_NOAA20_NRT,,,424.5097054083921,9.27,77.95,1,unknown_other,0.03,0.0,0.0,0.0104999999999999,0.0104999999999999,insufficient_evidence,Unnamed industrial facility,Thermal power plant,12.5982666,79.8590477,10.83,1.0,0.0,0.2,0.3768765563856279,Low,0.9306296691568836,No nearby industrial zone,0.0149999999999998,,
9.45227,80.48818,340.55,0.38,0.36,2026-08-27,803,N20,VIIRS,n,2.0NRT,301.48,3.08,D,VIIRS_NOAA20_NRT,,,341.15696218349177,9.45,80.49,1,unknown_other,0.02,0.0,0.0,0.0069999999999999,0.0069999999999999,insufficient_evidence,TNSTC Bus Depot,Industrial area,12.5026914,80.1531349,4.3100000000000005,0.7146171693735498,0.0,0.2,0.2397367484880825,Low,0.5192102454642475,No nearby industrial zone,0.0099999999999998,,C39
9.46229,80.46529,332.31,0.38,0.36,2026-08-27,803,N20,VIIRS,l,2.0NRT,302.43,0.91,D,VIIRS_NOAA20_NRT,,,339.7895809046434,9.46,80.47,1,unknown_other,0.02,0.0,0.0,0.0069999999999999,0.0069999999999999,insufficient_evidence,TNSTC Bus Depot,Industrial area,12.5026914,80.1531349,0.91,1.0,0.0,0.2,0.1020633226609747,Low,0.1061899679829242,No nearby industrial zone,0.0099999999999998,,C39
9.82798,77.77052,338.56,0.44,0.38,2026-08-27,803,N20,VIIRS,l,2.0NRT,302.91,6.26,D,VIIRS_NOAA20_NRT,,,381.8880160153914,9.83,77.77,1,unknown_other,0.17,0.0,0.0,0.0595,0.0595,insufficient_evidence,"SIPCOT Mamandur, Cheyyar",Industrial area,12.7230991,79.6546488,6.26,1.0,0.0,0.2,0.3418356456776947,Low,0.8255069370330843,No nearby industrial zone,0.085,,
9.9415,78.59012,334.4,0.41,0.37,2026-08-27,803,N20,VIIRS,n,2.0NRT,301.16,2.2,D,VIIRS_NOAA20_NRT,,,326.2159648254933,9.94,78.59,1,unknown_other,0.0,0.0,0.0,0.0,0.0,insufficient_evidence,Unnamed industrial facility,Thermal power plant,12.5982666,79.8590477,2.2,1.0,0.0,0.2,0.1926004980434009,Low,0.3778014941302027,No nearby industrial zone,0.0,,
11.03126,77.58949,337.59,0.43,0.38,2026-08-27,803,N20,VIIRS,n,2.0NRT,302.98,4.28,D,VIIRS_NOAA20_NRT,,,293.06112106766324,11.03,77.59,1,unknown_other,0.02,0.0,0.0,0.0069999999999999,0.0069999999999999,insufficient_evidence,"SIPCOT Mamandur, Cheyyar",Industrial area,12.7230991,79.6546488,4.57,0.936542669584245,0.0,0.2,0.2900747065101387,Low,0.6702241195304163,No nearby industrial zone,0.0099999999999998,,C153
11.03474,77.58891,337.28,0.43,0.38,2026-08-27,803,N20,VIIRS,n,2.0NRT,302.23,4.86,D,VIIRS_NOAA20_NRT,,,292.86023301523204,11.03,77.59,1,unknown_other,0.01,0.0,0.0,0.0034999999999999,0.0034999999999999,insufficient_evidence,"SIPCOT Mamandur, Cheyyar",Industrial area,12.7230991,79.6546488,4.57,1.0634573304157549,0.0317286652078774,0.2,0.319327555780783,Low,0.7262540021344717,No nearby industrial zone,0.0049999999999998,,C153
11.70355,78.596,334.69,0.4,0.37,2026-08-27,805,N20,VIIRS,l,2.0NRT,301.31,6.34,D,VIIRS_NOAA20_NRT,,,161.5209660072136,11.7,78.6,1,unknown_other,0.1,0.0,0.0,0.0349999999999999,0.0349999999999999,insufficient_evidence,"SIPCOT Mamandur, Cheyyar",Industrial area,12.7230991,79.6546488,6.34,1.0,0.0,0.2,0.3427250088936321,Low,0.8281750266808965,No nearby industrial zone,0.0499999999999998,,
12.05728,79.84831,333.91,0.38,0.36,2026-08-27,805,N20,VIIRS,n,2.0NRT,298.98,2.33,D,VIIRS_NOAA20_NRT,,,59.580738944888544,12.06,79.85,1,unknown_other,0.01,0.0,0.0,0.0034999999999999,0.0034999999999999,insufficient_evidence,TNSTC Bus Depot,Industrial area,12.5026914,80.1531349,2.33,1.0,0.0,0.2,0.2025613660618996,Low,0.407684098185699,No nearby industrial zone,0.0049999999999998,,
12.09427,77.76483,335.49,0.42,0.38,2026-08-27,805,N20,VIIRS,l,2.0NRT,302.06,9.48,D,VIIRS_NOAA20_NRT,,,216.8123755040941,12.09,77.76,1,unknown_other,0.06,0.0,0.0,0.0209999999999999,0.0209999999999999,insufficient_evidence,"SIPCOT Mamandur, Cheyyar",Industrial area,12.7230991,79.6546488,9.48,1.0,0.0,0.2,0.3694059053717538,Low,0.9082177161152616,No nearby industrial zone,0.0299999999999998,,
12.1972,79.71706,332.4,0.38,0.36,2026-08-27,805,N20,VIIRS,n,2.0NRT,296.25,2.8,D,VIIRS_NOAA20_NRT,,,47.187220519131046,12.2,79.72,1,unknown_other,0.0,0.0,0.0,0.0,0.0,insufficient_evidence,Unnamed industrial facility,Thermal power plant,12.5982666,79.8590477,2.845,0.984182776801406,0.0,0.2,0.2262184276058342,Low,0.4786552828175027,No nearby industrial zone,0.0,,C113
12.29649,78.82146,334.91,0.39,0.36,2026-08-27,805,N20,VIIRS,n,2.0NRT,300.14,3.56,D,VIIRS_NOAA20_NRT,,,102.13143176416374,12.3,78.82,1,unknown_other,0.01,0.0,0.0,0.0034999999999999,0.0034999999999999,insufficient_evidence,"SIPCOT Mamandur, Cheyyar",Industrial area,12.7230991,79.6546488,3.56,1.0,0.0,0.2,0.2632159373888296,Low,0.5896478121664888,No nearby industrial zone,0.0049999999999998,,
15.81279,79.73833,335.02,0.39,0.36,2026-08-27,805,N20,VIIRS,n,2.0NRT,289.59,3.1,D,VIIRS_NOAA20_NRT,,,206.01529783718,15.81,79.74,1,unknown_other,0.07,0.0,0.0,0.0245,0.0245,insufficient_evidence,Unnamed industrial facility,Industrial area,13.9662446,79.8949777,3.1,1.0,0.0,0.2,0.2411597296335823,Low,0.5234791889007471,No nearby industrial zone,0.035,,
17.36462,75.19918,335.39,0.47,0.4,2026-08-27,805,N20,VIIRS,l,2.0NRT,305.04,8.72,D,VIIRS_NOAA20_NRT,,,232.20067675259463,17.36,75.2,1,unknown_other,0.02,0.0,0.0,0.0069999999999999,0.0069999999999999,insufficient_evidence,Pawana Hydroelectric Power Station,Thermal power plant,18.68142,73.494772,8.72,1.0,0.0,0.2,0.3644254713625044,Low,0.8932764140875133,No nearby industrial zone,0.0099999999999998,,
22.7993,86.09131,332.6,0.32,0.54,2026-08-27,805,N20,VIIRS,n,2.0NRT,290.28,2.85,D,VIIRS_NOAA20_NRT,,,0.4502551735664847,22.8,86.09,2,industrial,0.69,0.35,0.2,0.2414999999999999,0.7915,industrial_fire,Adityapur Works Power Station,Thermal power plant,22.8033373,86.0916471,2.79,1.021505376344086,0.010752688172043,0.4,0.299493158597369,Low,0.487726787620064,Within known industrial zone,0.845,High,C140
20.79344,85.25465,352.45,0.53,0.5,2026-08-27,807,N20,VIIRS,n,2.0NRT,289.7,11.97,D,VIIRS_NOAA20_NRT,,,1.362168826880508,20.79,85.25,2,industrial,0.36,0.35,0.2,0.126,0.676,industrial_fire,Tata Steel Meramandali,Industrial area,20.8040132,85.2612681,6.0575,1.976062732150227,0.4880313660751135,0.4,0.6112007790865817,High,0.9455709711846318,Within known industrial zone,0.68,Moderate,C7
20.79426,85.25369,341.39,0.53,0.5,2026-08-27,807,N20,VIIRS,n,2.0NRT,289.95,9.18,D,VIIRS_NOAA20_NRT,,,1.340401267150287,20.79,85.25,2,industrial,0.62,0.35,0.2,0.217,0.767,industrial_fire,Tata Steel Meramandali,Industrial area,20.8040132,85.2612681,6.0575,1.515476681799422,0.257738340899711,0.4,0.5209181164791993,Moderate,0.9050160085378868,Within known industrial zone,0.8099999999999999,High,C7
20.96309,85.18516,332.56,0.53,0.5,2026-08-27,807,N20,VIIRS,n,2.0NRT,291.41,9.71,D,VIIRS_NOAA20_NRT,,,2.6858003281670877,20.96,85.19,1,unknown_other,0.04,0.15,0.0,0.0139999999999999,0.1639999999999999,industrial_fire,Unnamed industrial facility,Industrial area,20.959367,85.2107166,8.155000000000001,1.190680564071122,0.095340282035561,0.2,0.4026089805291072,Low,0.9124866595517608,Adjacent to industrial zone,0.2342857142857141,Low,C11
20.96367,85.19029,330.49,0.53,0.5,2026-08-27,807,N20,VIIRS,n,2.0NRT,291.14,6.6,D,VIIRS_NOAA20_NRT,,,2.1743179862011877,20.96,85.19,1,unknown_other,0.04,0.15,0.0,0.0139999999999999,0.1639999999999999,industrial_fire,Unnamed industrial facility,Industrial area,20.959367,85.2107166,8.155000000000001,0.8093194359288778,0.0,0.2,0.3469939523301316,Low,0.8409818569903948,Adjacent to industrial zone,0.2342857142857141,Low,C11
26.6315,70.38902,341.86,0.41,0.45,2026-08-27,807,N20,VIIRS,n,2.0NRT,300.88,6.8,D,VIIRS_NOAA20_NRT,,,362.11040072969945,26.63,70.39,1,unknown_other,0.0,0.0,0.0,0.0,0.0,insufficient_evidence,Adhoi (Pasakayara),Thermal power plant,23.3785681,70.558093,5.4350000000000005,1.2511499540018398,0.1255749770009199,0.2,0.3927654761472294,Low,0.8527214514407684,No nearby industrial zone,0.0,,C60
27.72701,68.73575,339.62,0.49,0.48,2026-08-27,807,N20,VIIRS,n,2.0NRT,304.63,5.0,D,VIIRS_NOAA20_NRT,,,502.8746044868714,27.73,68.74,1,unknown_other,0.0,0.0,0.0,0.0,0.0,insufficient_evidence,Khisara,Thermal power plant,23.3634358,70.0532502,5.0,1.0,0.0,0.2,0.3115972963358235,Low,0.7347918890074706,No nearby industrial zone,0.0,,C61
27.73136,68.7346,343.99,0.49,0.48,2026-08-27,807,N20,VIIRS,n,2.0NRT,302.44,5.0,D,VIIRS_NOAA20_NRT,,,503.3709496630418,27.73,68.73,1,unknown_other,0.01,0.0,0.0,0.0034999999999999,0.0034999999999999,insufficient_evidence,Khisara,Thermal power plant,23.3634358,70.0532502,5.54,0.9025270758122744,0.0,0.2,0.3115972963358235,Low,0.7347918890074706,No nearby industrial zone,0.0049999999999998,,C61
28.05137,69.36835,332.37,0.44,0.46,2026-08-27,807,N20,VIIRS,l,2.0NRT,305.93,4.2,D,VIIRS_NOAA20_NRT,,,525.7673118540307,28.05,69.37,2,unknown_other,0.0,0.0,0.2,0.0,0.2,insufficient_evidence,Khisara,Thermal power plant,23.3634358,70.0532502,2.42,1.7355371900826448,0.3677685950413224,0.4,0.4757734519934966,Moderate,0.6595517609391676,No nearby industrial zone,0.0,,C150
31.07058,74.00562,334.77,0.39,0.36,2026-08-27,807,N20,VIIRS,n,2.0NRT,303.73,7.28,D,VIIRS_NOAA20_NRT,,,344.07303691229595,31.07,74.01,1,unknown_other,0.1,0.0,0.0,0.0349999999999999,0.0349999999999999,insufficient_evidence,Unnamed industrial facility,Industrial area,28.8672971,76.5139469,7.28,1.0,0.0,0.2,0.3551760939167556,Low,0.8655282817502669,No nearby industrial zone,0.0499999999999998,,
31.58428,75.88541,336.5,0.39,0.36,2026-08-27,807,N20,VIIRS,n,2.0NRT,299.75,7.07,D,VIIRS_NOAA20_NRT,,,305.6873520926848,31.58,75.89,1,unknown_other,0.02,0.0,0.0,0.0069999999999999,0.0069999999999999,insufficient_evidence,Unnamed industrial facility,Industrial area,28.8952427,76.5471352,7.07,1.0,0.0,0.2,0.3521522589825684,Low,0.8564567769477054,No nearby industrial zone,0.0099999999999998,,
29.45695,76.86645,325.0,0.42,0.38,2026-08-27,2032,N20,VIIRS,n,2.0NRT,294.44,2.18,N,VIIRS_NOAA20_NRT,,,54.649828073510335,29.46,76.87,1,unknown_other,0.0,0.0,0.0,0.0,0.0,insufficient_evidence,Unnamed industrial facility,Industrial area,28.9891016,77.0389675,4.92,0.4430894308943089,0.0,0.2,0.1901102810387762,Low,0.3703308431163287,No nearby industrial zone,0.0,,C28
29.90619,74.94877,309.91,0.51,0.41,2026-08-27,2032,N20,VIIRS,n,2.0NRT,294.78,1.73,N,VIIRS_NOAA20_NRT,,,190.62945906444835,29.91,74.95,1,unknown_other,0.01,0.0,0.0,0.0034999999999999,0.0034999999999999,insufficient_evidence,Unnamed industrial facility,Industrial area,28.8672971,76.5139469,12.443636363636363,0.1390268848626534,0.0,0.2,0.1643187477765919,Low,0.2929562433297759,No nearby industrial zone,0.0049999999999998,,C3
29.90931,74.95467,310.35,0.51,0.41,2026-08-27,2032,N20,VIIRS,n,2.0NRT,296.01,2.55,N,VIIRS_NOAA20_NRT,,,190.3841570050619,29.91,74.95,1,unknown_other,0.0,0.0,0.0,0.0,0.0,insufficient_evidence,Unnamed industrial facility,Industrial area,28.8672971,76.5139469,12.443636363636363,0.2049240210403272,0.0,0.2,0.2146567057986481,Low,0.4439701173959445,No nearby industrial zone,0.0,,C3
29.90996,74.94939,349.11,0.51,0.41,2026-08-27,2032,N20,VIIRS,n,2.0NRT,300.01,15.45,N,VIIRS_NOAA20_NRT,,,190.83381536165393,29.91,74.95,1,unknown_other,0.0,0.0,0.0,0.0,0.0,insufficient_evidence,Unnamed industrial facility,Industrial area,28.8672971,76.5139469,12.443636363636363,1.2415984804208064,0.1207992402104032,0.2,0.4306612906713439,Low,0.9711846318036286,No nearby industrial zone,0.0,,C3
29.91061,74.94411,315.32,0.51,0.41,2026-08-27,2032,N20,VIIRS,n,2.0NRT,294.79,15.45,N,VIIRS_NOAA20_NRT,,,191.2838066249986,29.91,74.94,1,unknown_other,0.0,0.0,0.0,0.0,0.0,insufficient_evidence,Unnamed industrial facility,Industrial area,28.8672971,76.5139469,13.496666666666664,1.1447270931094098,0.0723635465547049,0.2,0.4145160594527778,Low,0.9711846318036286,No nearby industrial zone,0.0,,C3
29.91374,74.95001,317.18,0.51,0.41,2026-08-27,2032,N20,VIIRS,n,2.0NRT,296.17,15.45,N,VIIRS_NOAA20_NRT,,,191.03956651583977,29.91,74.95,1,unknown_other,0.02,0.0,0.0,0.0069999999999999,0.0069999999999999,insufficient_evidence,Unnamed industrial facility,Industrial area,28.8672971,76.5139469,12.443636363636363,1.2415984804208064,0.1207992402104032,0.2,0.4306612906713439,Low,0.9711846318036286,No nearby industrial zone,0.0099999999999998,,C3
21.11086,72.63392,297.67,0.53,0.42,2026-08-27,2034,N20,VIIRS,n,2.0NRT,269.91,0.95,N,VIIRS_NOAA20_NRT,,,1.0239941988078067,21.11,72.63,1,possible_industrial,0.16,0.35,0.0,0.0559999999999999,0.4059999999999999,industrial_fire,ArcelorMittal Nippon Steel India,Industrial works,21.1098624,72.6437334,0.95,1.0,0.0,0.2,0.1054429028815368,Low,0.1163287086446104,Within known industrial zone,0.5799999999999998,Moderate,C2
22.36412,87.30086,309.14,0.36,0.58,2026-08-27,2034,N20,VIIRS,n,2.0NRT,277.95,1.91,N,VIIRS_NOAA20_NRT,,,82.98708095125481,22.36,87.3,2,unknown_other,0.06,0.0,0.2,0.0209999999999999,0.221,insufficient_evidence,Unnamed industrial facility,Industrial area,22.5870224,86.5300537,2.645,0.722117202268431,0.0,0.4,0.243436499466382,Low,0.3303094983991462,No nearby industrial zone,0.0299999999999998,,C4
22.37007,87.29873,302.4,0.36,0.58,2026-08-27,2034,N20,VIIRS,n,2.0NRT,277.69,1.6,N,VIIRS_NOAA20_NRT,,,82.58093508576017,22.37,87.3,2,unknown_other,0.03,0.0,0.2,0.0104999999999999,0.2105,insufficient_evidence,Unnamed industrial facility,Industrial area,22.5870224,86.5300537,2.3625,0.6772486772486773,0.0,0.4,0.2212024190679473,Low,0.263607257203842,No nearby industrial zone,0.0149999999999998,,C4
22.37985,87.27941,320.47,0.36,0.58,2026-08-27,2034,N20,VIIRS,n,2.0NRT,279.73,1.3,N,VIIRS_NOAA20_NRT,,,80.36350186266962,22.38,87.28,4,unknown_other,0.03,0.0,0.3,0.0104999999999999,0.3105,insufficient_evidence,Unnamed industrial facility,Industrial area,22.5870224,86.5300537,4.01,0.3241895261845386,0.0,0.8,0.3308786908573461,Moderate,0.1926360725720384,No nearby industrial zone,0.0149999999999998,,C4
22.38062,87.27596,304.0,0.36,0.58,2026-08-27,2034,N20,VIIRS,n,2.0NRT,279.93,1.3,N,VIIRS_NOAA20_NRT,,,79.99917047759887,22.38,87.28,4,unknown_other,0.03,0.0,0.3,0.0104999999999999,0.3105,insufficient_evidence,Unnamed industrial facility,Industrial area,22.5870224,86.5300537,4.01,0.3241895261845386,0.0,0.8,0.3308786908573461,Moderate,0.1926360725720384,No nearby industrial zone,0.0149999999999998,,C4
23.11632,70.08329,303.57,0.54,0.5,2026-08-27,2034,N20,VIIRS,n,2.0NRT,288.7,1.73,N,VIIRS_NOAA20_NRT,,,0.7987731117615774,23.12,70.08,2,industrial,0.71,0.35,0.2,0.2484999999999999,0.7985,industrial_fire,Unnamed industrial facility,Industrial area,23.1167601,70.075494,1.605,1.0778816199376946,0.0389408099688473,0.4,0.2439656844328744,Low,0.2929562433297759,Within known industrial zone,0.8549999999999998,High,C101
23.55796,87.23771,309.96,0.34,0.56,2026-08-27,2034,N20,VIIRS,n,2.0NRT,268.63,1.5,N,VIIRS_NOAA20_NRT,,,33.207936554048715,23.56,87.24,3,unknown_other,0.11,0.0,0.3,0.0385,0.3384999999999999,insufficient_evidence,Unnamed industrial facility,Industrial works,23.6793166,86.9398843,1.47,1.020408163265306,0.010204081632653,0.6,0.283977667908145,Moderate,0.2417289220917823,No nearby industrial zone,0.055,,C9
23.55943,87.2403,303.16,0.34,0.56,2026-08-27,2034,N20,VIIRS,n,2.0NRT,268.87,0.64,N,VIIRS_NOAA20_NRT,,,33.383445807279074,23.56,87.24,3,unknown_other,0.05,0.0,0.3,0.0174999999999999,0.3175,insufficient_evidence,Unnamed industrial facility,Industrial works,23.6793166,86.9398843,1.47,0.435374149659864,0.0,0.6,0.2177872643187477,Moderate,0.0533617929562433,No nearby industrial zone,0.0249999999999998,,C9
23.56014,87.23705,302.58,0.34,0.56,2026-08-27,2034,N20,VIIRS,n,2.0NRT,268.41,0.64,N,VIIRS_NOAA20_NRT,,,33.04833472877985,23.56,87.24,3,unknown_other,0.04,0.0,0.3,0.0139999999999999,0.314,insufficient_evidence,Unnamed industrial facility,Industrial works,23.6793166,86.9398843,1.47,0.435374149659864,0.0,0.6,0.2177872643187477,Moderate,0.0533617929562433,No nearby industrial zone,0.0199999999999998,,C9
23.56168,87.08423,296.94,0.33,0.56,2026-08-27,2034,N20,VIIRS,n,2.0NRT,264.64,0.31,N,VIIRS_NOAA20_NRT,,,19.68151427542233,23.56,87.08,1,unknown_other,0.04,0.0,0.0,0.0139999999999999,0.0139999999999999,insufficient_evidence,Unnamed industrial facility,Industrial works,23.6793166,86.9398843,0.31,1.0,0.0,0.2,0.0684453930985414,Low,0.0053361792956243,No nearby industrial zone,0.0199999999999998,,
25.94402,72.18896,306.37,0.43,0.46,2026-08-27,2034,N20,VIIRS,n,2.0NRT,291.48,1.26,N,VIIRS_NOAA20_NRT,,,272.39863663010823,25.94,72.19,3,unknown_other,0.03,0.0,0.3,0.0104999999999999,0.3105,insufficient_evidence,Unnamed industrial facility,Industrial area,23.5020392,72.4034657,5.398888888888889,0.2333813541881045,0.0,0.6,0.2617218071860547,Moderate,0.1851654215581643,No nearby industrial zone,0.0149999999999998,,C8
26.095,68.87718,306.59,0.35,0.56,2026-08-27,2034,N20,VIIRS,n,2.0NRT,294.98,0.57,N,VIIRS_NOAA20_NRT,,,324.1777942886181,26.1,68.88,1,unknown_other,0.12,0.0,0.0,0.0419999999999999,0.0419999999999999,insufficient_evidence,Bhuj Sector 95,Industrial area,23.2674703,69.6591112,0.57,1.0,0.0,0.2,0.0810743507648523,Low,0.0432230522945571,No nearby industrial zone,0.0599999999999998,,C53
28.42546,69.69883,313.97,0.33,0.55,2026-08-27,2034,N20,VIIRS,n,2.0NRT,295.97,0.83,N,VIIRS_NOAA20_NRT,,,563.9855864962109,28.43,69.7,3,unknown_other,0.06,0.0,0.3,0.0209999999999999,0.321,insufficient_evidence,Khisara,Thermal power plant,23.3634358,70.0532502,1.3766666666666667,0.6029055690072639,0.0,0.6,0.2300604766986837,Moderate,0.0901814300960512,No nearby industrial zone,0.0299999999999998,,C12
13.39338,80.10246,309.41,0.56,0.43,2026-08-27,2036,N20,VIIRS,n,2.0NRT,294.36,1.67,N,VIIRS_NOAA20_NRT,,,0.934133152195156,13.39,80.1,1,possible_industrial,0.04,0.35,0.0,0.0139999999999999,0.364,industrial_fire,Unnamed industrial facility,Industrial area,13.3871773,80.1082841,1.7333333333333332,0.9634615384615384,0.0,0.2,0.1609391675560298,Low,0.2828175026680896,Within known industrial zone,0.5199999999999999,Moderate,C67
13.39423,80.09978,310.06,0.56,0.43,2026-08-27,2036,N20,VIIRS,n,2.0NRT,294.26,1.02,N,VIIRS_NOAA20_NRT,,,1.1487190126399638,13.39,80.1,1,possible_industrial,0.05,0.35,0.0,0.0174999999999999,0.3675,industrial_fire,Unnamed industrial facility,Industrial works,13.4045588,80.0995775,1.7333333333333332,0.5884615384615385,0.0,0.2,0.1102454642475987,Low,0.1307363927427961,Within known industrial zone,0.5249999999999999,Moderate,C67
13.82722,79.25863,311.67,0.49,0.41,2026-08-27,2036,N20,VIIRS,n,2.0NRT,291.84,1.24,N,VIIRS_NOAA20_NRT,,,31.213189649362025,13.83,79.26,2,unknown_other,0.0,0.0,0.2,0.0,0.2,insufficient_evidence,Unnamed industrial facility,Industrial area,13.6914657,79.5115864,0.715,1.7342657342657344,0.3671328671328672,0.4,0.3152982911787607,Moderate,0.1787620064034151,No nearby industrial zone,0.0,,C15
15.16878,76.38122,305.46,0.39,0.36,2026-08-27,2036,N20,VIIRS,n,2.0NRT,285.14,1.21,N,VIIRS_NOAA20_NRT,,,371.0349827575544,15.17,76.38,2,unknown_other,0.01,0.0,0.2,0.0034999999999999,0.2035,insufficient_evidence,Unnamed industrial facility,Industrial area,13.8754547,79.558804,0.9875,1.2253164556962024,0.1126582278481012,0.4,0.2279831944125474,Moderate,0.1712913553895411,No nearby industrial zone,0.0049999999999998,,C34
15.16954,76.67191,312.8,0.39,0.36,2026-08-27,2036,N20,VIIRS,n,2.0NRT,288.34,2.47,N,VIIRS_NOAA20_NRT,,,342.4416302564102,15.17,76.67,2,unknown_other,0.4,0.0,0.2,0.1399999999999999,0.3399999999999999,insufficient_evidence,Unnamed industrial facility,Industrial area,13.8754547,79.558804,1.4800000000000002,1.6689189189189189,0.3344594594594594,0.4,0.3880072975857394,Moderate,0.4295624332977588,No nearby industrial zone,0.1999999999999998,,C1
15.17311,76.69072,304.56,0.39,0.36,2026-08-27,2036,N20,VIIRS,n,2.0NRT,262.63,1.07,N,VIIRS_NOAA20_NRT,,,340.771058688346,15.17,76.69,2,unknown_other,0.12,0.0,0.2,0.0419999999999999,0.242,insufficient_evidence,Unnamed industrial facility,Industrial area,13.8754547,79.558804,1.23,0.8699186991869919,0.0,0.4,0.1801138384916399,Low,0.1403415154749199,No nearby industrial zone,0.0599999999999998,,C1
15.17506,76.65783,308.19,0.39,0.36,2026-08-27,2036,N20,VIIRS,n,2.0NRT,279.7,1.42,N,VIIRS_NOAA20_NRT,,,344.07119873954616,15.18,76.66,3,unknown_other,0.01,0.0,0.3,0.0034999999999999,0.3035,insufficient_evidence,Unnamed industrial facility,Industrial area,13.8754547,79.558804,2.51,0.5657370517928287,0.0,0.6,0.2723941657773034,Moderate,0.2171824973319103,No nearby industrial zone,0.0049999999999998,,C1
15.17565,76.65424,313.9,0.39,0.36,2026-08-27,2036,N20,VIIRS,n,2.0NRT,276.75,1.3,N,VIIRS_NOAA20_NRT,,,344.44906191611506,15.18,76.65,3,unknown_other,0.36,0.0,0.3,0.126,0.426,insufficient_evidence,Unnamed industrial facility,Industrial area,13.8754547,79.558804,1.8225,0.7133058984910837,0.0,0.6,0.2642120241906794,Moderate,0.1926360725720384,No nearby industrial zone,0.18,,C1
15.17837,76.6584,305.75,0.39,0.36,2026-08-27,2036,N20,VIIRS,n,2.0NRT,281.15,1.42,N,VIIRS_NOAA20_NRT,,,344.16813337401425,15.18,76.66,3,unknown_other,0.0,0.0,0.3,0.0,0.3,insufficient_evidence,Unnamed industrial facility,Industrial area,13.8754547,79.558804,2.51,0.5657370517928287,0.0,0.6,0.2723941657773034,Moderate,0.2171824973319103,No nearby industrial zone,0.0,,C1
15.17896,76.65481,304.88,0.39,0.36,2026-08-27,2036,N20,VIIRS,n,2.0NRT,280.47,1.3,N,VIIRS_NOAA20_NRT,,,344.5458862747336,15.18,76.65,3,unknown_other,0.02,0.0,0.3,0.0069999999999999,0.307,insufficient_evidence,Unnamed industrial facility,Industrial area,13.8754547,79.558804,1.8225,0.7133058984910837,0.0,0.6,0.2642120241906794,Moderate,0.1926360725720384,No nearby industrial zone,0.0099999999999998,,C1
15.18383,76.66673,310.39,0.39,0.36,2026-08-27,2036,N20,VIIRS,n,2.0NRT,272.53,2.11,N,VIIRS_NOAA20_NRT,,,343.60811972084036,15.18,76.67,4,unknown_other,0.21,0.0,0.3,0.0735,0.3735,insufficient_evidence,Unnamed industrial facility,Industrial area,13.8754547,79.558804,1.967857142857143,1.0722323049001814,0.0361161524500907,0.8,0.3998366541607026,Moderate,0.3633938100320171,No nearby industrial zone,0.105,,C1
15.3337,76.28465,314.4,0.39,0.36,2026-08-27,2036,N20,VIIRS,n,2.0NRT,291.46,0.98,N,VIIRS_NOAA20_NRT,,,387.81654679631214,15.33,76.28,2,unknown_other,0.03,0.0,0.2,0.0104999999999999,0.2105,insufficient_evidence,Unnamed industrial facility,Industrial area,13.8754547,79.558804,1.075,0.9116279069767442,0.0,0.4,0.1740661686232657,Low,0.1221985058697972,No nearby industrial zone,0.0149999999999998,,C13
15.33814,76.27811,331.25,0.39,0.36,2026-08-27,2036,N20,VIIRS,n,2.0NRT,291.87,3.12,N,VIIRS_NOAA20_NRT,,,388.65891576896394,15.34,76.28,3,unknown_other,0.02,0.0,0.3,0.0069999999999999,0.307,insufficient_evidence,Unnamed industrial facility,Industrial area,13.8754547,79.558804,2.005,1.5561097256857856,0.2780548628428928,0.6,0.4693124889661296,High,0.5298826040554963,No nearby industrial zone,0.0099999999999998,,C13
15.84314,79.77197,313.9,0.49,0.41,2026-08-27,2036,N20,VIIRS,n,2.0NRT,290.13,1.41,N,VIIRS_NOAA20_NRT,,,209.11933751312577,15.84,79.77,1,unknown_other,0.02,0.0,0.0,0.0069999999999999,0.0069999999999999,insufficient_evidence,Unnamed industrial facility,Industrial area,13.9662446,79.8949777,2.555,0.5518590998043053,0.0,0.2,0.1383493418712202,Low,0.2150480256136606,No nearby industrial zone,0.0099999999999998,,C64
15.84508,79.77524,311.52,0.49,0.41,2026-08-27,2036,N20,VIIRS,n,2.0NRT,291.09,1.2,N,VIIRS_NOAA20_NRT,,,209.31273113278388,15.85,79.78,1,unknown_other,0.01,0.0,0.0,0.0034999999999999,0.0034999999999999,insufficient_evidence,Unnamed industrial facility,Industrial area,13.9662446,79.8949777,1.2,1.0,0.0,0.2,0.1225186766275346,Low,0.167556029882604,No nearby industrial zone,0.0049999999999998,,C64
15.93414,78.26305,311.11,0.42,0.38,2026-08-27,2036,N20,VIIRS,n,2.0NRT,292.98,2.6,N,VIIRS_NOAA20_NRT,,,263.3115390238416,15.93,78.26,1,unknown_other,0.01,0.0,0.0,0.0034999999999999,0.0034999999999999,insufficient_evidence,"APSRTC Bus Depot , Venkatagiri",Industrial area,13.9451361,79.5931469,2.6,1.0,0.0,0.2,0.2178584133760227,Low,0.4535752401280683,No nearby industrial zone,0.0049999999999998,,
15.99172,78.39793,311.61,0.43,0.38,2026-08-27,2036,N20,VIIRS,n,2.0NRT,291.91,2.61,N,VIIRS_NOAA20_NRT,,,261.2861371631451,15.99,78.4,2,unknown_other,0.0,0.0,0.2,0.0,0.2,insufficient_evidence,"APSRTC Bus Depot , Venkatagiri",Industrial area,13.9451361,79.5931469,2.06,1.2669902912621358,0.1334951456310679,0.4,0.329379207206087,Moderate,0.4546424759871931,No nearby industrial zone,0.0,,C41
16.65075,74.31296,303.68,0.41,0.37,2026-08-27,2036,N20,VIIRS,n,2.0NRT,289.91,1.22,N,VIIRS_NOAA20_NRT,,,241.73137528387713,16.65,74.31,1,unknown_other,0.04,0.0,0.0,0.0139999999999999,0.0139999999999999,insufficient_evidence,Unnamed industrial facility,Industrial area,18.5140348,73.1380999,1.22,1.0,0.0,0.2,0.1248310209889718,Low,0.1744930629669157,No nearby industrial zone,0.0199999999999998,,
17.06305,76.97786,312.97,0.39,0.36,2026-08-27,2036,N20,VIIRS,n,2.0NRT,291.9,1.5,N,VIIRS_NOAA20_NRT,,,410.17372899085655,17.06,76.98,2,unknown_other,0.08,0.0,0.2,0.0279999999999999,0.228,insufficient_evidence,Pawana Hydroelectric Power Station,Thermal power plant,18.68142,73.494772,1.4,1.0714285714285714,0.0357142857142857,0.4,0.2258144026020226,Low,0.2417289220917823,No nearby industrial zone,0.0399999999999998,,C154
17.13972,77.17654,308.27,0.39,0.36,2026-08-27,2036,N20,VIIRS,n,2.0NRT,292.26,1.22,N,VIIRS_NOAA20_NRT,,,425.5856328916068,17.14,77.18,2,unknown_other,0.0,0.0,0.2,0.0,0.2,insufficient_evidence,Pawana Hydroelectric Power Station,Thermal power plant,18.68142,73.494772,1.14,1.0701754385964912,0.0350877192982456,0.4,0.2031935940883871,Low,0.1744930629669157,No nearby industrial zone,0.0,,C45
17.14186,77.1844,313.21,0.39,0.36,2026-08-27,2036,N20,VIIRS,n,2.0NRT,292.77,1.4,N,VIIRS_NOAA20_NRT,,,426.2491372857464,17.14,77.18,2,unknown_other,0.06,0.0,0.2,0.0209999999999999,0.221,insufficient_evidence,Pawana Hydroelectric Power Station,Thermal power plant,18.68142,73.494772,1.14,1.2280701754385963,0.1140350877192982,0.4,0.2421383412283822,Moderate,0.2123799359658484,No nearby industrial zone,0.0299999999999998,,C45
17.37144,77.44598,308.66,0.39,0.36,2026-08-27,2036,N20,VIIRS,n,2.0NRT,292.75,0.9,N,VIIRS_NOAA20_NRT,,,442.4341544171075,17.37,77.45,1,unknown_other,0.0,0.0,0.0,0.0,0.0,insufficient_evidence,Pawana Hydroelectric Power Station,Thermal power plant,18.68142,73.494772,0.9,1.0,0.0,0.2,0.1009960868018498,Low,0.1029882604055496,No nearby industrial zone,0.0,,
17.46451,80.65163,306.31,0.52,0.42,2026-08-27,2036,N20,VIIRS,n,2.0NRT,291.11,1.53,N,VIIRS_NOAA20_NRT,,,152.7202927745764,17.46,80.65,2,unknown_other,0.0,0.0,0.2,0.0,0.2,insufficient_evidence,Unnamed industrial facility,Industrial area,16.9963409,82.0034981,2.01,0.7611940298507462,0.0,0.4,0.215510494485948,Low,0.2465314834578441,No nearby industrial zone,0.0,,C42
17.95691,80.79494,321.04,0.52,0.42,2026-08-27,2036,N20,VIIRS,n,2.0NRT,291.35,3.85,N,VIIRS_NOAA20_NRT,,,129.7858716250727,17.96,80.79,3,unknown_other,0.0,0.0,0.3,0.0,0.3,insufficient_evidence,Upper Sileru Power House,Thermal power plant,18.0371452,82.0192773,2.5900000000000003,1.4864864864864864,0.2432432432432432,0.6,0.4884805830376801,Moderate,0.6221985058697972,No nearby industrial zone,0.0,,C6
17.95779,80.79296,325.37,0.52,0.42,2026-08-27,2036,N20,VIIRS,n,2.0NRT,291.51,2.27,N,VIIRS_NOAA20_NRT,,,129.98776817045444,17.96,80.79,3,unknown_other,0.0,0.0,0.3,0.0,0.3,insufficient_evidence,Upper Sileru Power House,Thermal power plant,18.0371452,82.0192773,2.5900000000000003,0.8764478764478764,0.0,0.6,0.3316257559587335,Moderate,0.3948772678762006,No nearby industrial zone,0.0,,C6
17.95781,80.79008,305.78,0.52,0.42,2026-08-27,2036,N20,VIIRS,n,2.0NRT,290.77,1.44,N,VIIRS_NOAA20_NRT,,,130.29147965735137,17.96,80.79,3,unknown_other,0.0,0.0,0.3,0.0,0.3,insufficient_evidence,Upper Sileru Power House,Thermal power plant,18.0371452,82.0192773,2.5900000000000003,0.5559845559845559,0.0,0.6,0.2741728922091782,Moderate,0.2225186766275347,No nearby industrial zone,0.0,,C6
17.95866,80.7881,307.84,0.52,0.42,2026-08-27,2036,N20,VIIRS,n,2.0NRT,291.04,2.27,N,VIIRS_NOAA20_NRT,,,130.4937241534631,17.96,80.79,3,unknown_other,0.0,0.0,0.3,0.0,0.3,insufficient_evidence,Upper Sileru Power House,Thermal power plant,18.0371452,82.0192773,2.5900000000000003,0.8764478764478764,0.0,0.6,0.3316257559587335,Moderate,0.3948772678762006,No nearby industrial zone,0.0,,C6
17.9587,80.7852,305.22,0.52,0.42,2026-08-27,2036,N20,VIIRS,n,2.0NRT,290.86,1.44,N,VIIRS_NOAA20_NRT,,,130.79941233643152,17.96,80.79,3,unknown_other,0.0,0.0,0.3,0.0,0.3,insufficient_evidence,Upper Sileru Power House,Thermal power plant,18.0371452,82.0192773,2.5900000000000003,0.5559845559845559,0.0,0.6,0.2741728922091782,Moderate,0.2225186766275347,No nearby industrial zone,0.0,,C6
8.30496,77.64027,311.47,0.48,0.4,2026-08-27,2038,N20,VIIRS,n,2.0NRT,293.23,2.34,N,VIIRS_NOAA20_NRT,,,535.4815259669573,8.3,77.64,1,unknown_other,0.0,0.0,0.0,0.0,0.0,insufficient_evidence,Unnamed industrial facility,Thermal power plant,12.5982666,79.8590477,1.835,1.2752043596730245,0.1376021798365122,0.2,0.249140249913487,Low,0.4098185699039487,No nearby industrial zone,0.0,,C65
8.40881,80.75497,310.77,0.49,0.49,2026-08-27,2038,N20,VIIRS,n,2.0NRT,289.8,1.51,N,VIIRS_NOAA20_NRT,,,459.9490111007398,8.41,80.75,1,unknown_other,0.04,0.0,0.0,0.0139999999999999,0.0139999999999999,insufficient_evidence,TNSTC Bus Depot,Industrial area,12.5026914,80.1531349,1.51,1.0,0.0,0.2,0.147954464603344,Low,0.243863393810032,No nearby industrial zone,0.0199999999999998,,C66
9.00222,80.67443,299.44,0.47,0.48,2026-08-27,2038,N20,VIIRS,n,2.0NRT,283.45,0.24,N,VIIRS_NOAA20_NRT,,,393.37709093077183,9.0,80.67,2,unknown_other,0.11,0.0,0.2,0.0385,0.2385,insufficient_evidence,TNSTC Bus Depot,Industrial area,12.5026914,80.1531349,2.3800000000000003,0.1008403361344537,0.0,0.4,0.1347563144788331,Low,0.0042689434364994,No nearby industrial zone,0.055,,C23
9.49392,77.62406,314.42,0.46,0.39,2026-08-27,2038,N20,VIIRS,n,2.0NRT,287.72,1.32,N,VIIRS_NOAA20_NRT,,,421.9058549247313,9.49,77.62,1,unknown_other,0.0,0.0,0.0,0.0,0.0,insufficient_evidence,"SIPCOT Mamandur, Cheyyar",Industrial area,12.7230991,79.6546488,0.7366666666666667,1.7918552036199096,0.3959276018099548,0.2,0.2646332845592059,Moderate,0.1979722518676627,No nearby industrial zone,0.0,,C40
10.59377,77.43021,304.6,0.44,0.38,2026-08-27,2038,N20,VIIRS,n,2.0NRT,293.55,0.34,N,VIIRS_NOAA20_NRT,,,338.7245125079273,10.59,77.43,1,unknown_other,0.02,0.0,0.0,0.0069999999999999,0.0069999999999999,insufficient_evidence,"SIPCOT Mamandur, Cheyyar",Industrial area,12.7230991,79.6546488,0.34,1.0,0.0,0.2,0.0688011383849164,Low,0.0064034151547491,No nearby industrial zone,0.0099999999999998,,C44
10.61681,77.42193,304.47,0.44,0.38,2026-08-27,2038,N20,VIIRS,n,2.0NRT,293.73,0.58,N,VIIRS_NOAA20_NRT,,,337.5804325453605,10.62,77.42,2,unknown_other,0.04,0.0,0.2,0.0139999999999999,0.214,insufficient_evidence,"SIPCOT Mamandur, Cheyyar",Industrial area,12.7230991,79.6546488,0.42,1.380952380952381,0.1904761904761904,0.4,0.2119445714963324,Moderate,0.0453575240128068,No nearby industrial zone,0.0199999999999998,,C44
11.1106,77.76625,305.12,0.45,0.39,2026-08-27,2038,N20,VIIRS,n,2.0NRT,293.15,0.44,N,VIIRS_NOAA20_NRT,,,272.68574281878097,11.11,77.77,1,unknown_other,0.02,0.0,0.0,0.0069999999999999,0.0069999999999999,insufficient_evidence,"SIPCOT Mamandur, Cheyyar",Industrial area,12.7230991,79.6546488,0.78,0.5641025641025641,0.0,0.2,0.0737815723941657,Low,0.0213447171824973,No nearby industrial zone,0.0099999999999998,,C116
11.1818,79.10095,308.51,0.52,0.42,2026-08-27,2038,N20,VIIRS,n,2.0NRT,292.24,2.46,N,VIIRS_NOAA20_NRT,,,177.7958242233576,11.18,79.1,3,unknown_other,0.0,0.0,0.3,0.0,0.3,insufficient_evidence,Unnamed industrial facility,Thermal power plant,12.5982666,79.8590477,1.36,1.8088235294117645,0.4044117647058822,0.6,0.477279908761797,High,0.4274279615795091,No nearby industrial zone,0.0,,C25
11.26873,80.00504,316.33,0.39,0.44,2026-08-27,2038,N20,VIIRS,n,2.0NRT,290.58,1.49,N,VIIRS_NOAA20_NRT,,,138.1532220856273,11.27,80.01,2,unknown_other,0.04,0.0,0.2,0.0139999999999999,0.214,insufficient_evidence,TNSTC Bus Depot,Industrial area,12.5026914,80.1531349,0.97,1.5360824742268042,0.2680412371134021,0.4,0.3020116112327491,Moderate,0.2379935965848452,No nearby industrial zone,0.0199999999999998,,C35
11.80997,77.92491,298.4,0.45,0.39,2026-08-27,2038,N20,VIIRS,n,2.0NRT,278.41,0.98,N,VIIRS_NOAA20_NRT,,,213.61775884093072,11.81,77.92,3,unknown_other,0.05,0.0,0.3,0.0174999999999999,0.3175,insufficient_evidence,"SIPCOT Mamandur, Cheyyar",Industrial area,12.7230991,79.6546488,1.178,0.8319185059422751,0.0,0.6,0.2407328352899324,Moderate,0.1221985058697972,No nearby industrial zone,0.0249999999999998,,C10
11.81067,77.92082,315.05,0.45,0.39,2026-08-27,2038,N20,VIIRS,n,2.0NRT,281.52,0.98,N,VIIRS_NOAA20_NRT,,,213.97171537940693,11.81,77.92,3,unknown_other,0.01,0.0,0.3,0.0034999999999999,0.3035,insufficient_evidence,"SIPCOT Mamandur, Cheyyar",Industrial area,12.7230991,79.6546488,1.178,0.8319185059422751,0.0,0.6,0.2407328352899324,Moderate,0.1221985058697972,No nearby industrial zone,0.0049999999999998,,C10
11.81491,77.91734,307.82,0.45,0.39,2026-08-27,2038,N20,VIIRS,n,2.0NRT,281.99,1.2,N,VIIRS_NOAA20_NRT,,,214.0805759812164,11.81,77.92,3,unknown_other,0.0,0.0,0.3,0.0,0.3,insufficient_evidence,"SIPCOT Mamandur, Cheyyar",Industrial area,12.7230991,79.6546488,1.178,1.0186757215619695,0.0093378607809847,0.6,0.2589646302211962,Moderate,0.167556029882604,No nearby industrial zone,0.0,,C10
11.81844,77.91795,306.9,0.45,0.39,2026-08-27,2038,N20,VIIRS,n,2.0NRT,280.05,0.67,N,VIIRS_NOAA20_NRT,,,213.83610788116303,11.82,77.92,3,unknown_other,0.0,0.0,0.3,0.0,0.3,insufficient_evidence,"SIPCOT Mamandur, Cheyyar",Industrial area,12.7230991,79.6546488,1.814,0.3693495038588754,0.0,0.6,0.219388118107435,Moderate,0.0581643543223052,No nearby industrial zone,0.0,,C10
12.24076,78.06161,315.57,0.45,0.39,2026-08-27,2038,N20,VIIRS,n,2.0NRT,293.7,1.02,N,VIIRS_NOAA20_NRT,,,181.0755086029744,12.24,78.06,1,unknown_other,0.02,0.0,0.0,0.0069999999999999,0.0069999999999999,insufficient_evidence,"SIPCOT Mamandur, Cheyyar",Industrial area,12.7230991,79.6546488,1.02,1.0,0.0,0.2,0.1102454642475987,Low,0.1307363927427961,No nearby industrial zone,0.0099999999999998,,
12.64644,77.78779,297.84,0.44,0.38,2026-08-27,2038,N20,VIIRS,n,2.0NRT,285.68,0.22,N,VIIRS_NOAA20_NRT,,,201.37343674089723,12.65,77.79,1,unknown_other,0.02,0.0,0.0,0.0069999999999999,0.0069999999999999,insufficient_evidence,Axiles India,Industrial works,12.7841937,79.6389405,0.22,1.0,0.0,0.2,0.0673781572394165,Low,0.0021344717182497,No nearby industrial zone,0.0099999999999998,,
12.91795,77.42487,300.73,0.42,0.38,2026-08-27,2038,N20,VIIRS,n,2.0NRT,290.06,0.66,N,VIIRS_NOAA20_NRT,,,237.37089341694164,12.92,77.42,1,unknown_other,0.02,0.0,0.0,0.0069999999999999,0.0069999999999999,insufficient_evidence,"APSRTC Bus Depot, Puttur",Industrial area,13.4341705,79.5522608,0.66,1.0,0.0,0.2,0.0855211668445393,Low,0.0565635005336179,No nearby industrial zone,0.0099999999999998,,
8.40984,80.82601,331.05,0.56,0.43,2026-08-28,744,N20,VIIRS,n,2.0NRT,293.03,3.22,D,VIIRS_NOAA20_NRT,,,461.0109420211687,8.41,80.83,1,unknown_other,0.01,0.0,0.0,0.0034999999999999,0.0034999999999999,insufficient_evidence,TNSTC Bus Depot,Industrial area,12.5026914,80.1531349,4.315,0.7462340672074159,0.0,0.2,0.2495197438633937,Low,0.5485592315901814,No nearby industrial zone,0.0049999999999998,,C155
8.41011,80.82766,330.65,0.56,0.43,2026-08-28,744,N20,VIIRS,n,2.0NRT,293.04,5.41,D,VIIRS_NOAA20_NRT,,,461.0101180148084,8.41,80.83,1,unknown_other,0.01,0.0,0.0,0.0034999999999999,0.0034999999999999,insufficient_evidence,TNSTC Bus Depot,Industrial area,12.5026914,80.1531349,4.315,1.253765932792584,0.1268829663962919,0.2,0.3627852506272947,Low,0.7614727854855923,No nearby industrial zone,0.0049999999999998,,C155
8.42591,80.33542,331.13,0.4,0.44,2026-08-28,744,N20,VIIRS,n,2.0NRT,292.24,3.26,D,VIIRS_NOAA20_NRT,,,453.7551933901232,8.43,80.34,1,unknown_other,0.02,0.0,0.0,0.0069999999999999,0.0069999999999999,insufficient_evidence,TNSTC Bus Depot,Industrial area,12.5026914,80.1531349,3.26,1.0,0.0,0.2,0.251476342938456,Low,0.5544290288153682,No nearby industrial zone,0.0099999999999998,,C48
8.52512,80.81857,335.07,0.56,0.43,2026-08-28,744,N20,VIIRS,n,2.0NRT,295.22,3.59,D,VIIRS_NOAA20_NRT,,,448.22651888243394,8.53,80.82,2,unknown_other,0.0,0.0,0.2,0.0,0.2,insufficient_evidence,TNSTC Bus Depot,Industrial area,12.5026914,80.1531349,4.526666666666666,0.793078055964654,0.0,0.4,0.3318392031305585,Low,0.5955176093916755,No nearby industrial zone,0.0,,C30
8.52595,80.82137,338.38,0.56,0.43,2026-08-28,744,N20,VIIRS,n,2.0NRT,297.52,5.61,D,VIIRS_NOAA20_NRT,,,448.18521088685407,8.53,80.82,2,unknown_other,0.0,0.0,0.2,0.0,0.2,insufficient_evidence,TNSTC Bus Depot,Industrial area,12.5026914,80.1531349,4.526666666666666,1.2393225331369662,0.119661266568483,0.4,0.4338038444591492,Moderate,0.7817502668089648,No nearby industrial zone,0.0,,C30
8.55052,80.77623,330.48,0.56,0.43,2026-08-28,744,N20,VIIRS,n,2.0NRT,295.1,2.27,D,VIIRS_NOAA20_NRT,,,444.707196246944,8.55,80.78,1,unknown_other,0.01,0.0,0.0,0.0034999999999999,0.0034999999999999,insufficient_evidence,TNSTC Bus Depot,Industrial area,12.5026914,80.1531349,2.27,1.0,0.0,0.2,0.1982924226254002,Low,0.3948772678762006,No nearby industrial zone,0.0049999999999998,,C133
8.56677,78.0841,336.43,0.56,0.51,2026-08-28,744,N20,VIIRS,n,2.0NRT,298.27,5.17,D,VIIRS_NOAA20_NRT,,,488.4451627429227,8.57,78.08,1,unknown_other,0.0,0.0,0.0,0.0,0.0,insufficient_evidence,Unnamed industrial facility,Thermal power plant,12.5982666,79.8590477,5.17,1.0,0.0,0.2,0.3131981501245108,Low,0.7395944503735326,No nearby industrial zone,0.0,,
8.6437,80.92892,348.1,0.55,0.42,2026-08-28,744,N20,VIIRS,n,2.0NRT,296.02,21.2,D,VIIRS_NOAA20_NRT,,,437.3955368488813,8.64,80.93,1,unknown_other,0.01,0.0,0.0,0.0034999999999999,0.0034999999999999,insufficient_evidence,TNSTC Bus Depot,Industrial area,12.5026914,80.1531349,24.73,0.8572583906186817,0.0,0.2,0.3946638207043756,Low,0.983991462113127,No nearby industrial zone,0.0049999999999998,,C156
8.64431,80.92615,339.34,0.55,0.42,2026-08-28,744,N20,VIIRS,n,2.0NRT,293.65,28.26,D,VIIRS_NOAA20_NRT,,,437.27039524257617,8.64,80.93,1,unknown_other,0.01,0.0,0.0,0.0034999999999999,0.0034999999999999,insufficient_evidence,TNSTC Bus Depot,Industrial area,12.5026914,80.1531349,24.73,1.1427416093813183,0.0713708046906591,0.2,0.4220115417983449,Low,0.9946638207043756,No nearby industrial zone,0.0049999999999998,,C156
8.67631,80.2558,344.31,0.4,0.44,2026-08-28,744,N20,VIIRS,n,2.0NRT,297.98,5.4,D,VIIRS_NOAA20_NRT,,,425.62208888054977,8.68,80.26,1,unknown_other,0.0,0.0,0.0,0.0,0.0,insufficient_evidence,TNSTC Bus Depot,Industrial area,12.5026914,80.1531349,5.4,1.0,0.0,0.2,0.3197794379224475,Low,0.7593383137673426,No nearby industrial zone,0.0,,
8.68003,80.75702,332.99,0.56,0.43,2026-08-28,744,N20,VIIRS,n,2.0NRT,295.38,10.73,D,VIIRS_NOAA20_NRT,,,430.1526944164275,8.68,80.76,1,unknown_other,0.0,0.0,0.0,0.0,0.0,insufficient_evidence,TNSTC Bus Depot,Industrial area,12.5026914,80.1531349,10.73,1.0,0.0,0.2,0.3765208110992529,Low,0.9295624332977588,No nearby industrial zone,0.0,,
8.71066,77.97169,336.06,0.56,0.52,2026-08-28,744,N20,VIIRS,n,2.0NRT,303.05,3.26,D,VIIRS_NOAA20_NRT,,,478.943933794088,8.71,77.97,1,unknown_other,0.0,0.0,0.0,0.0,0.0,insufficient_evidence,Unnamed industrial facility,Thermal power plant,12.5982666,79.8590477,11.13,0.2929020664869721,0.0,0.2,0.251476342938456,Low,0.5544290288153682,No nearby industrial zone,0.0,,C20
8.71155,77.97672,334.12,0.56,0.52,2026-08-28,744,N20,VIIRS,n,2.0NRT,303.01,3.26,D,VIIRS_NOAA20_NRT,,,478.6181056747004,8.71,77.98,1,unknown_other,0.0,0.0,0.0,0.0,0.0,insufficient_evidence,Unnamed industrial facility,Thermal power plant,12.5982666,79.8590477,4.93,0.6612576064908722,0.0,0.2,0.251476342938456,Low,0.5544290288153682,No nearby industrial zone,0.0,,C20
8.71625,77.97591,332.03,0.56,0.52,2026-08-28,744,N20,VIIRS,n,2.0NRT,301.28,4.69,D,VIIRS_NOAA20_NRT,,,478.18367629551994,8.72,77.98,1,unknown_other,0.04,0.0,0.0,0.0139999999999999,0.0139999999999999,insufficient_evidence,Unnamed industrial facility,Thermal power plant,12.5982666,79.8590477,4.69,1.0,0.0,0.2,0.3018143009605122,Low,0.7054429028815368,No nearby industrial zone,0.0199999999999998,,C20
8.72698,80.74916,330.03,0.56,0.43,2026-08-28,744,N20,VIIRS,n,2.0NRT,293.16,6.65,D,VIIRS_NOAA20_NRT,,,424.8614089065636,8.73,80.75,1,unknown_other,0.04,0.0,0.0,0.0139999999999999,0.0139999999999999,insufficient_evidence,TNSTC Bus Depot,Industrial area,12.5026914,80.1531349,6.945,0.9575233981281498,0.0,0.2,0.3489505514051938,Low,0.8468516542155816,No nearby industrial zone,0.0199999999999998,,C118
8.72984,78.1073,341.09,0.55,0.51,2026-08-28,744,N20,VIIRS,n,2.0NRT,303.37,5.48,D,VIIRS_NOAA20_NRT,,,470.8026595039944,8.73,78.11,1,unknown_other,0.01,0.0,0.0,0.0034999999999999,0.0034999999999999,insufficient_evidence,Unnamed industrial facility,Thermal power plant,12.5982666,79.8590477,7.38,0.7425474254742548,0.0,0.2,0.3224475275702596,Low,0.767342582710779,No nearby industrial zone,0.0049999999999998,,C43
8.78832,78.11234,330.5,0.55,0.51,2026-08-28,744,N20,VIIRS,l,2.0NRT,300.76,2.63,D,VIIRS_NOAA20_NRT,,,464.63552308029256,8.79,78.11,1,unknown_other,0.01,0.0,0.0,0.0034999999999999,0.0034999999999999,insufficient_evidence,Unnamed industrial facility,Thermal power plant,12.5982666,79.8590477,2.63,1.0,0.0,0.2,0.2189256492351476,Low,0.4567769477054429,No nearby industrial zone,0.0049999999999998,,
8.84528,78.0387,334.87,0.56,0.51,2026-08-28,744,N20,VIIRS,n,2.0NRT,303.61,3.18,D,VIIRS_NOAA20_NRT,,,462.2635233136783,8.85,78.04,1,unknown_other,0.0,0.0,0.0,0.0,0.0,insufficient_evidence,Unnamed industrial facility,Thermal power plant,12.5982666,79.8590477,3.18,1.0,0.0,0.2,0.2457844183564567,Low,0.5373532550693704,No nearby industrial zone,0.0,,
8.90563,80.35099,350.09,0.39,0.44,2026-08-28,744,N20,VIIRS,n,2.0NRT,298.76,5.92,D,VIIRS_NOAA20_NRT,,,400.5585308913313,8.91,80.35,1,unknown_other,0.0,0.0,0.0,0.0,0.0,insufficient_evidence,TNSTC Bus Depot,Industrial area,12.5026914,80.1531349,5.92,1.0,0.0,0.2,0.3366773390252578,Low,0.8100320170757738,No nearby industrial zone,0.0,,
8.90787,80.43686,330.25,0.39,0.44,2026-08-28,744,N20,VIIRS,n,2.0NRT,299.36,2.31,D,VIIRS_NOAA20_NRT,,,400.92571542188017,8.91,80.44,1,unknown_other,0.01,0.0,0.0,0.0034999999999999,0.0034999999999999,insufficient_evidence,TNSTC Bus Depot,Industrial area,12.5026914,80.1531349,2.31,1.0,0.0,0.2,0.2002490217004624,Low,0.4007470651013874,No nearby industrial zone,0.0049999999999998,,
8.90886,80.58608,332.23,0.57,0.43,2026-08-28,744,N20,VIIRS,n,2.0NRT,296.88,7.44,D,VIIRS_NOAA20_NRT,,,402.4047680635711,8.91,80.59,1,unknown_other,0.0,0.0,0.0,0.0,0.0,insufficient_evidence,TNSTC Bus Depot,Industrial area,12.5026914,80.1531349,7.44,1.0,0.0,0.2,0.3573105656350053,Low,0.871931696905016,No nearby industrial zone,0.0,,C144
8.98831,77.81923,339.23,0.57,0.52,2026-08-28,744,N20,VIIRS,n,2.0NRT,301.93,1.85,D,VIIRS_NOAA20_NRT,,,459.07804511615,8.99,77.82,1,unknown_other,0.0,0.0,0.0,0.0,0.0,insufficient_evidence,Unnamed industrial facility,Thermal power plant,12.5982666,79.8590477,2.665,0.6941838649155723,0.0,0.2,0.1716115261472785,Low,0.3148345784418356,No nearby industrial zone,0.0,,C157
8.98947,77.82053,338.15,0.57,0.52,2026-08-28,744,N20,VIIRS,n,2.0NRT,302.18,3.48,D,VIIRS_NOAA20_NRT,,,458.8961810586059,8.99,77.82,1,unknown_other,0.0,0.0,0.0,0.0,0.0,insufficient_evidence,Unnamed industrial facility,Thermal power plant,12.5982666,79.8590477,2.665,1.3058161350844275,0.1529080675422138,0.2,0.3109835856588596,Low,0.580042689434365,No nearby industrial zone,0.0,,C157
9.00048,80.67468,336.14,0.56,0.43,2026-08-28,744,N20,VIIRS,n,2.0NRT,299.13,5.74,D,VIIRS_NOAA20_NRT,,,393.5725073582359,9.0,80.67,2,unknown_other,0.0,0.0,0.2,0.0,0.2,insufficient_evidence,TNSTC Bus Depot,Industrial area,12.5026914,80.1531349,2.3800000000000003,2.411764705882353,0.7058823529411764,0.4,0.6349027978320463,High,0.7988260405549626,No nearby industrial zone,0.0,,C23
9.05492,80.49566,337.59,0.57,0.43,2026-08-28,744,N20,VIIRS,n,2.0NRT,297.61,6.56,D,VIIRS_NOAA20_NRT,,,385.19549560853926,9.05,80.5,1,unknown_other,0.0,0.0,0.0,0.0,0.0,insufficient_evidence,TNSTC Bus Depot,Industrial area,12.5026914,80.1531349,6.56,1.0,0.0,0.2,0.3455709711846317,Low,0.8367129135538954,No nearby industrial zone,0.0,,
9.1417,80.26675,332.33,0.39,0.44,2026-08-28,744,N20,VIIRS,n,2.0NRT,296.13,2.82,D,VIIRS_NOAA20_NRT,,,373.9310723908102,9.14,80.27,1,unknown_other,0.0,0.0,0.0,0.0,0.0,insufficient_evidence,TNSTC Bus Depot,Industrial area,12.5026914,80.1531349,2.82,1.0,0.0,0.2,0.2278192813945215,Low,0.4834578441835646,No nearby industrial zone,0.0,,
9.15226,80.71832,336.19,0.55,0.43,2026-08-28,744,N20,VIIRS,n,2.0NRT,304.27,33.78,D,VIIRS_NOAA20_NRT,,,377.6284298851915,9.15,80.72,1,unknown_other,0.0,0.0,0.0,0.0,0.0,insufficient_evidence,TNSTC Bus Depot,Industrial area,12.5026914,80.1531349,52.83,0.6394094264622374,0.0,0.2,0.3991106367840625,Low,0.9973319103521878,No nearby industrial zone,0.0,,C38
9.15345,80.72108,336.5,0.55,0.43,2026-08-28,744,N20,VIIRS,n,2.0NRT,299.4,71.88,D,VIIRS_NOAA20_NRT,,,377.5472593517448,9.15,80.72,1,unknown_other,0.0,0.0,0.0,0.0,0.0,insufficient_evidence,TNSTC Bus Depot,Industrial area,12.5026914,80.1531349,52.83,1.3605905735377626,0.1802952867688813,0.2,0.4600984289229604,Low,1.0,No nearby industrial zone,0.0,,C38
9.15616,80.71767,336.09,0.55,0.43,2026-08-28,744,N20,VIIRS,n,2.0NRT,296.79,33.78,D,VIIRS_NOAA20_NRT,,,377.1889382755005,9.16,80.72,1,unknown_other,0.0,0.0,0.0,0.0,0.0,insufficient_evidence,TNSTC Bus Depot,Industrial area,12.5026914,80.1531349,33.78,1.0,0.0,0.2,0.3991106367840625,Low,0.9973319103521878,No nearby industrial zone,0.0,,C38
9.18515,77.78957,336.57,0.57,0.52,2026-08-28,744,N20,VIIRS,n,2.0NRT,299.73,8.65,D,VIIRS_NOAA20_NRT,,,441.6807725903791,9.19,77.79,1,unknown_other,0.0,0.0,0.0,0.0,0.0,insufficient_evidence,Unnamed industrial facility,Thermal power plant,12.5982666,79.8590477,8.855,0.9768492377188028,0.0,0.2,0.3637139807897545,Low,0.8911419423692636,No nearby industrial zone,0.0,,C158
9.18577,77.78692,337.19,0.57,0.52,2026-08-28,744,N20,VIIRS,n,2.0NRT,298.88,9.06,D,VIIRS_NOAA20_NRT,,,441.76950152962985,9.19,77.79,1,unknown_other,0.0,0.0,0.0,0.0,0.0,insufficient_evidence,Unnamed industrial facility,Thermal power plant,12.5982666,79.8590477,8.855,1.023150762281197,0.0115753811405985,0.2,0.3718413846064535,Low,0.903948772678762,No nearby industrial zone,0.0,,C158
9.23738,80.79314,332.94,0.55,0.42,2026-08-28,744,N20,VIIRS,n,2.0NRT,296.12,4.51,D,VIIRS_NOAA20_NRT,,,369.7491192723757,9.24,80.79,1,unknown_other,0.0,0.0,0.0,0.0,0.0,insufficient_evidence,TNSTC Bus Depot,Industrial area,12.5026914,80.1531349,4.51,1.0,0.0,0.2,0.2970117395944504,Low,0.6910352187833512,No nearby industrial zone,0.0,,
9.28004,78.3948,344.7,0.52,0.5,2026-08-28,744,N20,VIIRS,n,2.0NRT,298.62,7.43,D,VIIRS_NOAA20_NRT,,,402.1014200667698,9.28,78.39,1,unknown_other,0.01,0.0,0.0,0.0034999999999999,0.0034999999999999,insufficient_evidence,Unnamed industrial facility,Thermal power plant,12.5982666,79.8590477,6.025,1.2331950207468878,0.1165975103734439,0.2,0.3958206571397783,Low,0.8708644610458911,No nearby industrial zone,0.0049999999999998,,C19
9.28083,78.39944,338.08,0.52,0.5,2026-08-28,744,N20,VIIRS,n,2.0NRT,298.15,2.22,D,VIIRS_NOAA20_NRT,,,401.8196373410873,9.28,78.4,1,unknown_other,0.0,0.0,0.0,0.0,0.0,insufficient_evidence,Unnamed industrial facility,Thermal power plant,12.5982666,79.8590477,4.933333333333334,0.45,0.0,0.2,0.1949128424048381,Low,0.3847385272145144,No nearby industrial zone,0.0,,C19
9.28536,78.39864,332.63,0.52,0.5,2026-08-28,744,N20,VIIRS,n,2.0NRT,298.54,2.22,D,VIIRS_NOAA20_NRT,,,401.3914800615892,9.29,78.4,1,unknown_other,0.0,0.0,0.0,0.0,0.0,insufficient_evidence,Unnamed industrial facility,Thermal power plant,12.5982666,79.8590477,2.22,1.0,0.0,0.2,0.1949128424048381,Low,0.3847385272145144,No nearby industrial zone,0.0,,C19
9.30402,78.39236,330.72,0.52,0.5,2026-08-28,744,N20,VIIRS,n,2.0NRT,299.51,3.83,D,VIIRS_NOAA20_NRT,,,399.76021480884623,9.3,78.39,1,unknown_other,0.0,0.0,0.0,0.0,0.0,insufficient_evidence,Unnamed industrial facility,Thermal power plant,12.5982666,79.8590477,3.83,1.0,0.0,0.2,0.2726431874777659,Low,0.6179295624332978,No nearby industrial zone,0.0,,C19
9.37273,78.62408,336.3,0.5,0.49,2026-08-28,744,N20,VIIRS,n,2.0NRT,301.6,3.75,D,VIIRS_NOAA20_NRT,,,383.15348877642685,9.37,78.62,1,unknown_other,0.03,0.0,0.0,0.0104999999999999,0.0104999999999999,insufficient_evidence,Unnamed industrial facility,Thermal power plant,12.5982666,79.8590477,3.75,1.0,0.0,0.2,0.2696193525435787,Low,0.6088580576307364,No nearby industrial zone,0.0149999999999998,,
9.42936,80.42011,334.71,0.57,0.43,2026-08-28,744,N20,VIIRS,n,2.0NRT,301.08,5.18,D,VIIRS_NOAA20_NRT,,,342.9790174998425,9.43,80.42,1,unknown_other,0.0,0.0,0.0,0.0,0.0,insufficient_evidence,TNSTC Bus Depot,Industrial area,12.5026914,80.1531349,5.18,1.0,0.0,0.2,0.3135538954108858,Low,0.7406616862326574,No nearby industrial zone,0.0,,C111
9.57007,80.37499,339.05,0.57,0.43,2026-08-28,744,N20,VIIRS,n,2.0NRT,299.51,5.04,D,VIIRS_NOAA20_NRT,,,326.9900929841578,9.57,80.37,1,unknown_other,0.0,0.0,0.0,0.0,0.0,insufficient_evidence,TNSTC Bus Depot,Industrial area,12.5026914,80.1531349,5.04,1.0,0.0,0.2,0.312130914265386,Low,0.736392742796158,No nearby industrial zone,0.0,,
9.60042,79.98769,335.71,0.4,0.44,2026-08-28,744,N20,VIIRS,n,2.0NRT,298.2,2.72,D,VIIRS_NOAA20_NRT,,,323.2224257370154,9.6,79.99,1,unknown_other,0.0,0.0,0.0,0.0,0.0,insufficient_evidence,TNSTC Bus Depot,Industrial area,12.5026914,80.1531349,2.72,1.0,0.0,0.2,0.2228388473852721,Low,0.4685165421558164,No nearby industrial zone,0.0,,
9.7363,78.57832,337.02,0.49,0.49,2026-08-28,744,N20,VIIRS,n,2.0NRT,300.99,2.12,D,VIIRS_NOAA20_NRT,,,347.54812350042465,9.74,78.58,1,unknown_other,0.0,0.0,0.0,0.0,0.0,insufficient_evidence,Unnamed industrial facility,Thermal power plant,12.5982666,79.8590477,2.12,1.0,0.0,0.2,0.1883315546069014,Low,0.3649946638207044,No nearby industrial zone,0.0,,
9.73857,78.34991,341.77,0.51,0.49,2026-08-28,744,N20,VIIRS,n,2.0NRT,303.77,5.67,D,VIIRS_NOAA20_NRT,,,358.06497884978285,9.74,78.35,1,unknown_other,0.0,0.0,0.0,0.0,0.0,insufficient_evidence,Unnamed industrial facility,Thermal power plant,12.5982666,79.8590477,5.495,1.0318471337579618,0.0159235668789808,0.2,0.3339809257081483,Low,0.7860192102454643,No nearby industrial zone,0.0,,C159
9.73959,78.34672,340.85,0.51,0.49,2026-08-28,744,N20,VIIRS,n,2.0NRT,303.08,5.32,D,VIIRS_NOAA20_NRT,,,358.1242731371861,9.74,78.35,1,unknown_other,0.01,0.0,0.0,0.0034999999999999,0.0034999999999999,insufficient_evidence,Unnamed industrial facility,Thermal power plant,12.5982666,79.8590477,5.495,0.9681528662420382,0.0,0.2,0.3185343294201351,Low,0.7556029882604055,No nearby industrial zone,0.0049999999999998,,C159
9.76033,80.26269,330.11,0.38,0.44,2026-08-28,744,N20,VIIRS,n,2.0NRT,299.81,1.63,D,VIIRS_NOAA20_NRT,,,305.1707952315358,9.76,80.26,1,unknown_other,0.0,0.0,0.0,0.0,0.0,insufficient_evidence,TNSTC Bus Depot,Industrial area,12.5026914,80.1531349,1.63,1.0,0.0,0.2,0.1580932052650302,Low,0.2742796157950907,No nearby industrial zone,0.0,,
9.88019,78.4741,337.89,0.5,0.49,2026-08-28,744,N20,VIIRS,n,2.0NRT,302.38,1.87,D,VIIRS_NOAA20_NRT,,,337.87096561155073,9.88,78.47,1,unknown_other,0.0,0.0,0.0,0.0,0.0,insufficient_evidence,Unnamed industrial facility,Thermal power plant,12.5982666,79.8590477,1.87,1.0,0.0,0.2,0.1735681252223408,Low,0.3207043756670224,No nearby industrial zone,0.0,,
9.93117,78.07159,339.46,0.53,0.5,2026-08-28,744,N20,VIIRS,n,2.0NRT,300.45,5.4,D,VIIRS_NOAA20_NRT,,,354.88191166760237,9.93,78.07,1,unknown_other,0.02,0.0,0.0,0.0069999999999999,0.0069999999999999,insufficient_evidence,Unnamed industrial facility,Thermal power plant,12.5982666,79.8590477,5.4,1.0,0.0,0.2,0.3197794379224475,Low,0.7593383137673426,No nearby industrial zone,0.0099999999999998,,C55
9.94673,78.18559,332.32,0.52,0.5,2026-08-28,744,N20,VIIRS,n,2.0NRT,300.34,2.94,D,VIIRS_NOAA20_NRT,,,346.73484938491725,9.95,78.19,1,unknown_other,0.0,0.0,0.0,0.0,0.0,insufficient_evidence,Unnamed industrial facility,Thermal power plant,12.5982666,79.8590477,2.94,1.0,0.0,0.2,0.2361792956243329,Low,0.508537886872999,No nearby industrial zone,0.0,,
9.96105,78.39642,330.65,0.5,0.49,2026-08-28,744,N20,VIIRS,n,2.0NRT,299.87,0.94,D,VIIRS_NOAA20_NRT,,,333.8058827731203,9.96,78.4,1,unknown_other,0.0,0.0,0.0,0.0,0.0,insufficient_evidence,Unnamed industrial facility,Thermal power plant,12.5982666,79.8590477,0.94,1.0,0.0,0.2,0.1045535396655994,Low,0.1136606189967982,No nearby industrial zone,0.0,,C160
9.96297,78.39445,330.37,0.5,0.49,2026-08-28,744,N20,VIIRS,l,2.0NRT,300.83,1.75,D,VIIRS_NOAA20_NRT,,,333.72083574424573,9.96,78.39,1,unknown_other,0.0,0.0,0.0,0.0,0.0,insufficient_evidence,Unnamed industrial facility,Thermal power plant,12.5982666,79.8590477,1.75,1.0,0.0,0.2,0.1655638562789043,Low,0.2966915688367129,No nearby industrial zone,0.0,,C160
10.06681,78.36839,330.13,0.5,0.49,2026-08-28,744,N20,VIIRS,l,2.0NRT,301.82,1.8,D,VIIRS_NOAA20_NRT,,,325.0267356483015,10.07,78.37,1,unknown_other,0.0,0.0,0.0,0.0,0.0,insufficient_evidence,Unnamed industrial facility,Thermal power plant,12.5982666,79.8590477,1.8,1.0,0.0,0.2,0.1691213091426538,Low,0.3073639274279616,No nearby industrial zone,0.0,,
10.59022,78.85231,333.44,0.46,0.47,2026-08-28,744,N20,VIIRS,n,2.0NRT,292.16,2.93,D,VIIRS_NOAA20_NRT,,,248.7567425076661,10.59,78.85,1,unknown_other,0.01,0.0,0.0,0.0034999999999999,0.0034999999999999,insufficient_evidence,Unnamed industrial facility,Thermal power plant,12.5982666,79.8590477,2.93,1.0,0.0,0.2,0.2349341871220206,Low,0.5048025613660619,No nearby industrial zone,0.0049999999999998,,
10.81325,78.80896,331.45,0.46,0.47,2026-08-28,744,N20,VIIRS,n,2.0NRT,293.85,2.33,D,VIIRS_NOAA20_NRT,,,229.0583460378614,10.81,78.81,1,unknown_other,0.0,0.0,0.0,0.0,0.0,insufficient_evidence,Unnamed industrial facility,Thermal power plant,12.5982666,79.8590477,2.33,1.0,0.0,0.2,0.2025613660618996,Low,0.407684098185699,No nearby industrial zone,0.0,,
11.24627,77.77045,337.19,0.53,0.5,2026-08-28,744,N20,VIIRS,n,2.0NRT,297.88,3.3,D,VIIRS_NOAA20_NRT,,,262.6160211628873,11.25,77.77,1,unknown_other,0.01,0.0,0.0,0.0034999999999999,0.0034999999999999,insufficient_evidence,"SIPCOT Mamandur, Cheyyar",Industrial area,12.7230991,79.6546488,3.24,1.0185185185185184,0.0092592592592591,0.2,0.2565193617666046,Low,0.5602988260405549,No nearby industrial zone,0.0049999999999998,,C161
11.24631,77.76821,335.77,0.53,0.5,2026-08-28,744,N20,VIIRS,n,2.0NRT,297.73,3.18,D,VIIRS_NOAA20_NRT,,,262.8034046229611,11.25,77.77,1,unknown_other,0.0,0.0,0.0,0.0,0.0,insufficient_evidence,"SIPCOT Mamandur, Cheyyar",Industrial area,12.7230991,79.6546488,3.24,0.9814814814814816,0.0,0.2,0.2457844183564567,Low,0.5373532550693704,No nearby industrial zone,0.0,,C161
11.62135,79.67422,342.53,0.39,0.44,2026-08-28,744,N20,VIIRS,n,2.0NRT,297.44,3.31,D,VIIRS_NOAA20_NRT,,,110.4710811096752,11.62,79.67,1,unknown_other,0.0,0.0,0.0,0.0,0.0,insufficient_evidence,Unnamed industrial facility,Thermal power plant,12.5982666,79.8590477,3.31,1.0,0.0,0.2,0.2539665599430807,Low,0.5618996798292423,No nearby industrial zone,0.0,,
11.97214,79.74477,343.23,0.38,0.43,2026-08-28,744,N20,VIIRS,n,2.0NRT,294.73,2.69,D,VIIRS_NOAA20_NRT,,,70.72054265253875,11.97,79.74,1,unknown_other,0.0,0.0,0.0,0.0,0.0,insufficient_evidence,Unnamed industrial facility,Thermal power plant,12.5982666,79.8590477,2.69,1.0,0.0,0.2,0.2217716115261472,Low,0.4653148345784418,No nearby industrial zone,0.0,,C162
11.9761,79.74409,340.97,0.38,0.43,2026-08-28,744,N20,VIIRS,n,2.0NRT,294.31,3.39,D,VIIRS_NOAA20_NRT,,,70.30016445802167,11.98,79.74,1,unknown_other,0.03,0.0,0.0,0.0104999999999999,0.0104999999999999,insufficient_evidence,Unnamed industrial facility,Thermal power plant,12.5982666,79.8590477,3.39,1.0,0.0,0.2,0.2575240128068303,Low,0.572572038420491,No nearby industrial zone,0.0149999999999998,,C162
12.63144,79.54516,330.25,0.39,0.44,2026-08-28,744,N20,VIIRS,n,2.0NRT,298.38,1.88,D,VIIRS_NOAA20_NRT,,,15.65118451301433,12.63,79.55,1,unknown_other,0.0,0.0,0.0,0.0,0.0,insufficient_evidence,"SIPCOT Mamandur, Cheyyar",Industrial area,12.7230991,79.6546488,1.88,1.0,0.0,0.2,0.1742796157950907,Low,0.3228388473852721,No nearby industrial zone,0.0,,
14.49,79.71088,344.64,0.53,0.42,2026-08-28,744,N20,VIIRS,n,2.0NRT,305.11,6.55,D,VIIRS_NOAA20_NRT,,,61.52647742140922,14.49,79.71,1,unknown_other,0.0,0.0,0.0,0.0,0.0,insufficient_evidence,Unnamed industrial facility,Industrial area,13.9662446,79.8949777,6.196666666666666,1.0570199031737493,0.0285099515868746,0.2,0.3547185430938817,Low,0.8356456776947705,No nearby industrial zone,0.0,,C68
14.59493,77.66154,334.05,0.47,0.48,2026-08-28,746,N20,VIIRS,n,2.0NRT,301.79,3.27,D,VIIRS_NOAA20_NRT,,,219.5789210562897,14.59,77.66,1,unknown_other,0.05,0.0,0.0,0.0174999999999999,0.0174999999999999,insufficient_evidence,Unnamed industrial facility,Industrial area,13.8754547,79.558804,3.27,1.0,0.0,0.2,0.2525435787975809,Low,0.5576307363927427,No nearby industrial zone,0.0249999999999998,,
14.65638,75.65396,339.8,0.64,0.54,2026-08-28,746,N20,VIIRS,n,2.0NRT,295.19,12.07,D,VIIRS_NOAA20_NRT,,,428.9277443025822,14.66,75.65,1,unknown_other,0.03,0.0,0.0,0.0104999999999999,0.0104999999999999,insufficient_evidence,Amararaja Batteries Small Batteries Division,Industrial works,13.6747828,79.5015075,11.266666666666666,1.071301775147929,0.0356508875739645,0.2,0.3940963648725737,Low,0.9466382070437568,No nearby industrial zone,0.0149999999999998,,C46
14.66031,75.6534,336.45,0.32,0.54,2026-08-28,746,N20,VIIRS,n,2.0NRT,293.69,12.84,D,VIIRS_NOAA20_NRT,,,429.0940039703721,14.66,75.65,1,unknown_other,0.04,0.0,0.0,0.0139999999999999,0.0139999999999999,insufficient_evidence,Amararaja Batteries Small Batteries Division,Industrial works,13.6747828,79.5015075,11.266666666666666,1.139644970414201,0.0698224852071006,0.2,0.4070877512056396,Low,0.9514407684098186,No nearby industrial zone,0.0199999999999998,,C46
14.66086,75.65631,367.0,0.32,0.54,2026-08-28,746,N20,VIIRS,h,2.0NRT,295.26,12.84,D,VIIRS_NOAA20_NRT,,,428.8058363249754,14.66,75.66,1,unknown_other,0.03,0.0,0.0,0.0104999999999999,0.0104999999999999,insufficient_evidence,Amararaja Batteries Small Batteries Division,Industrial works,13.6747828,79.5015075,12.84,1.0,0.0,0.2,0.3838135894699395,Low,0.9514407684098186,No nearby industrial zone,0.0149999999999998,,C46
14.66129,75.6529,330.09,0.64,0.54,2026-08-28,746,N20,VIIRS,n,2.0NRT,293.6,8.89,D,VIIRS_NOAA20_NRT,,,429.17308184363606,14.66,75.65,1,unknown_other,0.06,0.0,0.0,0.0209999999999999,0.0209999999999999,insufficient_evidence,Amararaja Batteries Small Batteries Division,Industrial works,13.6747828,79.5015075,11.266666666666666,0.7890532544378699,0.0,0.2,0.3663820704375666,Low,0.8991462113127001,No nearby industrial zone,0.0299999999999998,,C46
14.66463,79.55208,332.52,0.54,0.42,2026-08-28,746,N20,VIIRS,l,2.0NRT,303.65,3.81,D,VIIRS_NOAA20_NRT,,,80.12634030997239,14.66,79.55,1,unknown_other,0.0,0.0,0.0,0.0,0.0,insufficient_evidence,"APSRTC Bus Depot , Venkatagiri",Industrial area,13.9451361,79.5931469,3.81,1.0,0.0,0.2,0.271931696905016,Low,0.615795090715048,No nearby industrial zone,0.0,,
15.08822,79.77559,344.05,0.52,0.41,2026-08-28,746,N20,VIIRS,n,2.0NRT,304.02,14.93,D,VIIRS_NOAA20_NRT,,,125.41806212785926,15.09,79.78,1,unknown_other,0.0,0.0,0.0,0.0,0.0,insufficient_evidence,Unnamed industrial facility,Industrial area,13.9662446,79.8949777,18.25,0.8180821917808219,0.0,0.2,0.3879046602632515,Low,0.9637139807897546,No nearby industrial zone,0.0,,C163
15.089,79.77787,336.56,0.52,0.41,2026-08-28,746,N20,VIIRS,n,2.0NRT,303.76,21.57,D,VIIRS_NOAA20_NRT,,,125.47944478855858,15.09,79.78,1,unknown_other,0.0,0.0,0.0,0.0,0.0,insufficient_evidence,Unnamed industrial facility,Industrial area,13.9662446,79.8949777,18.25,1.181917808219178,0.090958904109589,0.2,0.4256949459803218,Low,0.9861259338313768,No nearby industrial zone,0.0,,C163
15.32899,78.96827,332.13,0.57,0.43,2026-08-28,746,N20,VIIRS,n,2.0NRT,300.66,4.34,D,VIIRS_NOAA20_NRT,,,167.92155586922277,15.33,78.97,1,unknown_other,0.0,0.0,0.0,0.0,0.0,insufficient_evidence,"APSRTC Bus Depot , Venkatagiri",Industrial area,13.9451361,79.5931469,4.34,1.0,0.0,0.2,0.2925649235147634,Low,0.6776947705442903,No nearby industrial zone,0.0,,
15.63525,79.5853,340.53,0.52,0.41,2026-08-28,746,N20,VIIRS,n,2.0NRT,304.83,7.27,D,VIIRS_NOAA20_NRT,,,187.93398447112125,15.64,79.59,1,unknown_other,0.01,0.0,0.0,0.0034999999999999,0.0034999999999999,insufficient_evidence,"APSRTC Bus Depot , Venkatagiri",Industrial area,13.9451361,79.5931469,6.025,1.2066390041493775,0.1033195020746887,0.2,0.3890823100120893,Low,0.8639274279615795,No nearby industrial zone,0.0049999999999998,,C120
15.73366,79.84308,335.64,0.5,0.41,2026-08-28,746,N20,VIIRS,n,2.0NRT,300.32,4.96,D,VIIRS_NOAA20_NRT,,,196.6067623362506,15.73,79.84,1,unknown_other,0.0,0.0,0.0,0.0,0.0,insufficient_evidence,Unnamed industrial facility,Industrial area,13.9662446,79.8949777,4.96,1.0,0.0,0.2,0.3107079331198861,Low,0.7321237993596584,No nearby industrial zone,0.0,,
15.99496,78.3997,331.18,0.4,0.44,2026-08-28,746,N20,VIIRS,n,2.0NRT,296.42,1.68,D,VIIRS_NOAA20_NRT,,,261.5062374659075,15.99,78.4,2,unknown_other,0.0,0.0,0.2,0.0,0.2,insufficient_evidence,"APSRTC Bus Depot , Venkatagiri",Industrial area,13.9451361,79.5931469,2.06,0.8155339805825242,0.0,0.4,0.2283173247954464,Low,0.2849519743863394,No nearby industrial zone,0.0,,C41
16.13124,77.82779,354.31,0.43,0.46,2026-08-28,746,N20,VIIRS,n,2.0NRT,298.26,10.46,D,VIIRS_NOAA20_NRT,,,308.2584508896169,16.13,77.83,1,unknown_other,0.05,0.0,0.0,0.0174999999999999,0.0174999999999999,insufficient_evidence,"APSRTC Bus Depot , Venkatagiri",Industrial area,13.9451361,79.5931469,10.46,1.0,0.0,0.2,0.3743863393810032,Low,0.9231590181430096,No nearby industrial zone,0.0249999999999998,,C164
16.13541,77.827,340.62,0.43,0.46,2026-08-28,746,N20,VIIRS,n,2.0NRT,296.55,6.35,D,VIIRS_NOAA20_NRT,,,308.6751671423926,16.14,77.83,1,unknown_other,0.03,0.0,0.0,0.0104999999999999,0.0104999999999999,insufficient_evidence,"APSRTC Bus Depot , Venkatagiri",Industrial area,13.9451361,79.5931469,6.35,1.0,0.0,0.2,0.343080754180007,Low,0.8292422625400213,No nearby industrial zone,0.0149999999999998,,C164
20.9654,86.01233,334.34,0.47,0.4,2026-08-28,746,N20,VIIRS,n,2.0NRT,283.91,3.23,D,VIIRS_NOAA20_NRT,,,0.6825503014419652,20.97,86.01,1,possible_industrial,0.05,0.35,0.0,0.0174999999999999,0.3675,industrial_fire,TATA Steel,Industrial area,20.9710485,86.0097568,3.23,1.0,0.0,0.2,0.2500533617929562,Low,0.5501600853788687,Within known industrial zone,0.5249999999999999,Moderate,C71
20.96903,86.01181,331.01,0.47,0.4,2026-08-28,746,N20,VIIRS,n,2.0NRT,284.62,3.23,D,VIIRS_NOAA20_NRT,,,0.3095544427126229,20.97,86.01,1,possible_industrial,0.05,0.35,0.0,0.0174999999999999,0.3675,industrial_fire,TATA Steel,Industrial area,20.9710485,86.0097568,3.23,1.0,0.0,0.2,0.2500533617929562,Low,0.5501600853788687,Within known industrial zone,0.5249999999999999,Moderate,C71
21.74363,83.84044,332.72,0.4,0.37,2026-08-28,746,N20,VIIRS,n,2.0NRT,291.66,5.74,D,VIIRS_NOAA20_NRT,,,18.242506746251888,21.74,83.84,4,unknown_other,0.0,0.0,0.3,0.0,0.3,insufficient_evidence,Unnamed industrial facility,Industrial area,21.8219423,83.9956863,8.193333333333333,0.7005695687550855,0.0,0.8,0.5329420135183209,Moderate,0.7988260405549626,No nearby industrial zone,0.0,,C5
21.74418,83.84429,334.37,0.4,0.37,2026-08-28,746,N20,VIIRS,n,2.0NRT,290.9,5.74,D,VIIRS_NOAA20_NRT,,,17.86448646396118,21.74,83.84,4,unknown_other,0.07,0.0,0.3,0.0245,0.3245,insufficient_evidence,Unnamed industrial facility,Industrial area,21.8219423,83.9956863,8.193333333333333,0.7005695687550855,0.0,0.8,0.5329420135183209,Moderate,0.7988260405549626,No nearby industrial zone,0.035,,C5
21.74754,83.84375,344.84,0.4,0.37,2026-08-28,746,N20,VIIRS,n,2.0NRT,293.22,5.74,D,VIIRS_NOAA20_NRT,,,17.735809599022616,21.75,83.84,3,unknown_other,0.18,0.0,0.3,0.063,0.363,insufficient_evidence,Unnamed industrial facility,Industrial area,21.8219423,83.9956863,4.588888888888889,1.250847457627119,0.1254237288135593,0.6,0.5080832564561739,Moderate,0.7988260405549626,No nearby industrial zone,0.09,,C5
21.75426,83.84266,336.85,0.4,0.37,2026-08-28,746,N20,VIIRS,n,2.0NRT,291.59,4.53,D,VIIRS_NOAA20_NRT,,,17.50101808208759,21.75,83.84,3,unknown_other,0.02,0.0,0.3,0.0069999999999999,0.307,insufficient_evidence,Unnamed industrial facility,Industrial area,21.8219423,83.9956863,4.588888888888889,0.9871670702179178,0.0,0.6,0.431590181430096,Moderate,0.6947705442902882,No nearby industrial zone,0.0099999999999998,,C5
21.76207,83.84924,333.38,0.4,0.37,2026-08-28,746,N20,VIIRS,n,2.0NRT,291.87,4.28,D,VIIRS_NOAA20_NRT,,,16.52114661391983,21.76,83.85,2,unknown_other,0.01,0.0,0.2,0.0034999999999999,0.2035,insufficient_evidence,Unnamed industrial facility,Industrial area,21.8219423,83.9956863,4.78,0.895397489539749,0.0,0.4,0.3567413731768054,Low,0.6702241195304163,No nearby industrial zone,0.0049999999999998,,C5
22.37538,87.27899,330.44,0.57,0.43,2026-08-28,746,N20,VIIRS,n,2.0NRT,292.8,10.47,D,VIIRS_NOAA20_NRT,,,80.46730818344439,22.38,87.28,4,unknown_other,0.05,0.0,0.3,0.0174999999999999,0.3175,insufficient_evidence,Unnamed industrial facility,Industrial area,22.5870224,86.5300537,4.01,2.610972568578554,0.8054862842892769,0.8,0.8434153854069912,Critical,0.924759871931697,No nearby industrial zone,0.0249999999999998,,C4
23.80325,86.33153,341.8,0.52,0.42,2026-08-28,748,N20,VIIRS,n,2.0NRT,289.84,5.56,D,VIIRS_NOAA20_NRT,,,2.7548930932426847,23.8,86.33,1,unknown_other,0.04,0.15,0.0,0.0139999999999999,0.1639999999999999,industrial_fire,Unnamed industrial facility,Industrial area,23.8280191,86.3321382,5.56,1.0,0.0,0.2,0.3254713625044467,Low,0.7764140875133404,Adjacent to industrial zone,0.2342857142857141,Low,
25.03555,87.38821,331.96,0.41,0.45,2026-08-28,748,N20,VIIRS,n,2.0NRT,295.33,3.03,D,VIIRS_NOAA20_NRT,,,81.38317809980187,25.04,87.39,2,unknown_other,0.0,0.0,0.2,0.0,0.2,insufficient_evidence,Unnamed industrial facility,Industrial area,24.4084165,86.9728066,2.433333333333333,1.2452054794520548,0.1226027397260274,0.4,0.3453143959883628,Moderate,0.5133404482390609,No nearby industrial zone,0.0,,C75
27.43482,70.8578,340.0,0.35,0.57,2026-08-28,750,N20,VIIRS,n,2.0NRT,304.94,2.03,D,VIIRS_NOAA20_NRT,,,446.4027845111593,27.43,70.86,1,unknown_other,0.03,0.0,0.0,0.0104999999999999,0.0104999999999999,insufficient_evidence,Surel Visual Solar,Thermal power plant,23.4739369,71.5829258,2.03,1.0,0.0,0.2,0.1842404838135894,Low,0.3527214514407684,No nearby industrial zone,0.0149999999999998,,
25.03661,87.38615,304.83,0.51,0.41,2026-08-28,2014,N20,VIIRS,n,2.0NRT,280.05,0.69,N,VIIRS_NOAA20_NRT,,,81.3771649535685,25.04,87.39,2,unknown_other,0.03,0.0,0.2,0.0104999999999999,0.2105,insufficient_evidence,Unnamed industrial facility,Industrial area,24.4084165,86.9728066,2.433333333333333,0.2835616438356164,0.0,0.4,0.1539665599430807,Low,0.0618996798292422,No nearby industrial zone,0.0149999999999998,,C75
25.94442,72.18835,312.48,0.43,0.62,2026-08-28,2014,N20,VIIRS,n,2.0NRT,294.26,1.62,N,VIIRS_NOAA20_NRT,,,272.4478761922712,25.94,72.19,3,unknown_other,0.05,0.0,0.3,0.0174999999999999,0.3175,insufficient_evidence,Unnamed industrial facility,Industrial area,23.5020392,72.4034657,5.398888888888889,0.3000617410989916,0.0,0.6,0.2903593027392387,Moderate,0.2710779082177161,No nearby industrial zone,0.0249999999999998,,C8
26.26645,74.18758,305.63,0.32,0.55,2026-08-28,2014,N20,VIIRS,n,2.0NRT,294.62,0.62,N,VIIRS_NOAA20_NRT,,,276.7725993811815,26.27,74.19,1,unknown_other,0.02,0.0,0.0,0.0069999999999999,0.0069999999999999,insufficient_evidence,Unnamed industrial facility,Industrial area,27.524209,76.596126,1.03,0.6019417475728155,0.0,0.2,0.0837424404126645,Low,0.0512273212379935,No nearby industrial zone,0.0099999999999998,,C165
26.26726,74.18773,305.62,0.32,0.55,2026-08-28,2014,N20,VIIRS,n,2.0NRT,294.02,1.44,N,VIIRS_NOAA20_NRT,,,276.7135309061344,26.27,74.19,1,unknown_other,0.04,0.0,0.0,0.0139999999999999,0.0139999999999999,insufficient_evidence,Unnamed industrial facility,Industrial area,27.524209,76.596126,1.03,1.3980582524271843,0.1990291262135921,0.2,0.2071826009470422,Low,0.2225186766275347,No nearby industrial zone,0.0199999999999998,,C165
11.04049,77.71588,304.81,0.41,0.37,2026-08-28,2017,N20,VIIRS,n,2.0NRT,280.31,0.56,N,VIIRS_NOAA20_NRT,,,281.96950628345303,11.04,77.72,1,unknown_other,0.03,0.0,0.0,0.0104999999999999,0.0104999999999999,insufficient_evidence,"SIPCOT Mamandur, Cheyyar",Industrial area,12.7230991,79.6546488,0.56,1.0,0.0,0.2,0.0805407328352899,Low,0.0416221985058698,No nearby industrial zone,0.0149999999999998,,
11.14093,77.35009,300.35,0.42,0.38,2026-08-28,2017,N20,VIIRS,n,2.0NRT,280.83,0.38,N,VIIRS_NOAA20_NRT,,,306.27756685389556,11.14,77.35,1,unknown_other,0.0,0.0,0.0,0.0,0.0,insufficient_evidence,"SIPCOT Mamandur, Cheyyar",Industrial area,12.7230991,79.6546488,0.38,1.0,0.0,0.2,0.0704019921736037,Low,0.011205976520811,No nearby industrial zone,0.0,,
11.18338,79.09915,298.56,0.39,0.36,2026-08-28,2017,N20,VIIRS,n,2.0NRT,270.63,0.49,N,VIIRS_NOAA20_NRT,,,177.73112324660846,11.18,79.1,3,unknown_other,0.27,0.0,0.3,0.0945,0.3944999999999999,insufficient_evidence,Unnamed industrial facility,Thermal power plant,12.5982666,79.8590477,1.36,0.3602941176470587,0.0,0.6,0.2103166133048737,Moderate,0.0309498399146211,No nearby industrial zone,0.135,,C25
11.26826,80.00521,304.97,0.39,0.36,2026-08-28,2017,N20,VIIRS,n,2.0NRT,273.59,0.45,N,VIIRS_NOAA20_NRT,,,138.20297322189802,11.27,80.01,2,unknown_other,0.03,0.0,0.2,0.0104999999999999,0.2105,insufficient_evidence,TNSTC Bus Depot,Industrial area,12.5026914,80.1531349,0.97,0.4639175257731959,0.0,0.4,0.1420490928495197,Low,0.0261472785485592,No nearby industrial zone,0.0149999999999998,,C35
11.53513,77.22146,301.93,0.43,0.38,2026-08-28,2017,N20,VIIRS,n,2.0NRT,275.99,0.36,N,VIIRS_NOAA20_NRT,,,295.66212318876086,11.54,77.22,1,unknown_other,0.0,0.0,0.0,0.0,0.0,insufficient_evidence,"SIPCOT Mamandur, Cheyyar",Industrial area,12.7230991,79.6546488,0.36,1.0,0.0,0.2,0.0695126289576663,Low,0.0085378868729989,No nearby industrial zone,0.0,,
11.8118,77.92049,315.54,0.41,0.37,2026-08-28,2017,N20,VIIRS,n,2.0NRT,276.22,1.99,N,VIIRS_NOAA20_NRT,,,213.94339270062065,11.81,77.92,3,unknown_other,0.09,0.0,0.3,0.0315,0.3315,insufficient_evidence,"SIPCOT Mamandur, Cheyyar",Industrial area,12.7230991,79.6546488,1.178,1.6893039049235994,0.3446519524617997,0.6,0.4297897116530438,High,0.3447171824973319,No nearby industrial zone,0.045,,C10
11.81577,77.91728,304.87,0.41,0.37,2026-08-28,2017,N20,VIIRS,n,2.0NRT,276.13,1.06,N,VIIRS_NOAA20_NRT,,,214.04096469322488,11.82,77.92,3,unknown_other,0.01,0.0,0.3,0.0034999999999999,0.3035,insufficient_evidence,"SIPCOT Mamandur, Cheyyar",Industrial area,12.7230991,79.6546488,1.814,0.5843439911797134,0.0,0.6,0.2451796513696193,Moderate,0.135538954108858,No nearby industrial zone,0.0049999999999998,,C10
12.25146,79.63464,300.56,0.38,0.36,2026-08-28,2017,N20,VIIRS,n,2.0NRT,276.78,0.53,N,VIIRS_NOAA20_NRT,,,45.617327933771534,12.25,79.63,1,unknown_other,0.06,0.0,0.0,0.0209999999999999,0.0209999999999999,insufficient_evidence,Unnamed industrial facility,Thermal power plant,12.5982666,79.8590477,0.53,1.0,0.0,0.2,0.0787620064034151,Low,0.0362860192102454,No nearby industrial zone,0.0299999999999998,,
13.71189,79.61842,305.98,0.39,0.36,2026-08-28,2017,N20,VIIRS,n,2.0NRT,288.23,1.23,N,VIIRS_NOAA20_NRT,,,1.3789287036776114,13.71,79.62,3,industrial,0.09,0.35,0.3,0.0315,0.6814999999999999,persistent_industrial_source,Unnamed industrial facility,Industrial area,13.7190582,79.6288364,1.5566666666666666,0.7901498929336188,0.0,0.6,0.2588758448950551,Moderate,0.1766275346851654,Within known industrial zone,0.5449999999999999,Moderate,C17
13.71465,79.62251,310.35,0.39,0.36,2026-08-28,2017,N20,VIIRS,n,2.0NRT,288.38,1.61,N,VIIRS_NOAA20_NRT,,,0.8410126062721264,13.71,79.62,3,industrial,0.65,0.35,0.3,0.2274999999999999,0.8775,persistent_industrial_source,Unnamed industrial facility,Industrial area,13.7190582,79.6288364,1.5566666666666666,1.0342612419700214,0.0171306209850107,0.6,0.2946465285887424,Moderate,0.2668089647812166,Within known industrial zone,0.825,High,C17
13.89451,77.03326,305.16,0.46,0.39,2026-08-28,2017,N20,VIIRS,n,2.0NRT,285.58,0.97,N,VIIRS_NOAA20_NRT,,,267.6678091608161,13.89,77.03,1,unknown_other,0.0,0.0,0.0,0.0,0.0,insufficient_evidence,Amararaja Batteries Small Batteries Division,Industrial works,13.6747828,79.5015075,0.97,1.0,0.0,0.2,0.1065101387406616,Low,0.119530416221985,No nearby industrial zone,0.0,,
13.89907,76.56499,301.18,0.49,0.4,2026-08-28,2017,N20,VIIRS,n,2.0NRT,286.98,0.8,N,VIIRS_NOAA20_NRT,,,318.0951735206608,13.9,76.56,1,unknown_other,0.07,0.0,0.0,0.0245,0.0245,insufficient_evidence,Amararaja Batteries Small Batteries Division,Industrial works,13.6747828,79.5015075,0.8,1.0,0.0,0.2,0.0947705442902881,Low,0.0843116328708644,No nearby industrial zone,0.035,,
17.95662,80.79441,331.26,0.39,0.36,2026-08-28,2017,N20,VIIRS,n,2.0NRT,289.65,3.13,N,VIIRS_NOAA20_NRT,,,129.8441145057938,17.96,80.79,3,unknown_other,0.07,0.0,0.3,0.0245,0.3245,insufficient_evidence,Upper Sileru Power House,Thermal power plant,18.0371452,82.0192773,2.5900000000000003,1.2084942084942083,0.1042471042471041,0.6,0.4122659326501375,Moderate,0.5325506937033084,No nearby industrial zone,0.035,,C6
17.95774,80.78719,307.39,0.39,0.36,2026-08-28,2017,N20,VIIRS,n,2.0NRT,289.28,0.9,N,VIIRS_NOAA20_NRT,,,130.59695958006026,17.96,80.79,3,unknown_other,0.04,0.0,0.3,0.0139999999999999,0.314,insufficient_evidence,Upper Sileru Power House,Thermal power plant,18.0371452,82.0192773,2.5900000000000003,0.3474903474903474,0.0,0.6,0.2343294201351831,Moderate,0.1029882604055496,No nearby industrial zone,0.0199999999999998,,C6
19.82014,79.23772,295.83,0.43,0.38,2026-08-28,2017,N20,VIIRS,n,2.0NRT,277.78,0.73,N,VIIRS_NOAA20_NRT,,,233.3451236894139,19.82,79.24,2,unknown_other,0.01,0.0,0.2,0.0034999999999999,0.2035,insufficient_evidence,Unnamed industrial facility,Industrial area,21.0807235,81.0283461,0.7949999999999999,0.9182389937106918,0.0,0.4,0.1571682675204553,Low,0.071504802561366,No nearby industrial zone,0.0049999999999998,,C91
19.93703,73.71011,308.78,0.58,0.52,2026-08-28,2017,N20,VIIRS,n,2.0NRT,289.52,1.25,N,VIIRS_NOAA20_NRT,,,62.40717164760692,19.94,73.71,1,unknown_other,0.1,0.0,0.0,0.0349999999999999,0.0349999999999999,insufficient_evidence,Unnamed industrial facility,Industrial works,19.497302,73.3396311,1.25,1.0,0.0,0.2,0.1273212379935965,Low,0.1819637139807897,No nearby industrial zone,0.0499999999999998,,
19.96314,79.33248,308.63,0.42,0.38,2026-08-28,2017,N20,VIIRS,n,2.0NRT,273.61,1.21,N,VIIRS_NOAA20_NRT,,,215.94080471626137,19.96,79.33,1,unknown_other,0.01,0.0,0.0,0.0034999999999999,0.0034999999999999,insufficient_evidence,Unnamed industrial facility,Industrial area,21.0807235,81.0283461,1.21,1.0,0.0,0.2,0.123763785129847,Low,0.1712913553895411,No nearby industrial zone,0.0049999999999998,,
21.10835,72.64621,304.31,0.35,0.57,2026-08-28,2017,N20,VIIRS,n,2.0NRT,289.19,1.08,N,VIIRS_NOAA20_NRT,,,0.3070541288257411,21.11,72.65,3,industrial,0.95,0.35,0.3,0.3324999999999999,0.9825,persistent_industrial_source,ArcelorMittal Nippon Steel India,Industrial works,21.1098624,72.6437334,3.7816666666666663,0.2855883649184663,0.0,0.6,0.2483813589469939,Moderate,0.1451440768409818,Within known industrial zone,0.975,High,C2
21.10869,72.64594,317.01,0.35,0.57,2026-08-28,2017,N20,VIIRS,n,2.0NRT,291.29,1.78,N,VIIRS_NOAA20_NRT,,,0.2634182621774611,21.11,72.65,3,industrial,0.8,0.35,0.3,0.2799999999999999,0.93,persistent_industrial_source,ArcelorMittal Nippon Steel India,Industrial works,21.1098624,72.6437334,3.7816666666666663,0.4706919347730278,0.0,0.6,0.3013874066168623,Moderate,0.304162219850587,Within known industrial zone,0.8999999999999999,High,C2
21.10871,72.64282,299.25,0.35,0.57,2026-08-28,2017,N20,VIIRS,n,2.0NRT,288.27,1.08,N,VIIRS_NOAA20_NRT,,,0.1593664669270998,21.11,72.64,2,industrial,0.91,0.35,0.2,0.3185,0.8685,industrial_fire,ArcelorMittal Nippon Steel India,Industrial works,21.1098624,72.6437334,2.9414285714285713,0.3671685284118504,0.0,0.4,0.1817146922803272,Low,0.1451440768409818,Within known industrial zone,0.955,High,C2
21.10903,72.64254,308.26,0.35,0.57,2026-08-28,2017,N20,VIIRS,n,2.0NRT,289.08,1.78,N,VIIRS_NOAA20_NRT,,,0.1545714295972332,21.11,72.64,2,industrial,0.84,0.35,0.2,0.294,0.8440000000000001,industrial_fire,ArcelorMittal Nippon Steel India,Industrial works,21.1098624,72.6437334,2.9414285714285713,0.605148130160272,0.0,0.4,0.2347207399501956,Low,0.304162219850587,Within known industrial zone,0.92,High,C2
21.10907,72.63943,302.13,0.35,0.57,2026-08-28,2017,N20,VIIRS,n,2.0NRT,290.48,1.98,N,VIIRS_NOAA20_NRT,,,0.4550174827765512,21.11,72.64,2,industrial,0.83,0.35,0.2,0.2905,0.8405,industrial_fire,ArcelorMittal Nippon Steel India,Industrial works,21.1098624,72.6437334,2.9414285714285713,0.6731423020883924,0.0,0.4,0.2477054429028815,Low,0.3431163287086446,Within known industrial zone,0.915,High,C2
21.1097,72.63574,301.04,0.35,0.57,2026-08-28,2017,N20,VIIRS,n,2.0NRT,287.97,2.49,N,VIIRS_NOAA20_NRT,,,0.8293748937696878,21.11,72.64,2,industrial,0.51,0.35,0.2,0.1785,0.7285,industrial_fire,ArcelorMittal Nippon Steel India,Industrial works,21.1098624,72.6437334,2.9414285714285713,0.8465274405050996,0.0,0.4,0.2770544290288154,Low,0.4311632870864461,Within known industrial zone,0.755,High,C2
22.26705,75.13366,303.97,0.5,0.49,2026-08-28,2017,N20,VIIRS,n,2.0NRT,288.88,0.85,N,VIIRS_NOAA20_NRT,,,171.3450649884069,22.27,75.13,1,unknown_other,0.25,0.0,0.0,0.0875,0.0875,insufficient_evidence,Ayan Craftfold Pvt. Ltd.,Industrial works,22.5660665,73.4984323,0.85,1.0,0.0,0.2,0.0972607612949128,Low,0.0917822838847385,No nearby industrial zone,0.125,,
8.12189,80.80357,315.03,0.41,0.37,2026-08-28,2019,N20,VIIRS,n,2.0NRT,285.44,1.72,N,VIIRS_NOAA20_NRT,,,492.28983888905896,8.12,80.8,1,unknown_other,0.03,0.0,0.0,0.0104999999999999,0.0104999999999999,insufficient_evidence,TNSTC Bus Depot,Industrial area,12.5026914,80.1531349,1.9,0.9052631578947368,0.0,0.2,0.1634293845606545,Low,0.2902881536819637,No nearby industrial zone,0.0149999999999998,,C14
8.66846,77.99356,309.13,0.39,0.36,2026-08-28,2019,N20,VIIRS,n,2.0NRT,294.69,0.44,N,VIIRS_NOAA20_NRT,,,482.1741387645819,8.67,77.99,1,unknown_other,0.02,0.0,0.0,0.0069999999999999,0.0069999999999999,insufficient_evidence,Unnamed industrial facility,Thermal power plant,12.5982666,79.8590477,0.44,1.0,0.0,0.2,0.0737815723941657,Low,0.0213447171824973,No nearby industrial zone,0.0099999999999998,,C166
8.6718,77.99409,309.52,0.39,0.36,2026-08-28,2019,N20,VIIRS,n,2.0NRT,294.29,0.44,N,VIIRS_NOAA20_NRT,,,481.8126539385019,8.67,77.99,1,unknown_other,0.06,0.0,0.0,0.0209999999999999,0.0209999999999999,insufficient_evidence,Unnamed industrial facility,Thermal power plant,12.5982666,79.8590477,0.44,1.0,0.0,0.2,0.0737815723941657,Low,0.0213447171824973,No nearby industrial zone,0.0299999999999998,,C166
8.85032,78.13471,308.67,0.39,0.36,2026-08-28,2019,N20,VIIRS,n,2.0NRT,294.67,0.43,N,VIIRS_NOAA20_NRT,,,457.3390039375929,8.85,78.13,1,unknown_other,0.01,0.0,0.0,0.0034999999999999,0.0034999999999999,insufficient_evidence,Unnamed industrial facility,Thermal power plant,12.5982666,79.8590477,0.43,1.0,0.0,0.2,0.0725364638918534,Low,0.0176093916755602,No nearby industrial zone,0.0049999999999998,,
10.61592,77.42117,301.41,0.42,0.37,2026-08-28,2019,N20,VIIRS,n,2.0NRT,284.19,0.45,N,VIIRS_NOAA20_NRT,,,337.70896286259153,10.62,77.42,2,unknown_other,0.03,0.0,0.2,0.0104999999999999,0.2105,insufficient_evidence,"SIPCOT Mamandur, Cheyyar",Industrial area,12.7230991,79.6546488,0.42,1.0714285714285714,0.0357142857142857,0.4,0.1539538547542816,Low,0.0261472785485592,No nearby industrial zone,0.0149999999999998,,C44
14.60621,78.52273,308.2,0.41,0.37,2026-08-28,2019,N20,VIIRS,n,2.0NRT,289.18,1.33,N,VIIRS_NOAA20_NRT,,,136.77990664119554,14.61,78.52,1,unknown_other,0.04,0.0,0.0,0.0139999999999999,0.0139999999999999,insufficient_evidence,"APSRTC Bus Depot , Venkatagiri",Industrial area,13.9451361,79.5931469,1.33,1.0,0.0,0.2,0.1340803984347207,Low,0.2022411953041622,No nearby industrial zone,0.0199999999999998,,
15.11159,76.8063,303.23,0.49,0.4,2026-08-28,2019,N20,VIIRS,n,2.0NRT,290.45,0.89,N,VIIRS_NOAA20_NRT,,,326.643489201739,15.11,76.81,2,unknown_other,0.04,0.0,0.2,0.0139999999999999,0.214,insufficient_evidence,Unnamed industrial facility,Industrial area,13.8754547,79.558804,1.455,0.6116838487972508,0.0,0.4,0.1664176449662042,Low,0.0992529348986125,No nearby industrial zone,0.0199999999999998,,C72
15.13364,79.95895,311.16,0.39,0.36,2026-08-28,2019,N20,VIIRS,n,2.0NRT,282.7,1.59,N,VIIRS_NOAA20_NRT,,,129.99091305008966,15.13,79.96,1,unknown_other,0.38,0.0,0.0,0.1329999999999999,0.1329999999999999,insufficient_evidence,Unnamed industrial facility,Industrial area,13.9662446,79.8949777,1.59,1.0,0.0,0.2,0.1532906438989683,Low,0.259871931696905,No nearby industrial zone,0.1899999999999998,,
15.17368,76.78575,304.27,0.49,0.4,2026-08-28,2019,N20,VIIRS,n,2.0NRT,291.11,1.18,N,VIIRS_NOAA20_NRT,,,331.5601190842852,15.17,76.79,2,unknown_other,0.0,0.0,0.2,0.0,0.2,insufficient_evidence,Unnamed industrial facility,Industrial area,13.8754547,79.558804,1.0,1.18,0.0899999999999999,0.4,0.2182959800782639,Moderate,0.1648879402347919,No nearby industrial zone,0.0,,C104
15.1754,76.69256,315.2,0.5,0.41,2026-08-28,2019,N20,VIIRS,n,2.0NRT,291.4,1.87,N,VIIRS_NOAA20_NRT,,,340.69813219080305,15.18,76.69,1,unknown_other,0.01,0.0,0.0,0.0034999999999999,0.0034999999999999,insufficient_evidence,Unnamed industrial facility,Industrial area,13.8754547,79.558804,1.87,1.0,0.0,0.2,0.1735681252223408,Low,0.3207043756670224,No nearby industrial zone,0.0049999999999998,,C1
15.17683,76.65511,332.64,0.5,0.41,2026-08-28,2019,N20,VIIRS,n,2.0NRT,293.92,2.43,N,VIIRS_NOAA20_NRT,,,344.418405570067,15.18,76.66,3,unknown_other,0.0,0.0,0.3,0.0,0.3,insufficient_evidence,Unnamed industrial facility,Industrial area,13.8754547,79.558804,2.51,0.9681274900398408,0.0,0.6,0.3412308786908573,Moderate,0.423692636072572,No nearby industrial zone,0.0,,C1
15.17731,77.1031,305.59,0.47,0.4,2026-08-28,2019,N20,VIIRS,n,2.0NRT,291.33,1.81,N,VIIRS_NOAA20_NRT,,,300.97369433097373,15.18,77.1,3,unknown_other,0.0,0.0,0.3,0.0,0.3,insufficient_evidence,"APSRTC Bus Depot , Venkatagiri",Industrial area,13.9451361,79.5931469,1.344,1.3467261904761905,0.1733630952380952,0.6,0.360775958818248,Moderate,0.3089647812166489,No nearby industrial zone,0.0,,C18
15.17739,77.10064,305.28,0.47,0.4,2026-08-28,2019,N20,VIIRS,n,2.0NRT,291.59,1.3,N,VIIRS_NOAA20_NRT,,,301.2134416325558,15.18,77.1,3,unknown_other,0.0,0.0,0.3,0.0,0.3,insufficient_evidence,"APSRTC Bus Depot , Venkatagiri",Industrial area,13.9451361,79.5931469,1.344,0.9672619047619048,0.0,0.6,0.2642120241906794,Moderate,0.1926360725720384,No nearby industrial zone,0.0,,C18
15.17798,76.6741,305.04,0.5,0.41,2026-08-28,2019,N20,VIIRS,n,2.0NRT,291.74,1.45,N,VIIRS_NOAA20_NRT,,,342.6179357487862,15.18,76.67,4,unknown_other,0.0,0.0,0.3,0.0,0.3,insufficient_evidence,Unnamed industrial facility,Industrial area,13.8754547,79.558804,1.967857142857143,0.7368421052631579,0.0,0.8,0.3420846673781572,Moderate,0.2262540021344717,No nearby industrial zone,0.0,,C1
15.18056,76.65565,306.01,0.5,0.41,2026-08-28,2019,N20,VIIRS,n,2.0NRT,291.74,2.43,N,VIIRS_NOAA20_NRT,,,344.5377201117183,15.18,76.66,3,unknown_other,0.0,0.0,0.3,0.0,0.3,insufficient_evidence,Unnamed industrial facility,Industrial area,13.8754547,79.558804,2.51,0.9681274900398408,0.0,0.6,0.3412308786908573,Moderate,0.423692636072572,No nearby industrial zone,0.0,,C1
15.1825,76.64178,330.42,0.5,0.41,2026-08-28,2019,N20,VIIRS,n,2.0NRT,292.13,4.32,N,VIIRS_NOAA20_NRT,,,345.98158036628854,15.18,76.64,2,unknown_other,0.0,0.0,0.2,0.0,0.2,insufficient_evidence,Unnamed industrial facility,Industrial area,13.8754547,79.558804,3.03,1.425742574257426,0.2128712871287129,0.4,0.4291214500318762,Moderate,0.6744930629669157,No nearby industrial zone,0.0,,C1
15.183,76.66542,321.1,0.5,0.41,2026-08-28,2019,N20,VIIRS,n,2.0NRT,292.07,2.73,N,VIIRS_NOAA20_NRT,,,343.69735012912423,15.18,76.67,4,unknown_other,0.01,0.0,0.3,0.0034999999999999,0.3035,insufficient_evidence,Unnamed industrial facility,Industrial area,13.8754547,79.558804,1.967857142857143,1.3872958257713248,0.1936479128856624,0.8,0.4882775148964303,High,0.4711846318036286,No nearby industrial zone,0.0049999999999998,,C1
15.33618,76.28429,304.01,0.52,0.42,2026-08-28,2019,N20,VIIRS,n,2.0NRT,289.95,1.01,N,VIIRS_NOAA20_NRT,,,387.9652623459682,15.34,76.28,3,unknown_other,0.04,0.0,0.3,0.0139999999999999,0.314,insufficient_evidence,Unnamed industrial facility,Industrial area,13.8754547,79.558804,2.005,0.5037406483790524,0.0,0.6,0.2425115617218071,Moderate,0.1275346851654215,No nearby industrial zone,0.0199999999999998,,C13
15.89742,79.43373,298.3,0.4,0.37,2026-08-28,2019,N20,VIIRS,n,2.0NRT,261.11,0.61,N,VIIRS_NOAA20_NRT,,,217.75868919819115,15.9,79.43,1,unknown_other,0.23,0.0,0.0,0.0805,0.0805,insufficient_evidence,"APSRTC Bus Depot , Venkatagiri",Industrial area,13.9451361,79.5931469,0.61,1.0,0.0,0.2,0.0833866951262895,Low,0.0501600853788687,No nearby industrial zone,0.115,,
15.98432,79.14418,304.46,0.4,0.37,2026-08-28,2019,N20,VIIRS,n,2.0NRT,272.88,1.04,N,VIIRS_NOAA20_NRT,,,231.8188176867588,15.98,79.14,1,unknown_other,0.05,0.0,0.0,0.0174999999999999,0.0174999999999999,insufficient_evidence,"APSRTC Bus Depot , Venkatagiri",Industrial area,13.9451361,79.5931469,1.04,1.0,0.0,0.2,0.1111348274635361,Low,0.1334044823906083,No nearby industrial zone,0.0249999999999998,,
16.09608,79.16954,307.79,0.4,0.37,2026-08-28,2019,N20,VIIRS,n,2.0NRT,279.43,0.87,N,VIIRS_NOAA20_NRT,,,243.46168748823095,16.1,79.17,1,unknown_other,0.02,0.0,0.0,0.0069999999999999,0.0069999999999999,insufficient_evidence,"APSRTC Bus Depot , Venkatagiri",Industrial area,13.9451361,79.5931469,0.87,1.0,0.0,0.2,0.0988616150836001,Low,0.0965848452508004,No nearby industrial zone,0.0099999999999998,,
17.0624,76.98022,307.14,0.5,0.41,2026-08-28,2019,N20,VIIRS,n,2.0NRT,288.72,1.3,N,VIIRS_NOAA20_NRT,,,410.43045278485783,17.06,76.98,2,unknown_other,0.01,0.0,0.2,0.0034999999999999,0.2035,insufficient_evidence,Pawana Hydroelectric Power Station,Thermal power plant,18.68142,73.494772,1.4,0.9285714285714288,0.0,0.4,0.1975453575240128,Low,0.1926360725720384,No nearby industrial zone,0.0049999999999998,,C154
17.14009,77.17446,305.66,0.49,0.41,2026-08-28,2019,N20,VIIRS,n,2.0NRT,290.32,1.09,N,VIIRS_NOAA20_NRT,,,425.3672832314505,17.14,77.17,1,unknown_other,0.01,0.0,0.0,0.0034999999999999,0.0034999999999999,insufficient_evidence,Pawana Hydroelectric Power Station,Thermal power plant,18.68142,73.494772,1.09,1.0,0.0,0.2,0.115937388829598,Low,0.147812166488794,No nearby industrial zone,0.0049999999999998,,C45
17.14254,77.18425,305.29,0.49,0.4,2026-08-28,2019,N20,VIIRS,n,2.0NRT,290.03,0.8,N,VIIRS_NOAA20_NRT,,,426.2035673470825,17.14,77.18,2,unknown_other,0.0,0.0,0.2,0.0,0.2,insufficient_evidence,Pawana Hydroelectric Power Station,Thermal power plant,18.68142,73.494772,1.14,0.7017543859649124,0.0,0.4,0.1614372109569548,Low,0.0843116328708644,No nearby industrial zone,0.0,,C45
25.9405,72.1935,303.76,0.66,0.73,2026-08-28,2155,N20,VIIRS,n,2.0NRT,291.23,0.95,N,VIIRS_NOAA20_NRT,,,271.9723649491864,25.94,72.19,3,unknown_other,0.04,0.0,0.3,0.0139999999999999,0.314,insufficient_evidence,Unnamed industrial facility,Industrial area,23.5020392,72.4034657,5.398888888888889,0.1759621321259518,0.0,0.6,0.2387762362148701,Moderate,0.1163287086446104,No nearby industrial zone,0.0199999999999998,,C8
25.9441,72.19492,304.05,0.66,0.73,2026-08-28,2155,N20,VIIRS,n,2.0NRT,291.75,1.16,N,VIIRS_NOAA20_NRT,,,272.36029860278234,25.94,72.19,3,unknown_other,0.05,0.0,0.3,0.0174999999999999,0.3175,insufficient_evidence,Unnamed industrial facility,Industrial area,23.5020392,72.4034657,5.398888888888889,0.2148590244906359,0.0,0.6,0.2542511561721807,Moderate,0.1627534685165421,No nearby industrial zone,0.0249999999999998,,C8
31.77044,70.10559,309.07,0.36,0.58,2026-08-28,2155,N20,VIIRS,n,2.0NRT,294.63,0.45,N,VIIRS_NOAA20_NRT,,,694.4882051526067,31.77,70.11,1,unknown_other,0.07,0.0,0.0,0.0245,0.0245,insufficient_evidence,Unnamed industrial facility,Industrial area,28.8672971,76.5139469,1.405,0.3202846975088968,0.0,0.2,0.075382426182853,Low,0.0261472785485592,No nearby industrial zone,0.035,,C126
8.87915,80.72496,351.42,0.39,0.59,2026-08-29,724,N20,VIIRS,n,2.0NRT,289.38,5.66,D,VIIRS_NOAA20_NRT,,,407.7332637983986,8.88,80.72,1,unknown_other,0.03,0.0,0.0,0.0104999999999999,0.0104999999999999,insufficient_evidence,TNSTC Bus Depot,Industrial area,12.5026914,80.1531349,4.945,1.1445904954499495,0.0722952477249747,0.2,0.3520599954173963,Low,0.7838847385272145,No nearby industrial zone,0.0149999999999998,,C76
8.88152,80.72383,354.5,0.38,0.59,2026-08-29,724,N20,VIIRS,n,2.0NRT,289.66,4.23,D,VIIRS_NOAA20_NRT,,,407.4539031291588,8.88,80.72,1,unknown_other,0.02,0.0,0.0,0.0069999999999999,0.0069999999999999,insufficient_evidence,TNSTC Bus Depot,Industrial area,12.5026914,80.1531349,4.945,0.8554095045500506,0.0,0.2,0.2872287442191391,Low,0.6616862326574173,No nearby industrial zone,0.0099999999999998,,C76
8.88215,80.72724,334.54,0.38,0.59,2026-08-29,724,N20,VIIRS,n,2.0NRT,288.98,4.23,D,VIIRS_NOAA20_NRT,,,407.44184225871214,8.88,80.73,1,unknown_other,0.01,0.0,0.0,0.0034999999999999,0.0034999999999999,insufficient_evidence,TNSTC Bus Depot,Industrial area,12.5026914,80.1531349,4.23,1.0,0.0,0.2,0.2872287442191391,Low,0.6616862326574173,No nearby industrial zone,0.0049999999999998,,C76
9.01955,80.17964,328.45,0.42,0.61,2026-08-29,724,N20,VIIRS,n,2.0NRT,291.76,2.22,D,VIIRS_NOAA20_NRT,,,387.3184712298837,9.02,80.18,1,unknown_other,0.0,0.0,0.0,0.0,0.0,insufficient_evidence,TNSTC Bus Depot,Industrial area,12.5026914,80.1531349,2.22,1.0,0.0,0.2,0.1949128424048381,Low,0.3847385272145144,No nearby industrial zone,0.0,,
9.07926,80.12955,331.22,0.42,0.61,2026-08-29,724,N20,VIIRS,n,2.0NRT,292.98,1.67,D,VIIRS_NOAA20_NRT,,,380.6769173691451,9.08,80.13,1,unknown_other,0.02,0.0,0.0,0.0069999999999999,0.0069999999999999,insufficient_evidence,TNSTC Bus Depot,Industrial area,12.5026914,80.1531349,1.67,1.0,0.0,0.2,0.1609391675560298,Low,0.2828175026680896,No nearby industrial zone,0.0099999999999998,,
9.3622,78.73381,332.95,0.52,0.67,2026-08-29,724,N20,VIIRS,n,2.0NRT,284.66,4.63,D,VIIRS_NOAA20_NRT,,,380.2149429938893,9.36,78.73,1,unknown_other,0.11,0.0,0.0,0.0385,0.0385,insufficient_evidence,Unnamed industrial facility,Thermal power plant,12.5982666,79.8590477,4.63,1.0,0.0,0.2,0.3000355745286375,Low,0.7001067235859125,No nearby industrial zone,0.055,,
10.40738,79.5165,354.22,0.44,0.62,2026-08-29,726,N20,VIIRS,n,2.0NRT,289.07,6.75,D,VIIRS_NOAA20_NRT,,,243.09762226722745,10.41,79.52,1,unknown_other,0.02,0.0,0.0,0.0069999999999999,0.0069999999999999,insufficient_evidence,TNSTC Bus Depot,Industrial area,12.5026914,80.1531349,6.75,1.0,0.0,0.2,0.3498399146211312,Low,0.8495197438633938,No nearby industrial zone,0.0099999999999998,,
10.98918,78.7616,330.06,0.48,0.65,2026-08-29,726,N20,VIIRS,n,2.0NRT,288.64,3.86,D,VIIRS_NOAA20_NRT,,,215.1313132892409,10.99,78.76,1,unknown_other,0.02,0.0,0.0,0.0069999999999999,0.0069999999999999,insufficient_evidence,Unnamed industrial facility,Thermal power plant,12.5982666,79.8590477,3.86,1.0,0.0,0.2,0.2747776591960156,Low,0.624332977588047,No nearby industrial zone,0.0099999999999998,,
12.20977,79.82823,332.09,0.39,0.59,2026-08-29,726,N20,VIIRS,n,2.0NRT,295.71,2.73,D,VIIRS_NOAA20_NRT,,,43.328300447164814,12.21,79.83,1,unknown_other,0.0,0.0,0.0,0.0,0.0,insufficient_evidence,Unnamed industrial facility,Thermal power plant,12.5982666,79.8590477,2.73,1.0,0.0,0.2,0.2237282106012095,Low,0.4711846318036286,No nearby industrial zone,0.0,,
13.56609,79.58166,331.28,0.38,0.59,2026-08-29,726,N20,VIIRS,n,2.0NRT,294.21,2.31,D,VIIRS_NOAA20_NRT,,,6.845922781614289,13.57,79.58,1,unknown_other,0.01,0.0,0.0,0.0034999999999999,0.0034999999999999,insufficient_evidence,Unnamed industrial facility,Industrial area,13.5923544,79.5243751,2.31,1.0,0.0,0.2,0.2002490217004624,Low,0.4007470651013874,No nearby industrial zone,0.0049999999999998,,
14.54888,79.80931,348.89,0.35,0.57,2026-08-29,726,N20,VIIRS,n,2.0NRT,295.27,3.21,D,VIIRS_NOAA20_NRT,,,65.44062363409314,14.55,79.81,1,unknown_other,0.01,0.0,0.0,0.0034999999999999,0.0034999999999999,insufficient_evidence,Unnamed industrial facility,Industrial area,13.9662446,79.8949777,3.755,0.8548601864181092,0.0,0.2,0.2484525080042689,Low,0.5453575240128068,No nearby industrial zone,0.0049999999999998,,C167
14.55055,79.80936,349.62,0.35,0.57,2026-08-29,726,N20,VIIRS,n,2.0NRT,294.78,4.3,D,VIIRS_NOAA20_NRT,,,65.62370440287792,14.55,79.81,1,unknown_other,0.01,0.0,0.0,0.0034999999999999,0.0034999999999999,insufficient_evidence,Unnamed industrial facility,Industrial area,13.9662446,79.8949777,3.755,1.1451398135818909,0.0725699067909454,0.2,0.3149761660132038,Low,0.6723585912486659,No nearby industrial zone,0.0049999999999998,,C167
14.65011,77.66823,336.82,0.49,0.65,2026-08-29,726,N20,VIIRS,n,2.0NRT,290.02,5.27,D,VIIRS_NOAA20_NRT,,,221.20051526518532,14.65,77.67,1,unknown_other,0.01,0.0,0.0,0.0034999999999999,0.0034999999999999,insufficient_evidence,Unnamed industrial facility,Industrial area,13.8754547,79.558804,4.725,1.1153439153439153,0.0576719576719576,0.2,0.335268098306163,Low,0.7481323372465315,No nearby industrial zone,0.0049999999999998,,C168
14.6517,77.66785,340.19,0.49,0.65,2026-08-29,726,N20,VIIRS,n,2.0NRT,289.79,4.18,D,VIIRS_NOAA20_NRT,,,221.3064611844337,14.65,77.67,1,unknown_other,0.02,0.0,0.0,0.0069999999999999,0.0069999999999999,insufficient_evidence,Unnamed industrial facility,Industrial area,13.8754547,79.558804,4.725,0.8846560846560847,0.0,0.2,0.2856278904304518,Low,0.6568836712913554,No nearby industrial zone,0.0099999999999998,,C168
23.68707,87.12255,331.22,0.39,0.36,2026-08-29,729,N20,VIIRS,n,2.0NRT,295.74,3.21,D,VIIRS_NOAA20_NRT,,,16.674385234023745,23.69,87.12,2,unknown_other,0.0,0.0,0.2,0.0,0.2,insufficient_evidence,Unnamed industrial facility,Industrial area,23.7266655,86.9645857,1.81,1.7734806629834254,0.3867403314917127,0.4,0.4440326185015064,Moderate,0.5453575240128068,No nearby industrial zone,0.0,,C114
25.03602,87.38899,335.28,0.39,0.36,2026-08-29,729,N20,VIIRS,n,2.0NRT,295.29,3.58,D,VIIRS_NOAA20_NRT,,,81.46854384724814,25.04,87.39,2,unknown_other,0.02,0.0,0.2,0.0069999999999999,0.207,insufficient_evidence,Unnamed industrial facility,Industrial area,24.4084165,86.9728066,2.433333333333333,1.4712328767123288,0.2356164383561644,0.4,0.4100222706295717,Moderate,0.5944503735325507,No nearby industrial zone,0.0099999999999998,,C75
26.66728,86.18171,335.89,0.38,0.36,2026-08-29,731,N20,VIIRS,n,2.0NRT,295.85,2.53,D,VIIRS_NOAA20_NRT,,,248.4713140460177,26.67,86.18,1,unknown_other,0.01,0.0,0.0,0.0034999999999999,0.0034999999999999,insufficient_evidence,Unnamed industrial facility,Industrial area,24.4644383,86.5976098,2.53,1.0,0.0,0.2,0.2121664887940234,Low,0.4364994663820704,No nearby industrial zone,0.0049999999999998,,
31.50436,72.20116,332.76,0.45,0.63,2026-08-29,731,N20,VIIRS,n,2.0NRT,294.78,4.41,D,VIIRS_NOAA20_NRT,,,507.67825251450944,31.5,72.2,1,unknown_other,0.06,0.0,0.0,0.0209999999999999,0.0209999999999999,insufficient_evidence,Unnamed industrial facility,Industrial area,28.8672971,76.5139469,4.41,1.0,0.0,0.2,0.2950551405193881,Low,0.6851654215581644,No nearby industrial zone,0.0299999999999998,,
31.65889,78.40624,336.85,0.4,0.44,2026-08-29,731,N20,VIIRS,l,2.0NRT,309.66,5.95,D,VIIRS_NOAA20_NRT,,,305.34185259033677,31.66,78.41,1,unknown_other,0.03,0.0,0.0,0.0104999999999999,0.0104999999999999,insufficient_evidence,Unnamed industrial facility,Industrial area,28.9834732,77.6894562,5.95,1.0,0.0,0.2,0.3375667022411953,Low,0.812700106723586,No nearby industrial zone,0.0149999999999998,,C127
