facility_uid,name,ftype,lat,lon,sources_present,source_agreement,status,capacity_value,capacity_unit,subnational,record_count
F00000,GIDC VatVa,steel,22.967825709523805,72.63681704761905,osm,1,unknown,,,,21
F00001,Shukan Oil Industries,works,23.279016533333333,72.34264546666667,osm,1,unknown,,,,3
F00002,Tribhuvan Industries,works,23.30035485,72.31214595,osm,1,unknown,,,,2
F00003,S Raja Export,works,23.312897366666665,72.34121756666667,osm,1,unknown,,,,6
F00004,GIDC moteda,works,22.238792400000005,70.68027449166665,osm,1,unknown,,,,24
F00005,milton,steel,23.325974672499996,72.4282298725,osm,1,unknown,,,,40
F00006,Virat fiber,works,22.263357825,70.8276946,osm,1,unknown,,,,4
F00007,open plot,works,23.40331845714286,72.41243611428571,osm,1,unknown,,,,7
F00008,Bhupendra Crain servies,works,23.4991578,72.4021898,osm,1,unknown,,,,2
F00009,Fsc godown,cement,23.423215475,72.394337625,osm,1,unknown,,,,4
F00010,McCain,works,23.4564428,72.39547385,osm,1,unknown,,,,6
F00011,Sintex Kalol,works,23.236562757142856,72.5093856142857,osm,1,unknown,,,,7
F00012,Yamuna mill compound,works,22.27856642857143,73.21787348571429,osm,1,unknown,,,,7
F00013,Jainik Doors,works,23.0383167,72.569304,osm,1,unknown,,,,1
F00014,Amba Food Factory,works,23.1803117,72.5753396,osm,1,unknown,,,,1
F00015,Kathwada Gidc,works,23.032006199999998,72.68497353333332,osm,1,unknown,,,,6
F00016,esdee paints near,works,22.911693006060602,72.43295226363637,osm,1,unknown,,,,66
F00017,shri avirat frp cooling tower,works,23.008428707843134,72.60324305098038,osm,1,unknown,,,,51
F00018,Ensave cooling tower,works,22.9635124,72.58902905,osm,1,unknown,,,,4
F00019,Raj Fiber,steel,22.235900660000002,70.8023334,osm,1,unknown,,,,10
F00020,Global fibrotec,works,22.3274087,73.1476916,osm,1,unknown,,,,1
F00021,Evrest composite sokhda,works,22.4146427,73.1655975,osm,1,unknown,,,,1
F00022,Bansari composite,works,22.534291866666667,72.92186196666667,osm,1,unknown,,,,3
F00023,Jayraj Composite,power_plant,22.446218250877187,73.21563794736844,osm,1,unknown,,,,57
F00024,Poonam fiber Industries,works,22.2841545,70.7750433,osm,1,unknown,,,,1
F00025,,works,23.0831468,72.1565417,osm,1,unknown,,,,1
F00026,oswal,works,23.265644525,72.47044055,osm,1,unknown,,,,4
F00027,Satyam Composite,works,22.245116287500004,73.181157825,osm,1,unknown,,,,8
F00028,Satyam composite,works,22.1275175375,73.1820575375,osm,1,unknown,,,,8
F00029,Uma trades,works,22.3157898,73.1990828,osm,1,unknown,,,,1
F00030,Satyanarayana Pipe Factory,works,22.7330551,71.369163,osm,1,unknown,,,,1
F00031,,works,22.6329909,72.9144163,osm,1,unknown,,,,1
F00032,Raj polypacks p ltd,power_plant,22.060889937735848,70.78157489056605,osm,1,unknown,,,,53
F00033,Payal forgins,works,22.152388045762713,70.79002919322033,osm,1,unknown,,,,59
F00034,Beghani dying,works,21.16104575,72.8162098,osm,1,unknown,,,,2
F00035,AmulFed Dairy,works,23.096788150000002,72.62244335,osm,1,unknown,,,,2
F00036,AMUL DAIRY - KAIRA COOP MILK UNION,works,22.552636800000002,72.97216705,osm,1,unknown,,,,2
F00037,Shri Ganesh Tape Industries,works,22.31038836666667,73.39172136666666,osm,1,unknown,,,,3
F00038,,works,23.131475566666666,70.0841029,osm,1,unknown,,,,3
F00039,"Circuit Systems, PCB Power",works,23.254057005,72.63233220000001,osm,1,unknown,,,,20
F00040,Rajlakshmi Agro Industries,works,22.4763638,72.6257256,osm,1,unknown,,,,1
F00041,Man Industries,works,23.04293655,69.9202102,osm,1,unknown,,,,2
F00042,Raj Brass Industry,works,22.420270050000003,70.04450795,osm,1,unknown,,,,16
F00043,MBM Godham,works,22.9708321,69.7240694,osm,1,unknown,,,,1
F00044,Kishan Engineering Works - Manufacturer of Ceramic Machinery & Lab Instrument,works,22.82606672,70.86159512,osm,1,unknown,,,,5
F00045,ITOLI GRANITO LLP. - Manufacturer of Digital Glazed Vitrified Tiles,works,22.7360517,70.9715054,osm,1,unknown,,,,2
F00046,RADHE SHYAM DIAMONDS LLP,works,21.205895554054052,72.85189589459459,osm,1,unknown,,,,37
F00047,Shree Vishwakarma Optical Industries,works,22.2624971,70.7987228,osm,1,unknown,,,,1
F00048,Gujarat Refinery,refinery,22.37799265,73.119,osm,1,unknown,,,,2
F00049,GIDC Sanala Road જીઆઈડીસી શનાળા  રોડ,works,22.805974740000003,70.82132362,osm,1,unknown,,,,5
F00050,Sadguru Industries,works,21.62618657894737,70.44787374210527,osm,1,unknown,,,,19
F00051,AQSA CERAMIC LLP,works,22.946121549999997,70.89787365000001,osm,1,unknown,,,,6
F00052,Krupa Multi Care,works,22.42502035,73.115617075,osm,1,unknown,,,,4
F00053,Kutch Welspun power station,refinery,23.107048914285713,70.07993842142858,gem|osm,2,operating,123.0,MW,Gujarat,14
F00054,Advance Cooling Towers Pvt. Ltd.,works,21.62286439473684,73.02864692631577,osm,1,unknown,,,,76
F00055,Sugar Factory,works,20.79988166,70.69623074,osm,1,unknown,,,,5
F00056,Axison,works,23.0595692,70.8838094,osm,1,unknown,,,,1
F00057,Somnath Foods,works,21.109705849999997,71.7467681,osm,1,unknown,,,,18
F00058,Shah Foods and Spices,works,21.1610673,71.7520973,osm,1,unknown,,,,1
F00059,HAZIRA CCCP,refinery,22.312162256249994,69.71882948125,gem|osm|wri,3,operating,7656.1,MW,Gujarat,16
F00060,Reliance industries,works,22.35640205,69.84743230000001,osm,1,unknown,,,,2
F00061,Ayan Craftfold Pvt. Ltd.,works,22.5660665,73.4984323,osm,1,unknown,,,,1
F00062,,industrial_area,22.5423966,72.9423864,osm,1,unknown,,,,2
F00063,,works,22.405550757894737,73.09793459473684,osm,1,unknown,,,,19
F00064,,industrial_area,22.395781,73.1988956,osm,1,unknown,,,,1
F00065,,industrial_area,22.800730838095234,72.62712133809525,osm,1,unknown,,,,21
F00066,TORR POWER SAB.,power_plant,23.064667985000007,72.57167903999999,gem|osm|wri,3,operating,844.0,MW,Gujarat,20
F00067,Indu Nissan Oxo Chemical Industries Ltd.,works,22.388307827272726,73.14043583636364,osm,1,unknown,,,,11
F00068,Food Storage Depot,power_plant,22.32442435,73.16789754999999,osm,1,unknown,,,,4
F00069,Reliance Refinery,refinery,22.339517200000003,69.86344815000001,osm,1,unknown,,,,2
F00070,HAZIRA-GSECL,power_plant,21.162744432258066,72.66937373548386,gem|osm|wri,3,operating,2839.4300000000003,MW,Gujarat,31
F00071,ArcelorMittal Nippon Steel Hazira Plant,steel,21.11174835,72.64641135000001,gem|osm,2,operating,9600.0,ttpa,Gujarat,4
F00072,KRIBHCO Hazira Power Station,power_plant,21.174442116666665,72.71513411666666,osm,1,unknown,,,,6
F00073,Hazira Gas Processing Complex Captive Power station,power_plant,21.163025700000002,72.73842971666666,gem|osm,2,operating,51.0,MW,Gujarat,6
F00074,ICD Khodiyar depot,industrial_area,23.1652911,72.5493189,osm,1,unknown,,,,1
F00075,WANAKBORI,power_plant,22.87277625454545,73.35974771818184,gem|osm|wri,3,operating,3740.0,MW,Gujarat,11
F00076,Bhavnagar Port,industrial_area,21.759575,72.2328677,osm,1,unknown,,,,1
F00077,,industrial_area,21.7962873,72.1505542,osm,1,unknown,,,,1
F00078,DGEN MEGA CCCP,power_plant,21.70723988735632,72.61115322183907,gem|osm|wri,3,operating,5805.0,MW,Gujarat,174
F00079,,industrial_area,20.90768961428571,70.37800768571428,osm,1,unknown,,,,7
F00080,,industrial_area,23.0290305,73.0863513,osm,1,unknown,,,,1
F00081,Shell Energy India Private Limited,industrial_area,21.0972812,72.6214717,osm,1,unknown,,,,1
F00082,Waghoda GIDC,refinery,22.29881015,73.3796069,osm,1,unknown,,,,2
F00083,Saurashtra chemicals PVT LTD,industrial_area,21.6269563,69.6251764,osm,1,unknown,,,,1
F00084,,power_plant,21.483438350000004,70.374844675,osm,1,unknown,,,,4
F00085,DHUVARAN CCPP,power_plant,22.237676285714286,72.75418218571428,gem|osm|wri,3,operating,2789.2,MW,Gujarat,7
F00086,GIDC,industrial_area,21.1372586,72.8440838,osm,1,unknown,,,,1
F00087,White Lotus Industries Ltd,industrial_area,21.090647599999997,72.9682866,osm,1,unknown,,,,2
F00088,GIDC,industrial_area,21.089903866666667,72.86630003333333,osm,1,unknown,,,,3
F00089,,industrial_area,21.0818748,72.9026952,osm,1,unknown,,,,1
F00090,,industrial_area,20.9441792,72.9102308,osm,1,unknown,,,,1
F00091,,industrial_area,22.4279163,69.8595694,osm,1,unknown,,,,1
F00092,,industrial_area,22.373324394117645,69.87735787058823,osm,1,unknown,,,,17
F00093,Bhuj Sector 220,industrial_area,23.231540414285718,69.77926245714286,osm,1,unknown,,,,7
F00094,,industrial_area,21.6831371625,72.18122195,osm,1,unknown,,,,8
F00095,,industrial_area,23.2023744,69.743579,osm,1,unknown,,,,1
F00096,Bhuj Sector 282,industrial_area,23.249243914285714,69.67398568571427,osm,1,unknown,,,,21
F00097,CEAT Tyres Limited,power_plant,22.542605493548383,73.44266833870967,osm,1,unknown,,,,31
F00098,Kandla Special Economic Zone,works,23.073353352941172,70.14673685588237,osm,1,unknown,,,,34
F00099,,industrial_area,22.3884591,70.7957133,osm,1,unknown,,,,1
F00100,,industrial_area,23.0827786,70.1111401,osm,1,unknown,,,,1
F00101,,industrial_area,23.0712217,70.06765776666667,osm,1,unknown,,,,3
F00102,,industrial_area,23.011744399999998,70.10954405,osm,1,unknown,,,,2
F00103,,industrial_area,23.0125989,70.0850633,osm,1,unknown,,,,2
F00104,,industrial_area,23.022872650000004,70.20783385454546,osm,1,unknown,,,,22
F00105,Manek Minerals,industrial_area,23.225775300000002,69.738107,osm,1,unknown,,,,2
F00106,KAKRAPARA,power_plant,21.2366945,73.35122785,osm|wri,2,operating,440.0,MW,,2
F00107,,industrial_area,21.75363932,72.08237442,osm,1,unknown,,,,5
F00108,Ghogha Port,industrial_area,21.6788326,72.28235269999999,osm,1,unknown,,,,2
F00109,Kutch Chemical Industries Ltd,power_plant,23.176009771875,70.18147728749999,osm,1,unknown,,,,32
F00110,SURAT LIG.,power_plant,21.39682183333333,73.1068155,gem|osm|wri,3,operating,1000.0,MW,Gujarat,6
F00111,SUGEN CCCP,power_plant,21.337079745454545,72.99003051818183,gem|osm|wri,3,operating,3062.0,MW,Gujarat,11
F00112,,industrial_area,21.4126948,73.0735777,osm,1,unknown,,,,1
F00113,UTRAN CCCP EXT,power_plant,21.227914325,72.873691225,gem|osm|wri,3,operating,748.571,MW,Gujarat,4
F00114,Eliokem Valia Plant,industrial_area,21.5430853,73.1257265,osm,1,unknown,,,,1
F00115,Godrej Valia,industrial_area,21.555836900000003,73.14817205,osm,1,unknown,,,,2
F00116,Jhagadia Copper Limited,power_plant,21.652635826923078,73.13547184615383,osm,1,unknown,,,,26
F00117,PepsiCo India Holdings Pvt. Ltd.,industrial_area,21.622510249999998,73.1273355,osm,1,unknown,,,,2
F00118,GANDHAR GT,power_plant,21.823544925000004,73.114135575,gem|osm|wri,3,operating,1305.0,MW,Gujarat,4
F00119,,industrial_area,21.8004485,73.3281448,osm,1,unknown,,,,1
F00120,,industrial_area,21.6979459,73.1289304,osm,1,unknown,,,,1
F00121,,industrial_area,21.625949,73.1533383,osm,1,unknown,,,,1
F00122,Wonder Industries,works,22.775107733333332,72.33213397499999,osm,1,unknown,,,,12
F00123,,industrial_area,21.1365981,73.102123,osm,1,unknown,,,,1
F00124,Depot,industrial_area,21.7038163,72.9970166,osm,1,unknown,,,,1
F00125,,industrial_area,21.1545975,72.849868,osm,1,unknown,,,,1
F00126,,industrial_area,21.1422551,73.24880350000001,osm,1,unknown,,,,3
F00127,PAGUTHAN,power_plant,21.7801835,72.97881348,gem|osm|wri,3,operating,3310.0,MW,Gujarat,5
F00128,MUNDRA TPP,power_plant,22.820397252173915,69.54372750869565,gem|osm|wri,3,operating,21900.0,MW,Gujarat,23
F00129,Vasudhara Dairy ,industrial_area,20.7876475,73.0657161,osm,1,unknown,,,,1
F00130,PIPAVAV CCCP,power_plant,20.902270383333335,71.46550115000001,gem|osm|wri,3,operating,1454.8600000000001,MW,Gujarat,6
F00131,,industrial_area,20.7644328,70.6615904,osm,1,unknown,,,,1
F00132,Gujarat Sidhee Cement,cement,20.8682512,70.5701442,osm,1,unknown,,,,1
F00133,,industrial_area,20.8691964,71.3999994,osm,1,unknown,,,,1
F00134,,power_plant,20.9277151,71.45443135,osm,1,unknown,,,,2
F00135,Bus Depot Junagadh,industrial_area,21.5166708,70.4547349,osm,1,unknown,,,,2
F00136,,industrial_area,23.0117608,72.3400929,osm,1,unknown,,,,1
F00137,,industrial_area,23.2917676,72.3568343,osm,1,unknown,,,,1
F00138,,industrial_area,23.2857263,72.3983501,osm,1,unknown,,,,1
F00139,,industrial_area,23.0428233,72.2576472,osm,1,unknown,,,,1
F00140,,industrial_area,23.2567016,72.344989,osm,1,unknown,,,,1
F00141,,industrial_area,22.9918558,71.4833346,osm,1,unknown,,,,1
F00142,Essar Refinery,refinery,22.3822124,69.7189431,osm,1,unknown,,,,1
F00143,,industrial_area,22.441339,69.6762947,osm,1,unknown,,,,1
F00144,BORD's crude oil terminal,industrial_area,22.410277899999997,69.73235654999999,osm,1,unknown,,,,2
F00145,,industrial_area,22.7939524,72.6046725,osm,1,unknown,,,,1
F00146,,industrial_area,21.733034084615387,70.64303329230769,osm,1,unknown,,,,13
F00147,,industrial_area,21.766087874999997,70.617213475,osm,1,unknown,,,,24
F00148,Mouje,power_plant,23.3758916,70.5568821,osm|wri,2,operating,20.0,MW,,3
F00149,Karmaria Solar Power Plant,power_plant,23.34963055,70.3879179,osm|wri,2,operating,15.0,MW,,2
F00150,Khirsara - Unity Solar Power Plant,power_plant,23.3605904,70.05426477500001,osm|wri,2,operating,20.0,MW,,4
F00151,Pratapgarh Solar Power Plant,power_plant,23.368391850000002,70.7435693,osm|wri,2,operating,9.0,MW,,2
F00152,Rapar Khokhara Solar Power Plant,power_plant,23.25890535,70.00893435,osm|wri,2,operating,5.0,MW,,2
F00153,Khadoda Solar Power Plant,power_plant,23.44273355,73.20086945,osm|wri,2,operating,10.0,MW,,2
F00154,Ambujanagar Cement Plant power station,cement,20.835639559999997,70.693784,gem|osm,2,operating,90.0,MW,Gujarat,5
F00155,,industrial_area,22.9567,70.4521311,osm,1,unknown,,,,1
F00156,,power_plant,22.3260172,69.86194155,osm,1,unknown,,,,2
F00157,Ford India,industrial_area,22.984488139285713,72.25306563214284,osm,1,unknown,,,,28
F00158,Tata Motors,works,23.026291600000004,72.27755273636365,osm,1,unknown,,,,22
F00159,,industrial_area,20.9392715,72.9679717,osm,1,unknown,,,,1
F00160,,industrial_area,22.2544923,72.1805669,osm,1,unknown,,,,1
F00161,,industrial_area,22.6114105,72.9234702,osm,1,unknown,,,,1
F00162,Naroda GIDC,industrial_area,23.094556433333338,72.66775433333333,osm,1,unknown,,,,3
F00163,SHREE DIGVIJAY CEMENT,cement,22.430029,69.8353546,osm,1,unknown,,,,1
F00164,,industrial_area,21.417429,72.2016979,osm,1,unknown,,,,1
F00165,,industrial_area,21.395929122222228,72.1699402,osm,1,unknown,,,,9
F00166,BHAVNAGAR TPP,power_plant,21.583974275,72.22251139999999,gem|osm|wri,3,operating,1000.0,MW,Gujarat,4
F00167,,industrial_area,21.8565864,72.1602897,osm,1,unknown,,,,1
F00168,,industrial_area,22.9381244,72.5534459,osm,1,unknown,,,,1
F00169,Palej GIDC,works,21.924872744444443,73.08111986666667,osm,1,unknown,,,,9
F00170,Cairn ONGC,industrial_area,23.1015753,72.0510361,osm,1,unknown,,,,1
F00171,,industrial_area,23.1391131,71.3914785,osm,1,unknown,,,,1
F00172,Gandhinagar Thermal Power Station,power_plant,23.251026399999994,72.66900024000002,gem|osm,2,operating,1650.0,MW,Gujarat,10
F00173,,industrial_area,22.9807803,72.6149628,osm,1,unknown,,,,1
F00174,,industrial_area,23.08881185,72.56853115000001,osm,1,unknown,,,,2
F00175,,industrial_area,23.0649197,72.6461008,osm,1,unknown,,,,1
F00176,,industrial_area,23.2253465,72.6265549,osm,1,unknown,,,,1
F00177,,industrial_area,22.4632578,69.8351311,osm,1,unknown,,,,1
F00178,,industrial_area,21.7716428,72.21038,osm,1,unknown,,,,1
F00179,,industrial_area,23.3275395,71.8200505,osm,1,unknown,,,,1
F00180,,industrial_area,23.250286,72.0993834,osm,1,unknown,,,,1
F00181,,industrial_area,23.2731463,72.1319672,osm,1,unknown,,,,1
F00182,Tuna-Tekra Container Terminal,industrial_area,22.9191876,70.1042631,osm,1,unknown,,,,1
F00183,Isanpur Solar Power Plant,power_plant,22.48088095,72.52365175,osm|wri,2,operating,1.0,MW,,2
F00184,Jafrabad Solar Power Plant,power_plant,20.877758749999998,71.27988445,osm|wri,2,operating,15.0,MW,,2
F00185,,industrial_area,23.055258683333335,72.50077879166666,osm,1,unknown,,,,12
F00186,Ex - Maharana Mill,industrial_area,21.645427166666668,69.60588750000001,osm,1,unknown,,,,9
F00187,,industrial_area,21.6274398,69.5902206,osm,1,unknown,,,,1
F00188,AMTS Depot,industrial_area,23.090702580000002,72.59032506000001,osm,1,unknown,,,,5
F00189,,industrial_area,21.7060435,69.7187407,osm,1,unknown,,,,1
F00190,,industrial_area,21.6553508,69.643328,osm,1,unknown,,,,1
F00191,Bhadreshwar power station (OPG),power_plant,22.895118933333332,69.89623150000001,gem|osm,2,operating,300.0,MW,Gujarat,3
F00192,,industrial_area,21.75816835,71.9496115,osm,1,unknown,,,,2
F00193,,industrial_area,21.3175093,71.6732346,osm,1,unknown,,,,1
F00194,,industrial_area,21.0100324,71.4737999,osm,1,unknown,,,,3
F00195,,industrial_area,21.034204250000002,71.44193585,osm,1,unknown,,,,2
F00196,G.I.P.C.L. GT,power_plant,22.37582735,73.1003626,gem|osm|wri,3,operating,620.0,MW,Gujarat,4
F00197,Fatepur MySolar,power_plant,23.41890475,71.6198258,osm|wri,2,operating,30.0,MW,,2
F00198,Surel,power_plant,23.47396845,71.5829629,osm|wri,2,operating,25.0,MW,,2
F00199,Gujarat Gas Company LTD.,industrial_area,21.192963266666666,72.79298533333333,osm,1,unknown,,,,3
F00200,Digjam Textiles LTD,industrial_area,22.4730998,70.0322672,osm,1,unknown,,,,1
F00201,Jamnagar Port,industrial_area,22.517102500000004,70.0285164,osm,1,unknown,,,,3
F00202,,industrial_area,22.5481146,70.0319572,osm,1,unknown,,,,1
F00203,,industrial_area,22.5678079,70.0423785,osm,1,unknown,,,,1
F00204,Sherdi Sharkhandi,power_plant,23.30459305,73.30919315,osm|wri,2,operating,5.0,MW,,2
F00205,,industrial_area,22.2747643,73.16212176666666,osm,1,unknown,,,,3
F00206,,power_plant,22.2933414,73.18109369999999,osm,1,unknown,,,,2
F00207,Fatepur Emco,power_plant,23.395802,71.63897815,osm|wri,2,operating,5.0,MW,,2
F00208,Savda,power_plant,23.2596661,71.7810655,osm|wri,2,operating,25.0,MW,,2
F00209,Kamalpur SUTIP,power_plant,23.0491785,71.86540623333333,osm|wri,2,operating,47.1,MW,,3
F00210,SIKKA REP.,power_plant,22.4211114125,69.82986987500001,gem|osm|wri,3,operating,2040.0,MW,Gujarat,8
F00211,Reckitt Benckiser,works,22.090333628571432,73.17974215714285,osm,1,unknown,,,,7
F00212,Indutch Composites Technology PVT.LTD.,works,22.468643392307698,73.3141084923077,osm,1,unknown,,,,13
F00213,,industrial_area,21.43170035,70.30385705,osm,1,unknown,,,,2
F00214,,industrial_area,22.3237294,70.7840296,osm,1,unknown,,,,1
F00215,Mono Steel Kesaria,steel,20.8185123,71.0051108,osm,1,unknown,,,,1
F00216,Hilabeli,power_plant,21.69722325,70.02028329999999,osm|wri,2,operating,10.0,MW,,2
F00217,Dhank CSTPL,power_plant,21.73911235,70.10647078333334,osm|wri,2,operating,50.0,MW,,6
F00218,Dhank - Aravali Solar Power Plant,power_plant,21.7742887,70.0743304,osm|wri,2,operating,5.0,MW,,4
F00219,Gujara Electrical Board Office,industrial_area,23.165318933333335,72.81126756666667,osm,1,unknown,,,,3
F00220,,industrial_area,21.41839705,72.15055925,osm,1,unknown,,,,2
F00221,,industrial_area,23.1488565,72.785984,osm,1,unknown,,,,1
F00222,,industrial_area,23.1059392,72.5633186,osm,1,unknown,,,,1
F00223,Kuvadava GIDC,industrial_area,22.37858422222222,70.97826566666667,osm,1,unknown,,,,9
F00224,,industrial_area,20.5834908,73.0243407,osm,1,unknown,,,,1
F00225,,industrial_area,20.8692305,73.1751516,osm,1,unknown,,,,1
F00226,,industrial_area,21.1181347,73.3810414,osm,1,unknown,,,,1
F00227,,works,21.115249833333333,73.41118569999999,osm,1,unknown,,,,3
F00228,,industrial_area,21.1150928,73.3626953,osm,1,unknown,,,,1
F00229,,industrial_area,23.4389497,72.6531565,osm,1,unknown,,,,1
F00230,,industrial_area,20.9392192,73.1956251,osm,1,unknown,,,,1
F00231,,industrial_area,20.815242849999997,73.00341455,osm,1,unknown,,,,2
F00232,,industrial_area,21.16371348,72.99054768,osm,1,unknown,,,,5
F00233,,industrial_area,21.0953596,73.3001855,osm,1,unknown,,,,1
F00234,Dhamalpur,power_plant,22.35688005,70.90591425,osm|wri,2,operating,6.0,MW,,2
F00235,,industrial_area,21.1323784,73.400131,osm,1,unknown,,,,1
F00236,,industrial_area,20.766024575,72.997806525,osm,1,unknown,,,,4
F00237,"The Agrcultural Produce Market Committee,Bilimora",industrial_area,20.773290149999998,72.9714123,osm,1,unknown,,,,4
F00238,,industrial_area,21.1190856,73.08988345,osm,1,unknown,,,,2
F00239,,industrial_area,21.0095106,73.2491385,osm,1,unknown,,,,1
F00240,,industrial_area,20.9944766,73.295957,osm,1,unknown,,,,2
F00241,J.K Laxmi Cement Factory,cement,21.144409366666665,73.02750076666666,osm,1,unknown,,,,3
F00242,,industrial_area,21.1553842,73.0514826,osm,1,unknown,,,,1
F00243,Bapodar - Hiraco Solar Power Plant,power_plant,21.600047,69.84430470000001,osm|wri,2,operating,35.0,MW,,4
F00244,,industrial_area,20.8337947,73.2472714,osm,1,unknown,,,,1
F00245,,industrial_area,20.748859000000003,73.04867164999999,osm,1,unknown,,,,2
F00246,,industrial_area,22.9355784,72.6384218,osm,1,unknown,,,,1
F00247,,industrial_area,21.1595328,72.9565743,osm,1,unknown,,,,1
F00248,,industrial_area,21.0550805,73.0580429,osm,1,unknown,,,,1
F00249,,industrial_area,20.9736277,73.0053259,osm,1,unknown,,,,1
F00250,,industrial_area,21.9109733,72.7648024,osm,1,unknown,,,,1
F00251,,industrial_area,21.4344416,72.90476425,osm,1,unknown,,,,2
F00252,,industrial_area,21.66102525,73.08160425,osm,1,unknown,,,,2
F00253,,industrial_area,21.68438945,73.10271535,osm,1,unknown,,,,2
F00254,,industrial_area,21.5780916,73.3558901,osm,1,unknown,,,,1
F00255,"GAIL (India) Limited, Gas Processing Unit, Gandhar",industrial_area,21.892081150000003,72.78376445,osm,1,unknown,,,,2
F00256,,industrial_area,21.8163066,72.6959251,osm,1,unknown,,,,1
F00257,Vilayat Caustic power station,power_plant,21.785775777500003,72.89777430562499,gem|osm,2,operating,90.0,MW,Gujarat,16
F00258,,industrial_area,21.8313292,72.6520436,osm,1,unknown,,,,1
F00259,,industrial_area,21.9094989,72.68472,osm,1,unknown,,,,1
F00260,,industrial_area,21.9270026,72.7196001,osm,1,unknown,,,,1
F00261,,power_plant,21.718115275,72.7558653,osm,1,unknown,,,,4
F00262,,industrial_area,23.1667503,72.5062626,osm,1,unknown,,,,1
F00263,Piramal Glass Limited,power_plant,21.451948241666667,72.92759038333332,osm,1,unknown,,,,12
F00264,,industrial_area,23.191178,72.5867258,osm,1,unknown,,,,1
F00265,Pharmaceuticals Limited Panelav Plant,industrial_area,22.4524032,73.4675154,osm,1,unknown,,,,1
F00266,Polycab Cables Industries Pvt Ltd Unit 2,works,22.47255398,73.45482763333332,osm,1,unknown,,,,15
F00267,Tufropes Private Limited,industrial_area,22.45906788,73.39656862000001,osm,1,unknown,,,,5
F00268,,industrial_area,21.6125365,73.4750004,osm,1,unknown,,,,1
F00269,,industrial_area,21.11882,72.7072563,osm,1,unknown,,,,1
F00270,Bhestan Bus Depot,industrial_area,21.1203076,72.8529501,osm,1,unknown,,,,2
F00271,Aditya Birla Rayon Factory,works,20.916998566666667,70.3532973,osm,1,unknown,,,,3
F00272,,industrial_area,21.8352946,73.414946,osm,1,unknown,,,,1
F00273,,industrial_area,21.8267365,73.3871463,osm,1,unknown,,,,1
F00274,,industrial_area,22.3823607,73.4605979,osm,1,unknown,,,,1
F00275,Atul power station,power_plant,20.536888166666667,72.9351863,gem|osm,2,operating,84.0,MW,Gujarat,3
F00276,Balaji Wafers.,industrial_area,20.6751379,72.9487398,osm,1,unknown,,,,1
F00277,NHB - New Heaven Ballbarings,industrial_area,20.8292104,72.9493516,osm,1,unknown,,,,1
F00278,Harsh Gruha Udhyog,industrial_area,20.8535524,72.9458872,osm,1,unknown,,,,1
F00279,Krishna Park Industrial Estate,industrial_area,21.336573350000002,72.89626204999999,osm,1,unknown,,,,2
F00280,Gujarat Narmada Valley Fertilizers & Chemicals Limited,works,21.738282499999997,73.01037472857142,osm,1,unknown,,,,7
F00281,,industrial_area,22.2591377,73.03748185,osm,1,unknown,,,,2
F00282,,industrial_area,22.240695249999998,73.01883703333333,osm,1,unknown,,,,6
F00283,,industrial_area,22.2419376,73.0525337,osm,1,unknown,,,,2
F00284,,industrial_area,22.2556143,73.0000141,osm,1,unknown,,,,1
F00285,,industrial_area,21.3178944,72.87168405,osm,1,unknown,,,,2
F00286,,industrial_area,22.892939,69.6641618,osm,1,unknown,,,,1
F00287,Port,industrial_area,22.3183828,69.6005772,osm,1,unknown,,,,1
F00288,,industrial_area,22.6377287,72.8007442,osm,1,unknown,,,,1
F00289,Vastan Solar Power Plant,power_plant,21.425538666666668,73.1300792,osm|wri,2,operating,5.0,MW,,3
F00290,,industrial_area,21.5423499,72.9834099,osm,1,unknown,,,,1
F00291,,industrial_area,22.5288574,72.7162955,osm,1,unknown,,,,1
F00292,,industrial_area,20.5234881,72.9639096,osm,1,unknown,,,,1
F00293,,industrial_area,20.62042845,72.96921495000001,osm,1,unknown,,,,2
F00294,Bosch Rexroth India Limited,industrial_area,23.023592775,72.314691625,osm,1,unknown,,,,4
F00295,,industrial_area,21.5734925,73.0683806,osm,1,unknown,,,,2
F00296,,industrial_area,21.6107717,73.1415253,osm,1,unknown,,,,1
F00297,,industrial_area,21.3879969,72.9405189,osm,1,unknown,,,,1
F00298,,industrial_area,20.6429813,72.9556511,osm,1,unknown,,,,1
F00299,Balaji wafers,industrial_area,22.2616657,70.6986903,osm,1,unknown,,,,1
F00300,"Food Corporation of India, Wankaner",industrial_area,22.6260136631579,70.96220232631579,osm,1,unknown,,,,19
F00301,Tikar SJG,power_plant,22.70757315,71.41534425,osm|wri,2,operating,15.299999999999999,MW,,4
F00302,,industrial_area,21.3306495,72.7630736,osm,1,unknown,,,,1
F00303,,industrial_area,22.269263366666667,73.05343786666667,osm,1,unknown,,,,3
F00304,,industrial_area,22.1215912,72.8992679,osm,1,unknown,,,,1
F00305,,industrial_area,22.693827719999998,72.36143591999999,osm,1,unknown,,,,5
F00306,,industrial_area,22.7161227,72.4696403,osm,1,unknown,,,,1
F00307,,industrial_area,22.701142,72.538535,osm,1,unknown,,,,1
F00308,,industrial_area,22.7095054,72.5996213,osm,1,unknown,,,,1
F00309,,industrial_area,22.73244046666667,72.64145663333333,osm,1,unknown,,,,3
F00310,,industrial_area,22.7458181,72.6698596,osm,1,unknown,,,,1
F00311,,industrial_area,22.71014915,72.8122221,osm,1,unknown,,,,2
F00312,,industrial_area,22.152858600000002,73.1857258,osm,1,unknown,,,,2
F00313,Oriental Carbon and Chemicals Limited,works,22.81453951666667,69.69765254166667,osm,1,unknown,,,,12
F00314,,industrial_area,22.51494545,73.26164225,osm,1,unknown,,,,2
F00315,Asiatic Composite ltd,industrial_area,22.9035711,72.24289675,osm,1,unknown,,,,2
F00316,,industrial_area,22.600827600000002,73.4471082,osm,1,unknown,,,,2
F00317,,industrial_area,23.011698299999995,72.75391596666667,osm,1,unknown,,,,3
F00318,,industrial_area,21.0821039,72.64162974999999,osm,1,unknown,,,,2
F00319,Nexus Industrial Park,works,22.42570765,73.31905535000001,osm,1,unknown,,,,8
F00320,,industrial_area,22.03113815,73.11805705,osm,1,unknown,,,,2
F00321,,industrial_area,22.05043418,73.15346836,osm,1,unknown,,,,5
F00322,,industrial_area,22.6948977,72.6647974,osm,1,unknown,,,,1
F00323,,power_plant,22.304449433333332,72.72649410000001,osm,1,unknown,,,,3
F00324,,industrial_area,22.6187941,73.4559335,osm,1,unknown,,,,1
F00325,,industrial_area,21.7278292,72.71694143333333,osm,1,unknown,,,,3
F00326,,industrial_area,21.6966528,72.7073738,osm,1,unknown,,,,1
F00327,,industrial_area,22.4169454,72.8887584,osm,1,unknown,,,,1
F00328,,industrial_area,22.41222175,72.83599905,osm,1,unknown,,,,2
F00329,,industrial_area,22.742501116666663,72.29395328333332,osm,1,unknown,,,,6
F00330,,industrial_area,22.71180145,72.25922249999999,osm,1,unknown,,,,2
F00331,,works,22.684911149999998,72.2374758,osm,1,unknown,,,,2
F00332,,industrial_area,22.669152266666668,72.23316473333334,osm,1,unknown,,,,3
F00333,,industrial_area,22.6279603,72.1764659,osm,1,unknown,,,,1
F00334,,industrial_area,22.5338473,72.7878627,osm,1,unknown,,,,1
F00335,,industrial_area,22.87276261764706,72.58975254705882,osm,1,unknown,,,,17
F00336,,industrial_area,22.909706325000002,72.5933012375,osm,1,unknown,,,,8
F00337,,industrial_area,22.9474941,72.58575585,osm,1,unknown,,,,2
F00338,,industrial_area,22.78181555,69.6778813,osm,1,unknown,,,,2
F00339,,industrial_area,23.334700050000002,70.32704294999999,osm,1,unknown,,,,2
F00340,,industrial_area,22.5378325,73.1302229,osm,1,unknown,,,,1
F00341,,industrial_area,22.3515688,72.5892583,osm,1,unknown,,,,1
F00342,,industrial_area,20.847167849999998,70.4633158,osm,1,unknown,,,,2
F00343,,industrial_area,22.7094053,72.7572139,osm,1,unknown,,,,1
F00344,,industrial_area,22.710603499999998,72.7762632,osm,1,unknown,,,,2
F00345,,industrial_area,22.6854125,72.836929,osm,1,unknown,,,,1
F00346,,industrial_area,22.648447533333336,72.88010899999999,osm,1,unknown,,,,3
F00347,,industrial_area,22.595703,72.9538122,osm,1,unknown,,,,1
F00348,,industrial_area,22.460305775000002,73.063521125,osm,1,unknown,,,,4
F00349,,industrial_area,22.435475,73.0928386,osm,1,unknown,,,,1
F00350,,industrial_area,22.7877047,69.6537494,osm,1,unknown,,,,1
F00351,,industrial_area,23.1131182,72.0703661,osm,1,unknown,,,,1
F00352,,industrial_area,23.3055431,70.4719774,osm,1,unknown,,,,2
F00353,,industrial_area,23.3159808,70.4901456,osm,1,unknown,,,,1
F00354,,industrial_area,22.89938,73.0623963,osm,1,unknown,,,,1
F00355,,industrial_area,22.2297042,70.9080631,osm,1,unknown,,,,1
F00356,,industrial_area,22.9848923,72.8112944,osm,1,unknown,,,,1
F00357,,industrial_area,23.09908548888889,70.17969620000001,osm,1,unknown,,,,9
F00358,,industrial_area,22.9019063,72.6720403,osm,1,unknown,,,,1
F00359,,power_plant,23.01294745,72.3569899,osm,1,unknown,,,,2
F00360,,industrial_area,22.9983229,72.2769393,osm,1,unknown,,,,1
F00361,,industrial_area,23.2738951,72.3157775,osm,1,unknown,,,,1
F00362,,industrial_area,22.9824316,72.7274117,osm,1,unknown,,,,1
F00363,,industrial_area,23.101060775000004,72.7501301375,osm,1,unknown,,,,8
F00364,,industrial_area,23.3716707,72.9259411,osm,1,unknown,,,,1
F00365,,industrial_area,23.398219025,72.66838512499999,osm,1,unknown,,,,4
F00366,,industrial_area,22.7126637,72.4394873,osm,1,unknown,,,,1
F00367,,industrial_area,22.7659888,72.5699308,osm,1,unknown,,,,1
F00368,,industrial_area,23.2913109,72.5783,osm,1,unknown,,,,1
F00369,,industrial_area,22.7065182,72.3338262,osm,1,unknown,,,,1
F00370,,industrial_area,23.3022474,72.5086805,osm,1,unknown,,,,1
F00371,,industrial_area,23.0905548,72.0601101,osm,1,unknown,,,,1
F00372,,industrial_area,21.6658871,73.0654253,osm,1,unknown,,,,1
F00373,,industrial_area,21.4926375,72.9979474,osm,1,unknown,,,,2
F00374,,industrial_area,21.4734548,72.9908302,osm,1,unknown,,,,1
F00375,,industrial_area,21.4185641,72.967945,osm,1,unknown,,,,1
F00376,,industrial_area,20.5944649,72.9624148,osm,1,unknown,,,,1
F00377,,industrial_area,23.3937313,72.5280291,osm,1,unknown,,,,1
F00378,,industrial_area,23.4025922,72.2990108,osm,1,unknown,,,,1
F00379,,industrial_area,23.3190559,72.3233708,osm,1,unknown,,,,1
F00380,,industrial_area,23.0951683,72.1833893,osm,1,unknown,,,,1
F00381,,industrial_area,23.3006528,72.275127,osm,1,unknown,,,,1
F00382,,industrial_area,23.0124571,71.2077537,osm,1,unknown,,,,1
F00383,,industrial_area,22.856321475,70.85307565,osm,1,unknown,,,,4
F00384,,industrial_area,22.77336772857143,70.90454837142858,osm,1,unknown,,,,7
F00385,,industrial_area,22.74565328333333,70.92801618333333,osm,1,unknown,,,,6
F00386,,industrial_area,22.7192185,70.9706552,osm,1,unknown,,,,1
F00387,,industrial_area,22.6650705,70.9508216,osm,1,unknown,,,,1
F00388,,industrial_area,22.3870889,69.8110658,osm,1,unknown,,,,1
F00389,,industrial_area,22.3465412,69.9003274,osm,1,unknown,,,,1
F00390,,industrial_area,22.3317196,69.8997671,osm,1,unknown,,,,1
F00391,,works,21.564874654545456,72.99832440909091,osm,1,unknown,,,,11
F00392,,industrial_area,23.358516,72.9504016,osm,1,unknown,,,,1
F00393,IT Park,industrial_area,23.18848868,72.62433794,osm,1,unknown,,,,5
F00394,,industrial_area,22.582553162499998,70.9791137125,osm,1,unknown,,,,8
F00395,,industrial_area,21.7115516,70.4220542,osm,1,unknown,,,,1
F00396,,industrial_area,23.0191101,71.2788917,osm,1,unknown,,,,1
F00397,,industrial_area,21.574497675,70.47454381250002,osm,1,unknown,,,,24
F00398,,industrial_area,21.6005124,70.5242577,osm,1,unknown,,,,1
F00399,,industrial_area,21.4672275,70.6170488,osm,1,unknown,,,,1
F00400,,industrial_area,21.6032726,70.57692968571429,osm,1,unknown,,,,7
F00401,,industrial_area,21.4551256,70.4373649,osm,1,unknown,,,,1
F00402,,industrial_area,21.5420722,70.4437244,osm,1,unknown,,,,1
F00403,,industrial_area,21.659292800000003,70.53692315,osm,1,unknown,,,,2
F00404,,industrial_area,21.5488481,70.6052953,osm,1,unknown,,,,1
F00405,,industrial_area,22.56106422857143,71.21374464285715,osm,1,unknown,,,,7
F00406,,industrial_area,21.6299392,70.5585873,osm,1,unknown,,,,1
F00407,,industrial_area,21.4438645,70.6003278,osm,1,unknown,,,,1
F00408,,industrial_area,21.4297356,70.5110403,osm,1,unknown,,,,1
F00409,,industrial_area,21.4848516,70.4651365,osm,1,unknown,,,,1
F00410,,industrial_area,21.4573939,70.47844068333332,osm,1,unknown,,,,6
F00411,,industrial_area,21.493017375,70.446237625,osm,1,unknown,,,,4
F00412,,industrial_area,21.598041,70.5094579,osm,1,unknown,,,,1
F00413,,industrial_area,21.8846985,70.0876723,osm,1,unknown,,,,1
F00414,,industrial_area,23.3754523,72.0512098,osm,1,unknown,,,,1
F00415,,works,21.949740042857144,70.7673935,osm,1,unknown,,,,7
F00416,,industrial_area,22.4660408,70.5563716,osm,1,unknown,,,,1
F00417,,industrial_area,22.386335980000002,70.91851028,osm,1,unknown,,,,5
F00418,,industrial_area,22.432607150000003,70.9160947,osm,1,unknown,,,,2
F00419,,industrial_area,21.955195425,70.809814,osm,1,unknown,,,,4
F00420,,industrial_area,22.6845039,71.5417142,osm,1,unknown,,,,1
F00421,,industrial_area,22.7054442,71.5694767,osm,1,unknown,,,,1
F00422,,industrial_area,22.597221425,71.19140991250002,osm,1,unknown,,,,8
F00423,,industrial_area,22.8799379,70.8774034,osm,1,unknown,,,,1
F00424,,industrial_area,22.9150655,70.887138,osm,1,unknown,,,,1
F00425,,industrial_area,21.3586269,70.7477397,osm,1,unknown,,,,1
F00426,,power_plant,23.052083600000003,69.61248113333333,osm,1,unknown,,,,3
F00427,,industrial_area,23.1811674,69.6671954,osm,1,unknown,,,,1
F00428,,works,22.163446240000003,70.82535192,osm,1,unknown,,,,5
F00429,,industrial_area,22.4032223,71.01986476666666,osm,1,unknown,,,,3
F00430,,industrial_area,22.19557854,71.63146988,osm,1,unknown,,,,5
F00431,,industrial_area,21.73274672,71.97917056,osm,1,unknown,,,,5
F00432,,industrial_area,21.738414128571428,72.03481025714287,osm,1,unknown,,,,7
F00433,,industrial_area,23.2470439,69.8627686,osm,1,unknown,,,,1
F00434,,industrial_area,23.0394064,70.0178057,osm,1,unknown,,,,1
F00435,,industrial_area,23.3251933,70.3411889,osm,1,unknown,,,,1
F00436,,industrial_area,23.3350449,70.2362716,osm,1,unknown,,,,1
F00437,,power_plant,23.266252925000003,70.065057925,osm,1,unknown,,,,4
F00438,,industrial_area,21.3734834,71.3264912,osm,1,unknown,,,,1
F00439,,industrial_area,21.59069146666667,71.24604996666666,osm,1,unknown,,,,3
F00440,,industrial_area,21.6207802,71.2599094,osm,1,unknown,,,,1
F00441,,works,22.050231716666662,71.22346251666666,osm,1,unknown,,,,6
F00442,,industrial_area,22.067387850000003,71.24153995,osm,1,unknown,,,,2
F00443,,industrial_area,22.0189949,71.1698924,osm,1,unknown,,,,1
F00444,,industrial_area,21.8200928,71.5218229,osm,1,unknown,,,,1
F00445,,industrial_area,21.778725299999998,71.515721125,osm,1,unknown,,,,4
F00446,,industrial_area,21.54680085,71.81280724999999,osm,1,unknown,,,,2
F00447,,industrial_area,21.6895423,71.4481073,osm,1,unknown,,,,1
F00448,,industrial_area,21.8957567,71.8936876,osm,1,unknown,,,,1
F00449,,industrial_area,21.5205026,71.5780664,osm,1,unknown,,,,1
F00450,APMC marketing Yard - Talaja,industrial_area,21.371165833333336,72.01676358333334,osm,1,unknown,,,,6
F00451,,industrial_area,21.340207575,72.021595075,osm,1,unknown,,,,4
F00452,,industrial_area,21.32314525,71.83020210000001,osm,1,unknown,,,,2
F00453,,industrial_area,21.2912361,71.9617192,osm,1,unknown,,,,1
F00454,,industrial_area,21.145741633333333,71.81827236666665,osm,1,unknown,,,,3
F00455,,industrial_area,21.118151049999998,71.793197975,osm,1,unknown,,,,4
F00456,,industrial_area,21.1287643,71.69125456666666,osm,1,unknown,,,,3
F00457,,industrial_area,21.4204626,72.1308376,osm,1,unknown,,,,1
F00458,,industrial_area,21.6225999,72.1417926,osm,1,unknown,,,,4
F00459,,industrial_area,21.657173,72.14864996666667,osm,1,unknown,,,,3
F00460,,industrial_area,21.6742723,72.2414458,osm,1,unknown,,,,1
F00461,,industrial_area,21.778224,72.1045917,osm,1,unknown,,,,1
F00462,,industrial_area,21.6586765,72.1891799,osm,1,unknown,,,,1
F00463,,industrial_area,21.6951304,72.2256306,osm,1,unknown,,,,1
F00464,,power_plant,21.18116405,71.85179364999999,osm,1,unknown,,,,2
F00465,,industrial_area,21.069439433333333,71.74963933333333,osm,1,unknown,,,,3
F00466,,industrial_area,21.7663853,71.96618655,osm,1,unknown,,,,2
F00467,,industrial_area,21.9772805,71.5827591,osm,1,unknown,,,,1
F00468,,industrial_area,22.1454652,71.8956331,osm,1,unknown,,,,1
F00469,,industrial_area,21.8612696,72.0686156,osm,1,unknown,,,,1
F00470,,industrial_area,21.8727747,72.158257,osm,1,unknown,,,,1
F00471,,industrial_area,21.3525835,71.305278,osm,1,unknown,,,,2
F00472,,industrial_area,21.5331271,71.571359,osm,1,unknown,,,,1
F00473,,industrial_area,21.5577821,71.2250356,osm,1,unknown,,,,1
F00474,,industrial_area,21.5773515,71.22403575,osm,1,unknown,,,,2
F00475,,industrial_area,21.5616881,71.328144,osm,1,unknown,,,,1
F00476,,industrial_area,21.1700718,71.6072966,osm,1,unknown,,,,1
F00477,,industrial_area,21.6845371,71.5182882,osm,1,unknown,,,,1
F00478,,industrial_area,21.057911,71.7232436,osm,1,unknown,,,,1
F00479,,industrial_area,20.9609857,71.5877873,osm,1,unknown,,,,1
F00480,,industrial_area,21.186234,72.7357853,osm,1,unknown,,,,1
F00481,,industrial_area,21.9876886,71.5055438,osm,1,unknown,,,,1
F00482,,industrial_area,22.192263,71.3649669,osm,1,unknown,,,,1
F00483,,industrial_area,22.08906265,71.263463775,osm,1,unknown,,,,4
F00484,,industrial_area,22.1690415,71.6925722,osm,1,unknown,,,,1
F00485,,industrial_area,22.169139275,72.95653437499999,osm,1,unknown,,,,4
F00486,,industrial_area,22.156367466666666,72.93187236666667,osm,1,unknown,,,,6
F00487,,industrial_area,21.1051928,71.6976441,osm,1,unknown,,,,1
F00488,,industrial_area,21.0425356,71.4623287,osm,1,unknown,,,,1
F00489,,industrial_area,20.9739171,71.5067662,osm,1,unknown,,,,1
F00490,,industrial_area,20.943047760000002,71.49527001999999,osm,1,unknown,,,,5
F00491,Kandla International Container Terminal,industrial_area,22.9853998,70.223486,osm,1,unknown,,,,1
F00492,,industrial_area,21.5135785,71.194701,osm,1,unknown,,,,1
F00493,,industrial_area,21.545279899999997,71.16551765,osm,1,unknown,,,,2
F00494,,power_plant,21.611348550000002,71.18666045,osm,1,unknown,,,,2
F00495,,industrial_area,21.834726288888888,71.28792346666667,osm,1,unknown,,,,9
F00496,,industrial_area,21.818354,71.3768811,osm,1,unknown,,,,1
F00497,,industrial_area,21.839201380000002,71.32609574,osm,1,unknown,,,,5
F00498,,industrial_area,20.8411216,71.070571,osm,1,unknown,,,,1
F00499,,industrial_area,21.59119935,71.20224114999999,osm,1,unknown,,,,2
F00500,,industrial_area,20.8066378,70.9390056,osm,1,unknown,,,,1
F00501,,industrial_area,20.8390859,71.035337,osm,1,unknown,,,,1
F00502,,industrial_area,20.8483152,71.0959714,osm,1,unknown,,,,1
F00503,,industrial_area,21.330435950000002,71.31348795,osm,1,unknown,,,,2
F00504,,works,22.70817044,72.84967552,osm,1,unknown,,,,5
F00505,,industrial_area,21.0649792,73.1307975,osm,1,unknown,,,,2
F00506,,industrial_area,21.0033566,70.6066529,osm,1,unknown,,,,1
F00507,,industrial_area,21.065641,70.5411504,osm,1,unknown,,,,1
F00508,,industrial_area,21.0068033,70.2392402,osm,1,unknown,,,,1
F00509,,industrial_area,20.96744875,70.28672144999999,osm,1,unknown,,,,2
F00510,,industrial_area,21.0142539,70.29789365,osm,1,unknown,,,,2
F00511,,industrial_area,21.0990523,70.2827714,osm,1,unknown,,,,1
F00512,,industrial_area,21.0495879,70.2892207,osm,1,unknown,,,,1
F00513,Dhuvaran Phase 1,power_plant,22.24977835,72.73874244999999,osm,1,unknown,,,,2
F00514,ESSAR GT IMP.,power_plant,21.114769,72.649868575,gem|osm|wri,3,operating,1800.0,MW,Gujarat,8
F00515,,industrial_area,21.2812608,70.4155346,osm,1,unknown,,,,1
F00516,,industrial_area,21.29253505,70.22489655,osm,1,unknown,,,,2
F00517,,industrial_area,23.267182,69.7807883,osm,1,unknown,,,,1
F00518,,industrial_area,22.9277353,69.8231363,osm,1,unknown,,,,1
F00519,,industrial_area,22.9073587,69.8739266,osm,1,unknown,,,,1
F00520,,industrial_area,22.936707,69.7915828,osm,1,unknown,,,,1
F00521,,industrial_area,21.33983265,70.24769323333332,osm,1,unknown,,,,6
F00522,,industrial_area,21.18698525,70.26491490000001,osm,1,unknown,,,,2
F00523,,industrial_area,21.2563569,70.2574324,osm,1,unknown,,,,1
F00524,,industrial_area,21.2719243,70.2565438,osm,1,unknown,,,,1
F00525,,industrial_area,21.29793505,70.2681211,osm,1,unknown,,,,2
F00526,Excel Crop Care Limited,industrial_area,21.7854654,72.1707323,osm,1,unknown,,,,1
F00527,Narmada canal,power_plant,22.3508015,73.1899162,osm|wri,2,operating,10.0,MW,,2
F00528,Amod,power_plant,21.8931543,72.9001183,osm,1,unknown,,,,1
F00529,Gabat,power_plant,23.2237035,73.3783186,osm,1,unknown,,,,1
F00530,Dahri,power_plant,22.0652508,72.6205145,osm|wri,2,operating,25.0,MW,,2
F00531,,industrial_area,22.808564466666667,72.38083676666666,osm,1,unknown,,,,3
F00532,,industrial_area,22.613568100000002,72.39393065,osm,1,unknown,,,,4
F00533,,industrial_area,22.5972522,72.3553535,osm,1,unknown,,,,1
F00534,,industrial_area,22.3614419,72.5787239,osm,1,unknown,,,,1
F00535,Wadgam Solar Power Plant,power_plant,22.3152757,72.44311895,osm|wri,2,operating,15.0,MW,,2
F00536,,works,22.33194465,72.6441731,osm,1,unknown,,,,2
F00537,,industrial_area,22.6715606,72.2626564,osm,1,unknown,,,,1
F00538,,industrial_area,22.8805888,72.3564586,osm,1,unknown,,,,1
F00539,,industrial_area,21.6514878,70.6884026,osm,1,unknown,,,,1
F00540,,industrial_area,21.6799832,70.55441627500001,osm,1,unknown,,,,4
F00541,,industrial_area,21.7163647,70.58795455,osm,1,unknown,,,,2
F00542,,industrial_area,21.6354598,70.62566910000001,osm,1,unknown,,,,4
F00543,,industrial_area,21.7024282,70.5739056,osm,1,unknown,,,,1
F00544,,industrial_area,21.4990168,70.1898357,osm,1,unknown,,,,1
F00545,,industrial_area,21.5008001,70.1733451,osm,1,unknown,,,,1
F00546,,industrial_area,21.482771800000002,70.34949595,osm,1,unknown,,,,2
F00547,,industrial_area,21.0574296,70.51796,osm,1,unknown,,,,1
F00548,,industrial_area,21.7396761,70.4912044,osm,1,unknown,,,,2
F00549,,industrial_area,21.7435027,70.46131113999999,osm,1,unknown,,,,5
F00550,,industrial_area,21.492122566666666,70.95240583333333,osm,1,unknown,,,,3
F00551,,industrial_area,21.74959506,70.31211388,osm,1,unknown,,,,10
F00552,,industrial_area,21.728252425,70.23916887499999,osm,1,unknown,,,,4
F00553,,industrial_area,21.6979326,70.1637765,osm,1,unknown,,,,1
F00554,,industrial_area,21.6462952,70.0638692,osm,1,unknown,,,,1
F00555,,industrial_area,21.6735282,69.776169,osm,1,unknown,,,,1
F00556,,industrial_area,21.82744885,70.6824115,osm,1,unknown,,,,2
F00557,,industrial_area,21.856691,70.6077392,osm,1,unknown,,,,1
F00558,,industrial_area,21.8336015,70.6151985,osm,1,unknown,,,,1
F00559,,industrial_area,21.677624,70.877163,osm,1,unknown,,,,1
F00560,,industrial_area,21.886508133333336,70.88052543333333,osm,1,unknown,,,,3
F00561,,works,22.209478275000002,70.801975375,osm,1,unknown,,,,4
F00562,,industrial_area,22.016398640000002,71.11983006,osm,1,unknown,,,,5
F00563,,industrial_area,22.0019094,71.0568304,osm,1,unknown,,,,1
F00564,,industrial_area,21.9117478,70.8429512,osm,1,unknown,,,,1
F00565,,industrial_area,21.8122352,71.0980409,osm,1,unknown,,,,2
F00566,,industrial_area,21.8180086,71.1783181,osm,1,unknown,,,,1
F00567,,industrial_area,21.8497392,71.2250132,osm,1,unknown,,,,1
F00568,,industrial_area,21.80057875,70.6619164,osm,1,unknown,,,,2
F00569,,industrial_area,21.874591100000004,70.71051278,osm,1,unknown,,,,5
F00570,,industrial_area,21.9443131,70.79019,osm,1,unknown,,,,1
F00571,,industrial_area,21.7604907,72.0135432,osm,1,unknown,,,,1
F00572,,industrial_area,22.2223234,70.9264858,osm,1,unknown,,,,1
F00573,,industrial_area,21.8647411,71.2981915,osm,1,unknown,,,,1
F00574,,industrial_area,22.1197248,71.7488558,osm,1,unknown,,,,1
F00575,,industrial_area,20.7118058,70.8744171,osm,1,unknown,,,,1
F00576,,industrial_area,22.1013314,71.0296807,osm,1,unknown,,,,1
F00577,,industrial_area,22.0097791,71.0813464,osm,1,unknown,,,,1
F00578,,industrial_area,22.3553966,71.7170925,osm,1,unknown,,,,1
F00579,,industrial_area,22.3735238,71.7163541,osm,1,unknown,,,,1
F00580,,industrial_area,22.3752444,71.952657,osm,1,unknown,,,,1
F00581,,industrial_area,22.1385642,70.98394029999999,osm,1,unknown,,,,3
F00582,,industrial_area,22.200978,71.3873011,osm,1,unknown,,,,1
F00583,,industrial_area,22.4097887,70.9906058,osm,1,unknown,,,,1
F00584,,industrial_area,22.3580399,70.8016348,osm,1,unknown,,,,1
F00585,,industrial_area,22.4309473,70.783923,osm,1,unknown,,,,1
F00586,,industrial_area,22.4823392,70.768789,osm,1,unknown,,,,1
F00587,,industrial_area,22.5035148,70.7583568,osm,1,unknown,,,,1
F00588,,industrial_area,22.5249469,70.7477761,osm,1,unknown,,,,1
F00589,,industrial_area,22.5985583,70.7494395,osm,1,unknown,,,,1
F00590,,industrial_area,22.6433617,70.748904,osm,1,unknown,,,,1
F00591,,industrial_area,22.654572,70.7267539,osm,1,unknown,,,,1
F00592,,industrial_area,22.029059333333336,71.19262103333334,osm,1,unknown,,,,3
F00593,,industrial_area,22.3180635,71.2323519,osm,1,unknown,,,,1
F00594,,industrial_area,22.0040319,70.8324344,osm,1,unknown,,,,1
F00595,,industrial_area,22.5477559,72.5186288,osm,1,unknown,,,,1
F00596,,industrial_area,22.540709066666665,72.54266493333334,osm,1,unknown,,,,3
F00597,,industrial_area,22.3393742,70.9068694,osm,1,unknown,,,,1
F00598,,industrial_area,22.326396839999997,70.87521042,osm,1,unknown,,,,5
F00599,,industrial_area,22.416685266666665,71.05129913333333,osm,1,unknown,,,,3
F00600,,industrial_area,22.457099966666668,71.06110022222222,osm,1,unknown,,,,9
F00601,,industrial_area,22.5152566,71.0150968,osm,1,unknown,,,,1
F00602,,industrial_area,22.7425,70.9982017,osm,1,unknown,,,,1
F00603,,industrial_area,22.7088174,70.9839689,osm,1,unknown,,,,1
F00604,,industrial_area,21.7477782,72.9943444,osm,1,unknown,,,,1
F00605,,industrial_area,21.325393,72.9704189,osm,1,unknown,,,,1
F00606,,industrial_area,21.33328635,72.95263395,osm,1,unknown,,,,2
F00607,,industrial_area,21.355534874999996,72.960789925,osm,1,unknown,,,,4
F00608,,industrial_area,21.380743000000002,72.96064630000001,osm,1,unknown,,,,2
F00609,,works,21.49261495,72.9086066,osm,1,unknown,,,,2
F00610,,industrial_area,21.5792981,72.9075547,osm,1,unknown,,,,1
F00611,,industrial_area,21.7899103,73.0273086,osm,1,unknown,,,,1
F00612,,industrial_area,21.8731608,73.0612493,osm,1,unknown,,,,1
F00613,,industrial_area,21.9646659,73.0900829,osm,1,unknown,,,,1
F00614,,works,22.0053686,73.1092469,osm,1,unknown,,,,3
F00615,,industrial_area,21.9895131,73.1172242,osm,1,unknown,,,,1
F00616,,industrial_area,22.029626079999996,73.20408252,osm,1,unknown,,,,5
F00617,Bodal captive coal plant,power_plant,21.79917956,72.85753986,gem|osm,2,unknown,120.0,MW,Gujarat,5
F00618,,industrial_area,21.6722235,72.8210352,osm,1,unknown,,,,1
F00619,,industrial_area,21.6839049,72.6612702,osm,1,unknown,,,,1
F00620,,works,21.792094511111113,72.81857052222222,osm,1,unknown,,,,9
F00621,,industrial_area,21.9939978,72.8613093,osm,1,unknown,,,,1
F00622,,industrial_area,22.0338746,72.8540244,osm,1,unknown,,,,1
F00623,,industrial_area,22.1340322,72.9082896,osm,1,unknown,,,,1
F00624,,industrial_area,22.115585300000003,72.86699683333335,osm,1,unknown,,,,3
F00625,,works,22.07965294285714,72.8517455,osm,1,unknown,,,,7
F00626,,industrial_area,21.9609921,73.0020851,osm,1,unknown,,,,1
F00627,,industrial_area,21.9322203,72.8097358,osm,1,unknown,,,,1
F00628,GACL-NALCO Dahej Caustic captive power station,power_plant,21.71033798,72.6903025,gem|osm,2,operating,243.0,MW,Gujarat,5
F00629,,industrial_area,22.3499646,71.7375201,osm,1,unknown,,,,1
F00630,Santej,power_plant,23.154196842857147,72.44667227142857,osm|wri,2,operating,16.2,MW,,21
F00631,,industrial_area,23.122111027272727,72.46967635454547,osm,1,unknown,,,,11
F00632,,industrial_area,23.0528725,72.4429035,osm,1,unknown,,,,1
F00633,,industrial_area,23.0483177,72.3671224,osm,1,unknown,,,,1
F00634,,industrial_area,23.0261992,72.3804519,osm,1,unknown,,,,2
F00635,,works,22.98291846,72.28794359999999,osm,1,unknown,,,,5
F00636,,industrial_area,22.6487422,72.1865916,osm,1,unknown,,,,1
F00637,,industrial_area,22.6750021,72.2995408,osm,1,unknown,,,,1
F00638,,industrial_area,22.6923239,72.2802114,osm,1,unknown,,,,1
F00639,,works,22.9387339,72.2440257,osm,1,unknown,,,,1
F00640,,industrial_area,23.11580215,72.18552009999999,osm,1,unknown,,,,2
F00641,,industrial_area,22.1754707,73.1636084,osm,1,unknown,,,,1
F00642,,industrial_area,22.5710383,71.9799006,osm,1,unknown,,,,1
F00643,,industrial_area,21.9108808,70.7053524,osm,1,unknown,,,,1
F00644,,industrial_area,22.09765875,70.80501125,osm,1,unknown,,,,2
F00645,,industrial_area,22.160741425,70.85317540624999,osm,1,unknown,,,,16
F00646,,industrial_area,22.409508549999998,70.9106342,osm,1,unknown,,,,2
F00647,,industrial_area,22.5154779,71.4932033,osm,1,unknown,,,,1
F00648,,industrial_area,22.4163528,71.1453555,osm,1,unknown,,,,1
F00649,,industrial_area,22.729324416666667,70.78567016666666,osm,1,unknown,,,,6
F00650,,industrial_area,22.7677484,70.79848361428571,osm,1,unknown,,,,7
F00651,,industrial_area,22.1315915,70.7282498,osm,1,unknown,,,,1
F00652,,industrial_area,22.1319275,70.7058023,osm,1,unknown,,,,1
F00653,,industrial_area,22.196847199999997,70.55497526666666,osm,1,unknown,,,,3
F00654,,industrial_area,21.0189213,71.4399587,osm,1,unknown,,,,1
F00655,,industrial_area,22.2220984,70.61302835000001,osm,1,unknown,,,,2
F00656,,industrial_area,22.1562483,70.6424407,osm,1,unknown,,,,1
F00657,,industrial_area,22.417528400000002,70.61552950000001,osm,1,unknown,,,,2
F00658,,industrial_area,22.6959831,70.8021816,osm,1,unknown,,,,1
F00659,,industrial_area,22.892315475,70.833565825,osm,1,unknown,,,,4
F00660,,industrial_area,22.92641815,70.82775240000001,osm,1,unknown,,,,2
F00661,,industrial_area,22.20598435,70.72389225,osm,1,unknown,,,,2
F00662,,industrial_area,21.6476674,69.5768834,osm,1,unknown,,,,1
F00663,,industrial_area,22.722710814285715,71.66480704285715,osm,1,unknown,,,,7
F00664,,industrial_area,22.7294104,71.6906773,osm,1,unknown,,,,1
F00665,,industrial_area,22.7022095,71.5889482,osm,1,unknown,,,,1
F00666,Shiyapura Hydro Power Plant No.1,power_plant,23.2435023,72.3388481,osm,1,unknown,,,,1
F00667,,industrial_area,22.23466,73.2297054,osm,1,unknown,,,,1
F00668,Diu,power_plant,20.70705875,70.9536942,osm|wri,2,operating,9.0,MW,,2
F00669,,power_plant,21.9891432,70.9434897,osm,1,unknown,,,,1
F00670,,industrial_area,22.2438102,70.36311094999999,osm,1,unknown,,,,2
F00671,,industrial_area,22.430190099999997,70.0032893,osm,1,unknown,,,,2
F00672,,industrial_area,22.4326537,69.9471504,osm,1,unknown,,,,1
F00673,,industrial_area,22.3426404,69.8168785,osm,1,unknown,,,,1
F00674,,works,21.71703375,70.44938355,osm,1,unknown,,,,2
F00675,,industrial_area,21.735133400000002,70.43433279999999,osm,1,unknown,,,,2
F00676,,industrial_area,21.7542416,70.2708825,osm,1,unknown,,,,1
F00677,,industrial_area,22.0759364,70.8845975,osm,1,unknown,,,,1
F00678,,industrial_area,22.288929466666662,70.65009576666667,osm,1,unknown,,,,3
F00679,,industrial_area,22.3975806,70.0486227,osm,1,unknown,,,,1
F00680,,power_plant,22.039113825,70.406845675,osm,1,unknown,,,,4
F00681,,power_plant,22.084999725000003,70.38332855,osm,1,unknown,,,,4
F00682,,industrial_area,22.199326,70.7762028,osm,1,unknown,,,,1
F00683,,industrial_area,22.1098853,72.7549169,osm,1,unknown,,,,1
F00684,,industrial_area,23.3080697,70.5045377,osm,1,unknown,,,,1
F00685,,power_plant,21.4109662,73.1226718,osm,1,unknown,,,,1
F00686,,power_plant,21.0084774,72.825939,osm,1,unknown,,,,1
F00687,,power_plant,22.9313765,69.7025362,osm,1,unknown,,,,1
F00688,,power_plant,22.5395379,71.4150097,osm,1,unknown,,,,1
F00689,,power_plant,22.3786398,73.050704,osm,1,unknown,,,,1
F00690,,power_plant,23.1712171,71.7966093,osm,1,unknown,,,,1
F00691,,power_plant,23.2226117,71.7899429,osm,1,unknown,,,,1
F00692,,power_plant,22.0164787,71.9376384,osm,1,unknown,,,,1
F00693,,power_plant,22.0761198,72.6347148,osm,1,unknown,,,,1
F00694,,power_plant,23.2568608,69.9787607,osm,1,unknown,,,,1
F00695,,power_plant,22.3212866,71.2640545,osm,1,unknown,,,,1
F00696,,power_plant,22.3621316,73.129667,osm,1,unknown,,,,1
F00697,,power_plant,22.07363535,73.35926715,osm,1,unknown,,,,2
F00698,,power_plant,21.7218842,72.5758445,osm,1,unknown,,,,1
F00699,,power_plant,21.8987955,69.9635653,osm,1,unknown,,,,1
F00700,Gandhinagar Solar Power Plant,power_plant,23.154979800000003,72.66628373333333,osm|wri,2,operating,1.0,MW,,3
F00701,,power_plant,23.2744853,72.6823255,osm,1,unknown,,,,1
F00702,,industrial_area,21.6878675,72.72884,osm,1,unknown,,,,1
F00703,,industrial_area,22.3190808,69.6877231,osm,1,unknown,,,,1
F00704,,power_plant,22.7385189,71.9112991,osm,1,unknown,,,,1
F00705,,industrial_area,22.2095794,69.5707852,osm,1,unknown,,,,1
F00706,,industrial_area,23.09296685,72.53839955000001,osm,1,unknown,,,,2
F00707,Amreli power station,power_plant,21.606303275000002,71.225629575,gem|osm,2,unknown,1320.0,MW,Gujarat,4
F00708,,industrial_area,22.8392694,70.8792722,osm,1,unknown,,,,1
F00709,,industrial_area,22.797753800000002,70.8720034,osm,1,unknown,,,,2
F00710,,industrial_area,22.79055405,70.88657855,osm,1,unknown,,,,2
F00711,,industrial_area,22.8026405,70.8558726,osm,1,unknown,,,,1
F00712,,industrial_area,22.8446582,70.9292578,osm,1,unknown,,,,1
F00713,,industrial_area,22.9031779,70.8713651,osm,1,unknown,,,,1
F00714,,industrial_area,22.8178748,70.8836398,osm,1,unknown,,,,1
F00715,,industrial_area,22.8100078,70.9017491,osm,1,unknown,,,,1
F00716,Sanala,industrial_area,22.8629873,70.9416174,osm,1,unknown,,,,1
F00717,,industrial_area,22.765774,70.9697056,osm,1,unknown,,,,1
F00718,,industrial_area,22.720362466666668,70.9402643,osm,1,unknown,,,,3
F00719,,industrial_area,22.7527842,70.8304989,osm,1,unknown,,,,1
F00720,,industrial_area,22.7688798,70.8538127,osm,1,unknown,,,,1
F00721,,industrial_area,22.8308622,70.83180250000001,osm,1,unknown,,,,2
F00722,,industrial_area,22.7410942,70.8537993,osm,1,unknown,,,,1
F00723,Lextile Leather LLP,industrial_area,22.571963,70.7660874,osm,1,unknown,,,,1
F00724,Lex Polytex Industries,industrial_area,22.6139706,70.7556631,osm,1,unknown,,,,1
F00725,,power_plant,20.8982289,71.2300461,osm,1,unknown,,,,1
F00726,,power_plant,21.42636865,71.60579580000001,osm,1,unknown,,,,2
F00727,,power_plant,21.926578000000003,70.31463695,osm,1,unknown,,,,4
F00728,,power_plant,21.9650947,70.3385952,osm,1,unknown,,,,1
F00729,,power_plant,21.8464133,70.329593,osm,1,unknown,,,,1
F00730,,power_plant,22.0120072,69.8614266,osm,1,unknown,,,,1
F00731,,power_plant,21.9169694,70.1142372,osm,1,unknown,,,,1
F00732,,power_plant,22.009070350000002,70.03633555,osm,1,unknown,,,,2
F00733,,power_plant,21.9350118,70.1055789,osm,1,unknown,,,,1
F00734,,power_plant,21.9450962,70.0526509,osm,1,unknown,,,,1
F00735,,power_plant,22.3581888,70.2370609,osm,1,unknown,,,,1
F00736,,power_plant,22.3272948,70.2889656,osm,1,unknown,,,,1
F00737,,power_plant,22.1519539,70.2934157,osm,1,unknown,,,,1
F00738,,industrial_area,22.3346076,69.9232068,osm,1,unknown,,,,1
F00739,,industrial_area,22.3184554,69.9191823,osm,1,unknown,,,,1
F00740,,power_plant,22.9690054,71.4720679,osm,1,unknown,,,,1
F00741,,power_plant,22.988320166666668,71.3740983,osm,1,unknown,,,,6
F00742,,power_plant,22.7176217,71.3405686,osm,1,unknown,,,,1
F00743,,power_plant,22.9242909,71.3595875,osm,1,unknown,,,,1
F00744,,power_plant,22.8012844,71.20719275,osm,1,unknown,,,,2
F00745,,power_plant,23.0896601,70.9688024,osm,1,unknown,,,,1
F00746,,industrial_area,22.7364009,69.7141069,osm,1,unknown,,,,1
F00747,,industrial_area,22.4638154,72.15862,osm,1,unknown,,,,1
F00748,,industrial_area,23.120256350000002,72.60561547500001,osm,1,unknown,,,,4
F00749,,power_plant,21.836252350000002,72.84869625,osm,1,unknown,,,,2
F00750,,industrial_area,23.1793211,69.637278,osm,1,unknown,,,,1
F00751,,industrial_area,21.2574965,73.299813,osm,1,unknown,,,,1
F00752,,industrial_area,21.2570214,72.9334339,osm,1,unknown,,,,1
F00753,,industrial_area,21.240217825,72.9170730375,osm,1,unknown,,,,8
F00754,,industrial_area,22.5298873,73.3671619,osm,1,unknown,,,,1
F00755,,industrial_area,21.4395077,72.2217956,osm,1,unknown,,,,1
F00756,,industrial_area,21.4287587,72.2127504,osm,1,unknown,,,,1
F00757,,industrial_area,21.332877166666666,70.43427506666666,osm,1,unknown,,,,3
F00758,,industrial_area,21.4940983,70.3991192,osm,1,unknown,,,,1
F00759,Dholera Solar Park,power_plant,22.1460284,72.2389845,osm,1,unknown,,,,1
F00760,,power_plant,22.2626232,70.2597799,osm,1,unknown,,,,1
F00761,,power_plant,21.9224926,72.1040017,osm,1,unknown,,,,1
F00762,,power_plant,23.3208503,73.281448,osm,1,unknown,,,,1
F00763,,power_plant,23.2970498,73.2780275,osm,1,unknown,,,,1
F00764,,power_plant,22.4043444,72.1963928,osm,1,unknown,,,,1
F00765,,industrial_area,22.906069,70.3843108,osm,1,unknown,,,,1
F00766,,industrial_area,22.9506875,70.5630398,osm,1,unknown,,,,1
F00767,,industrial_area,22.9347298,70.6754297,osm,1,unknown,,,,2
F00768,,industrial_area,23.151593199999997,70.0396818,osm,1,unknown,,,,3
F00769,,industrial_area,23.1437633,70.175364,osm,1,unknown,,,,1
F00770,,industrial_area,23.1450952,70.1983559,osm,1,unknown,,,,1
F00771,,industrial_area,23.0437504,70.0682795,osm,1,unknown,,,,1
F00772,,industrial_area,23.2195626,70.36486740000001,osm,1,unknown,,,,2
F00773,,industrial_area,23.211579999999998,70.4230562,osm,1,unknown,,,,3
F00774,,industrial_area,23.2187911,70.4017478,osm,1,unknown,,,,1
F00775,,power_plant,22.597165099999998,71.8745539,osm,1,unknown,,,,2
F00776,,power_plant,22.2617057,71.8441898,osm,1,unknown,,,,1
F00777,,power_plant,21.8199292,71.8399851,osm,1,unknown,,,,1
F00778,,power_plant,21.6601272,71.83538949999999,osm,1,unknown,,,,2
F00779,,power_plant,21.5113229,71.8364148,osm,1,unknown,,,,1
F00780,,power_plant,21.1953289,71.8871151,osm,1,unknown,,,,1
F00781,,industrial_area,23.120439542857145,70.03302739285714,osm,1,unknown,,,,14
F00782,,power_plant,22.2763234,69.9957327,osm,1,unknown,,,,1
F00783,,power_plant,21.9178448,69.9066842,osm,1,unknown,,,,1
F00784,,power_plant,21.6028655,70.2774799,osm,1,unknown,,,,1
F00785,,power_plant,22.1865316,70.2460674,osm,1,unknown,,,,1
F00786,,power_plant,22.5153679,70.8102236,osm,1,unknown,,,,1
F00787,,power_plant,22.0426054,70.578913,osm,1,unknown,,,,1
F00788,,power_plant,21.8621012,71.0393808,osm,1,unknown,,,,1
F00789,,power_plant,21.5511909,70.9658443,osm,1,unknown,,,,1
F00790,,power_plant,21.2010746,71.5837701,osm,1,unknown,,,,1
F00791,,power_plant,21.872334,71.4286525,osm,1,unknown,,,,1
F00792,,power_plant,21.1022094,71.3524429,osm,1,unknown,,,,1
F00793,,power_plant,22.4096978,71.3374096,osm,1,unknown,,,,1
F00794,,power_plant,22.0390548,71.0833547,osm,1,unknown,,,,1
F00795,,power_plant,22.8530292,71.0159798,osm,1,unknown,,,,1
F00796,,industrial_area,22.8498687,69.6990037,osm,1,unknown,,,,1
F00797,,industrial_area,22.8065077,69.6577405,osm,1,unknown,,,,1
F00798,,industrial_area,22.84604815,69.7709529,osm,1,unknown,,,,2
F00799,,industrial_area,22.7647888,69.7047806,osm,1,unknown,,,,1
F00800,Jodiya Harbour,industrial_area,22.7246876,70.2788061,osm,1,unknown,,,,1
F00801,,industrial_area,22.7058889,70.4585194,osm,1,unknown,,,,1
F00802,,power_plant,22.6077242,71.4319997,osm,1,unknown,,,,1
F00803,,power_plant,22.3113052,71.6572173,osm,1,unknown,,,,1
F00804,,power_plant,21.9071572,71.504189,osm,1,unknown,,,,1
F00805,,power_plant,22.853944933333334,71.8064238,osm,1,unknown,,,,3
F00806,,industrial_area,23.216016216666663,70.26643931666666,osm,1,unknown,,,,6
F00807,,industrial_area,23.2376097,70.278554,osm,1,unknown,,,,1
F00808,,industrial_area,23.1930434,70.29209055,osm,1,unknown,,,,2
F00809,,industrial_area,23.259007107142857,70.28690059285715,osm,1,unknown,,,,14
F00810,,industrial_area,23.2182464,70.3237009,osm,1,unknown,,,,1
F00811,,industrial_area,23.27410575,70.3266191,osm,1,unknown,,,,2
F00812,,industrial_area,22.7924606,70.84388315,osm,1,unknown,,,,2
F00813,,power_plant,22.6514928,70.8513301,osm,1,unknown,,,,1
F00814,,power_plant,22.6523732,71.1296437,osm,1,unknown,,,,1
F00815,,power_plant,21.0258076,72.9870562,osm,1,unknown,,,,1
F00816,Rayzon Solar Park,power_plant,21.52545125,73.3223654,osm,1,unknown,,,,2
F00817,,power_plant,21.6298241,73.3307905,osm,1,unknown,,,,1
F00818,,power_plant,21.877276666666663,72.67592103333332,osm,1,unknown,,,,3
F00819,,power_plant,21.985296,73.0342085,osm,1,unknown,,,,1
F00820,,power_plant,22.004027450000002,72.88403815000001,osm,1,unknown,,,,2
F00821,,power_plant,21.9890091,72.8869643,osm,1,unknown,,,,1
F00822,,power_plant,23.0475289,73.3196546,osm,1,unknown,,,,1
F00823,,power_plant,23.329583,72.9412775,osm,1,unknown,,,,1
F00824,,power_plant,23.0631583,71.8837087,osm,1,unknown,,,,1
F00825,,power_plant,21.9574622,71.2637837,osm,1,unknown,,,,1
F00826,,power_plant,21.9136551,70.3979111,osm,1,unknown,,,,1
F00827,,power_plant,22.2541581,70.2034928,osm,1,unknown,,,,1
F00828,,power_plant,22.027423,70.11327825000001,osm,1,unknown,,,,2
F00829,,power_plant,23.2825024,69.8061343,osm,1,unknown,,,,1
F00830,Suzuki Motor Gujarat,works,23.4943674,72.0120546,osm,1,unknown,,,,1
F00831,,power_plant,22.0882673,73.4638976,osm,1,unknown,,,,1
F00832,Surat HSR depot,industrial_area,21.1642634,72.9291767,osm,1,unknown,,,,1
F00833,,industrial_area,21.7956353,72.6479683,osm,1,unknown,,,,1
F00834,,power_plant,23.0068211,71.4217791,osm,1,unknown,,,,1
F00835,,power_plant,22.5790944,70.2333096,osm,1,unknown,,,,1
F00836,,industrial_area,23.1509819,70.7845382,osm,1,unknown,,,,1
F00837,Suryachakra captive power plant,power_plant,23.213276450000002,72.68396455,gem|osm,2,unknown,200.0,MW,Gujarat,2
F00838,Smith Structures (India) Pvt. Ltd. - Kheda Facility,industrial_area,22.718974,72.7125506,osm,1,unknown,,,,1
F00839,,industrial_area,21.1853696,72.8194477,osm,1,unknown,,,,1
F00840,,industrial_area,22.5961851,72.6393433,osm,1,unknown,,,,1
F00841,,power_plant,21.2355162,72.897692,osm,1,unknown,,,,2
F00842,,industrial_area,21.2584047,72.8482398,osm,1,unknown,,,,1
F00843,,industrial_area,21.2206483,72.7824606,osm,1,unknown,,,,1
F00844,,industrial_area,23.1560609,72.6370684,osm,1,unknown,,,,1
F00845,,industrial_area,22.393295,72.896181,osm,1,unknown,,,,1
F00846,,industrial_area,22.3222369,72.7870491,osm,1,unknown,,,,1
F00847,,industrial_area,21.1716476,72.9038157,osm,1,unknown,,,,1
F00848,,power_plant,21.9009353,71.127107,osm,1,unknown,,,,1
F00849,,power_plant,21.8999436,71.067338,osm,1,unknown,,,,1
F00850,,power_plant,21.19931785,71.9107526,osm,1,unknown,,,,2
F00851,,power_plant,21.180263266666667,71.94231703333332,osm,1,unknown,,,,3
F00852,,power_plant,21.6589338,71.7978242,osm,1,unknown,,,,1
F00853,,power_plant,21.7512814,71.2579438,osm,1,unknown,,,,1
F00854,Ahmedabad Airport Bus Depot,industrial_area,23.0706255,72.6162179,osm,1,unknown,,,,1
F00855,,industrial_area,23.1823969,72.3580807,osm,1,unknown,,,,1
F00856,,industrial_area,23.0102994,72.2473557,osm,1,unknown,,,,1
F00857,,industrial_area,23.2004179,72.3463586,osm,1,unknown,,,,1
F00858,Canal Solar Power Project,power_plant,23.0813721,72.3012111,osm,1,unknown,,,,1
F00859,,industrial_area,23.1225583,72.4206681,osm,1,unknown,,,,1
F00860,,power_plant,23.40972535,71.6767191,osm,1,unknown,,,,2
F00861,,industrial_area,22.2261705,69.6628905,osm,1,unknown,,,,1
F00862,,power_plant,23.3394065,72.3227513,osm,1,unknown,,,,1
F00863,,power_plant,22.3506811,70.3681371,osm,1,unknown,,,,1
F00864,,power_plant,21.7990429,73.1931013,osm,1,unknown,,,,1
F00865,,power_plant,20.9753677,72.899158,osm,1,unknown,,,,1
F00866,,power_plant,21.5329184,71.0688266,osm,1,unknown,,,,1
F00867,,power_plant,21.2634881,72.03502270000001,osm,1,unknown,,,,2
F00868,,power_plant,21.2321321,72.0199674,osm,1,unknown,,,,1
F00869,,power_plant,21.2435923,71.9965946,osm,1,unknown,,,,1
F00870,,power_plant,21.221163599999997,71.95813445,osm,1,unknown,,,,2
F00871,,power_plant,21.2218762,71.9897979,osm,1,unknown,,,,1
F00872,,power_plant,21.2485071,72.0207668,osm,1,unknown,,,,1
F00873,,power_plant,22.6116238,71.7404545,osm,1,unknown,,,,1
F00874,Bhesan Metro Depot,industrial_area,21.2230047,72.7606655,osm,1,unknown,,,,4
F00875,,industrial_area,21.1067286,72.81056035,osm,1,unknown,,,,2
F00876,,power_plant,21.431372433333337,73.108088,osm,1,unknown,,,,3
F00877,Shree Ganesh Cement Works,cement,20.4289104,85.1644031,osm,1,unknown,,,,1
F00878,Tandava sugar Factory,works,17.371719374999998,82.5430892,osm,1,unknown,,,,4
F00879,Agni Bricks,works,20.290705,85.8915589,osm,1,unknown,,,,1
F00880,Dhanalakshmi Rice Mill,works,18.674036233333336,83.9492262,osm,1,unknown,,,,3
F00881,Himadri Chemical & industries ltd(vizag) (Visakhapatnam),power_plant,17.662600859999998,83.20477581200001,osm,1,unknown,,,,25
F00882,Jagdalpur Steel captive power station,steel,19.09206665,82.16921265,gem|osm,2,operating,250.0,MW,Chhattisgarh,4
F00883,Ganjam power station,power_plant,19.38177575714286,85.05345399999999,gem|osm,2,unknown,1440.0,MW,Odisha,7
F00884,PLASTING RECYCLING,steel,17.683330666666667,82.95570246666666,osm,1,unknown,,,,3
F00885,"Pasupati Agrovet Pvt Ltd, Plant 2",works,20.4886284,85.93809903333333,osm,1,unknown,,,,3
F00886,SRI VASAVI JUTE MILL,works,18.4518568,83.6409489,osm,1,unknown,,,,2
F00887,M/s Lakshmi Tiles Factory,steel,17.91214487857143,83.19306351428573,osm,1,unknown,,,,14
F00888,Aditya Modren Rice Mills,works,19.0071547,83.7851988,osm,1,unknown,,,,1
F00889,Sri Jagannath Dal Mill,works,20.0591526,86.0918743,osm,1,unknown,,,,1
F00890,Visakhapatnam Port,refinery,17.708574057717392,83.22961002413047,gem|osm|wri,3,operating,94.0,MW,Andhra Pradesh,92
F00891,Mahima Rice Mill,works,20.0387665,86.1287969,osm,1,unknown,,,,1
F00892,Sri Ganesh Jute Mills,works,18.0578589,83.3618727,osm,1,unknown,,,,1
F00893,SRI RAMAKAMESHWARI AQUA PRODUCTS,works,18.589800949999997,84.04988854999999,osm,1,unknown,,,,2
F00894,Mushroom factory,works,17.084656250000002,82.0868552,osm,1,unknown,,,,2
F00895,"GMR Sugar Factory Pvt LTD, Sankili",works,18.554166866666666,83.74038126666666,osm,1,unknown,,,,3
F00896,Fish factory,works,17.40013,82.80601874999999,osm,1,unknown,,,,2
F00897,SSF Limited,works,17.79352665,83.212247425,osm,1,unknown,,,,4
F00898,TBW Printing Press,works,20.4893385,85.8408485,osm,1,unknown,,,,1
F00899,United Spirit Limited,works,20.0843894,85.9421951,osm,1,unknown,,,,1
F00900,Milk Moo,works,19.9302893,86.0605344,osm,1,unknown,,,,1
F00901,paper industry,works,18.395829,83.6125861,osm,1,unknown,,,,1
F00902,Grip Strapping Technologies,works,17.6341463,82.7997405,osm,1,unknown,,,,1
F00903,Laxmi Enterprises Mattress Factory,works,17.8430646,83.1986029,osm,1,unknown,,,,1
F00904,Bhavanapadu Thermal Power Project,power_plant,18.522486119999996,84.24062842,gem|osm,2,unknown,2640.0,MW,Andhra Pradesh,5
F00905,Paradip Port,industrial_area,20.276102,86.6726079,osm,1,unknown,,,,1
F00906,Indian Rare Earth Limited (IREL),industrial_area,19.304134349999998,84.95763045,osm,1,unknown,,,,2
F00907,GAUTAMI CCCP,power_plant,17.044876480000003,82.1392154,gem|osm|wri,3,operating,932.5699999999999,MW,Andhra Pradesh,10
F00908,"STPI, Hitech City, Rushikonda",industrial_area,17.8029845,83.3812652,osm,1,unknown,,,,1
F00909,,industrial_area,18.5477632,83.3323544,osm,1,unknown,,,,1
F00910,Indian Metals & Ferro Alloys Limited,power_plant,19.3291859,83.43303470000001,osm,1,unknown,,,,2
F00911,Rayagada Paper power station,power_plant,19.24748175,83.41120815,gem|osm,2,operating,55.0,MW,Odisha,2
F00912,IOCL Paradip Refinery Tankfarm,refinery,20.25522752,86.59292294000001,osm,1,unknown,,,,5
F00913,Paradeep Phosphates Limited Township,industrial_area,20.2640419,86.6228933,osm,1,unknown,,,,1
F00914,NACL Industries Technical Plant,industrial_area,18.2735413,83.7926403,osm,1,unknown,,,,1
F00915,Essar Steel Odisha Limited,steel,20.3183508,86.6482227,osm,1,unknown,,,,1
F00916,Paradip Oswal power station,power_plant,20.311662404444444,86.65200988000002,gem|osm,2,operating,230.0,MW,Odisha,9
F00917,SAIL Paradip steel plant,steel,20.311903,86.61304430000001,gem|osm,2,unknown,3000.0,ttpa,Odisha,2
F00918,Ordnance Factory Bolangir,industrial_area,20.3563665,83.2836792,osm,1,unknown,,,,1
F00919,UPPAR INDRAVATI,power_plant,19.42693795,82.8594924,osm|wri,2,operating,600.0,MW,,2
F00920,Machkund Hydro Electric (Joint) Scheme,power_plant,18.5084063,82.4409912,osm,1,unknown,,,,1
F00921,Middle Kolab Project,power_plant,18.7462678,82.1359977,osm,1,unknown,,,,1
F00922,National Aluminum Company Limited,smelter,18.7730827,82.9124947,osm,1,unknown,,,,1
F00923,UPPER KOLAB,power_plant,18.83156475,82.59356550000001,osm|wri,2,operating,320.0,MW,,2
F00924,Hindustan Aeronautics Limited,power_plant,18.741804339999995,82.81896376,osm,1,unknown,,,,5
F00925,National Aluminium Company Ltd. Alumina Refinery,refinery,18.7706641,82.9087306,osm,1,unknown,,,,1
F00926,Vizag Steel Plant power station,steel,17.607371981818183,83.19619734545455,gem|osm,2,operating,435.0,MW,Andhra Pradesh,11
F00927,SIMHADRI,power_plant,17.591354962500002,83.0921131625,gem|osm|wri,3,operating,5320.0,MW,Andhra Pradesh,8
F00928,Balimela Power House,power_plant,18.2074394,82.0603778,osm,1,unknown,,,,1
F00929,UPPER SILERU I&II,power_plant,18.0342226,82.01858865,osm|wri,2,operating,240.0,MW,,2
F00930,GODAVARI GT,power_plant,17.059249466666667,82.31037738333335,gem|osm|wri,3,operating,2083.24,MW,Andhra Pradesh,6
F00931,Richa Petro Products Ltd,works,20.0050034,85.4836862,osm,1,unknown,,,,1
F00932,,industrial_area,19.2959406,84.80006395000001,osm,1,unknown,,,,2
F00933,,industrial_area,19.3017794,84.8153816,osm,1,unknown,,,,1
F00934,VIZAG TPP,power_plant,17.563698820000003,83.13887376,gem|osm|wri,3,operating,2380.0,MW,Andhra Pradesh,5
F00935,Andhra Pradesh Medtech Zone,power_plant,17.6241011,83.16125973333334,osm,1,unknown,,,,3
F00936,,industrial_area,18.2812055,84.0525424,osm,1,unknown,,,,2
F00937,,works,17.0123118,82.27784176,osm,1,unknown,,,,5
F00938,,industrial_area,17.1059144,82.2576378,osm,1,unknown,,,,1
F00939,,industrial_area,17.1033067,82.3484684,osm,1,unknown,,,,1
F00940,,industrial_area,17.3798809,82.7226126,osm,1,unknown,,,,1
F00941,,industrial_area,18.2997623,84.0059458,osm,1,unknown,,,,1
F00942,,industrial_area,18.3750133,83.9979906,osm,1,unknown,,,,1
F00943,,industrial_area,18.266590800000003,83.91758275000001,osm,1,unknown,,,,2
F00944,,industrial_area,18.291714449999997,83.94703032499999,osm,1,unknown,,,,4
F00945,,industrial_area,18.3234937,83.9561534,osm,1,unknown,,,,1
F00946,,industrial_area,18.3356501,84.0846034,osm,1,unknown,,,,1
F00947,,industrial_area,18.2970378,83.9643056,osm,1,unknown,,,,1
F00948,,industrial_area,18.2520602,83.9324857,osm,1,unknown,,,,1
F00949,,industrial_area,18.1286627,83.6403448,osm,1,unknown,,,,1
F00950,Aurobindo Pharma,power_plant,18.144836414285713,83.6203353,osm,1,unknown,,,,7
F00951,,industrial_area,18.5401934,84.2955963,osm,1,unknown,,,,1
F00952,,industrial_area,18.3714186,83.8552476,osm,1,unknown,,,,1
F00953,Jawaharlal Nehru Pharma City,power_plant,17.659017775714283,83.08280243999998,osm,1,unknown,,,,70
F00954,Makavarapalem Smelter power station,smelter,17.596449584,82.745932668,gem|osm,2,operating,90.0,MW,Andhra Pradesh,5
F00955,"Laxmipathi Balaji Sugar & Distilleries Private Limited Unit -1, Sunapala",industrial_area,20.4090264,85.3212345,osm,1,unknown,,,,1
F00956,Cargill Foods Industry,refinery,20.284094500000002,86.63167284,osm,1,unknown,,,,5
F00957,COSTAL GOLD,industrial_area,17.834432749999998,83.3557371,osm,1,unknown,,,,2
F00958,Odisha Government Press,industrial_area,20.4435245,85.8973157,osm,1,unknown,,,,1
F00959,Brahmapur Bus Depot,industrial_area,19.271260899999998,84.77874114,osm,1,unknown,,,,5
F00960,rice mill,industrial_area,17.041969549999997,82.2039857,osm,1,unknown,,,,2
F00961,Sleeper Plant,industrial_area,19.1736566,83.405434,osm,1,unknown,,,,1
F00962,Tandava Lakshmi Fabrication industry,industrial_area,17.6871911,83.09893635,osm,1,unknown,,,,2
F00963,Lanjigarh Refinery power station,refinery,19.711763266666665,83.39852733333333,gem|osm,2,operating,90.0,MW,Odisha,6
F00964,,industrial_area,19.2536386,84.7291005,osm,1,unknown,,,,1
F00965,Brick Factory,industrial_area,17.6889525,83.14478645,osm,1,unknown,,,,2
F00966,Paradip Refinery Captive power station,power_plant,20.24699594,86.60025948,gem|osm,2,operating,366.0,MW,Odisha,5
F00967,,industrial_area,20.2608604,86.6713854,osm,1,unknown,,,,1
F00968,Divi’s Laboratories Limited,industrial_area,17.9404251,83.4786134,osm,1,unknown,,,,1
F00969,Khorda Industrial Area,industrial_area,20.17359845,85.63984105,osm,1,unknown,,,,2
F00970,Tile Factory,works,20.1433458,85.4989349,osm,1,unknown,,,,1
F00971,,industrial_area,18.781138,84.0933548,osm,1,unknown,,,,1
F00972,,industrial_area,20.30671188,85.85413208,osm,1,unknown,,,,5
F00973,Bhubaneshwar Jasper power station,power_plant,20.4780503,85.746997775,gem|osm,2,operating,135.0,MW,Odisha,4
F00974,,power_plant,19.3229742,84.9084055,osm,1,unknown,,,,1
F00975,Surf Titanium Plant,industrial_area,19.3347508,84.9571755,osm,1,unknown,,,,1
F00976,TATA Industries Park,industrial_area,19.3103176,84.9011911,osm,1,unknown,,,,1
F00977,,industrial_area,19.086135933333335,84.64027963333335,osm,1,unknown,,,,3
F00978,,works,17.8166119,83.1962918,osm,1,unknown,,,,1
F00979,,industrial_area,20.1146152,85.548354,osm,1,unknown,,,,1
F00980,,industrial_area,20.122459333333335,85.58380545,osm,1,unknown,,,,6
F00981,,industrial_area,20.104017,85.5823588,osm,1,unknown,,,,1
F00982,,industrial_area,20.0720405,85.5740011,osm,1,unknown,,,,1
F00983,CDA Sewage Treatment Plant,industrial_area,20.4713253,85.848964,osm,1,unknown,,,,1
F00984,,power_plant,17.568065349999998,83.1085923,osm,1,unknown,,,,2
F00985,,industrial_area,18.1006707,83.5895915,osm,1,unknown,,,,1
F00986,,industrial_area,18.1141901,83.5956245,osm,1,unknown,,,,1
F00987,,industrial_area,19.0818198,84.7019599,osm,1,unknown,,,,1
F00988,,industrial_area,18.2544573,83.7872991,osm,1,unknown,,,,1
F00989,Asian Paints Limited,works,17.517291890196077,82.9755254627451,osm,1,unknown,,,,51
F00990,,industrial_area,17.6522088,82.9415993,osm,1,unknown,,,,1
F00991,Wolkem India Limited,industrial_area,17.638368999999997,82.92388514999999,osm,1,unknown,,,,2
F00992,,industrial_area,17.65466995,82.9276257,osm,1,unknown,,,,2
F00993,,industrial_area,18.0577897,83.5462524,osm,1,unknown,,,,2
F00994,,industrial_area,17.889856199999997,83.38949199999999,osm,1,unknown,,,,2
F00995,,industrial_area,17.48456,82.9860744,osm,1,unknown,,,,1
F00996,,industrial_area,17.2990361,82.5908482,osm,1,unknown,,,,1
F00997,Utkal Smelter power station,smelter,19.19409541,83.02907077399999,gem|osm,2,operating,90.0,MW,Odisha,5
F00998,,industrial_area,20.1307719,82.6623773,osm,1,unknown,,,,1
F00999,,industrial_area,20.1562203,82.6790996,osm,1,unknown,,,,1
F01000,,industrial_area,20.221376,82.7327465,osm,1,unknown,,,,1
F01001,,industrial_area,20.1444032,82.7058251,osm,1,unknown,,,,1
F01002,,industrial_area,20.3302687,82.7231772,osm,1,unknown,,,,3
F01003,,industrial_area,20.3678502,82.8124872,osm,1,unknown,,,,1
F01004,,industrial_area,20.277662699999997,82.77087896666667,osm,1,unknown,,,,3
F01005,,industrial_area,20.263229350000003,82.83902095,osm,1,unknown,,,,2
F01006,,industrial_area,20.3075392,82.803782,osm,1,unknown,,,,1
F01007,ANNAPURNA RICE INDUSTRY,industrial_area,18.446381,83.6773503,osm,1,unknown,,,,1
F01008,"APSRTC Bus Depot , Anakapalli",industrial_area,17.688773849999997,83.00971475,osm,1,unknown,,,,2
F01009,,industrial_area,18.1756448,83.4527626,osm,1,unknown,,,,1
F01010,,power_plant,18.0848371,83.38871355,osm,1,unknown,,,,2
F01011,,industrial_area,18.3401803,82.8349245,osm,1,unknown,,,,1
F01012,,industrial_area,18.6064087,83.3732325,osm,1,unknown,,,,1
F01013,,industrial_area,18.580074,83.3509031,osm,1,unknown,,,,1
F01014,,industrial_area,18.8599478,83.0227214,osm,1,unknown,,,,1
F01015,,industrial_area,18.845553,83.0203289,osm,1,unknown,,,,1
F01016,,industrial_area,20.4907464,84.3828318,osm,1,unknown,,,,1
F01017,,power_plant,20.4459326,85.8249521,osm,1,unknown,,,,1
F01018,Aurobindo Pharma 30 MW Varisam Solar Plant,power_plant,18.1410191,83.6512729,osm,1,unknown,,,,1
F01019,,power_plant,18.2869938,83.5086223,osm,1,unknown,,,,1
F01020,,power_plant,18.3934381,83.4311441,osm,1,unknown,,,,1
F01021,,power_plant,20.1227004125,83.23097432499999,osm,1,unknown,,,,8
F01022,,power_plant,18.4725318,83.346963,osm,1,unknown,,,,1
F01023,,power_plant,19.9763367,85.4656244,osm,1,unknown,,,,1
F01024,,power_plant,19.9583287,85.4239583,osm,1,unknown,,,,1
F01025,,power_plant,17.7743816,83.2716492,osm,1,unknown,,,,1
F01026,"APSRTC Bus Depot , Yeleswaram",power_plant,17.28317945,82.10169075,osm,1,unknown,,,,2
F01027,Simhadri floating solar farm,power_plant,17.5903345,83.1151736,osm,1,unknown,,,,1
F01028,,industrial_area,16.9963409,82.0034981,osm,1,unknown,,,,1
F01029,,industrial_area,17.0726129,82.1171272,osm,1,unknown,,,,1
F01030,,industrial_area,16.999932,82.2116482,osm,1,unknown,,,,1
F01031,TVS Industrial & Logistics Park,power_plant,17.847596075,83.235220775,osm,1,unknown,,,,4
F01032,,industrial_area,18.8941466,82.5603913,osm,1,unknown,,,,1
F01033,Pudimadaka Ultra Mega Power Project,power_plant,17.491969849999997,83.00276345,gem|osm,2,unknown,4000.0,MW,Andhra Pradesh,6
F01034,,industrial_area,19.0721465,83.8141018,osm,1,unknown,,,,1
F01035,,industrial_area,17.6223072,83.1218988,osm,1,unknown,,,,1
F01036,NSTL,industrial_area,17.74342595,83.251304725,osm,1,unknown,,,,4
F01037,Nakkapalli Port,industrial_area,17.3541667,82.7725,osm,1,unknown,,,,1
F01038,ArcelorMittal Nippon Steel Paradip Steel Plant,steel,20.2830061,86.6563331,gem|osm,2,unknown,7000.0,ttpa,Odisha,2
F01039,,industrial_area,20.3254572,85.7274905,osm,1,unknown,,,,1
F01040,,industrial_area,20.2799969,85.6906074,osm,1,unknown,,,,1
F01041,,industrial_area,19.4363692,84.7921157,osm,1,unknown,,,,1
F01042,,industrial_area,19.3499562,84.5083916,osm,1,unknown,,,,2
F01043,,industrial_area,18.4663118,84.0731054,osm,1,unknown,,,,1
F01044,,industrial_area,18.4602361,84.09207525,osm,1,unknown,,,,2
F01045,Bhavanapadu Fishing Harbour,industrial_area,18.5625644,84.3495627,osm,1,unknown,,,,1
F01046,,works,20.1751878,85.7261379,osm,1,unknown,,,,2
F01047,,power_plant,17.9447565,83.2211908,osm,1,unknown,,,,2
F01048,,power_plant,20.3880027,83.296933,osm,1,unknown,,,,1
F01049,Brick Factory,works,20.2777758,85.9286118,osm,1,unknown,,,,1
F01050,,industrial_area,17.8052419,82.9600358,osm,1,unknown,,,,1
F01051,APIIC Industrial Estate Palasa,industrial_area,18.7771816,84.4330138,osm,1,unknown,,,,1
F01052,,industrial_area,18.0622,83.4051469,osm,1,unknown,,,,1
F01053,Sri Vijayarama Gajapathi Co-operative Sugars Ltd,industrial_area,18.0497952,83.3196049,osm,1,unknown,,,,1
F01054,Sri Chakra Cement Factory,cement,18.0173626,83.2755991,osm,1,unknown,,,,1
F01055,BARC Vizag,industrial_area,17.5318155,83.0345023,osm,1,unknown,,,,1
F01056,,works,17.86063946666667,83.19200756666667,osm,1,unknown,,,,3
F01057,Mahaamaaya Industries,steel,17.969287,83.1579885,osm,1,unknown,,,,2
F01058,Floating Solar Plant,power_plant,17.7587693,83.1857907,osm,1,unknown,,,,1
F01059,DEVI FISHERIES PVT LTD,industrial_area,17.0191809,82.2332842,osm,1,unknown,,,,1
F01060,,industrial_area,18.1609404,83.6541333,osm,1,unknown,,,,1
F01061,,power_plant,17.2713951,82.0822115,osm,1,unknown,,,,1
F01062,DayalNagar Soap Unit,works,17.7523468,83.3476066,osm,1,unknown,,,,1
F01063,,power_plant,18.4721583,83.6595448,osm,1,unknown,,,,1
F01064,,power_plant,17.7681301,83.29516795,osm,1,unknown,,,,2
F01065,,power_plant,18.8574446,82.5520451,osm,1,unknown,,,,1
F01066,,industrial_area,18.8810668,82.5365603,osm,1,unknown,,,,1
F01067,,industrial_area,19.6695441,82.2046074,osm,1,unknown,,,,1
F01068,,power_plant,18.3926378,83.362567,osm,1,unknown,,,,1
F01069,1.5 MW Grid Interactive Solar Power Project,power_plant,18.1263279,83.1751752,osm,1,unknown,,,,1
F01070,,works,18.7857323,84.411358,osm,1,unknown,,,,1
F01071,Granite Factory,industrial_area,18.4458962,84.086797,osm,1,unknown,,,,1
F01072,Cashew Factory,works,18.82442055,84.54473965,osm,1,unknown,,,,2
F01073,Matrix Laboratories,power_plant,18.114040033333335,83.57782566666667,osm,1,unknown,,,,3
F01074,Vardhaman Chemical Industries sumitramadangi,industrial_area,19.1397883,83.4161461,osm,1,unknown,,,,1
F01075,Jute Factory,works,18.5403796,83.7262922,osm,1,unknown,,,,1
F01076,AP STATE WAREHOUSING CORPORTATIONCSC Sunki (IG),industrial_area,18.7770882,83.4999446,osm,1,unknown,,,,1
F01077,,industrial_area,17.1065819,82.099522,osm,1,unknown,,,,1
F01078,,works,17.37790473333333,82.37356046666666,osm,1,unknown,,,,3
F01079,,power_plant,17.7936864,82.8915956,osm,1,unknown,,,,1
F01080,,industrial_area,17.6931441,83.1205202,osm,1,unknown,,,,1
F01081,Rajasthan Marbles,works,18.4967127,84.12969315000001,osm,1,unknown,,,,2
F01082,Kakinada SEZ,industrial_area,17.1261817,82.3678446,osm,1,unknown,,,,1
F01083,,works,18.0193758,83.042063,osm,1,unknown,,,,1
F01084,Bhubaneswar_depot,industrial_area,20.3194037,85.8282904,osm,1,unknown,,,,1
F01085,Andhra Cements,cement,17.764004,83.1951354,osm,1,unknown,,,,1
F01086,Sunfood coorporation,works,17.4361753,82.5173259,osm,1,unknown,,,,1
F01087,,industrial_area,17.069691116666664,82.09960121666667,osm,1,unknown,,,,6
F01088,"APSRTC Bus Depot, Viziangaram",industrial_area,18.1101078,83.399479,osm,1,unknown,,,,1
F01089,FACOR Alloys,industrial_area,18.2748981,83.5339462,osm,1,unknown,,,,1
F01090,,industrial_area,17.9972771,83.417395,osm,1,unknown,,,,1
F01091,,industrial_area,20.178787,85.7037529,osm,1,unknown,,,,1
F01092,,power_plant,17.8873094,83.361931925,osm,1,unknown,,,,4
F01093,,industrial_area,18.3245319,83.4796597,osm,1,unknown,,,,1
F01094,Olam Agro India Private Ltd.,industrial_area,18.3379453,83.3343976,osm,1,unknown,,,,1
F01095,,industrial_area,18.530828,83.3287706,osm,1,unknown,,,,1
F01096,,industrial_area,17.8581996,83.2771216,osm,1,unknown,,,,1
F01097,Chandrasekharpur Bus Depot,industrial_area,20.3421619,85.8200996,osm,1,unknown,,,,1
F01098,"APSRTC Bus Depot , Waltair",industrial_area,17.7351534,83.33937614999999,osm,1,unknown,,,,2
F01099,"APSRTC Bus Depot , Simhachalam",industrial_area,17.7565434,83.2219973,osm,1,unknown,,,,1
F01100,,works,17.9532801,83.3551128,osm,1,unknown,,,,1
F01101,"APSRTC Bus Depot , Narsipatnam",industrial_area,17.6626552,82.6151383,osm,1,unknown,,,,1
F01102,"APSRTC Bus Depot , Paderu",industrial_area,18.0886228,82.6695395,osm,1,unknown,,,,1
F01103,"APSRTC Bus Depot , Kurmanapalem (Steel City)",steel,17.6835748,83.165779,osm,1,unknown,,,,1
F01104,"APSRTC Bus Depot , Madhurawada",industrial_area,17.8066168,83.3666892,osm,1,unknown,,,,1
F01105,"APSRTC Bus Depot , Srungavarapukota",industrial_area,18.107674,83.1406676,osm,1,unknown,,,,1
F01106,"APSRTC Bus Depot , Salur",industrial_area,18.5201694,83.1946846,osm,1,unknown,,,,1
F01107,"APSRTC Bus Depot, Parvathipuram",industrial_area,18.7728343,83.4223545,osm,1,unknown,,,,1
F01108,"APSRTC Bus Depot , Palakonda",industrial_area,18.5959608,83.7707037,osm,1,unknown,,,,1
F01109,"APSRTC Bus Depot , Tekkali",industrial_area,18.5941724,84.2230234,osm,1,unknown,,,,1
F01110,"APSRTC Bus Depot , Palasa",industrial_area,18.7707595,84.4164119,osm,1,unknown,,,,1
F01111,Jharupudi power station,power_plant,18.305414875,83.89695035,gem|osm,2,unknown,2140.0,MW,Andhra Pradesh,4
F01112,"APSRTC Bus Depot , Maddilapalem",industrial_area,17.735987350000002,83.3188765,osm,1,unknown,,,,2
F01113,,industrial_area,19.0426419,83.0657709,osm,1,unknown,,,,1
F01114,,industrial_area,17.9828515,83.475645,osm,1,unknown,,,,1
F01115,,industrial_area,17.889219533333332,83.3370352,osm,1,unknown,,,,3
F01116,,power_plant,19.1675584,83.0869925,osm,1,unknown,,,,1
F01117,Buiscuit Factory,works,20.3529057,85.8060907,osm,1,unknown,,,,1
F01118,,power_plant,18.182871249999998,83.6769854,osm,1,unknown,,,,2
F01119,,industrial_area,19.5516853,84.8691213,osm,1,unknown,,,,1
F01120,,industrial_area,18.8594591,83.5721095,osm,1,unknown,,,,1
F01121,Saptadara Avantika Power Project,power_plant,18.6136738,82.3195638,osm,1,unknown,,,,1
F01122,,industrial_area,17.3597241,82.7346675,osm,1,unknown,,,,1
F01123,,industrial_area,17.38778,82.7829221,osm,1,unknown,,,,1
F01124,,power_plant,17.2818993,82.3916311,osm,1,unknown,,,,1
F01125,,power_plant,17.3033359,82.0899027,osm,1,unknown,,,,1
F01126,,power_plant,18.7397246,83.5252011,osm,1,unknown,,,,1
F01127,,power_plant,20.4657539,86.1460538,osm,1,unknown,,,,1
F01128,Sri Pavan Aqua Marine,industrial_area,17.811062371428573,83.40761154285714,osm,1,unknown,,,,7
F01129,Ananya Aqua Products Pvt. Ltd.,industrial_area,17.834808775,83.412857125,osm,1,unknown,,,,4
F01130,,power_plant,20.241227000000002,85.8229088,osm,1,unknown,,,,2
F01131,,industrial_area,17.9888922,83.3593389,osm,1,unknown,,,,1
F01132,,industrial_area,17.9994095,83.3481493,osm,1,unknown,,,,1
F01133,,industrial_area,17.9781177,83.5470105,osm,1,unknown,,,,1
F01134,,industrial_area,19.5358402,84.8626768,osm,1,unknown,,,,1
F01135,Jute mills Factory,industrial_area,18.4157365,83.6368709,osm,1,unknown,,,,1
F01136,HPCL Vizag Refinery power station,power_plant,17.689589050000002,83.246291,gem|osm,2,operating,60.0,MW,Andhra Pradesh,2
F01137,JOJBERA,steel,22.77319612258065,86.22141611612903,gem|osm|wri,3,operating,1095.0,MW,Jharkhand,62
F01138,Sharma Engineering And Mould Works,works,23.7581181,86.75312130000002,osm,1,unknown,,,,3
F01139,ACC,works,23.66217842,86.49514974,osm,1,unknown,,,,15
F01140,Bokaro Steel Plant,steel,23.6852883,86.102095,osm,1,unknown,,,,3
F01141,SAIL IISCO steel plant,steel,23.6718734,86.9256878,gem|osm,2,operating,4000.0,ttpa,West Bengal,6
F01142,Kadma Telephone Exchange,industrial_area,22.8087482,86.1660491,osm,1,unknown,,,,3
F01143,,industrial_area,23.6168491,86.4807062,osm,1,unknown,,,,3
F01144,SANTALDIH,power_plant,23.599030956249994,86.46621271874999,gem|osm|wri,3,operating,2650.0,MW,West Bengal,16
F01145,,industrial_area,22.95425,86.0680096,osm,1,unknown,,,,3
F01146,Bihar Sponge Iron Ltd.,industrial_area,22.9089797,86.0744925,osm,1,unknown,,,,3
F01147,,industrial_area,22.7888584,85.94396969999998,osm,1,unknown,,,,3
F01148,,industrial_area,22.8253267,86.07247309999998,osm,1,unknown,,,,3
F01149,,industrial_area,22.8353546,86.2301925,osm,1,unknown,,,,3
F01150,Nilachal Iron & Power Gamharia Steel Plant,steel,22.874684400000003,86.064121,gem|osm,2,operating,700.0,ttpa,Jharkhand,6
F01151,CHANDRAPURA,power_plant,23.740012363636364,86.12164638181818,gem|osm|wri,3,operating,3120.0,MW,Jharkhand,11
F01152,,industrial_area,23.737190100000003,86.1550118,osm,1,unknown,,,,3
F01153,,industrial_area,23.7634213,86.5742801,osm,1,unknown,,,,3
F01154,,industrial_area,23.637282100000004,86.88683910000002,osm,1,unknown,,,,3
F01155,,industrial_area,23.72372535,86.82700140000001,osm,1,unknown,,,,6
F01156,,industrial_area,23.745404060000002,86.84848009000001,osm,1,unknown,,,,30
F01157,,industrial_area,23.6601342,86.42743839999999,osm,1,unknown,,,,3
F01158,,industrial_area,23.7890086,86.4320929,osm,1,unknown,,,,3
F01159,,industrial_area,23.7748204,86.3176267,osm,1,unknown,,,,3
F01160,BOKARO B,power_plant,23.783539437499996,85.88205549999999,gem|osm|wri,3,operating,1340.0,MW,Jharkhand,8
F01161,,industrial_area,23.7526637,85.8715745,osm,1,unknown,,,,3
F01162,,industrial_area,23.698051500000002,86.0615856,osm,1,unknown,,,,3
F01163,,industrial_area,23.7538311,86.06271086666666,osm,1,unknown,,,,9
F01164,,industrial_area,23.7718708,85.9773315,osm,1,unknown,,,,3
F01165,Tata Iron and Steel Company Limited (TISCO) - West Bokaro,steel,23.786725633333333,85.54982303333333,osm,1,unknown,,,,9
F01166,Tenughat power station,power_plant,23.728017285714284,85.76387877142858,gem|osm,2,operating,1740.0,MW,Jharkhand,7
F01167,,industrial_area,24.1218446,86.3540057,osm,1,unknown,,,,3
F01168,,industrial_area,23.3793951,85.8720922,osm,1,unknown,,,,3
F01169,MAITHON RB TPP,power_plant,23.82220014,86.75264861999999,gem|osm|wri,3,operating,3420.0,MW,Jharkhand,10
F01170,Chittranjan Locomotive Works,industrial_area,23.857220300000005,86.9122678,osm,1,unknown,,,,6
F01171,KODERMA,power_plant,24.388716837500002,85.5608808125,gem|osm|wri,3,operating,3600.0,MW,Jharkhand,8
F01172,Neamatpur ECL Workshop,industrial_area,23.7103925,86.8768296,osm,1,unknown,,,,3
F01173,Linkers India Workshop,industrial_area,23.7096628,86.90953459999999,osm,1,unknown,,,,3
F01174,,industrial_area,24.4261541,85.7819315,osm,1,unknown,,,,3
F01175,,industrial_area,24.433126,85.7600934,osm,1,unknown,,,,3
F01176,,industrial_area,22.652663199999996,86.3464083,osm,1,unknown,,,,3
F01177,RAGHUNATHPUR TPP PH-I,power_plant,23.621566387500003,86.6595850875,gem|osm|wri,3,operating,3720.0,MW,West Bengal,8
F01178,,industrial_area,24.4577097,85.5253187,osm,1,unknown,,,,3
F01179,,industrial_area,23.7330693,86.8112714,osm,1,unknown,,,,3
F01180,MAHADEV PRASAD STPP,power_plant,22.837418985714287,86.0604618,gem|osm|wri,3,operating,1620.0,MW,Jharkhand,7
F01181,ESL Steel plant,steel,23.632708100000002,86.29608225,gem|osm,2,operating,4500.0,ttpa,Jharkhand,6
F01182,SAIL Chasnalla ADM Building,industrial_area,23.659800149999995,86.44720135,osm,1,unknown,,,,6
F01183,SAIL Parbatpur colliery Area,industrial_area,23.681462550000003,86.34889185000002,osm,1,unknown,,,,6
F01184,Chinakuri Power Station,power_plant,23.68466855,86.85346679999999,osm,1,unknown,,,,6
F01185,Tata Steel Long Products steel plant,steel,22.807917550000003,86.08841670000001,gem|osm,2,operating,950.0,ttpa,Jharkhand,10
F01186,,industrial_area,23.7652791,86.03037620000002,osm,1,unknown,,,,3
F01187,,industrial_area,23.816648766666663,85.58219094166665,osm,1,unknown,,,,36
F01188,,industrial_area,23.7960489,85.5692292,osm,1,unknown,,,,3
F01189,,industrial_area,23.723468299999997,85.524852,osm,1,unknown,,,,3
F01190,,industrial_area,23.740531200000003,85.6438988,osm,1,unknown,,,,3
F01191,TENUGHAT,power_plant,23.757656625,85.89432554999999,osm|wri,2,operating,420.0,MW,,4
F01192,,industrial_area,24.4402118,85.52834555,osm,1,unknown,,,,12
F01193,,industrial_area,23.791352900000003,86.2724392,osm,1,unknown,,,,3
F01194,,industrial_area,23.70859695,86.3778297,osm,1,unknown,,,,6
F01195,,industrial_area,23.7559492,86.38360089999999,osm,1,unknown,,,,6
F01196,Moonidih coal project,industrial_area,23.740955,86.3519675,osm,1,unknown,,,,3
F01197,,industrial_area,23.7245025,86.3409031,osm,1,unknown,,,,3
F01198,Brick work,industrial_area,23.272777849999997,86.3531294,osm,1,unknown,,,,6
F01199,SAIL Bokaro steel plant,steel,23.667888490909093,86.1202383,gem|osm,2,operating,4650.0,ttpa,Jharkhand,11
F01200,,industrial_area,23.7927372,85.8512932,osm,1,unknown,,,,3
F01201,,power_plant,23.3600758,86.4293589,osm,1,unknown,,,,3
F01202,,industrial_area,23.4900451,85.5128145,osm,1,unknown,,,,3
F01203,,industrial_area,23.5029394,85.4972282,osm,1,unknown,,,,3
F01204,,industrial_area,22.7244154,86.1873471,osm,1,unknown,,,,3
F01205,,industrial_area,22.5952466,86.4521697,osm,1,unknown,,,,3
F01206,,industrial_area,23.5530584,85.510473,osm,1,unknown,,,,3
F01207,Tapovan,power_plant,24.460468014285716,86.75840477142856,osm|wri,2,operating,14.0,MW,,7
F01208,,industrial_area,24.1725699,86.3011265,osm,1,unknown,,,,3
F01209,Atibir Industries steel plant,steel,24.154474729411763,86.3360157352941,gem|osm,2,operating,600.0,ttpa,Jharkhand,17
F01210,,industrial_area,22.8587122,86.0574853,osm,1,unknown,,,,3
F01211,,industrial_area,22.754473699999995,85.85932910000001,osm,1,unknown,,,,3
F01212,Visa Power Jharkhand project,power_plant,22.74471685,85.87906749999999,gem|osm,2,unknown,2640.0,MW,Jharkhand,4
F01213,,industrial_area,22.78017114,86.03251235999998,osm,1,unknown,,,,15
F01214,,industrial_area,22.796646740000003,86.01513434,osm,1,unknown,,,,15
F01215,,industrial_area,23.5273028,85.69970540000001,osm,1,unknown,,,,3
F01216,,industrial_area,23.500064,86.7086077,osm,1,unknown,,,,3
F01217,,industrial_area,22.811432850000003,86.240012575,osm,1,unknown,,,,12
F01218,,industrial_area,23.6641067,85.50917423333333,osm,1,unknown,,,,9
F01219,Gola power station,power_plant,23.4847282,85.65733842,gem|osm,2,operating,126.0,MW,Jharkhand,5
F01220,,works,23.679316600000003,86.9398843,osm,1,unknown,,,,3
F01221,BCCL Powerhouse,power_plant,23.8078283,86.470389,osm,1,unknown,,,,3
F01222,,industrial_area,23.8030201,86.18226980000001,osm,1,unknown,,,,3
F01223,,industrial_area,23.7886386,86.1926472,osm,1,unknown,,,,3
F01224,,industrial_area,23.701571600000005,86.3975573,osm,1,unknown,,,,3
F01225,,industrial_area,23.0699008,86.9024,osm,1,unknown,,,,3
F01226,Rajrappa Washery,industrial_area,23.6228855,85.6880968,osm,1,unknown,,,,3
F01227,,industrial_area,23.623704649999997,85.53435789999999,osm,1,unknown,,,,6
F01228,BOKARO A ''EXP'',power_plant,23.685503930000003,86.09233810999999,gem|osm|wri,3,operating,826.0,MW,Jharkhand,10
F01229,,industrial_area,23.740113499999996,86.77084559999999,osm,1,unknown,,,,3
F01230,Maithan Ceramic Limited,industrial_area,23.755019266666665,86.78870023333332,osm,1,unknown,,,,9
F01231,,industrial_area,23.775978100000003,86.86605019999999,osm,1,unknown,,,,9
F01232,,industrial_area,23.738045,86.9020734,osm,1,unknown,,,,3
F01233,,industrial_area,23.7112379,86.94124370000002,osm,1,unknown,,,,3
F01234,,industrial_area,23.7266655,86.9645857,osm,1,unknown,,,,3
F01235,,industrial_area,24.4618967,85.7196343,osm,1,unknown,,,,3
F01236,,industrial_area,24.4761784,85.65924160000002,osm,1,unknown,,,,3
F01237,,industrial_area,24.378186,86.1658627,osm,1,unknown,,,,3
F01238,,industrial_area,23.825548799999996,86.8853613,osm,1,unknown,,,,3
F01239,,industrial_area,22.6298365,85.80559370000002,osm,1,unknown,,,,6
F01240,,power_plant,23.5835586,86.46744895,osm,1,unknown,,,,6
F01241,,industrial_area,23.6325726,86.8352562,osm,1,unknown,,,,3
F01242,,industrial_area,22.7901658,86.1355163714286,osm,1,unknown,,,,21
F01243,,power_plant,22.634793399999996,86.0161039,osm,1,unknown,,,,3
F01244,,industrial_area,23.1933684,85.6157128,osm,1,unknown,,,,3
F01245,,industrial_area,23.776237499999997,86.4022323,osm,1,unknown,,,,3
F01246,,industrial_area,23.828520421428575,86.3549262714286,osm,1,unknown,,,,42
F01247,,industrial_area,23.84716838181819,86.31914616363638,osm,1,unknown,,,,33
F01248,,industrial_area,23.8729854,86.3248808,osm,1,unknown,,,,3
F01249,,industrial_area,23.7082935,86.79379794666666,osm,1,unknown,,,,45
F01250,,industrial_area,23.756954749999995,86.81839180000001,osm,1,unknown,,,,6
F01251,,industrial_area,23.706884399999996,86.8315574,osm,1,unknown,,,,3
F01252,,industrial_area,24.221124200000002,86.2442623,osm,1,unknown,,,,3
F01253,,industrial_area,24.1277625,86.5515691,osm,1,unknown,,,,3
F01254,,industrial_area,23.767801324999997,85.57077127500001,osm,1,unknown,,,,12
F01255,,industrial_area,23.75621796,85.52549092000001,osm,1,unknown,,,,15
F01256,,industrial_area,23.759082700000004,85.5009296,osm,1,unknown,,,,3
F01257,,industrial_area,23.7678327,85.60121250000002,osm,1,unknown,,,,9
F01258,,industrial_area,23.779327961538463,85.63334626153846,osm,1,unknown,,,,39
F01259,,industrial_area,23.796650599999996,85.66451135,osm,1,unknown,,,,12
F01260,,industrial_area,23.79924842,85.62554538,osm,1,unknown,,,,15
F01261,,industrial_area,23.7586223,86.1790122,osm,1,unknown,,,,3
F01262,,industrial_area,22.705997299999996,85.8121416,osm,1,unknown,,,,3
F01263,,industrial_area,22.886580733333332,86.11569709999999,osm,1,unknown,,,,9
F01264,,industrial_area,22.761437075000003,86.10081075,osm,1,unknown,,,,12
F01265,,industrial_area,22.761491666666668,86.00139856666667,osm,1,unknown,,,,9
F01266,,industrial_area,22.73694864,86.35378524,osm,1,unknown,,,,15
F01267,,industrial_area,22.72767245,86.32843775000002,osm,1,unknown,,,,6
F01268,,industrial_area,22.751251074999995,86.3115915,osm,1,unknown,,,,12
F01269,,industrial_area,22.792170083333335,86.29683897500003,osm,1,unknown,,,,36
F01270,,industrial_area,22.8554571,86.1742701,osm,1,unknown,,,,3
F01271,,industrial_area,22.8611885,86.13926842500001,osm,1,unknown,,,,12
F01272,,industrial_area,22.84857225,86.12602005000001,osm,1,unknown,,,,6
F01273,PANCHET,power_plant,23.680790124999998,86.747456825,osm|wri,2,operating,80.0,MW,,4
F01274,,industrial_area,22.963463,85.97873965000001,osm,1,unknown,,,,6
F01275,,industrial_area,22.964131133333336,85.9612615,osm,1,unknown,,,,9
F01276,,industrial_area,22.963046199999997,85.9975487,osm,1,unknown,,,,3
F01277,,industrial_area,22.732423800000003,86.3903767,osm,1,unknown,,,,6
F01278,,industrial_area,22.73233205,86.42092014999999,osm,1,unknown,,,,6
F01279,,industrial_area,22.514764633333336,86.45372273333334,osm,1,unknown,,,,9
F01280,,industrial_area,22.5479443,86.50154579999999,osm,1,unknown,,,,3
F01281,,industrial_area,22.600900933333335,86.50138913333333,osm,1,unknown,,,,9
F01282,,industrial_area,22.599632900000003,86.52964433999999,osm,1,unknown,,,,15
F01283,,industrial_area,22.571057233333338,86.47760643333334,osm,1,unknown,,,,9
F01284,,industrial_area,22.511090219999996,86.49485344,osm,1,unknown,,,,15
F01285,,industrial_area,22.555282700000003,86.4754526,osm,1,unknown,,,,3
F01286,,industrial_area,22.8040377,85.9569561,osm,1,unknown,,,,3
F01287,,industrial_area,22.791983450000004,85.85404799999999,osm,1,unknown,,,,12
F01288,,industrial_area,22.7709175,85.94493510000001,osm,1,unknown,,,,6
F01289,,industrial_area,22.777285700000004,85.9194844,osm,1,unknown,,,,3
F01290,,industrial_area,22.785451500000004,85.9002086,osm,1,unknown,,,,3
F01291,,industrial_area,22.902004700000003,86.04516589999999,osm,1,unknown,,,,3
F01292,,industrial_area,22.8880231,86.0580888,osm,1,unknown,,,,3
F01293,,industrial_area,22.630590300000005,86.1773774,osm,1,unknown,,,,3
F01294,,industrial_area,22.91201558333334,86.00284543333333,osm,1,unknown,,,,36
F01295,,industrial_area,22.942353799999996,85.9688517,osm,1,unknown,,,,3
F01296,,industrial_area,22.915256,86.05877549999998,osm,1,unknown,,,,3
F01297,,industrial_area,22.5037505,86.2238979,osm,1,unknown,,,,3
F01298,,industrial_area,22.943672299999996,86.34435896666668,osm,1,unknown,,,,9
F01299,,industrial_area,22.9867986,86.348389,osm,1,unknown,,,,3
F01300,,industrial_area,22.7667254,86.15197489999998,osm,1,unknown,,,,3
F01301,,industrial_area,22.5318597,85.77884,osm,1,unknown,,,,3
F01302,,industrial_area,24.4084165,86.9728066,osm,1,unknown,,,,3
F01303,,industrial_area,24.3287837,86.9210064,osm,1,unknown,,,,3
F01304,,industrial_area,24.268260549999997,86.99833185,osm,1,unknown,,,,6
F01305,,industrial_area,24.4644383,86.5976098,osm,1,unknown,,,,3
F01306,,industrial_area,24.3715957,86.5383949,osm,1,unknown,,,,3
F01307,,industrial_area,24.4656535,86.6373555,osm,1,unknown,,,,3
F01308,,industrial_area,22.658271799999998,86.38417729999999,osm,1,unknown,,,,6
F01309,,industrial_area,22.5885749,85.9072977,osm,1,unknown,,,,3
F01310,,industrial_area,22.5709516,85.89232020000001,osm,1,unknown,,,,3
F01311,DISPATCH OFFICE,steel,22.827340000000003,86.0879006,osm,1,unknown,,,,3
F01312,Ridhi Sidhi Iron Pvt. Ltd,industrial_area,23.7813292,86.7386343,osm,1,unknown,,,,3
F01313,,industrial_area,23.36319714,85.97982762,osm,1,unknown,,,,15
F01314,TILLAYA,power_plant,24.324816600000002,85.51982032500001,osm|wri,2,operating,4.0,MW,,4
F01315,MAITHON,power_plant,23.7871523,86.82086377499999,osm|wri,2,operating,63.2,MW,,4
F01316,,power_plant,23.7720303,85.83001659999998,osm,1,unknown,,,,3
F01317,Kumardhubi Steels Pvt Ltd,steel,23.7629957,86.7671274,osm,1,unknown,,,,3
F01318,eZee Bags,power_plant,13.059055192523362,80.17303716074774,osm,1,unknown,,,,214
F01319,vinayaga,works,12.955743799999997,80.14082417499999,osm,1,unknown,,,,32
F01320,BASIN BRIDGE GT,refinery,13.151356558928578,80.2747623321428,gem|osm|wri,3,operating,6350.0,MW,Tamil Nadu,448
F01321,Axiles India,works,12.7841937,79.6389405,osm,1,unknown,,,,2
F01322,IITM Research Park,works,12.97243001,80.24878283000001,osm,1,unknown,,,,40
F01323,Softgel Private Ltd.,works,12.8038371,80.1908713,osm,1,unknown,,,,2
F01324,Mary Timbers,works,12.9207848,80.0898349,osm,1,unknown,,,,2
F01325,Amararaja Batteries Small Batteries Division,works,13.674661633333335,79.50346286666667,osm,1,unknown,,,,6
F01326,Annai Paper and Plastic products,works,13.0348889,80.1005489,osm,1,unknown,,,,2
F01327,,works,12.834943037499999,79.893702325,osm,1,unknown,,,,16
F01328,Apollo Chennai,power_plant,12.859426117757014,79.94364550093454,osm|wri,2,operating,10.0,MW,,107
F01329,Citadel Fine Pharmaceuticals,works,12.9766446,80.220998,osm,1,unknown,,,,2
F01330,Chennai power station,power_plant,13.421122199999996,80.10444883333335,gem|osm,2,operating,1204.0,MW,Tamil Nadu,102
F01331,SANDS,works,12.8249287,80.2130512,osm,1,unknown,,,,2
F01332,Symrise Pvt Ltd,works,12.874701550000001,80.22522255,osm,1,unknown,,,,4
F01333,ILJIN AUTOMOTIVE PVT. LTD.,works,13.00944232,80.01343772615388,osm,1,unknown,,,,130
F01334,Amman TRY Spong &Power (P) LTD,works,13.84329175,79.864386,osm,1,unknown,,,,4
F01335,Eko Paper Products,works,13.187970466666668,80.11032926666667,osm,1,unknown,,,,6
F01336,Madras Export Processing Zone MEPZ,industrial_area,12.9376891,80.12131635,osm,1,unknown,,,,4
F01337,Ennore SEZ Super Critical Thermal Power Project (Vayalur),power_plant,13.285310066666668,80.31401733333333,gem|osm,2,unknown,1320.0,MW,Tamil Nadu,6
F01338,Adyar Bus Depot,industrial_area,13.0067179,80.2532777,osm,1,unknown,,,,2
F01339,,industrial_area,12.969164533333334,80.17290466666667,osm,1,unknown,,,,6
F01340,Integral Coach Factory Carriage Works - ICF Chennai,industrial_area,13.1054074,80.2250691,osm,1,unknown,,,,2
F01341,Ennore Foundries,industrial_area,13.214082020000001,80.32135029999998,osm,1,unknown,,,,10
F01342,Avadi MTC Depot,power_plant,13.128715466666668,80.09569037777777,osm,1,unknown,,,,18
F01343,,industrial_area,13.18920905,80.24461935,osm,1,unknown,,,,4
F01344,Spartek Granites,industrial_area,13.0903615,79.9932355,osm,1,unknown,,,,2
F01345,Balaji Brewery,industrial_area,13.1058438,79.9611949,osm,1,unknown,,,,2
F01346,All India Radio Station,industrial_area,13.1392008,80.128828,osm,1,unknown,,,,2
F01347,TNSTC Bus Depot,industrial_area,12.5026914,80.1531349,osm,1,unknown,,,,2
F01348,Government Civil Supplies Warehouse,industrial_area,13.0314288,80.2428116,osm,1,unknown,,,,2
F01349,Kolathur Water Works,industrial_area,13.1282922,80.2124125,osm,1,unknown,,,,2
F01350,Wipro CDC7,works,12.727512471794872,80.01559590512822,osm,1,unknown,,,,78
F01351,,industrial_area,12.9023052,80.022825,osm,1,unknown,,,,2
F01352,,industrial_area,13.0707396,80.0315493,osm,1,unknown,,,,2
F01353,,industrial_area,13.2000252,80.149293625,osm,1,unknown,,,,16
F01354,,industrial_area,13.04435545,80.0591275,osm,1,unknown,,,,8
F01355,Mobile Servicing Tower,power_plant,13.667133433333333,80.22589563333334,osm,1,unknown,,,,6
F01356,,industrial_area,12.8611079,80.0712029,osm,1,unknown,,,,2
F01357,Gold Winner Oil Company,industrial_area,12.899516925,80.183374175,osm,1,unknown,,,,8
F01358,M.A.P.P.,power_plant,12.557066333333333,80.17339653333333,osm|wri,2,operating,440.0,MW,,3
F01359,,industrial_area,13.03534726,80.17080528,osm,1,unknown,,,,10
F01360,NORTH CHENNAI,power_plant,13.25059714,80.32737408,gem|osm|wri,3,operating,4460.0,MW,Tamil Nadu,10
F01361,NTC Logistics India (P) Ltd.,industrial_area,13.036802,80.04478230000001,osm,1,unknown,,,,6
F01362,,industrial_area,13.1759747,80.1962791,osm,1,unknown,,,,4
F01363,VRV Asia Pacific Private Limited,power_plant,13.53748667719298,79.9970177964912,osm,1,unknown,,,,114
F01364,Iyyapanthangal MTC Depot,industrial_area,13.03754675,80.134845,osm,1,unknown,,,,4
F01365,Kelambakkam Bus Station,industrial_area,12.7862465,80.2220073,osm,1,unknown,,,,2
F01366,Thiruverkadu Bus Depot,industrial_area,13.0695032,80.12401,osm,1,unknown,,,,2
F01367,,industrial_area,12.7221342,80.187696,osm,1,unknown,,,,2
F01368,,industrial_area,12.8778227,79.7680654,osm,1,unknown,,,,2
F01369,,industrial_area,12.872363,79.7492675,osm,1,unknown,,,,2
F01370,,industrial_area,13.077563866666665,79.64688506666666,osm,1,unknown,,,,6
F01371,VSNL,industrial_area,13.1291185,80.16646,osm,1,unknown,,,,2
F01372,,industrial_area,13.283925239999999,80.07332416,osm,1,unknown,,,,10
F01373,,works,13.3885599,80.0210758,osm,1,unknown,,,,4
F01374,,industrial_area,13.1259518,80.016412,osm,1,unknown,,,,2
F01375,GT Food Products,industrial_area,13.26432285,80.0252269,osm,1,unknown,,,,4
F01376,Container Terminal-1 Stage-II,industrial_area,13.301330858333335,80.33871124999999,osm,1,unknown,,,,24
F01377,Sriperumbudur Industrial Park,steel,12.910833119791663,79.91057436874998,osm,1,unknown,,,,384
F01378,,industrial_area,12.988096633333333,79.89957443333333,osm,1,unknown,,,,6
F01379,TVS Delphi,industrial_area,13.022785566666666,79.91788530000001,osm,1,unknown,,,,18
F01380,Caterpillar BCP,works,13.090053385714285,79.89989335714287,osm,1,unknown,,,,14
F01381,,industrial_area,13.1248443,79.7714021,osm,1,unknown,,,,2
F01382,Thirumudivakkam SIDCO Industrial Estate,industrial_area,12.9720407,80.0897132,osm,1,unknown,,,,2
F01383,Rane TRW Steering Systems Pvt Ltd,works,12.781280004347826,80.02360672608698,osm,1,unknown,,,,92
F01384,JK Tyre & Industries Limited,power_plant,12.938741971428572,80.00246172857142,osm,1,unknown,,,,14
F01385,,industrial_area,12.777875566666665,79.86231346666666,osm,1,unknown,,,,6
F01386,,industrial_area,13.0194302,80.2634472,osm,1,unknown,,,,2
F01387,TNEB,industrial_area,13.045125,80.2658584,osm,1,unknown,,,,2
F01388,Depot,industrial_area,12.70049705,79.97856259999999,osm,1,unknown,,,,8
F01389,Cristo Blocks,industrial_area,12.56960695,80.14122465,osm,1,unknown,,,,4
F01390,Flowserve Sanmar,works,12.9212165,80.2308202,osm,1,unknown,,,,2
F01391,,industrial_area,12.76163858,79.91258074,osm,1,unknown,,,,10
F01392,,industrial_area,13.0155161,80.0818057,osm,1,unknown,,,,2
F01393,,industrial_area,13.2356943,80.1983221,osm,1,unknown,,,,2
F01394,,industrial_area,13.219122466666667,80.1649256,osm,1,unknown,,,,6
F01395,,industrial_area,13.1830311,80.1273256,osm,1,unknown,,,,2
F01396,,industrial_area,12.9562091,80.0422413,osm,1,unknown,,,,2
F01397,,industrial_area,13.0053897,80.1643009,osm,1,unknown,,,,10
F01398,Timber Cutting Yard,works,13.270331838235297,80.17186709705882,osm,1,unknown,,,,68
F01399,,industrial_area,12.875844,79.66255855,osm,1,unknown,,,,4
F01400,Ascent Wind Profiler,industrial_area,13.7172224,80.1724664,osm,1,unknown,,,,2
F01401,Telemtry and Telecommand,industrial_area,13.674385,80.1956893,osm,1,unknown,,,,2
F01402,,industrial_area,12.715311985714283,79.94369794285714,osm,1,unknown,,,,14
F01403,,industrial_area,12.697856,79.9035162,osm,1,unknown,,,,2
F01404,Sounding Rocket Launch Complex,industrial_area,13.6975539,80.2332553,osm,1,unknown,,,,2
F01405,TI Metal Forming,industrial_area,13.1259394,80.0482535,osm,1,unknown,,,,2
F01406,Nemmeli Seawater Desalination Plant,industrial_area,12.7034312,80.2251318,osm,1,unknown,,,,2
F01407,,industrial_area,13.4212687,80.3266958,osm,1,unknown,,,,1
F01408,nelcast,industrial_area,13.3064502,80.1685061,osm,1,unknown,,,,2
F01409,Mamallapuram Telephone Exchange,industrial_area,12.6218808,80.1924848,osm,1,unknown,,,,2
F01410,Solid Propellant Booster Plant,industrial_area,13.7891288,80.2009262,osm,1,unknown,,,,2
F01411,Cheyyar SEZ Developers Pvt. Ltd.,industrial_area,12.72258495,79.6607649,osm,1,unknown,,,,4
F01412,Resource Recovery Park - Sriperumbudur,industrial_area,12.9813983,79.9310424,osm,1,unknown,,,,2
F01413,ARS Metals Gummidipoondi captive power station,power_plant,13.422555188888888,80.06508852222221,gem|osm,2,operating,1398.0,MW,Tamil Nadu,18
F01414,,works,13.362959233333333,79.98916684444444,osm,1,unknown,,,,18
F01415,,industrial_area,12.8038101,80.24676400000001,osm,1,unknown,,,,4
F01416,,industrial_area,13.229852883333331,80.01367811666667,osm,1,unknown,,,,12
F01417,,industrial_area,13.2271683,80.0463109,osm,1,unknown,,,,2
F01418,,works,13.23072368125,80.09914540000001,osm,1,unknown,,,,32
F01419,,industrial_area,13.2398928,80.0549846,osm,1,unknown,,,,2
F01420,,works,13.241602325,79.90202632500001,osm,1,unknown,,,,8
F01421,,industrial_area,12.892010724999999,80.1206313,osm,1,unknown,,,,8
F01422,Varroc Polymers,industrial_area,12.804554749999998,79.9055819,osm,1,unknown,,,,4
F01423,,industrial_area,13.963124800000001,79.89423565,osm,1,unknown,,,,4
F01424,,works,13.658822991666668,79.994931525,osm,1,unknown,,,,24
F01425,,power_plant,13.62072185,79.50141554999999,osm,1,unknown,,,,4
F01426,,industrial_area,13.635394633333334,79.51292216666667,osm,1,unknown,,,,6
F01427,,industrial_area,13.7355058,80.1847674,osm,1,unknown,,,,2
F01428,Phoenix Medical Systems,works,12.955502081250003,79.98400154375003,osm,1,unknown,,,,32
F01429,,power_plant,13.584072325000001,80.03189032499999,osm,1,unknown,,,,8
F01430,CEAT Tyres,industrial_area,12.9649977,79.8153499,osm,1,unknown,,,,2
F01431,Fuchs Lubricants (India) Pvt. Ltd. Regional Office (South),industrial_area,12.951985266666668,80.18427773333333,osm,1,unknown,,,,6
F01432,,industrial_area,13.1295075,79.9361157,osm,1,unknown,,,,2
F01433,,industrial_area,13.03918305,79.84329615,osm,1,unknown,,,,4
F01434,,industrial_area,13.0144258,79.844167,osm,1,unknown,,,,2
F01435,,industrial_area,13.1525686,79.8159662,osm,1,unknown,,,,2
F01436,,industrial_area,13.0278474,79.8021904,osm,1,unknown,,,,2
F01437,,industrial_area,13.0316049,79.9617549,osm,1,unknown,,,,2
F01438,,industrial_area,13.0496273,79.9629485,osm,1,unknown,,,,2
F01439,,industrial_area,13.0148988,79.9609798,osm,1,unknown,,,,2
F01440,,industrial_area,13.477696866666667,79.96944843333334,osm,1,unknown,,,,6
F01441,,industrial_area,13.4273184,79.9907068,osm,1,unknown,,,,2
F01442,,industrial_area,13.4129378,80.0120196,osm,1,unknown,,,,2
F01443,,industrial_area,13.3934322,80.0770739,osm,1,unknown,,,,2
F01444,,industrial_area,13.3901593,80.041363,osm,1,unknown,,,,2
F01445,,industrial_area,13.38622505,80.05680179999999,osm,1,unknown,,,,4
F01446,,industrial_area,13.3767763,80.0875532,osm,1,unknown,,,,2
F01447,Gummidipoondi Suryadev power station,power_plant,13.380498562500001,80.112131625,gem|osm,2,operating,160.0,MW,Tamil Nadu,16
F01448,,power_plant,13.4051113,80.0697434,osm,1,unknown,,,,2
F01449,,industrial_area,13.4716393,80.1100489,osm,1,unknown,,,,2
F01450,Myunghwa Automotive India,power_plant,12.884687453846151,79.80520770000001,osm,1,unknown,,,,26
F01451,,industrial_area,12.8475191,79.836933,osm,1,unknown,,,,2
F01452,,industrial_area,12.6597807,79.9991812,osm,1,unknown,,,,2
F01453,,industrial_area,12.6831901,80.004103,osm,1,unknown,,,,2
F01454,,industrial_area,12.698797200000001,80.00962905,osm,1,unknown,,,,4
F01455,,industrial_area,12.7421271,79.799712,osm,1,unknown,,,,2
F01456,,industrial_area,13.1472365,79.9059113,osm,1,unknown,,,,2
F01457,,industrial_area,13.0778375,79.6119225,osm,1,unknown,,,,2
F01458,,industrial_area,13.094521366666667,79.69404453333333,osm,1,unknown,,,,6
F01459,,works,13.0669955,79.6957462,osm,1,unknown,,,,2
F01460,,industrial_area,13.13985905,79.63051025,osm,1,unknown,,,,4
F01461,,works,13.7646241,79.762265,osm,1,unknown,,,,2
F01462,,works,13.7797143,79.8055767,osm,1,unknown,,,,2
F01463,Super Auto Forge Plant 6,industrial_area,12.8659704,80.1207737,osm,1,unknown,,,,2
F01464,,works,13.3165808,80.2041425,osm,1,unknown,,,,2
F01465,,power_plant,13.2856361,79.6192483,osm,1,unknown,,,,2
F01466,Tarakeswara Textile Park,industrial_area,13.69085075,79.9978391,osm,1,unknown,,,,4
F01467,,industrial_area,13.700945449999999,80.00939355,osm,1,unknown,,,,4
F01468,,power_plant,13.5929497,79.7332874,osm,1,unknown,,,,2
F01469,,industrial_area,12.6305393,79.8299056,osm,1,unknown,,,,2
F01470,,industrial_area,12.817811650000001,79.86554805,osm,1,unknown,,,,4
F01471,,industrial_area,12.811939325000003,79.83615327499999,osm,1,unknown,,,,8
F01472,,industrial_area,13.329962049999999,80.13281475,osm,1,unknown,,,,4
F01473,,industrial_area,13.3077194,80.1479365,osm,1,unknown,,,,2
F01474,,industrial_area,13.2850351,80.1252006,osm,1,unknown,,,,2
F01475,,industrial_area,13.26969135,80.10565345,osm,1,unknown,,,,4
F01476,,industrial_area,13.8705145,79.86298,osm,1,unknown,,,,2
F01477,,industrial_area,13.8743245,79.8773471,osm,1,unknown,,,,2
F01478,APL Canpack Pvt. Ltd,industrial_area,13.7362246,79.9948648,osm,1,unknown,,,,2
F01479,"APSRTC Bus Depot , Sullurupeta",industrial_area,13.7188253,80.001427,osm,1,unknown,,,,4
F01480,,industrial_area,13.2051186,80.1235486,osm,1,unknown,,,,2
F01481,,industrial_area,13.6880467,79.5788831,osm,1,unknown,,,,2
F01482,,industrial_area,13.8754547,79.558804,osm,1,unknown,,,,2
F01483,,industrial_area,13.5923544,79.5243751,osm,1,unknown,,,,2
F01484,,industrial_area,13.6433594,79.5427644,osm,1,unknown,,,,2
F01485,,industrial_area,13.6914657,79.5115864,osm,1,unknown,,,,2
F01486,,industrial_area,12.643464866666667,80.1483196,osm,1,unknown,,,,6
F01487,ZIP Industries,industrial_area,12.6716015,79.976711,osm,1,unknown,,,,2
F01488,,industrial_area,12.6168123,79.9277983,osm,1,unknown,,,,2
F01489,,industrial_area,12.8348313,79.7050977,osm,1,unknown,,,,2
F01490,,industrial_area,13.239665,80.1787655,osm,1,unknown,,,,2
F01491,,industrial_area,12.8854252,80.2098419,osm,1,unknown,,,,2
F01492,Yanmar Engine Manufacturing Plant Chennai,works,13.34718095,80.16047635000001,osm,1,unknown,,,,4
F01493,,industrial_area,12.9420788,79.7625983,osm,1,unknown,,,,2
F01494,APM Terminals,industrial_area,13.30364125,80.21093035,osm,1,unknown,,,,4
F01495,,industrial_area,13.536011349999999,79.9555939,osm,1,unknown,,,,4
F01496,Motherson Sumi Wiring India Limited - Kuruvanmedu,works,12.777373,79.9488249,osm,1,unknown,,,,2
F01497,,industrial_area,12.7831155,80.1544425,osm,1,unknown,,,,2
F01498,,industrial_area,13.0174184,79.9854564,osm,1,unknown,,,,2
F01499,,industrial_area,12.9888719,79.9805663,osm,1,unknown,,,,2
F01500,,industrial_area,13.0573113,79.9073126,osm,1,unknown,,,,2
F01501,,industrial_area,12.8617839,80.1647665,osm,1,unknown,,,,2
F01502,,industrial_area,13.0304487,79.8666205,osm,1,unknown,,,,2
F01503,,industrial_area,12.691853566666666,80.1890641,osm,1,unknown,,,,6
F01504,Ray Mix,industrial_area,12.7722626,80.2070062,osm,1,unknown,,,,2
F01505,Hyoseong Electric India,industrial_area,13.0348633,79.9942448,osm,1,unknown,,,,2
F01506,,industrial_area,13.07687322,80.07594947999999,osm,1,unknown,,,,10
F01507,,industrial_area,13.2937818,79.5872033,osm,1,unknown,,,,2
F01508,,industrial_area,13.3029317,79.6081335,osm,1,unknown,,,,6
F01509,,power_plant,12.5982666,79.8590477,osm,1,unknown,,,,2
F01510,Electrosteel Castings Srikalahasthi Steel Plant,steel,13.718434799999999,79.62942026666667,gem|osm,2,operating,,,Andhra Pradesh,3
F01511,Natco Pharma limited,industrial_area,13.939712750000002,79.7872226,osm,1,unknown,,,,4
F01512,Jaya Hind Industries,industrial_area,12.993484725000002,79.854085125,osm,1,unknown,,,,8
F01513,,industrial_area,12.9659563,79.8526954,osm,1,unknown,,,,2
F01514,"APSRTC Bus Depot , Srikalahasti",industrial_area,13.749479000000001,79.709073,osm,1,unknown,,,,3
F01515,"APSRTC Bus Depot , Satyavedu",industrial_area,13.4414569,79.9533248,osm,1,unknown,,,,2
F01516,"APSRTC Bus Depot, Puttur",industrial_area,13.4341705,79.5522608,osm,1,unknown,,,,2
F01517,"APSRTC Bus Depot , Venkatagiri",industrial_area,13.9451361,79.5931469,osm,1,unknown,,,,2
F01518,Somic ZF,industrial_area,12.896774279999999,79.88110465999999,osm,1,unknown,,,,10
F01519,"ஆம்னி பேருந்து நிறுத்தம், முடிச்சூர்",industrial_area,12.9089215,80.0736554,osm,1,unknown,,,,2
F01520,Continental Coffee Limited,industrial_area,13.7015392,79.9476138,osm,1,unknown,,,,2
F01521,,power_plant,13.6683245,79.7120802,osm,1,unknown,,,,2
F01522,,industrial_area,13.7114373,79.829608,osm,1,unknown,,,,2
F01523,MAHUL REFINERY,refinery,19.090683834118618,72.89494378326555,gem|osm|wri,3,operating,3306.2,MW,Maharashtra,1231
F01524,THANE PLANT,power_plant,19.079122173387095,73.0220284387097,osm|wri,2,operating,22.5,MW,,124
F01525,Time Mauser Industries,works,18.7324258,73.1304652,osm,1,unknown,,,,3
F01526,Baldev Engineering,works,19.1675987,73.4461913,osm,1,unknown,,,,3
F01527,Vortex Baruffaldi Private Limited,works,19.20730071428572,73.10424545714287,osm,1,unknown,,,,63
F01528,Badlapur MIDC,industrial_area,19.1536887,73.2411009,osm,1,unknown,,,,3
F01529,DMC Mills,industrial_area,19.181992537499998,73.19463488125002,osm,1,unknown,,,,48
F01530,DIGHE WORKS,steel,19.170539046808514,72.99803076914894,osm|wri,2,operating,22.0,MW,,94
F01531,FCI,industrial_area,19.208952039999996,72.83783678666666,osm,1,unknown,,,,45
F01532,Bhabha Atomic Research Centre - BARC,industrial_area,19.0212281,72.9326708,osm,1,unknown,,,,3
F01533,Jawaharlal Nehru Port,industrial_area,18.9447587,72.9470922,osm,1,unknown,,,,3
F01534,JNPT,works,18.92048781171171,72.97026784144147,osm,1,unknown,,,,333
F01535,URAN ONGC,power_plant,18.86555255,72.929162525,osm|wri,2,operating,62.6,MW,,4
F01536,URAN GT,power_plant,18.894001950943395,72.99777561320755,gem|osm|wri,3,operating,1344.0,MW,Maharashtra,53
F01537,Maharashtra Industrial Development Centre - MIDC Taloja,steel,19.07678030569106,73.12901720325205,osm,1,unknown,,,,369
F01538,BSNL Telecom Factory Deonar,industrial_area,19.055982156521733,72.92003126086954,osm,1,unknown,,,,69
F01539,DOLVI ISPAT,steel,18.688115666666665,73.04468646111111,gem|osm|wri,3,operating,67.6,MW,Maharashtra,18
F01540,THAL WORKS,power_plant,18.700695013636366,72.87138329999999,osm|wri,2,operating,30.0,MW,,22
F01541,MUMBAI JINDAL,steel,18.530773633333336,72.94686685,gem|osm|wri,3,operating,25.2,MW,Maharashtra,6
F01542,,industrial_area,18.833787,73.3644874,osm,1,unknown,,,,3
F01543,Times Of India Press,industrial_area,19.1987108,72.86569184999999,osm,1,unknown,,,,6
F01544,Larsen and Toubro,industrial_area,19.1434607,72.7980578,osm,1,unknown,,,,9
F01545,LEON LABELS PVT LTD,works,19.27443130106383,73.0417085882979,osm,1,unknown,,,,94
F01546,,industrial_area,19.2548787,73.0141804,osm,1,unknown,,,,3
F01547,,works,19.4942058,73.33499663750001,osm,1,unknown,,,,24
F01548,,industrial_area,18.9144242,73.2967461,osm,1,unknown,,,,3
F01549,Tata Steel,steel,18.796772591304343,73.29090169565215,osm,1,unknown,,,,138
F01550,,industrial_area,18.8432784,73.0787791,osm,1,unknown,,,,3
F01551,,industrial_area,19.11163946666667,72.8343283,osm,1,unknown,,,,9
F01552,Century Rayon,industrial_area,19.245836211111108,73.1518571888889,osm,1,unknown,,,,27
F01553,,industrial_area,19.337819083333343,73.15713724666668,osm,1,unknown,,,,90
F01554,,industrial_area,19.2866903375,73.10172399999999,osm,1,unknown,,,,24
F01555,,industrial_area,19.2267176,73.068113,osm,1,unknown,,,,3
F01556,,industrial_area,19.2471891,73.2489994,osm,1,unknown,,,,3
F01557,,industrial_area,19.27323428,73.17959465999999,osm,1,unknown,,,,15
F01558,,industrial_area,19.262091,73.1947945,osm,1,unknown,,,,3
F01559,,works,19.441102299999997,73.29976496666666,osm,1,unknown,,,,9
F01560,,works,19.26148867647059,73.09888665882352,osm,1,unknown,,,,51
F01561,MIDC,works,19.27056533478261,73.39500246086956,osm,1,unknown,,,,69
F01562,,works,19.332146342857147,73.1098683,osm,1,unknown,,,,21
F01563,,industrial_area,19.4502535,73.3496744,osm,1,unknown,,,,3
F01564,Sassoon Docks,power_plant,18.916801471428567,72.82368095714287,osm,1,unknown,,,,21
F01565,MAK Company,industrial_area,19.1812892,73.0218974,osm,1,unknown,,,,3
F01566,,industrial_area,19.0143997,73.4231679,osm,1,unknown,,,,3
F01567,KHOPOLI WORKS,steel,18.77898978761905,73.26191161714286,gem|osm|wri,3,operating,120.0,MW,Maharashtra,21
F01568,,industrial_area,19.09898772857143,73.07585634285714,osm,1,unknown,,,,21
F01569,,works,19.319362899999998,73.08439662500001,osm,1,unknown,,,,12
F01570,,industrial_area,19.1344459,73.4169266,osm,1,unknown,,,,3
F01571,Essel Studios,industrial_area,19.039979400000004,72.9473524,osm,1,unknown,,,,6
F01572,Loha Ispat Limited,steel,18.7682919,73.2116968,osm,1,unknown,,,,3
F01573,,industrial_area,19.4848776,72.9662033,osm,1,unknown,,,,3
F01574,,industrial_area,19.21652175,73.17527790000001,osm,1,unknown,,,,6
F01575,Oil Refinery,refinery,19.021792379166666,73.0425623875,osm,1,unknown,,,,72
F01576,,works,18.748543871428573,73.42192677142856,osm,1,unknown,,,,21
F01577,,industrial_area,18.955616399999997,73.15851638,osm,1,unknown,,,,15
F01578,,industrial_area,18.8843407,73.0483157,osm,1,unknown,,,,3
F01579,Depot,industrial_area,19.4167568,72.8178683,osm,1,unknown,,,,3
F01580,,industrial_area,19.4669804,72.8176698,osm,1,unknown,,,,3
F01581,Santacruz BEST Bus Depot,works,19.09066764,72.84381782,osm,1,unknown,,,,15
F01582,,industrial_area,19.1432602,73.291651,osm,1,unknown,,,,3
F01583,,works,18.939066978125002,73.043444003125,osm,1,unknown,,,,96
F01584,Kapadia Compound,industrial_area,19.281073848888887,72.88261145999999,osm,1,unknown,,,,135
F01585,,industrial_area,18.9609034,72.9016438,osm,1,unknown,,,,6
F01586,Everlast Composites Pvt. Ltd.,works,19.412780963636365,72.8667974909091,osm,1,unknown,,,,66
F01587,NAGOTHANE COMPLEX,power_plant,18.868636359708738,73.17936625922327,osm|wri,2,operating,144.9,MW,,206
F01588,,industrial_area,19.26198055,73.07293965,osm,1,unknown,,,,6
F01589,,industrial_area,19.289132900000002,73.07433843333334,osm,1,unknown,,,,9
F01590,,industrial_area,19.22863505,73.01251355,osm,1,unknown,,,,6
F01591,,industrial_area,19.2880411,73.2109809,osm,1,unknown,,,,3
F01592,,works,19.165801575,73.122813125,osm,1,unknown,,,,12
F01593,,industrial_area,19.1488018,73.0846227,osm,1,unknown,,,,3
F01594,Panvel Bus Depot,industrial_area,18.992126525,73.1134074,osm,1,unknown,,,,12
F01595,Navi Mumbai Special Economic Zone,industrial_area,18.9767985,73.0146976,osm,1,unknown,,,,3
F01596,Ghansoli Bus Depot,industrial_area,19.1217326,72.9917361,osm,1,unknown,,,,3
F01597,KHOPOLI,steel,18.791944951612905,73.34500248709675,osm|wri,2,operating,72.0,MW,,31
F01598,,industrial_area,19.497492833333336,73.09047076666667,osm,1,unknown,,,,9
F01599,Anand Nagar Bus Depot,industrial_area,19.2662049,72.9690685,osm,1,unknown,,,,3
F01600,All Cargo Global Logistics,industrial_area,18.97033695,73.1351844,osm,1,unknown,,,,6
F01601,,works,19.336846920000003,72.8921928,osm,1,unknown,,,,15
F01602,,industrial_area,19.371835845454545,72.89963809999999,osm,1,unknown,,,,33
F01603,,industrial_area,19.341870399999998,72.9206997,osm,1,unknown,,,,9
F01604,,industrial_area,19.33443465,72.95803384999999,osm,1,unknown,,,,6
F01605,,industrial_area,19.3494476,72.9694104,osm,1,unknown,,,,3
F01606,,industrial_area,18.92045275,73.12594015,osm,1,unknown,,,,6
F01607,,industrial_area,18.904882999999998,73.158418975,osm,1,unknown,,,,12
F01608,,works,18.848499533333335,73.10692656666667,osm,1,unknown,,,,9
F01609,Dharamtar Port,industrial_area,18.7086018,73.03717726666667,osm,1,unknown,,,,9
F01610,,industrial_area,18.51965805,73.1382756,osm,1,unknown,,,,6
F01611,Reliance Industries Ltd,power_plant,18.554630366666665,73.11526959999999,osm,1,unknown,,,,9
F01612,Karanja Port,industrial_area,18.8506754,72.967797,osm,1,unknown,,,,3
F01613,,works,19.40300115,73.25834280000001,osm,1,unknown,,,,6
F01614,,works,19.3919654,73.2753606,osm,1,unknown,,,,3
F01615,,industrial_area,19.4177977,73.2600573,osm,1,unknown,,,,3
F01616,,industrial_area,19.3979628,73.2396076,osm,1,unknown,,,,3
F01617,,industrial_area,19.1079518,73.2994616,osm,1,unknown,,,,3
F01618,,industrial_area,18.7648194,73.1787135,osm,1,unknown,,,,3
F01619,,works,18.6749434,73.0024222,osm,1,unknown,,,,6
F01620,,industrial_area,19.125416350000002,73.05567959999999,osm,1,unknown,,,,6
F01621,,industrial_area,19.01255365,73.3793606,osm,1,unknown,,,,6
F01622,BHIVPURI,power_plant,18.9367541,73.452274675,osm|wri,2,operating,75.0,MW,,4
F01623,,industrial_area,19.0323426,73.4443599,osm,1,unknown,,,,3
F01624,,industrial_area,18.86443092,73.01440078000002,osm,1,unknown,,,,45
F01625,,industrial_area,18.8333316,73.3164508,osm,1,unknown,,,,3
F01626,,industrial_area,18.9756754,73.1940522,osm,1,unknown,,,,3
F01627,,industrial_area,18.8649404,73.2734817,osm,1,unknown,,,,3
F01628,,industrial_area,18.901826500000002,73.23096310000001,osm,1,unknown,,,,15
F01629,,industrial_area,19.2421959,73.197305,osm,1,unknown,,,,3
F01630,,industrial_area,19.4432034,72.8724534,osm,1,unknown,,,,3
F01631,,industrial_area,19.3141568,73.1759512,osm,1,unknown,,,,3
F01632,,industrial_area,19.0562896,72.9605528,osm,1,unknown,,,,3
F01633,Kavesar Casting Yard,industrial_area,19.259753233333335,72.98921779999999,osm,1,unknown,,,,9
F01634,Jacobs barn,industrial_area,19.3874651,72.8285648,osm,1,unknown,,,,3
F01635,,industrial_area,19.2602779,73.1386323,osm,1,unknown,,,,3
F01636,substation towers,power_plant,19.2146046,72.8804662,osm,1,unknown,,,,3
F01637,PAWANA,power_plant,18.681414999999998,73.494779,osm|wri,2,operating,10.0,MW,,4
F01638,,industrial_area,19.2442532,72.84415465000001,osm,1,unknown,,,,6
F01639,,power_plant,18.8210646,73.3943472,osm,1,unknown,,,,3
F01640,,industrial_area,19.272413,72.913195,osm,1,unknown,,,,3
F01641,,industrial_area,19.2871116,72.7885979,osm,1,unknown,,,,3
F01642,,industrial_area,19.2629456,72.8518268,osm,1,unknown,,,,3
F01643,Rubber Art Industry,industrial_area,19.3683364,72.7911934,osm,1,unknown,,,,3
F01644,,power_plant,18.7323441,73.3633114,osm,1,unknown,,,,3
F01645,,works,18.719550766666668,72.90606103333333,osm,1,unknown,,,,9
F01646,,industrial_area,19.1315076,73.1637446,osm,1,unknown,,,,3
F01647,,industrial_area,19.283874349999998,72.9388779,osm,1,unknown,,,,6
F01648,,industrial_area,19.0687504,73.0733269,osm,1,unknown,,,,3
F01649,,industrial_area,19.3788919,73.20673224999999,osm,1,unknown,,,,6
F01650,,industrial_area,19.0702554,73.0554127,osm,1,unknown,,,,3
F01651,,industrial_area,19.1272072,73.1128549,osm,1,unknown,,,,3
F01652,,industrial_area,18.7358574,73.0932158,osm,1,unknown,,,,3
F01653,,industrial_area,18.6627788,73.0695373,osm,1,unknown,,,,3
F01654,,industrial_area,18.6046215,72.96730215,osm,1,unknown,,,,6
F01655,,power_plant,19.2262876,72.8056392,osm,1,unknown,,,,3
F01656,"Pasupati Agrovet Pvt Ltd, Plant 3",works,20.5542086,85.9910044,osm,1,unknown,,,,3
F01657,,industrial_area,20.92188695,85.1647954,osm,1,unknown,,,,6
F01658,NALCO,industrial_area,20.8286502,85.1578666,osm,1,unknown,,,,3
F01659,Angul Smelter power station,smelter,20.8531792,85.1937858,osm,1,unknown,,,,3
F01660,JSW BPSL Odisha steel plant,steel,21.76318735,84.02215685,gem|osm,2,operating,2750.0,ttpa,Odisha,6
F01661,Gadodia Limes,works,22.200267566666668,84.58768130000001,osm,1,unknown,,,,9
F01662,,industrial_area,21.1202767,85.9218664,osm,1,unknown,,,,3
F01663,Choudwar power station,power_plant,20.532632685714283,85.91408998571428,gem|osm,2,operating,258.0,MW,Odisha,14
F01664,,power_plant,22.223538900000005,84.84873025,osm,1,unknown,,,,6
F01665,,industrial_area,22.231449799999996,84.8251574,osm,1,unknown,,,,3
F01666,,industrial_area,22.2340992,84.8108648,osm,1,unknown,,,,3
F01667,,industrial_area,22.1988455,84.842942,osm,1,unknown,,,,3
F01668,,industrial_area,22.136608,84.8857589,osm,1,unknown,,,,3
F01669,TALCHER STPS,power_plant,21.093690336842112,85.07815360526315,gem|osm|wri,3,operating,7610.0,MW,Odisha,19
F01670,,industrial_area,22.069992599999996,84.9142359,osm,1,unknown,,,,3
F01671,STERLITE TPP,power_plant,21.816001874999998,84.0407966125,gem|osm|wri,3,operating,3000.0,MW,Odisha,8
F01672,Tata Steel BSL Dhenkanal plant,steel,20.8000331,85.26082505,gem|osm,2,operating,5510.0,ttpa,Odisha,6
F01673,Kharagprasad power station,power_plant,20.81686537272727,85.2826253909091,gem|osm,2,operating,94.0,MW,Odisha,11
F01674,,industrial_area,22.013119266666667,85.42901669999999,osm,1,unknown,,,,9
F01675,,industrial_area,20.5296327,85.9471698,osm,1,unknown,,,,3
F01676,Purvi Bharat Coal Products Private Limited,industrial_area,20.5166718,85.83101470000001,osm,1,unknown,,,,3
F01677,IDCOL Kalinga Ironworks LTD. (IKIWL),industrial_area,22.0975222,85.35828545714287,osm,1,unknown,,,,21
F01678,Maadurga Thermal power station,power_plant,20.574417,86.0195999625,gem|osm,2,operating,60.0,MW,Odisha,8
F01679,RENGALI,power_plant,21.275639225,85.03527927500001,osm|wri,2,operating,250.0,MW,,4
F01680,Batch Plant,industrial_area,20.796127900000002,86.03577573333332,osm,1,unknown,,,,9
F01681,Duburi Steel power station,steel,20.958424921428566,86.05285061785715,gem|osm,2,operating,250.0,MW,Odisha,28
F01682,Malibrahmani power station,power_plant,20.92368755,84.990359,gem|osm,2,unknown,1710.0,MW,Odisha,6
F01683,TALCHER,power_plant,20.911477083333327,85.20748196666666,gem|osm|wri,3,operating,2240.0,MW,Odisha,12
F01684,Kalta Mines Office,industrial_area,21.966094,85.2154632,osm,1,unknown,,,,3
F01685,,industrial_area,20.8173541,86.05243,osm,1,unknown,,,,3
F01686,,industrial_area,20.8208282,86.038181,osm,1,unknown,,,,3
F01687,,industrial_area,20.8230814,86.0840804,osm,1,unknown,,,,3
F01688,,industrial_area,20.7736463,86.0602861,osm,1,unknown,,,,3
F01689,DERANG,power_plant,21.1281375625,84.9847292875,gem|osm|wri,3,operating,4520.0,MW,Odisha,8
F01690,Tata Steel Kalinganagar steel plant,steel,20.97183405,86.00742843750001,gem|osm,2,operating,5000.0,ttpa,Odisha,8
F01691,,industrial_area,20.937402733333332,86.16551273333333,osm,1,unknown,,,,9
F01692,,industrial_area,20.9515199,86.13672479999998,osm,1,unknown,,,,3
F01693,Aditya Aluminium power station,smelter,21.739631,84.05870626000001,gem|osm,2,operating,900.0,MW,Odisha,15
F01694,Meramandali power station,power_plant,20.807275414285716,85.25502467142857,gem|osm,2,operating,741.0,MW,Odisha,7
F01695,KAMALANGA,power_plant,20.868501575,85.2663735375,gem|osm|wri,3,operating,2450.0,MW,Odisha,8
F01696,,power_plant,22.1524613,85.5054941,osm,1,unknown,,,,6
F01697,ACC Cement Ltd.,cement,22.42433,85.754294,osm,1,unknown,,,,3
F01698,Jharsuguda CPP power station,power_plant,21.78778305,84.05465049999998,gem|osm,2,operating,1215.0,MW,Odisha,12
F01699,Vedanta Aluminium,smelter,21.8044683,84.0478007,osm,1,unknown,,,,3
F01700,Angul Steel power station,steel,20.888983433333337,84.98851343333335,gem|osm,2,operating,810.0,MW,Odisha,18
F01701,Cuttack Works power station,steel,20.515670835,85.72340173750001,gem|osm,2,operating,110.0,MW,Odisha,8
F01702,Shri Mahavir Ferro Alloys Pvt. Ltd.,industrial_area,22.226923866666667,84.76179581666666,osm,1,unknown,,,,18
F01703,Neelachal Ispat Nigam steel plant,steel,20.9987706,86.01943504999998,gem|osm,2,operating,5500.0,ttpa,Odisha,6
F01704,,power_plant,21.893873749999997,84.0959349,osm,1,unknown,,,,6
F01705,,industrial_area,22.234635100000002,84.62676825,osm,1,unknown,,,,6
F01706,,industrial_area,22.2362986,84.6559453,osm,1,unknown,,,,3
F01707,,industrial_area,22.220238,84.6614761,osm,1,unknown,,,,3
F01708,,industrial_area,22.099199600000002,84.3752468,osm,1,unknown,,,,3
F01709,,industrial_area,22.3116591,84.7658461,osm,1,unknown,,,,3
F01710,,industrial_area,22.2217741,84.6967384,osm,1,unknown,,,,3
F01711,Jai Balaji Jyoti Steels Odisha plant,steel,22.08531328,84.86084364000001,gem|osm,2,operating,330.0,ttpa,Odisha,5
F01712,,industrial_area,21.9690765,85.3171527,osm,1,unknown,,,,3
F01713,,industrial_area,21.995943300000004,85.3038704,osm,1,unknown,,,,3
F01714,,industrial_area,21.9940184,85.3259718,osm,1,unknown,,,,3
F01715,,industrial_area,21.80066664,84.93256472000002,osm,1,unknown,,,,15
F01716,,industrial_area,21.838023933333336,84.92934283333334,osm,1,unknown,,,,9
F01717,,industrial_area,22.0494727,85.3650194,osm,1,unknown,,,,3
F01718,,industrial_area,22.0896214,85.4733592,osm,1,unknown,,,,3
F01719,,industrial_area,22.1685011,85.4376778,osm,1,unknown,,,,3
F01720,Rungta Kamanda power station,power_plant,21.9289533,85.2235114,osm,1,unknown,,,,3
F01721,,industrial_area,20.6880062,86.1095955,osm,1,unknown,,,,3
F01722,,industrial_area,21.8336965,84.1365006,osm,1,unknown,,,,3
F01723,,works,21.806997500000005,84.0639208,osm,1,unknown,,,,3
F01724,,industrial_area,20.5302394,85.8776701,osm,1,unknown,,,,3
F01725,,industrial_area,20.9840254,85.2756804,osm,1,unknown,,,,3
F01726,Rourkela Works-2 power station,power_plant,22.2213871,84.87962384999999,gem|osm,2,operating,370.0,MW,Odisha,6
F01727,,industrial_area,20.959367,85.2107166,osm,1,unknown,,,,3
F01728,,industrial_area,20.9135069,85.1059556,osm,1,unknown,,,,3
F01729,,industrial_area,21.5192875,84.8517626,osm,1,unknown,,,,3
F01730,,industrial_area,21.849390100000004,85.4117274,osm,1,unknown,,,,3
F01731,Randia power station,power_plant,21.066408000000003,86.45580636000001,gem|osm,2,operating,100.0,MW,Odisha,5
F01732,Rengali Bhushan power station,steel,21.677260407692305,84.04198009999998,gem|osm,2,operating,360.0,MW,Odisha,13
F01733,,industrial_area,21.6972636,84.0330666,osm,1,unknown,,,,3
F01734,Aryan Ispat,steel,21.7156672,84.0420114,osm,1,unknown,,,,3
F01735,,power_plant,21.7209534,84.04826,osm,1,unknown,,,,3
F01736,,industrial_area,21.8219423,83.9956863,osm,1,unknown,,,,3
F01737,,industrial_area,22.1076162,85.2706395,osm,1,unknown,,,,3
F01738,,industrial_area,22.023788949999997,84.9142142,osm,1,unknown,,,,6
F01739,,industrial_area,21.8398698,85.4333621,osm,1,unknown,,,,3
F01740,,industrial_area,22.0485231,85.2891183,osm,1,unknown,,,,3
F01741,Barbil Jagannath power station,power_plant,22.133188607142852,85.38130492428571,gem|osm,2,operating,30.0,MW,Odisha,7
F01742,,industrial_area,22.102662999999996,85.3255239,osm,1,unknown,,,,3
F01743,Rungta Mines Karakhendra Steel Plant,steel,22.136468442857144,85.41625764285713,gem|osm,2,unknown,681.0,ttpa,Odisha,7
F01744,KAro Pump House,industrial_area,22.0639564,85.3111289,osm,1,unknown,,,,3
F01745,Nandira,industrial_area,20.9274545,85.1244897,osm,1,unknown,,,,3
F01746,Solar Plant - Kapilas Cement Works,cement,20.62477875,86.0129498,osm,1,unknown,,,,6
F01747,,industrial_area,22.0682801,85.25912755,osm,1,unknown,,,,6
F01748,,industrial_area,22.1577688,85.38912039999998,osm,1,unknown,,,,3
F01749,,power_plant,22.0354966,84.2700547,osm,1,unknown,,,,3
F01750,,power_plant,21.5399652,84.9533674,osm,1,unknown,,,,3
F01751,,industrial_area,20.5691984,85.7628954,osm,1,unknown,,,,3
F01752,Ultratech Cement Company,cement,20.5671935,85.7805263,osm,1,unknown,,,,3
F01753,,industrial_area,22.4356909,84.9085128,osm,1,unknown,,,,3
F01754,,industrial_area,22.4492493,84.9041498,osm,1,unknown,,,,3
F01755,,industrial_area,21.4504574,84.1644171,osm,1,unknown,,,,3
F01756,,industrial_area,21.5487633,84.1227382,osm,1,unknown,,,,3
F01757,,industrial_area,20.9405288,85.1520038,osm,1,unknown,,,,3
F01758,,industrial_area,21.982234200000004,85.2227711,osm,1,unknown,,,,3
F01759,,industrial_area,22.2730258,84.9238826,osm,1,unknown,,,,3
F01760,,industrial_area,22.2704516,84.94612275,osm,1,unknown,,,,6
F01761,,industrial_area,22.250092,84.9859254,osm,1,unknown,,,,3
F01762,,industrial_area,22.213927300000005,84.5341811,osm,1,unknown,,,,3
F01763,,industrial_area,22.2098649,84.5505345,osm,1,unknown,,,,3
F01764,Kalinganagar Maithan power station,steel,20.926612457142856,86.03700072142856,gem|osm,2,operating,30.0,MW,Odisha,14
F01765,Rengali Bhushan Power Plant,power_plant,21.770512,84.018183,osm,1,unknown,,,,3
F01766,,industrial_area,20.8923611,85.8859286,osm,1,unknown,,,,3
F01767,,power_plant,20.6233139,86.0232117,osm,1,unknown,,,,6
F01768,,power_plant,20.5969227,86.0111166,osm,1,unknown,,,,3
F01769,,power_plant,20.7412352,84.2914549,osm,1,unknown,,,,3
F01770,,power_plant,20.7451898,84.3116333,osm,1,unknown,,,,3
F01771,,industrial_area,22.087736249999995,86.11508309999999,osm,1,unknown,,,,6
F01772,,industrial_area,21.1025179,85.8520737,osm,1,unknown,,,,3
F01773,,power_plant,20.9787925,86.0156215,osm,1,unknown,,,,3
F01774,Swastik Metal Industries,works,22.0123157,82.9523105,osm,1,unknown,,,,2
F01775,chandu paplu mixture factory,works,20.811061,82.2088839,osm,1,unknown,,,,2
F01776,SAIL Bhilai steel plant,steel,21.184749000000004,81.39160325714286,gem|osm,2,operating,4000.0,ttpa,Chhattisgarh,7
F01777,,power_plant,21.498121366666666,81.79017343333334,osm,1,unknown,,,,6
F01778,Ambuja Cements Limited power station,power_plant,21.671699333333333,82.08403466666665,gem|osm,2,operating,33.0,MW,Chhattisgarh,3
F01779,JSPL Chhattisgarh steel plant,steel,21.9251178,83.34752205,gem|osm,2,operating,8100.0,ttpa,Chhattisgarh,4
F01780,,industrial_area,21.22498375,81.78305664999999,osm,1,unknown,,,,4
F01781,,industrial_area,21.555961250000003,81.80112795,osm,1,unknown,,,,4
F01782,ACC Jamul,power_plant,21.238015819999994,81.38917975999998,osm,1,unknown,,,,20
F01783,,industrial_area,21.3737595,81.416192,osm,1,unknown,,,,2
F01784,,industrial_area,21.1537848,81.34265869999999,osm,1,unknown,,,,4
F01785,Bharat Aluminium,smelter,22.3931039,82.7354624,osm,1,unknown,,,,2
F01786,,industrial_area,22.3441781,82.7165829,osm,1,unknown,,,,2
F01787,RAIGARH TPP,steel,21.98576668,83.23331844000002,gem|osm|wri,3,operating,1261.5,MW,Chhattisgarh,10
F01788,BHILAI TPP,power_plant,21.184763890909093,81.42381350909092,gem|osm|wri,3,operating,2060.0,MW,Chhattisgarh,11
F01789,Raipur Substation,industrial_area,21.2438204,81.4883606,osm,1,unknown,,,,2
F01790,MARWA TPP,power_plant,22.07061656,82.60344556,gem|osm|wri,3,operating,2000.0,MW,Chhattisgarh,5
F01791,PATHADI TPS PH -I,power_plant,22.241558422222226,82.72304933333334,gem|osm|wri,3,operating,4120.0,MW,Chhattisgarh,9
F01792,AKALTARA TPP,power_plant,21.96060926666667,82.4100048,gem|osm|wri,3,operating,5400.0,MW,Chhattisgarh,9
F01793,KORBA-EAST,power_plant,22.393886017391306,82.70365754782605,gem|osm|wri,3,operating,5830.0,MW,Chhattisgarh,23
F01794,KORBA STPS,power_plant,22.38870636666667,82.68155905,gem|osm|wri,3,operating,5200.0,MW,Chhattisgarh,12
F01795,CHAKABURA TPP,power_plant,22.39108216,82.55414814000001,gem|osm|wri,3,operating,660.0,MW,Chhattisgarh,10
F01796,AVANTHA BHANDAR TPP,power_plant,21.745422325,83.275284325,gem|osm|wri,3,operating,4400.0,MW,Chhattisgarh,8
F01797,BARADARHA TPP,power_plant,21.91016104,83.18981388,gem|osm|wri,3,operating,2400.0,MW,Chhattisgarh,5
F01798,,power_plant,22.4871421,82.6266652,osm,1,unknown,,,,2
F01799,SALORA,power_plant,22.489964511111108,82.6061609111111,gem|osm|wri,3,operating,2030.0,MW,Chhattisgarh,9
F01800,SIPAT STPS,power_plant,22.13091208888889,82.29076977777778,gem|osm|wri,3,operating,6760.0,MW,Chhattisgarh,9
F01801,Singhal Forestry,power_plant,21.3202503,83.0380851,osm,1,unknown,,,,2
F01802,Sirgitti Industrial Area,industrial_area,22.04499885,82.13343185,osm,1,unknown,,,,4
F01803,Prakash Industries steel plant,steel,22.004816266666666,82.671463,gem|osm,2,operating,1250.0,ttpa,Chhattisgarh,3
F01804,UCHPINDA TPP,power_plant,21.886412857142858,83.12084417142857,gem|osm|wri,3,operating,2880.0,MW,Chhattisgarh,7
F01805,Athena Chhattisgarh power station,power_plant,21.90689466666667,83.12916473333334,gem|osm,2,operating,1800.0,MW,Chhattisgarh,6
F01806,Shri Bajrang Power & Ispat Tilda Steel Plant,steel,21.486116000000003,81.7708061,gem|osm,2,operating,500.0,ttpa,Chhattisgarh,4
F01807,,industrial_area,21.5614719,81.7564487,osm,1,unknown,,,,2
F01808,,industrial_area,21.7304063,82.2137084,osm,1,unknown,,,,2
F01809,,power_plant,21.1520433,81.1738709,osm,1,unknown,,,,4
F01810,Bhilai Jaypee Cement Ltd.,cement,21.184364,81.3620341,osm,1,unknown,,,,2
F01811,RAIKHEDA,power_plant,21.450326628571425,81.8538466857143,gem|osm|wri,3,operating,4340.0,MW,Chhattisgarh,7
F01812,BINJKOTE,power_plant,22.011376000000006,83.205417,gem|osm|wri,3,operating,1800.0,MW,Chhattisgarh,7
F01813,TAMNAR TPP,power_plant,22.09983523636364,83.45111763636365,gem|osm|wri,3,operating,5800.0,MW,Chhattisgarh,11
F01814,Raigarh TRN Energy Power Plant,power_plant,22.1327071,83.262776,osm,1,unknown,,,,2
F01815,LARA,power_plant,21.757356819999995,83.45583437999998,gem|osm|wri,3,operating,6400.0,MW,Chhattisgarh,10
F01816,,industrial_area,21.29447025,81.61632614999999,osm,1,unknown,,,,4
F01817,,industrial_area,21.2934505,81.5958155,osm,1,unknown,,,,2
F01818,,industrial_area,21.31507035,81.58616334999999,osm,1,unknown,,,,4
F01819,,power_plant,21.2805808,81.58239565,osm,1,unknown,,,,4
F01820,,industrial_area,20.843065033333335,81.72042563333333,osm,1,unknown,,,,6
F01821,Sadeipali - ASPL Solar Power Plant,power_plant,20.732006124999998,83.461066425,osm|wri,2,operating,6.0,MW,,8
F01822,Solar Plant,power_plant,21.159029150000002,81.80023560000001,osm,1,unknown,,,,4
F01823,BNC Mill (abandoned),industrial_area,21.1022781,81.0259007,osm,1,unknown,,,,2
F01824,,industrial_area,22.02525715,83.30702155,osm,1,unknown,,,,4
F01825,,industrial_area,22.0598514,83.3401307,osm,1,unknown,,,,2
F01826,BANDAKHAR TPP,power_plant,22.3417174,82.43216875,gem|osm|wri,3,operating,600.0,MW,Chhattisgarh,4
F01827,BALCO Korba power station,power_plant,22.396944711111114,82.74189583333333,gem|osm,2,operating,2010.0,MW,Chhattisgarh,18
F01828,RATIJA TPP,power_plant,22.340283520000003,82.49391456,gem|osm|wri,3,operating,200.0,MW,Chhattisgarh,5
F01829,SVPL,power_plant,22.29322328,82.52636079999999,gem|osm|wri,3,operating,426.0,MW,Chhattisgarh,5
F01830,Raipur Diesel Locomotive Shed,industrial_area,21.2766103,81.6500151,osm,1,unknown,,,,2
F01831,Raipur Wagon Repairs,industrial_area,21.2891943,81.662196,osm,1,unknown,,,,2
F01832,JK Lakshmi Cement Ltd.,cement,21.36968205,81.44713089999999,osm,1,unknown,,,,4
F01833,,industrial_area,21.2417332,81.5103361,osm,1,unknown,,,,2
F01834,,industrial_area,21.1471257,82.0301142,osm,1,unknown,,,,2
F01835,Kedia Castle Dellon Distilleries Ltd,industrial_area,21.2783753,81.5319855,osm,1,unknown,,,,2
F01836,,industrial_area,22.3864867,82.5962743,osm,1,unknown,,,,2
F01837,,power_plant,21.5461445,81.9526322,osm,1,unknown,,,,6
F01838,,power_plant,21.569819449999997,82.02346275,osm,1,unknown,,,,4
F01839,,industrial_area,20.7109972,83.2515351,osm,1,unknown,,,,2
F01840,mow  mowamart timbertimbrr Haryanaharyanshri shri haryahary shri,industrial_area,21.2652898,81.664244,osm,1,unknown,,,,2
F01841,,industrial_area,21.314831833333333,81.64075170000001,osm,1,unknown,,,,6
F01842,,industrial_area,21.3990232,81.8519425,osm,1,unknown,,,,2
F01843,,industrial_area,22.0905361,82.65918819999999,osm,1,unknown,,,,4
F01844,,industrial_area,22.449983,82.6505005,osm,1,unknown,,,,2
F01845,,industrial_area,21.9983308,82.5179994,osm,1,unknown,,,,2
F01846,Arasmeta Cement Plant,cement,21.9690218,82.3509246,osm,1,unknown,,,,2
F01847,Arasmeta Cement Plant power station,power_plant,21.962514489999997,82.354781195,gem|osm,2,operating,86.0,MW,Chhattisgarh,4
F01848,,industrial_area,22.0011011,82.4090051,osm,1,unknown,,,,2
F01849,,industrial_area,21.7893745,82.2360071,osm,1,unknown,,,,2
F01850,,industrial_area,21.9738225,83.143394,osm,1,unknown,,,,2
F01851,,industrial_area,21.3742607,81.6491139,osm,1,unknown,,,,2
F01852,Raipur Neco power station,steel,21.357144924347825,81.68559979000001,gem|osm,2,operating,85.0,MW,Chhattisgarh,23
F01853,,industrial_area,21.229307,81.7535001,osm,1,unknown,,,,2
F01854,,industrial_area,21.5238287,81.8093759,osm,1,unknown,,,,2
F01855,,industrial_area,21.12548005,81.13938155,osm,1,unknown,,,,4
F01856,DURG SPONGE IRON,power_plant,21.190692679999998,81.20731664000002,osm|wri,2,operating,12.8,MW,,5
F01857,,industrial_area,21.0807235,81.0283461,osm,1,unknown,,,,2
F01858,,industrial_area,21.1042521,81.05398,osm,1,unknown,,,,2
F01859,,industrial_area,21.2367224,81.5799933,osm,1,unknown,,,,2
F01860,,industrial_area,21.345475,81.65342584999999,osm,1,unknown,,,,4
F01861,,industrial_area,21.2559117,81.6238422,osm,1,unknown,,,,2
F01862,,industrial_area,21.9685492,82.0714598,osm,1,unknown,,,,2
F01863,,industrial_area,22.0629464,82.1941334,osm,1,unknown,,,,2
F01864,Silpahari Industrial Area,industrial_area,22.0179313,82.1841931,osm,1,unknown,,,,2
F01865,,industrial_area,22.05693985,82.22904535,osm,1,unknown,,,,4
F01866,SWASTIK KORBA,power_plant,22.2991978,82.70360386666667,osm|wri,2,operating,25.0,MW,,3
F01867,,industrial_area,22.1177028,82.6953954,osm,1,unknown,,,,2
F01868,Raigarh Ind Power power station,power_plant,21.87806557333333,83.49138551,gem|osm,2,operating,1385.0,MW,Chhattisgarh,6
F01869,Siltara SKS power station,power_plant,21.39139666666667,81.6465042,gem|osm,2,operating,30.0,MW,Chhattisgarh,3
F01870,,industrial_area,21.2757857,82.8064146,osm,1,unknown,,,,2
F01871,,industrial_area,22.1251075,82.1012566,osm,1,unknown,,,,2
F01872,Champa Adhunik power station,power_plant,22.026304800000002,82.96759973333333,gem|osm,2,unknown,1320.0,MW,Chhattisgarh,3
F01873,,industrial_area,21.5775646,81.7742952,osm,1,unknown,,,,2
F01874,,industrial_area,21.2132862,81.8597639,osm,1,unknown,,,,2
F01875,,industrial_area,20.9943565,81.87707215,osm,1,unknown,,,,4
F01876,,industrial_area,21.04443495,81.60252655,osm,1,unknown,,,,4
F01877,,industrial_area,21.9360643,83.3194757,osm,1,unknown,,,,2
F01878,,industrial_area,21.9702556,83.2710886,osm,1,unknown,,,,2
F01879,,industrial_area,21.9099675,83.3370387,osm,1,unknown,,,,2
F01880,,industrial_area,21.6318441,82.1106523,osm,1,unknown,,,,2
F01881,,industrial_area,21.3530357,81.3104072,osm,1,unknown,,,,2
F01882,,industrial_area,21.2396349,81.5590158,osm,1,unknown,,,,2
F01883,,industrial_area,21.192257,81.8802277,osm,1,unknown,,,,2
F01884,,industrial_area,20.7537976,82.9155645,osm,1,unknown,,,,2
F01885,,industrial_area,20.9441123,82.8371085,osm,1,unknown,,,,2
F01886,,industrial_area,20.93201835,82.82002015,osm,1,unknown,,,,4
F01887,,industrial_area,20.8812488,82.5019612,osm,1,unknown,,,,2
F01888,,industrial_area,21.0346151,82.0369621,osm,1,unknown,,,,2
F01889,,industrial_area,22.003800599999998,83.3759053,osm,1,unknown,,,,4
F01890,,industrial_area,22.021415,83.3799755,osm,1,unknown,,,,2
F01891,Durg,power_plant,21.52257923333333,81.27448213333332,osm|wri,2,operating,60.0,MW,,6
F01892,,industrial_area,21.8706965,81.9740957,osm,1,unknown,,,,2
F01893,,industrial_area,21.2539368,83.0057886,osm,1,unknown,,,,2
F01894,,industrial_area,20.90854125,82.53063565,osm,1,unknown,,,,4
F01895,,industrial_area,22.0108781,83.3237578,osm,1,unknown,,,,2
F01896,,industrial_area,21.9957344,83.3455172,osm,1,unknown,,,,2
F01897,,industrial_area,21.8661935,83.3816546,osm,1,unknown,,,,2
F01898,,industrial_area,20.8115233,82.6669854,osm,1,unknown,,,,2
F01899,,industrial_area,20.82235525,82.65426235000001,osm,1,unknown,,,,4
F01900,,industrial_area,20.8208774,82.6391266,osm,1,unknown,,,,2
F01901,,industrial_area,20.932032749999998,82.57845775,osm,1,unknown,,,,4
F01902,,industrial_area,20.88527435,82.77902565,osm,1,unknown,,,,4
F01903,,industrial_area,20.9826679,82.8093691,osm,1,unknown,,,,2
F01904,,industrial_area,20.9051295,82.7377045,osm,1,unknown,,,,2
F01905,,industrial_area,20.915973066666666,82.79882713333335,osm,1,unknown,,,,6
F01906,,industrial_area,20.9693029,82.9631053,osm,1,unknown,,,,2
F01907,,industrial_area,21.0464289,82.9929529,osm,1,unknown,,,,2
F01908,,industrial_area,21.036299,83.0333054,osm,1,unknown,,,,2
F01909,,industrial_area,21.0746344,83.0275628,osm,1,unknown,,,,2
F01910,,industrial_area,21.1045211,82.9851423,osm,1,unknown,,,,2
F01911,,power_plant,20.984624724999996,83.08475890000001,osm,1,unknown,,,,8
F01912,,industrial_area,20.9700456,83.3032094,osm,1,unknown,,,,2
F01913,,industrial_area,20.9512839,83.3215154,osm,1,unknown,,,,2
F01914,,industrial_area,21.0424448,83.1406045,osm,1,unknown,,,,2
F01915,,industrial_area,21.030000166666667,83.11915036666666,osm,1,unknown,,,,6
F01916,,industrial_area,21.311592100000006,83.47312599,osm,1,unknown,,,,20
F01917,,industrial_area,21.3058804,83.4137834,osm,1,unknown,,,,2
F01918,,industrial_area,21.2891782,83.4013742,osm,1,unknown,,,,2
F01919,,industrial_area,21.3003203,83.3344531,osm,1,unknown,,,,2
F01920,,industrial_area,21.2181745,83.4350695,osm,1,unknown,,,,2
F01921,,industrial_area,21.305678,83.4326528,osm,1,unknown,,,,2
F01922,,industrial_area,21.6541438,83.4440871,osm,1,unknown,,,,2
F01923,,industrial_area,21.5898184,83.4180442,osm,1,unknown,,,,2
F01924,,industrial_area,20.6913779,81.5290207,osm,1,unknown,,,,2
F01925,,industrial_area,21.2220912,81.8015813,osm,1,unknown,,,,2
F01926,,industrial_area,21.2444616,81.77325185,osm,1,unknown,,,,4
F01927,Chingerbandh Solar Power Plant,power_plant,20.673938266666667,83.11111166666666,osm|wri,2,operating,5.0,MW,,3
F01928,,industrial_area,21.1993292,83.47434305,osm,1,unknown,,,,4
F01929,,industrial_area,21.319833066666668,83.4984085,osm,1,unknown,,,,6
F01930,,industrial_area,22.3668524,82.6319001,osm,1,unknown,,,,2
F01931,,industrial_area,22.3398247,82.6621091,osm,1,unknown,,,,2
F01932,South Eastern Coalfields Ltd. (SECL) - Junadih Rapid Coal Loading System (JRGR),industrial_area,22.3503301,82.5700986,osm,1,unknown,,,,2
F01933,,industrial_area,22.4541624,82.5176024,osm,1,unknown,,,,2
F01934,Bolangir,power_plant,20.553250533333337,83.37141706666667,osm|wri,2,operating,25.0,MW,,3
F01935,,power_plant,20.52498103333333,83.47472470000001,osm,1,unknown,,,,6
F01936,Salhebhantha,power_plant,21.121392085714287,82.4797449142857,osm|wri,2,operating,30.0,MW,,7
F01937,,power_plant,21.234058400000002,81.4711413,osm,1,unknown,,,,4
F01938,,industrial_area,21.062770299999997,83.4748768,osm,1,unknown,,,,4
F01939,,industrial_area,21.0519697,83.4547435,osm,1,unknown,,,,2
F01940,,industrial_area,20.9200319,82.5697177,osm,1,unknown,,,,2
F01941,,industrial_area,20.859623,82.538768,osm,1,unknown,,,,2
F01942,,power_plant,20.7420405,83.1090435,osm,1,unknown,,,,2
F01943,,power_plant,21.5259311,81.201713,osm,1,unknown,,,,2
F01944,,power_plant,21.5420598,81.8918431,osm,1,unknown,,,,2
F01945,,power_plant,21.4235434,81.9175031,osm,1,unknown,,,,2
F01946,,industrial_area,21.3748261,81.6275758,osm,1,unknown,,,,2
F01947,,industrial_area,22.3396185,82.7492816,osm,1,unknown,,,,2
F01948,Khamhar power station,power_plant,21.925618599999996,83.34439163333333,gem|osm,2,operating,1680.0,MW,Chhattisgarh,6
F01949,Tifra,industrial_area,22.0724353,82.1290983,osm,1,unknown,,,,2
F01950,Nova Iron & Steel,steel,21.8871018,82.0498085,osm,1,unknown,,,,2
F01951,,industrial_area,22.0772004,82.5456009,osm,1,unknown,,,,2
F01952,BEC Fertilizer,industrial_area,22.04293135,82.15822575,osm,1,unknown,,,,4
F01953,Hathneora Captive Power Plant,power_plant,22.001479114285708,82.6692407142857,gem|osm,2,operating,662.5,MW,Chhattisgarh,7
F01954,,power_plant,21.1781651,81.3946295,osm,1,unknown,,,,2
F01955,Rajnandgaon Solar park,power_plant,21.1581515,81.1308049,osm,1,unknown,,,,2
F01956,,power_plant,20.5568652,83.5059968,osm,1,unknown,,,,2
F01957,,power_plant,21.3054756,81.3554214,osm,1,unknown,,,,2
F01958,,power_plant,21.92228755,81.6402957,osm,1,unknown,,,,4
F01959,,power_plant,21.1965017,81.0640959,osm,1,unknown,,,,2
F01960,,power_plant,21.5142748,81.2359101,osm,1,unknown,,,,2
F01961,,power_plant,20.7517094,83.13935312000001,osm,1,unknown,,,,10
F01962,Raipur Jain power station,power_plant,21.311927143333335,81.61308874,gem|osm,2,operating,45.0,MW,Chhattisgarh,3
F01963,,industrial_area,21.2712107,81.7479282,osm,1,unknown,,,,2
F01964,,industrial_area,21.2790449,81.6993946,osm,1,unknown,,,,2
F01965,,industrial_area,21.1399194,83.4308826,osm,1,unknown,,,,2
F01966,,industrial_area,22.4116041,82.6247173,osm,1,unknown,,,,2
F01967,,industrial_area,21.465944299999997,81.81935185,osm,1,unknown,,,,4
F01968,,industrial_area,21.4711494,81.8669479,osm,1,unknown,,,,2
F01969,,industrial_area,21.4584854,81.8821771,osm,1,unknown,,,,2
F01970,Pyare Lal Ashok Leyland,works,28.785596488461543,77.13575367692307,osm,1,unknown,,,,52
F01971,Rohit Industries Group Private Limited,works,28.689344266666666,76.95443036666666,osm,1,unknown,,,,6
F01972,Ramdas Bhatta,works,28.712359290000002,76.88635045000001,osm,1,unknown,,,,20
F01973,,works,28.4149485,77.0534208,osm,1,unknown,,,,2
F01974,BADARPUR,power_plant,28.4658545125,77.30492466249999,gem|osm|wri,3,operating,1410.0,MW,Delhi,64
F01975,SPM MEDICARE PVT. LTD.,works,28.53391511428572,77.40788010000003,osm,1,unknown,,,,28
F01976,CORONET ENGRS FACTORY,works,28.88319526666667,77.11762874166668,osm,1,unknown,,,,72
F01977,Faridabad power station,power_plant,28.345331874033153,77.3049228232044,gem|osm,2,unknown,165.0,MW,Haryana,181
F01978,Hansraj and Sons,works,28.74798765714286,77.15857755714286,osm,1,unknown,,,,14
F01979,NTN NEI Manufacturing,works,28.10353696568625,76.60296686274506,osm,1,unknown,,,,204
F01980,TATA Steel,steel,28.65136268421053,77.45481842105262,osm,1,unknown,,,,38
F01981,modi distillery,works,28.833266287499995,77.57340182499999,osm,1,unknown,,,,16
F01982,,works,28.7358805,77.2898996,osm,1,unknown,,,,2
F01983,ishant container line,power_plant,28.51698322,77.28758243999998,osm,1,unknown,,,,30
F01984,,works,27.5443885,76.6256538,osm,1,unknown,,,,2
F01985,Servotron,power_plant,28.61977928,77.28771524000001,osm,1,unknown,,,,10
F01986,Aaradhya Enterpeises,works,28.6218693,76.9987642,osm,1,unknown,,,,8
F01987,Pune Bag Factory,works,28.656577,77.2022327,osm,1,unknown,,,,2
F01988,Merino Industries Limited,works,28.726580499999997,77.7486408,osm,1,unknown,,,,4
F01989,,industrial_area,28.4698736,77.0530328,osm,1,unknown,,,,2
F01990,Sector 5,works,28.604349591176476,77.35400234117647,osm,1,unknown,,,,68
F01991,Neesa Foods,industrial_area,28.9732079,77.08780074,osm,1,unknown,,,,10
F01992,Hero Honda,works,28.220966489189188,76.79143132432431,osm,1,unknown,,,,74
F01993,AtoTech,industrial_area,28.2558178,76.8238842,osm,1,unknown,,,,2
F01994,,industrial_area,28.4560139,77.0064114,osm,1,unknown,,,,2
F01995,DADRI (NCTPP),power_plant,28.60045456470589,77.6090291764706,gem|osm|wri,3,operating,5413.58,MW,Uttar Pradesh,17
F01996,F_BAD CCGT,power_plant,28.3340817,77.35920856666665,gem|osm|wri,3,operating,863.186,MW,Haryana,12
F01997,Seemapuri Depot,power_plant,28.66176880153845,77.34649078307693,osm,1,unknown,,,,130
F01998,M.E.A. Stores,industrial_area,28.6010841,77.3011768,osm,1,unknown,,,,2
F01999,RITHALA CCCP,power_plant,28.732887149999996,77.10169250000001,gem|osm|wri,3,operating,202.8,MW,Delhi,4
F02000,Wastewater Treatment Plant,steel,28.72745681111111,77.17876806666669,osm,1,unknown,,,,18
F02001,Sewage Treatment Plant - Okhla,industrial_area,28.544916011111113,77.27696592222222,osm,1,unknown,,,DL,36
F02002,Pali Stone Crusher Zone II,industrial_area,28.393712899999997,77.2261619,osm,1,unknown,,,,4
F02003,Rai Industrial Area,industrial_area,28.9317997,77.0960467,osm,1,unknown,,,,4
F02004,FCI,industrial_area,28.7399156,77.7707813,osm,1,unknown,,,,2
F02005,Venus Ind. Co. Ltd.,industrial_area,28.223116233333332,77.30286025,osm,1,unknown,,,,12
F02006,Inland Container Depot,industrial_area,28.185318900000002,76.60822935,osm,1,unknown,,,,4
F02007,,industrial_area,28.7244504,77.8132744,osm,1,unknown,,,,2
F02008,Imperial Auto,industrial_area,28.415582199999996,77.3097585,osm,1,unknown,,,,4
F02009,I.P.GT,power_plant,28.626382330434783,77.2518935304348,gem|osm|wri,3,operating,1484.5,MW,Delhi,23
F02010,,power_plant,28.59166935,77.262477,osm,1,unknown,,,,4
F02011,Sigma Corporation,works,28.3455697,77.08727646666667,osm,1,unknown,,,,6
F02012,,industrial_area,28.3311669,77.3366053,osm,1,unknown,,,,2
F02013,,industrial_area,28.3529908,77.2688185,osm,1,unknown,,,,2
F02014,Maruti Suzuki India Limited,works,28.496186566666665,77.07178866666668,osm,1,unknown,,,,6
F02015,,industrial_area,28.27404283333333,77.27079191666665,osm,1,unknown,,,,12
F02016,,industrial_area,28.2629066,77.2857106,osm,1,unknown,,,,2
F02017,Bright Autoplast Ltd.,industrial_area,28.211149719999998,77.05927772,osm,1,unknown,,,,10
F02018,Saint-Gobain,works,28.201308963924042,76.86332172405068,osm,1,unknown,,,,316
F02019,Wipro,industrial_area,28.4854431,77.5331921,osm,1,unknown,,,,2
F02020,,industrial_area,28.0337822,77.2546394,osm,1,unknown,,,,2
F02021,,works,28.696324575,77.582730225,osm,1,unknown,,,,8
F02022,DSIIDC MLM Hub,power_plant,28.677389600000005,77.04121924615386,osm,1,unknown,,,,26
F02023,Meerut Road Industrial Area,industrial_area,28.686214,77.4350285,osm,1,unknown,,,,2
F02024,,industrial_area,28.6849656,77.1147218,osm,1,unknown,,,,2
F02025,,industrial_area,28.6832253,77.13110355,osm,1,unknown,,,,4
F02026,,industrial_area,28.2204554,76.5797985,osm,1,unknown,,,,2
F02027,,industrial_area,28.1417261,76.5976494,osm,1,unknown,,,,2
F02028,,industrial_area,28.8952427,76.5471352,osm,1,unknown,,,,2
F02029,Manesar Captive power plant,power_plant,28.3678156278481,76.91102544303796,gem|osm,2,operating,77.5,MW,Haryana,79
F02030,Honda,power_plant,28.449135616666666,77.53276731666666,osm,1,unknown,,,,12
F02031,Peeragarhi Depot,industrial_area,28.682242066666664,77.09445413333334,osm,1,unknown,,,,6
F02032,,industrial_area,28.67884145,77.14583495,osm,1,unknown,,,,4
F02033,Wazirpur Depot,industrial_area,28.6938707,77.1560145,osm,1,unknown,,,,2
F02034,PRAGATI CCCP -III,power_plant,28.79725172666667,77.06126535333334,gem|osm|wri,3,operating,2871.2,MW,Delhi,15
F02035,All India Radio SW,industrial_area,28.831422399999997,77.12577633333332,osm,1,unknown,,,,6
F02036,Hero MotoCorp,industrial_area,28.43123913333333,77.0120937,osm,1,unknown,,,,6
F02037,,industrial_area,28.7467641,77.7296575,osm,1,unknown,,,,2
F02038,Surajpur Industrial Area,industrial_area,28.51379175,77.51591946666666,osm,1,unknown,,,,12
F02039,,power_plant,28.52402925,77.47047395,osm,1,unknown,,,,8
F02040,,industrial_area,28.6185427,77.4741798,osm,1,unknown,,,,2
F02041,,industrial_area,28.568255,77.5411132,osm,1,unknown,,,,2
F02042,,industrial_area,28.6105362,77.4972006,osm,1,unknown,,,,2
F02043,,power_plant,28.30531450833333,76.86862383333333,osm,1,unknown,,,,24
F02044,,industrial_area,28.3952845,76.8539248,osm,1,unknown,,,,2
F02045,,industrial_area,28.7583168,77.5158685,osm,1,unknown,,,,2
F02046,,industrial_area,28.6360672,77.7768856,osm,1,unknown,,,,2
F02047,Kushak Nallah Bus Depot,industrial_area,28.5793518,77.2303329,osm,1,unknown,,,,2
F02048,Indian Oil Tikri Bottling Plant,industrial_area,28.686330166666664,76.9858815,osm,1,unknown,,,,6
F02049,,industrial_area,28.6987843,76.9207197,osm,1,unknown,,,,2
F02050,,industrial_area,28.6970213,76.9378825,osm,1,unknown,,,,2
F02051,,industrial_area,28.6434112,77.1815835,osm,1,unknown,,,,2
F02052,Anaj Mandi,industrial_area,28.6196718,76.9739505,osm,1,unknown,,,,4
F02053,,industrial_area,27.9763881,77.4917951,osm,1,unknown,,,,2
F02054,Brick Kiln,industrial_area,27.9659107,77.4782298,osm,1,unknown,,,,2
F02055,,industrial_area,28.2204369,77.4378058,osm,1,unknown,,,,2
F02056,,industrial_area,28.3689454,76.82065355,osm,1,unknown,,,,4
F02057,,industrial_area,28.3806475,76.8357624,osm,1,unknown,,,,2
F02058,Industrial Area Khushkhera,works,28.120158805147078,76.79029776544115,osm,1,unknown,,,,272
F02059,,industrial_area,28.2051424,76.7477502,osm,1,unknown,,,,2
F02060,,industrial_area,28.0533272,76.8290324,osm,1,unknown,,,,2
F02061,,industrial_area,28.9481874,77.2346935,osm,1,unknown,,,,2
F02062,,industrial_area,28.9885162,77.0399903,osm,1,unknown,,,,4
F02063,,industrial_area,28.7467127,77.132046,osm,1,unknown,,,,2
F02064,Kair Depot,industrial_area,28.6201931,76.9300966,osm,1,unknown,,,,2
F02065,Scooters India Ltd,industrial_area,28.655917919999997,77.15103628,osm,1,unknown,,,,10
F02066,Jwalapuri PVC Market,industrial_area,28.6715747,77.0788232,osm,1,unknown,,,,2
F02067,,industrial_area,28.670842,77.1139479,osm,1,unknown,,,,2
F02068,Keshavpur Depot,industrial_area,28.6529379,77.088924,osm,1,unknown,,,,2
F02069,L-Band Radar and HF Transmitting Station,industrial_area,28.5275475,77.0541652,osm,1,unknown,,,,2
F02070,,industrial_area,28.6692156,76.9626741,osm,1,unknown,,,,2
F02071,,industrial_area,28.6876606,77.0071638,osm,1,unknown,,,,2
F02072,Delhi Jal Board,industrial_area,28.54097,77.0588499,osm,1,unknown,,,,2
F02073,Bawa Potteries,industrial_area,28.522042,77.1653199,osm,1,unknown,,,,2
F02074,,industrial_area,28.6525467,77.1204826,osm,1,unknown,,,,2
F02075,,industrial_area,28.8698471,76.6729999,osm,1,unknown,,,,2
F02076,British Era Textile Industry,industrial_area,28.680473440000004,77.19447636,osm,1,unknown,,,,10
F02077,Bio-Gas Plant,power_plant,28.626444050000003,77.32793235,osm,1,unknown,,,,4
F02078,Delhi Jal Board,industrial_area,28.7110716,77.2297433,osm,1,unknown,,,,2
F02079,MCD Workshop,industrial_area,28.707699650000002,77.19836585,osm,1,unknown,,,,4
F02080,Delhi Transport Corporation Mayapuri Depot,works,28.63177926666667,77.12831829999999,osm,1,unknown,,,,6
F02081,B-2,works,28.786364833333334,77.26366068666665,osm,1,unknown,,,,60
F02082,Inland Container Depot,industrial_area,28.742964174999994,77.31427185,osm,1,unknown,,,,8
F02083,,industrial_area,28.718078,77.2874167,osm,1,unknown,,,,2
F02084,Indraprastha Gas power station,power_plant,28.712863866666666,77.10882473333334,gem|osm,2,operating,270.0,MW,Delhi,3
F02085,,industrial_area,28.52928174,77.09362358999999,osm,1,unknown,,,,20
F02086,Indian Oil Lube,works,28.25927525,77.3197366,osm,1,unknown,,,,4
F02087,,industrial_area,28.4818577,77.65492195,osm,1,unknown,,,,4
F02088,,industrial_area,28.4677093,77.6646085,osm,1,unknown,,,,2
F02089,,industrial_area,28.43409975,77.200131,osm,1,unknown,,,,4
F02090,Sector 54 Gurgaon Metro Rail Depot,industrial_area,28.432436799999998,77.10170020000001,osm,1,unknown,,,,4
F02091,Jajru,power_plant,28.282731933333334,77.317785,osm|wri,2,operating,5.0,MW,,3
F02092,,industrial_area,28.2734372,77.4541983,osm,1,unknown,,,,6
F02093,,industrial_area,28.3944954,77.4293798,osm,1,unknown,,,,2
F02094,,industrial_area,28.4111711,77.4098855,osm,1,unknown,,,,2
F02095,,industrial_area,27.97200515,77.99433655,osm,1,unknown,,,,4
F02096,,works,28.654673062500002,77.57599570000002,osm,1,unknown,,,,16
F02097,BSES,power_plant,28.6763708,77.3095282,osm,1,unknown,,,,2
F02098,,industrial_area,28.8672971,76.5139469,osm,1,unknown,,,,2
F02099,Hindustan petroleum corporation limited,power_plant,28.741484019354846,76.8296850483871,osm,1,unknown,,,,62
F02100,,industrial_area,28.2363585,77.8249021,osm,1,unknown,,,,2
F02101,Usher Eco Power Limited,power_plant,27.7448803625,77.49026705,osm,1,unknown,,,,16
F02102,Bhalla International - Vinex,power_plant,28.943171399999994,77.66622234583336,osm,1,unknown,,,,48
F02103,,industrial_area,28.1909932,77.7744598,osm,1,unknown,,,,2
F02104,,industrial_area,28.399622599999997,77.35352965,osm,1,unknown,,,,4
F02105,,industrial_area,28.1589519,76.8399627,osm,1,unknown,,,,2
F02106,Nand Nagri Bus Depot,industrial_area,28.6978089,77.3057011,osm,1,unknown,,,,2
F02107,Noida-Greater Noida Metro Depot,industrial_area,28.4869854,77.5517846,osm,1,unknown,,,,2
F02108,,power_plant,28.5438691,77.2328807,osm,1,unknown,,,,2
F02109,Walplast,works,27.51144695714286,76.68392554285712,osm,1,unknown,,,,42
F02110,,industrial_area,28.7245098,77.3300292,osm,1,unknown,,,,4
F02111,,industrial_area,28.7765109,77.486693,osm,1,unknown,,,,2
F02112,,industrial_area,28.746519033333332,77.49132666666667,osm,1,unknown,,,,6
F02113,,industrial_area,28.709605666666665,77.45818863333334,osm,1,unknown,,,,6
F02114,,industrial_area,28.76535485,77.7664393,osm,1,unknown,,,,4
F02115,,industrial_area,28.904327,77.6602185,osm,1,unknown,,,,2
F02116,,industrial_area,28.766019733333334,77.98871893333335,osm,1,unknown,,,,6
F02117,,industrial_area,27.830838966666665,77.4157664,osm,1,unknown,,,,6
F02118,,industrial_area,27.5090815,77.7092983,osm,1,unknown,,,,2
F02119,,industrial_area,27.549713766666667,77.79843246666667,osm,1,unknown,,,,6
F02120,,industrial_area,27.530194055555555,77.6558034888889,osm,1,unknown,,,,18
F02121,,industrial_area,27.5007227,77.6433702,osm,1,unknown,,,,2
F02122,,industrial_area,27.815937,77.6133442,osm,1,unknown,,,,2
F02123,,industrial_area,27.7631598,77.47265025,osm,1,unknown,,,,4
F02124,,industrial_area,27.725596,77.4807518,osm,1,unknown,,,,2
F02125,,industrial_area,27.7669238,77.44119203333332,osm,1,unknown,,,,6
F02126,,industrial_area,27.7328331,77.5372318,osm,1,unknown,,,,4
F02127,,industrial_area,27.7070456,77.508256,osm,1,unknown,,,,2
F02128,,industrial_area,27.749158,77.2381783,osm,1,unknown,,,,2
F02129,,industrial_area,27.8087511,77.4273853,osm,1,unknown,,,,2
F02130,,industrial_area,27.8779331,77.3736191,osm,1,unknown,,,,2
F02131,,industrial_area,28.0175391,77.3396274,osm,1,unknown,,,,2
F02132,,industrial_area,28.0403594,77.3437849,osm,1,unknown,,,,2
F02133,,industrial_area,28.2031603,77.3115093,osm,1,unknown,,,,4
F02134,,industrial_area,28.211518,77.2777784,osm,1,unknown,,,,2
F02135,,industrial_area,28.698595833333332,77.61625706666668,osm,1,unknown,,,,6
F02136,,industrial_area,28.9834732,77.6894562,osm,1,unknown,,,,2
F02137,,industrial_area,28.880768599999996,77.6153684,osm,1,unknown,,,,6
F02138,,industrial_area,28.74989976666667,77.0809106,osm,1,unknown,,,,6
F02139,,industrial_area,28.7476253,77.1115384,osm,1,unknown,,,,2
F02140,ISRO Earth Station,industrial_area,28.6087706,77.1807589,osm,1,unknown,,,,2
F02141,,industrial_area,28.5159242,77.9995876,osm,1,unknown,,,,2
F02142,,industrial_area,28.5221814,77.9767754,osm,1,unknown,,,,2
F02143,Indian Oil Madanpur Khadar Bottling Plant,industrial_area,28.5367314,77.3091291,osm,1,unknown,,,,2
F02144,,industrial_area,28.47038594,76.80881456,osm,1,unknown,,,,10
F02145,,industrial_area,28.7215261,77.8289626,osm,1,unknown,,,,2
F02146,,industrial_area,28.712639,77.7753388,osm,1,unknown,,,,2
F02147,,industrial_area,28.7207593,77.7328179,osm,1,unknown,,,,2
F02148,,industrial_area,28.69836195,77.67839345,osm,1,unknown,,,,4
F02149,,industrial_area,28.3930473,77.0014277,osm,1,unknown,,,,2
F02150,,industrial_area,28.431639333333333,76.9225828,osm,1,unknown,,,,6
F02151,,works,28.27665264,76.88751454,osm,1,unknown,,,,10
F02152,,industrial_area,28.2735324,76.87082385,osm,1,unknown,,,,4
F02153,Nahar Industrial Enterprises Limited,industrial_area,28.1657226,76.8222519,osm,1,unknown,,,,2
F02154,,works,28.146799504761912,76.88223079047616,osm,1,unknown,,,,84
F02155,,industrial_area,28.293560550000002,76.72162075,osm,1,unknown,,,,4
F02156,,industrial_area,28.3202504,76.7981037,osm,1,unknown,,,,2
F02157,,industrial_area,28.271718550000003,76.83348125,osm,1,unknown,,,,4
F02158,indus,industrial_area,28.4628335,77.0707179,osm,1,unknown,,,,2
F02159,Vikas Spool Private Limted,industrial_area,28.4058699,76.7054406,osm,1,unknown,,,,2
F02160,E - block power grid,power_plant,28.958922,77.7386981,osm,1,unknown,,,,2
F02161,,industrial_area,28.3723307,77.2336888,osm,1,unknown,,,,2
F02162,,industrial_area,28.4576617,77.2881196,osm,1,unknown,,,,2
F02163,,industrial_area,28.76263035,76.725094675,osm,1,unknown,,,,8
F02164,,industrial_area,28.7837009,76.7788653,osm,1,unknown,,,,2
F02165,,industrial_area,28.820863449999997,76.833193,osm,1,unknown,,,,4
F02166,,industrial_area,28.8440906,76.85604173333333,osm,1,unknown,,,,6
F02167,,industrial_area,28.977947,77.0153993,osm,1,unknown,,,,2
F02168,,industrial_area,28.501734733333336,77.49077050000001,osm,1,unknown,,,,6
F02169,,industrial_area,28.677693,77.5145665,osm,1,unknown,,,,2
F02170,,industrial_area,28.6745419,77.4929157,osm,1,unknown,,,,2
F02171,AB Sea Container Private Limited,industrial_area,28.53813435,77.53147415000001,osm,1,unknown,,,,4
F02172,,industrial_area,27.932562,77.7471149,osm,1,unknown,,,,2
F02173,,works,28.837471,77.265388425,osm,1,unknown,,,,8
F02174,,works,28.8964384,77.0660855,osm,1,unknown,,,,4
F02175,,industrial_area,28.965926225000004,77.62808595000001,osm,1,unknown,,,,8
F02176,,industrial_area,28.908478137499998,77.7411289625,osm,1,unknown,,,,16
F02177,,industrial_area,27.6334813,77.9524049,osm,1,unknown,,,,2
F02178,,industrial_area,27.620982025,77.921942375,osm,1,unknown,,,,8
F02179,,industrial_area,27.638703749999998,77.93389635,osm,1,unknown,,,,8
F02180,,industrial_area,27.69356863333333,77.84867136666666,osm,1,unknown,,,,6
F02181,,industrial_area,27.6741499,77.8397994,osm,1,unknown,,,,4
F02182,,industrial_area,28.38603705,77.3328898,osm,1,unknown,,,,4
F02183,,industrial_area,27.6701752,77.8650152,osm,1,unknown,,,,2
F02184,,industrial_area,27.66809815,77.9098433,osm,1,unknown,,,,4
F02185,,industrial_area,27.652195449999997,77.86652577500001,osm,1,unknown,,,,8
F02186,,industrial_area,27.658049050000002,77.8952249,osm,1,unknown,,,,4
F02187,,industrial_area,27.6902633,77.92711835,osm,1,unknown,,,,4
F02188,,industrial_area,27.62988644285714,77.8908102857143,osm,1,unknown,,,,14
F02189,,industrial_area,27.6439666,77.9065961,osm,1,unknown,,,,2
F02190,,industrial_area,27.6578156,77.98804075,osm,1,unknown,,,,4
F02191,,industrial_area,27.6373968,77.9873909,osm,1,unknown,,,,2
F02192,,power_plant,28.436830566666668,77.58874136666667,osm,1,unknown,,,,6
F02193,,industrial_area,28.5440836,77.4600757,osm,1,unknown,,,,2
F02194,,industrial_area,28.8860604,76.6811606,osm,1,unknown,,,,2
F02195,,industrial_area,28.8632748,77.2563573,osm,1,unknown,,,,4
F02196,,industrial_area,28.6903783,77.240552,osm,1,unknown,,,,2
F02197,,industrial_area,27.9626272,77.5876172,osm,1,unknown,,,,2
F02198,Brick Industry,industrial_area,27.974466075,77.631396425,osm,1,unknown,,,,8
F02199,Aligarh Grinding Unit,cement,28.06460825,77.94358715,osm,1,unknown,,,,4
F02200,,industrial_area,27.7672156,77.98467869999999,osm,1,unknown,,,,4
F02201,Khurja power station,power_plant,28.159373444444444,77.90903844444443,gem|osm,2,operating,1980.0,MW,Uttar Pradesh,9
F02202,,industrial_area,27.696371375000002,77.948927725,osm,1,unknown,,,,8
F02203,,industrial_area,27.8322084,77.9003405,osm,1,unknown,,,,2
F02204,,industrial_area,27.7225653,77.9046307,osm,1,unknown,,,,2
F02205,,industrial_area,27.7554803,77.9975385,osm,1,unknown,,,,2
F02206,,industrial_area,27.7788126,77.9065807,osm,1,unknown,,,,2
F02207,,industrial_area,28.041124,77.6539367,osm,1,unknown,,,,2
F02208,,industrial_area,28.082630950000002,77.83538085,osm,1,unknown,,,,4
F02209,,industrial_area,28.0927304,77.872974,osm,1,unknown,,,,2
F02210,Gwal Pahari Solar Power Plant,power_plant,28.42760052,77.16003312000001,osm|wri,2,operating,3.0,MW,,5
F02211,Dadri Solar Power Plant,power_plant,28.578765466666667,77.63161153333334,osm|wri,2,operating,5.0,MW,,3
F02212,,power_plant,28.968874,77.1450198,osm,1,unknown,,,,2
F02213,,works,28.6080575,77.0052736,osm,1,unknown,,,,2
F02214,,works,28.5840427,77.0259499,osm,1,unknown,,,,2
F02215,Delhi DEL II,power_plant,28.560268177777775,77.08773760000001,osm|wri,2,operating,5.7,MW,,9
F02216,TajSATS Catering,works,28.548891349999998,77.109007775,osm,1,unknown,,,,8
F02217,,industrial_area,28.5551267,77.1263077,osm,1,unknown,,,,2
F02218,,industrial_area,28.4070826,77.8808045,osm,1,unknown,,,,2
F02219,,industrial_area,28.1940686,76.5835797,osm,1,unknown,,,,2
F02220,,industrial_area,28.160270249999996,76.6876658,osm,1,unknown,,,,12
F02221,,industrial_area,28.1737271,76.7151582,osm,1,unknown,,,,2
F02222,,industrial_area,28.1454259,76.9344234,osm,1,unknown,,,,2
F02223,,industrial_area,28.3497925,76.9796133,osm,1,unknown,,,,2
F02224,,industrial_area,28.2993929,77.054345,osm,1,unknown,,,,2
F02225,,industrial_area,28.2556003,76.9240274,osm,1,unknown,,,,2
F02226,,industrial_area,28.0999885,77.0066742,osm,1,unknown,,,,2
F02227,,industrial_area,28.2324054,77.0210158,osm,1,unknown,,,,2
F02228,,industrial_area,27.792326600000003,76.95342959999999,osm,1,unknown,,,,4
F02229,,industrial_area,28.5789277,77.5924659,osm,1,unknown,,,,2
F02230,,industrial_area,28.838098950000003,77.08864105,osm,1,unknown,,,,4
F02231,,industrial_area,28.8124282,77.1139982,osm,1,unknown,,,,2
F02232,,industrial_area,28.761888666666668,77.18896955000001,osm,1,unknown,,,,12
F02233,,industrial_area,28.5428968,77.0314349,osm,1,unknown,,,,4
F02234,,industrial_area,28.5543086,77.053653,osm,1,unknown,,,,2
F02235,,industrial_area,28.5366798,76.9143122,osm,1,unknown,,,,2
F02236,,industrial_area,28.3850102,77.25498320000001,osm,1,unknown,,,,6
F02237,,industrial_area,28.463355525,77.20338737499999,osm,1,unknown,,,,8
F02238,,industrial_area,28.3542917,77.1805,osm,1,unknown,,,,2
F02239,,industrial_area,28.4947683,77.2525043,osm,1,unknown,,,,2
F02240,Rohini Sector 37 Bus Depot 1,industrial_area,28.7469915,77.05397305,osm,1,unknown,,,,4
F02241,,industrial_area,28.746200609210526,77.43543745263155,osm,1,unknown,,,,152
F02242,,industrial_area,28.78594755,77.4476405,osm,1,unknown,,,,4
F02243,,industrial_area,28.9543363,77.0856061,osm,1,unknown,,,,2
F02244,,industrial_area,28.76850332258065,77.35673167741933,osm,1,unknown,,,,62
F02245,,industrial_area,28.656827749999998,77.30016035,osm,1,unknown,,,,4
F02246,,works,28.585039733333332,77.54411693333334,osm,1,unknown,,,,6
F02247,,industrial_area,27.524209,76.596126,osm,1,unknown,,,,2
F02248,,power_plant,28.708563150000003,77.24890595,osm,1,unknown,,,,4
F02249,,power_plant,28.7248618,77.071364,osm,1,unknown,,,,2
F02250,,power_plant,28.724149958333328,77.1370377,osm,1,unknown,,,,24
F02251,,industrial_area,27.9726362,77.8197227,osm,1,unknown,,,,2
F02252,,industrial_area,27.9962452,77.8113167,osm,1,unknown,,,,2
F02253,Feed Pro Hatchery Ruppur Aligarh,industrial_area,27.9832719,77.7840212,osm,1,unknown,,,,2
F02254,,industrial_area,27.9948691,77.7715784,osm,1,unknown,,,,2
F02255,,industrial_area,27.9623905,77.750098,osm,1,unknown,,,,2
F02256,,industrial_area,27.9746355,77.803954,osm,1,unknown,,,,2
F02257,,industrial_area,28.0952729,77.6339409,osm,1,unknown,,,,2
F02258,JBM Electric Vehicles Private Limited,industrial_area,27.9552347,77.3523181,osm,1,unknown,,,,2
F02259,,industrial_area,28.2218893,77.59687274999999,osm,1,unknown,,,,8
F02260,Maruti Suzuki Manufacturing Plant Kharkhoda,works,28.83203085,76.93222675,osm,1,unknown,,,,4
F02261,Area Depot,industrial_area,28.603161866666667,77.1241505,osm,1,unknown,,,,6
F02262,,industrial_area,28.3380367,76.87860475,osm,1,unknown,,,,4
F02263,Maersk,industrial_area,28.4341512,76.8011864,osm,1,unknown,,,,2
F02264,,industrial_area,28.7245215,76.7333472,osm,1,unknown,,,,2
F02265,,industrial_area,28.4621275,77.5003102,osm,1,unknown,,,,2
F02266,"Power House, Kaithwara",power_plant,27.5905727,77.1308758,osm,1,unknown,,,,2
F02267,,power_plant,28.7037666,77.3556912,osm,1,unknown,,,,2
F02268,,industrial_area,28.2572153,77.61089534999999,osm,1,unknown,,,,4
F02269,,industrial_area,28.5293765,77.2333002,osm,1,unknown,,,,2
F02270,,power_plant,28.6007625,76.9588906,osm,1,unknown,,,,2
F02271,,industrial_area,28.7811268,77.6595224,osm,1,unknown,,,,2
F02272,,industrial_area,28.7874375,77.6438361,osm,1,unknown,,,,2
F02273,,industrial_area,28.3110383,77.7269841,osm,1,unknown,,,,2
F02274,,industrial_area,28.2128288,77.8140077,osm,1,unknown,,,,2
F02275,,power_plant,28.6230833,77.08704033333333,osm,1,unknown,,,,6
F02276,,power_plant,28.9484096,77.10084795,osm,1,unknown,,,,12
F02277,R.P. Foam Home Pvt. Ltd.,industrial_area,28.52826194,77.58773682,osm,1,unknown,,,,10
F02278,,industrial_area,28.596617625,77.461482775,osm,1,unknown,,,,8
F02279,Bawana DTC Bus Depot,industrial_area,28.8034843,77.0264267,osm,1,unknown,,,,2
F02280,,industrial_area,28.1717058,77.3360979,osm,1,unknown,,,,2
F02281,,industrial_area,27.908914,77.37235,osm,1,unknown,,,,2
F02282,,works,28.530958400000003,77.34487433333334,osm,1,unknown,,,,6
F02283,,industrial_area,28.4915224,77.1971673,osm,1,unknown,,,,2
F02284,,industrial_area,28.6267163,77.2259313,osm,1,unknown,,,,2
F02285,ACME Solar Tower,power_plant,28.1839,73.2407,wri,1,operating,2.5,MW,,1
F02286,ADITYA CEMENT WORKS,power_plant,24.765607000000003,74.6093065,gem|wri,2,operating,128.0,MW,Chhattisgarh,2
F02287,AES Saurashtra Windfarms,power_plant,21.9038,69.3732,wri,1,operating,39.2,MW,,1
F02288,AGARTALA GT,power_plant,23.8712,91.3602,wri,1,operating,135.0,MW,,1
F02289,AKRIMOTA LIG,power_plant,23.771299866666663,68.6452704,gem|wri,2,operating,500.0,MW,Gujarat,3
F02290,ALIYAR,power_plant,10.4547,77.0078,wri,1,operating,60.0,MW,,1
F02291,ALLAIN DUHANGAN,power_plant,32.2258,77.207,wri,1,operating,192.0,MW,,1
F02292,ALMATTI DAM,power_plant,16.33,75.8863,wri,1,operating,290.0,MW,,1
F02293,AMAR KANTAK,power_plant,23.16248833333334,81.63356333333333,gem|wri,2,operating,1350.0,MW,Madhya Pradesh,6
F02294,AMARAVATI TPP,power_plant,21.080153230769234,77.9012156923077,gem|wri,2,operating,5370.0,MW,Maharashtra,13
F02295,ANANDPUR SAHIB ST-I&II,power_plant,31.269233333333332,76.4926,wri,1,operating,289.3,MW,,3
F02296,"ANAPARA ""C""",power_plant,24.201626384615388,82.79288,gem|wri,2,operating,9260.0,MW,Uttar Pradesh,13
F02297,ANDHRA,power_plant,31.2412,77.8769,wri,1,operating,16.95,MW,,1
F02298,ANTA GT,power_plant,25.1797,76.3188,gem|wri,2,operating,838.63,MW,Rajasthan,2
F02299,ANUPPUR,power_plant,23.07181075,81.7845395,gem|wri,2,operating,5980.0,MW,Madhya Pradesh,8
F02300,ARVINDNAGAR SUGAR,power_plant,18.0818,76.1829,wri,1,operating,11.0,MW,,2
F02301,ASHOKNAGAR MILL,power_plant,19.5867,74.7061,wri,1,operating,17.0,MW,,1
F02302,ATHANI SUGAR,power_plant,16.7708,74.9191,wri,1,operating,24.0,MW,,1
F02303,AURAIYA GT,power_plant,26.6282,79.5286,gem|wri,2,operating,1315.0,MW,Uttar Pradesh,2
F02304,AWARPUR CEMENT PLANT,power_plant,19.7881,79.1518,wri,1,operating,46.0,MW,,1
F02305,Abhijeet,power_plant,26.8278,70.9197,wri,1,operating,50.0,MW,,1
F02306,Achampet,power_plant,16.38915,78.66905,wri,1,operating,20.5,MW,,2
F02307,Achampet Suzlon,power_plant,16.407,78.7,wri,1,operating,15.0,MW,,1
F02308,Agaram A,power_plant,10.456,77.924,wri,1,operating,20.0,MW,,1
F02309,Agucha Mine,power_plant,25.842,74.758,wri,1,operating,22.0,MW,,1
F02310,Aitipamula,power_plant,17.208,79.326,wri,1,operating,15.0,MW,,1
F02311,Akkinepally,power_plant,17.2705,79.20599999999999,wri,1,operating,60.0,MW,,2
F02312,Alampur Mytrah 1,power_plant,15.925,78.01,wri,1,operating,11.0,MW,,1
F02313,Alampur SP,power_plant,15.901,78.002,wri,1,operating,10.0,MW,,1
F02314,Alapur,power_plant,20.275,75.785,wri,1,operating,50.0,MW,,1
F02315,Alladurg,power_plant,17.947,77.925,wri,1,operating,11.0,MW,,1
F02316,Allahabad Rattan,power_plant,25.395,81.79,wri,1,operating,50.0,MW,,1
F02317,Alland,power_plant,17.636,76.389,wri,1,operating,20.0,MW,,1
F02318,Alote,power_plant,23.815,75.525,wri,1,operating,20.0,MW,,1
F02319,Amarpur Refex,power_plant,24.7675,78.44749999999999,wri,1,operating,20.0,MW,,2
F02320,Amarsar Solar Power Plant,power_plant,28.3615,74.2402,wri,1,operating,1.0,MW,,1
F02321,Amathur,power_plant,9.553,77.885,wri,1,operating,14.4,MW,,1
F02322,Ambosara,power_plant,20.905,85.925,wri,1,operating,80.0,MW,,1
F02323,Amla Nankar,power_plant,23.929,76.121,wri,1,operating,12.9,MW,,1
F02324,Anabura Wind Farm,power_plant,14.5751,76.3926,wri,1,operating,16.5,MW,,1
F02325,Anantapur Tata,power_plant,14.0275,78.43925,wri,1,operating,550.0,MW,,4
F02326,Ananthapur - Meil Solar Power Plant,power_plant,14.9455,77.687,wri,1,operating,50.0,MW,,1
F02327,Ananthasagar,power_plant,18.152,78.294,wri,1,operating,45.0,MW,,1
F02328,Andora,power_plant,18.275,76.31,wri,1,operating,20.0,MW,,1
F02329,Andrha Lake Wind Farm,power_plant,18.858,73.6396,wri,1,operating,113.6,MW,,1
F02330,Andur,power_plant,17.802,76.248,wri,1,operating,7.0,MW,,1
F02331,Angadi Raichur A,power_plant,17.074,77.557,wri,1,operating,7.0,MW,,1
F02332,Anikkadavu Wind Farm,power_plant,10.7245,77.1893,wri,1,operating,19.8,MW,,1
F02333,Arasadi,power_plant,8.883822499999999,78.05789483333334,gem|wri,2,operating,1780.0,MW,Tamil Nadu,6
F02334,Arasinagundi Wind Farm,power_plant,14.4791,76.3482,wri,1,operating,13.2,MW,,1
F02335,Arvapally Mytrah 1,power_plant,17.3545,79.5885,wri,1,operating,23.0,MW,,2
F02336,Askandra - DREPL Solar Power Plant,power_plant,27.35675714285714,71.69172857142857,wri,1,operating,35.0,MW,,7
F02337,Assan,power_plant,29.415,76.885,wri,1,operating,10.0,MW,,1
F02338,Azhagapuri,power_plant,11.1936,78.4584,wri,1,operating,5.0,MW,,1
F02339,BAGALKOT ICP,power_plant,16.2804,75.225,wri,1,operating,28.0,MW,,1
F02340,BAGLIHAR HEP,power_plant,33.1815,75.3155,wri,1,operating,450.0,MW,,1
F02341,BAIRA SIUL,power_plant,32.8063,76.1418,wri,1,operating,180.0,MW,,1
F02342,BAKRESWAR,power_plant,23.828950312499998,87.45113375,gem|wri,2,operating,3700.0,MW,West Bengal,8
F02343,BALIMELA,power_plant,18.1396,82.1221,wri,1,operating,510.0,MW,,1
F02344,BALLARPUR BILT POWER,power_plant,19.860284,79.340769,gem|wri,2,operating,107.5,MW,Maharashtra,2
F02345,BAMANIA CEMENT,power_plant,24.6929,74.689,wri,1,operating,10.0,MW,,1
F02346,BANDEL,power_plant,22.995721666666668,88.40387916666667,gem|wri,2,operating,785.0,MW,West Bengal,6
F02347,BANER,power_plant,32.1686,76.4695,wri,1,operating,12.0,MW,,1
F02348,BANSAGAR (I),power_plant,24.199525,81.2843,wri,1,operating,425.0,MW,,4
F02349,BANSWARA CEMENT,power_plant,23.6026,74.2562,wri,1,operating,20.0,MW,,1
F02350,BARAMURA,power_plant,23.807,91.565,wri,1,operating,42.0,MW,,1
F02351,BARAUNI,power_plant,25.3930808,86.02315039999999,gem|wri,2,operating,1440.0,MW,Bihar,5
F02352,BARGI,power_plant,22.9417,79.925,wri,1,operating,90.0,MW,,1
F02353,BARH STPP II,power_plant,25.486500000000003,85.74516666666666,gem|wri,2,operating,4620.0,MW,Bihar,6
F02354,BARKHERA TPP,power_plant,28.472287466666668,79.80668308666668,gem|wri,2,operating,180.0,MW,Uttar Pradesh,3
F02355,BARSINGAR LIGNITE,power_plant,27.845091500000002,73.19956950000001,gem|wri,2,operating,750.0,MW,Rajasthan,4
F02356,BASPA,power_plant,31.4306,78.241,wri,1,operating,300.0,MW,,1
F02357,BASSI,power_plant,31.9546,76.7986,wri,1,operating,66.0,MW,,1
F02358,BEL Chikhalhol Wind Farm,power_plant,17.3816,74.5345,wri,1,operating,20.0,MW,,1
F02359,BELA NAGPUR,power_plant,20.808048625,79.0545765,gem|wri,2,operating,1988.9,MW,Maharashtra,8
F02360,BELGAUM UGAR,power_plant,16.6505,74.8209,wri,1,operating,22.8,MW,,1
F02361,BELLAD-BAGEWADI,power_plant,16.2774,74.7111,wri,1,operating,15.0,MW,,1
F02362,BELLARY HOTHUR,power_plant,15.1831,76.7909,wri,1,operating,10.0,MW,,1
F02363,BELLARY JANKI,power_plant,15.1777,77.1036,wri,1,operating,18.0,MW,,1
F02364,BELLARY TPS,power_plant,15.193180349999999,76.71950255,gem|wri,2,operating,3400.0,MW,Karnataka,4
F02365,BHADRA,power_plant,13.7008,75.6373,wri,1,operating,26.0,MW,,1
F02366,BHADRAVATI MILL,power_plant,13.8274,75.7131,wri,1,operating,41.0,MW,,1
F02367,BHAKRA,power_plant,31.4107,76.4328,wri,1,operating,1379.0,MW,,1
F02368,BHANDARA STEEL MILL,power_plant,21.232,79.6311,wri,1,operating,15.0,MW,,1
F02369,BHANDARA VARAM,power_plant,21.0813,79.7708,wri,1,operating,10.0,MW,,1
F02370,BHANDARDHARA,power_plant,19.5555,73.8087,wri,1,operating,34.0,MW,,1
F02371,BHATGARH,power_plant,18.1012,73.7252,wri,1,operating,16.0,MW,,1
F02372,BHATSA,power_plant,19.5132,73.4173,wri,1,operating,15.0,MW,,1
F02373,BHAWANI KATTALAI -II,power_plant,11.331,77.758,wri,1,operating,30.0,MW,,1
F02374,BHAWANI KATTALAI -III,power_plant,11.2428,77.8659,wri,1,operating,30.0,MW,,1
F02375,BHAWANI KATTALAI BARRAGE,power_plant,11.3842,77.7145,wri,1,operating,30.0,MW,,1
F02376,BHIGWAN MILL,power_plant,18.241941999999998,74.75277700000001,gem|wri,2,operating,120.0,MW,Maharashtra,4
F02377,BHIRA,power_plant,18.455,73.3907,wri,1,operating,300.0,MW,,1
F02378,BHIRA TAIL RACE,power_plant,18.4426,73.3498,wri,1,operating,80.0,MW,,1
F02379,BHUSAWAL,power_plant,21.04802571428571,75.85323142857142,gem|wri,2,operating,3345.0,MW,Maharashtra,7
F02380,BILIYAKALAN PLANT,power_plant,25.2267,74.6216,wri,1,operating,10.0,MW,,1
F02381,BINA REFINERY,power_plant,24.2508,78.1606,wri,1,operating,99.0,MW,,1
F02382,BINA TPP,power_plant,23.3172,78.1336,wri,1,operating,500.0,MW,,1
F02383,BINANI CEMENT PLANT,power_plant,24.8263,73.0901,wri,1,operating,69.6,MW,,1
F02384,BINWA,power_plant,32.1121,76.6537,wri,1,operating,6.0,MW,,1
F02385,BIRSINGHPUR,power_plant,23.3256,81.0333,wri,1,operating,20.0,MW,,1
F02386,BONGAIGAON TPP,power_plant,26.5145,90.5287,wri,1,operating,750.0,MW,,1
F02387,BP Brahmanvel Wind Farm,power_plant,21.2083,74.1543,wri,1,operating,40.0,MW,,1
F02388,BRAMHAPURAM DG,power_plant,9.9974495,76.373783,gem|wri,2,operating,124.0,MW,Kerala,2
F02389,BSES Kerala CCGT,power_plant,10.074251,76.31895399999999,gem|wri,2,operating,330.0,MW,Kerala,2
F02390,BUDGE BUDGE,power_plant,22.469583,88.13996175,gem|wri,2,operating,1500.0,MW,West Bengal,4
F02391,BUDHIL,power_plant,32.4584,76.532,wri,1,operating,70.0,MW,,1
F02392,BUTIBORI PLANT,power_plant,20.9273746,78.9373286,gem|wri,2,operating,1581.5,MW,Maharashtra,5
F02393,Bableshwar wind-solar,power_plant,16.968,76.256,wri,1,operating,28.8,MW,,1
F02394,Badal,power_plant,30.068,74.671,wri,1,operating,15.0,MW,,1
F02395,Badanpur,power_plant,25.364,78.307,wri,1,operating,50.0,MW,,1
F02396,Bagalkot,power_plant,16.46,75.25,wri,1,operating,10.0,MW,,1
F02397,Bahadaurgarh Jandian,power_plant,30.1547,74.6909,wri,1,operating,50.0,MW,,1
F02398,Bahadur Khera,power_plant,30.115,74.346,wri,1,operating,25.0,MW,,1
F02399,Bahraich,power_plant,27.75,81.49,wri,1,operating,10.0,MW,,1
F02400,Bakhora Kalan,power_plant,29.857,75.807,wri,1,operating,25.0,MW,,1
F02401,Balanagar,power_plant,16.943,78.131,wri,1,operating,50.0,MW,,1
F02402,Bamanwali Solar Power Plant,power_plant,28.3683,73.5286,wri,1,operating,1.0,MW,,1
F02403,Bandapalli,power_plant,13.305,79.12,wri,1,operating,10.0,MW,,1
F02404,Bandarupalli A,power_plant,18.028,78.788,wri,1,operating,15.0,MW,,1
F02405,Bannari Amman Spinning Mills Wind Power Project,power_plant,10.7389,77.416,wri,1,operating,11.2,MW,,1
F02406,Bansakra,power_plant,21.665,81.735,wri,1,operating,50.0,MW,,1
F02407,Banwala,power_plant,30.013,74.602,wri,1,operating,25.0,MW,,1
F02408,Bap - GIS 1-2 Solar Power Plant,power_plant,27.3857,72.31213333333334,wri,1,operating,30.0,MW,,3
F02409,Bap - OPG Solar Power Plant,power_plant,27.3525,72.3554,wri,1,operating,5.0,MW,,1
F02410,Bap PL,power_plant,27.49,72.40214285714286,wri,1,operating,110.0,MW,,7
F02411,Baran,power_plant,25.06,76.38,wri,1,operating,26.3,MW,,1
F02412,Bareta,power_plant,29.876,75.669,wri,1,operating,25.0,MW,,1
F02413,Baroo A,power_plant,27.36,71.961,wri,1,operating,20.0,MW,,1
F02414,Barre,power_plant,29.876,75.477,wri,1,operating,10.5,MW,,1
F02415,Barsinga Solaire,power_plant,27.427933333333332,72.39166666666667,wri,1,operating,13.0,MW,,3
F02416,Basavanahalli,power_plant,14.022,77.044,wri,1,operating,10.0,MW,,1
F02417,Basawaipalli,power_plant,16.623,77.89,wri,1,operating,4.4,MW,,1
F02418,Bavadi Barsingha - Giriraj Solar Power Plant,power_plant,27.4387,72.3245,wri,1,operating,36.3,MW,,1
F02419,Bavadi Barsingha - LEPL Solar Power Plant,power_plant,27.45165,72.3389,wri,1,operating,20.0,MW,,2
F02420,Beas,power_plant,31.5456,75.3309,wri,1,operating,19.6,MW,,2
F02421,Beechiganipalle,power_plant,13.944,77.518,wri,1,operating,10.0,MW,,1
F02422,Beeragondanahalli,power_plant,14.175,75.725,wri,1,operating,50.0,MW,,1
F02423,Behbalpur,power_plant,30.515,76.27,wri,1,operating,4.0,MW,,1
F02424,Belagau Wind Farm,power_plant,26.7272,70.8304,wri,1,operating,1.0,MW,,1
F02425,Belagwi Wind Turbines,power_plant,16.4961,74.5417,wri,1,operating,1.7,MW,,1
F02426,Belakavadi,power_plant,12.2549,77.1167,wri,1,operating,5.0,MW,,1
F02427,Belgaum Gadag Wind Farm,power_plant,15.4038,75.5625,wri,1,operating,24.8,MW,,1
F02428,Belgaum Wind farm,power_plant,15.9349,74.7007,wri,1,operating,50.4,MW,,1
F02429,Bellagurai,power_plant,15.775,76.8475,wri,1,operating,70.0,MW,,2
F02430,Bellampally,power_plant,19.02,79.42,wri,1,operating,15.0,MW,,1
F02431,Bellari,power_plant,15.025,76.805,wri,1,operating,30.0,MW,,1
F02432,Bemalkheda,power_plant,17.642,77.418,wri,1,operating,10.0,MW,,1
F02433,Bera Wind Farm,power_plant,23.0544,68.8782,wri,1,operating,150.0,MW,,1
F02434,Betwasiya,power_plant,26.789,72.938,wri,1,operating,5.0,MW,,1
F02435,BhSP1,power_plant,27.486866666666668,71.96233333333333,wri,1,operating,2645.0,MW,,15
F02436,BhSP2} Jakson,power_plant,27.492,71.904,wri,1,operating,65.0,MW,,1
F02437,BhSP2} Vikram A,power_plant,27.498,71.92,wri,1,operating,130.0,MW,,2
F02438,BhSP4} Avaada,power_plant,27.486,71.978,wri,1,operating,60.0,MW,,1
F02439,BhSP} Arjun,power_plant,27.5409,71.91565,wri,1,operating,43.1,MW,,4
F02440,BhSP} Energo,power_plant,27.52433333333333,71.93266666666666,wri,1,operating,35.0,MW,,3
F02441,Bhadrada,power_plant,23.678,71.563,wri,1,operating,5.0,MW,,1
F02442,Bhadrada Solar Power Plant,power_plant,23.6688,71.5782,wri,1,operating,5.0,MW,,1
F02443,Bhagavathikere,power_plant,14.074,76.72,wri,1,operating,10.0,MW,,1
F02444,Bhagwanpura,power_plant,24.688,75.13,wri,1,operating,237.0,MW,,2
F02445,Bhainsa Suzlon,power_plant,19.135,77.985,wri,1,operating,15.0,MW,,1
F02446,Bhalki,power_plant,18.082,77.13,wri,1,operating,20.0,MW,,1
F02447,Bhambuo Ki Dhani,power_plant,26.744,72.983,wri,1,operating,5.0,MW,,1
F02448,Bhat Khedi Wind Farm,power_plant,23.6756,75.0565,wri,1,operating,98.7,MW,,1
F02449,Bhatakumarada,power_plant,19.43,84.895,wri,1,operating,40.0,MW,,1
F02450,Bhatkota Solar Power Plant,power_plant,23.5594,73.286,wri,1,operating,3.0,MW,,1
F02451,Bhensarwas,power_plant,24.525,77.62,wri,1,operating,51.0,MW,,1
F02452,Bhetanai-Bhejiput,power_plant,19.665,84.73,wri,1,operating,40.0,MW,,1
F02453,Bhonigir Acme,power_plant,17.595,78.82,wri,1,operating,50.0,MW,,1
F02454,Bibiyapur,power_plant,27.587,79.731,wri,1,operating,10.0,MW,,1
F02455,Bid Madhopur,power_plant,23.944000000000003,76.035,wri,1,operating,10.0,MW,,2
F02456,Bidar C,power_plant,17.77515,77.45105,wri,1,operating,23.0,MW,,2
F02457,Bidar E,power_plant,17.9225,77.37299999999999,wri,1,operating,35.0,MW,,2
F02458,Bijapur Essel 3,power_plant,16.872,75.712,wri,1,operating,5.0,MW,,1
F02459,Bindpuri,power_plant,25.906,79.917,wri,1,operating,5.0,MW,,1
F02460,Birami,power_plant,25.337,73.221,wri,1,operating,30.0,MW,,1
F02461,Birmani JBGC,power_plant,25.275000000000002,77.19,wri,1,operating,18.0,MW,,3
F02462,Bithuja,power_plant,25.8038,72.2886,wri,1,operating,5.2,MW,,1
F02463,Bitta Solar Power Plant,power_plant,23.2579,69.0255,wri,1,operating,40.0,MW,,1
F02464,Bodhare,power_plant,20.375,75.04,wri,1,operating,50.0,MW,,1
F02465,Boha Solar Power Plant,power_plant,29.8504,75.49,wri,1,operating,4.2,MW,,1
F02466,Boinpally,power_plant,16.7425,78.3575,wri,1,operating,19.1,MW,,2
F02467,Bonada Solar Power Plant,power_plant,26.5249,71.5212,wri,1,operating,1.0,MW,,1
F02468,Boram Palli,power_plant,14.577,77.186,wri,1,operating,20.0,MW,,1
F02469,Boya,power_plant,25.168,73.25,wri,1,operating,10.0,MW,,1
F02470,Byadagi,power_plant,14.673,75.514,wri,1,operating,20.0,MW,,1
F02471,CHAMERA II,power_plant,32.4734,76.2552,wri,1,operating,300.0,MW,,1
F02472,CHAMERA-I,power_plant,32.5966,75.9857,wri,1,operating,540.0,MW,,1
F02473,CHAMERA-III,power_plant,32.4733,76.44,wri,1,operating,231.0,MW,,1
F02474,CHANDA CEMENT WORKS,power_plant,19.928395,79.12789616666667,gem|wri,2,operating,850.0,MW,Maharashtra,6
F02475,CHANDERIA CEMENT WORKS,power_plant,24.9293,74.6367,wri,1,operating,35.0,MW,,1
F02476,CHANDERIA SMELTER,power_plant,24.96334225,74.667799,gem|wri,2,operating,468.0,MW,Rajasthan,4
F02477,CHANDRAPUR MANIKGHAR,power_plant,19.721936,79.175252,gem|wri,2,operating,120.0,MW,Maharashtra,4
F02478,CHANDRAPUR_Coal,power_plant,20.007627272727277,79.2882909090909,gem|wri,2,operating,6265.0,MW,Maharashtra,11
F02479,CHANJU-I,power_plant,32.7369,76.2477,wri,1,operating,36.0,MW,,1
F02480,CHEMBUKADAVU-II,power_plant,11.4645,76.0376,wri,1,operating,3.75,MW,,1
F02481,CHENANI I to III,power_plant,32.9578,75.1705,wri,1,operating,32.8,MW,,1
F02482,CHHABRA TPS,power_plant,24.626966666666668,77.03683017777779,gem|wri,2,operating,5960.0,MW,Rajasthan,9
F02483,CHIBRO (YAMUNA),power_plant,30.5559,77.7915,wri,1,operating,240.0,MW,,1
F02484,CHILLA,power_plant,29.976,78.2203,wri,1,operating,144.0,MW,,1
F02485,CHUTAK,power_plant,34.4903,76.1137,wri,1,operating,44.0,MW,,1
F02486,CHUZACHEN,power_plant,27.2093,88.6659,wri,1,operating,110.0,MW,,1
F02487,CORE GREEN SUGAR,power_plant,16.5471,77.0825,wri,1,operating,24.0,MW,,1
F02488,ChSP} AES,power_plant,23.90336285714286,71.20455428571427,wri,1,operating,1033.1,MW,,35
F02489,Chadiyana 10,power_plant,23.6937,71.56710000000001,wri,1,operating,15.0,MW,,2
F02490,Chagi,power_plant,15.524,77.266,wri,1,operating,39.0,MW,,1
F02491,Chahitara,power_plant,25.558,80.332,wri,1,operating,20.0,MW,,1
F02492,Challakere,power_plant,14.2,76.69,wri,1,operating,10.0,MW,,1
F02493,Chamrajanagara,power_plant,11.895,76.935,wri,1,operating,20.0,MW,,1
F02494,Chandapur,power_plant,14.965,75.186,wri,1,operating,10.0,MW,,1
F02495,Channapatanna,power_plant,12.696,77.108,wri,1,operating,20.0,MW,,1
F02496,Chatgaon Telgaon,power_plant,18.97,76.215,wri,1,operating,50.0,MW,,1
F02497,Chegunta,power_plant,18.039,78.454,wri,1,operating,7.0,MW,,1
F02498,Chengam,power_plant,12.344,78.947,wri,1,operating,36.0,MW,,1
F02499,Chennur,power_plant,18.783,79.727,wri,1,operating,10.0,MW,,1
F02500,Chhadavada Wind Farm,power_plant,23.2443,70.4603,wri,1,operating,21.0,MW,,1
F02501,Chharrah,power_plant,23.385,86.385,wri,1,operating,10.0,MW,,1
F02502,Chikkanayakanahalli,power_plant,13.42,76.605,wri,1,operating,20.0,MW,,1
F02503,Chikkodi,power_plant,16.449,74.551,wri,1,operating,20.0,MW,,1
F02504,Chillkepally,power_plant,17.683,77.723,wri,1,operating,8.0,MW,,1
F02505,Chiluah,power_plant,27.608,79.684,wri,1,operating,10.0,MW,,1
F02506,Chilveru,power_plant,16.759,78.257,wri,1,operating,8.0,MW,,1
F02507,Chincholli,power_plant,17.402,77.381,wri,1,operating,20.0,MW,,1
F02508,Chittapura,power_plant,17.235,77.055,wri,1,operating,20.0,MW,,1
F02509,Choharianwali,power_plant,30.401,74.078,wri,1,operating,25.0,MW,,1
F02510,Chudiyala Omkar 1,power_plant,29.875,77.736,wri,1,operating,30.0,MW,,3
F02511,Chudiyala Profigate 1,power_plant,29.9175,77.7525,wri,1,operating,10.0,MW,,2
F02512,Chudiyala Rays,power_plant,29.874,77.757,wri,1,operating,20.0,MW,,1
F02513,Chukoda,power_plant,19.505,75.055,wri,1,operating,50.0,MW,,1
F02514,Civil Lines,power_plant,21.22,81.7,wri,1,operating,10.0,MW,,1
F02515,Cochin COK,power_plant,10.152999999999999,76.38735,wri,1,operating,22.0,MW,,2
F02516,Coimbatore,power_plant,11.143,76.95,wri,1,operating,10.0,MW,,1
F02517,D.P.L.,power_plant,23.521142299999998,87.3023081,gem|wri,2,operating,2260.0,MW,West Bengal,10
F02518,DAE RAJASTHAN,power_plant,24.8747,75.6189,wri,1,operating,1180.0,MW,,2
F02519,DAHANU FRESNEL,power_plant,26.788625,72.008775,wri,1,operating,365.0,MW,,4
F02520,DAMODARAM SANJEEVAIAH,power_plant,14.331803,80.12317875000001,gem|wri,2,operating,4000.0,MW,Andhra Pradesh,4
F02521,DANAPUR BMM,power_plant,15.170454666666666,76.37838466666666,gem|wri,2,operating,260.0,MW,Karnataka,3
F02522,DAUND SUGAR,power_plant,18.4271,74.6338,wri,1,operating,30.0,MW,,1
F02523,DAVANGERE MILL,power_plant,14.3277,75.8808,wri,1,operating,24.0,MW,,1
F02524,DEHAR,power_plant,31.4133,76.8686,wri,1,operating,990.0,MW,,1
F02525,DHAKRANI,power_plant,30.4561,77.7368,wri,1,operating,33.75,MW,,1
F02526,DHALIPUR,power_plant,30.4354,77.6821,wri,1,operating,51.0,MW,,1
F02527,DHANU,power_plant,19.9539917,72.7482455,gem|wri,2,operating,2200.0,MW,Maharashtra,4
F02528,DHARIWAL INF TPP,power_plant,20.01014442857143,79.19719142857143,gem|wri,2,operating,2358.0,MW,Maharashtra,7
F02529,DHAULI GANGA,power_plant,29.8783,80.5727,wri,1,operating,280.0,MW,,1
F02530,DHOLPUR,power_plant,26.702119500000002,77.8485665,gem|wri,2,operating,660.0,MW,Rajasthan,2
F02531,DIKCHU,power_plant,27.4028,88.5247,wri,1,operating,96.0,MW,,1
F02532,DLF,power_plant,24.8271,92.9737,wri,1,operating,15.5,MW,,1
F02533,DNYANESHWAR MILL,power_plant,19.4496,75.0382,wri,1,operating,12.96,MW,,1
F02534,DONKARAYI,power_plant,17.8994,81.8296,wri,1,operating,25.0,MW,,1
F02535,DOYANG,power_plant,26.2325,94.2612,wri,1,operating,75.0,MW,,1
F02536,DUDH GANGA,power_plant,16.3537,74.0095,wri,1,operating,24.0,MW,,1
F02537,DUGGAVATHI MILL,power_plant,14.6284,75.8448,wri,1,operating,22.0,MW,,1
F02538,DULHASTI,power_plant,33.3691,75.7985,wri,1,operating,390.0,MW,,1
F02539,DURGAPUR,power_plant,23.5313795,87.24989199999999,gem|wri,2,operating,1360.0,MW,West Bengal,4
F02540,DURGAPUR STEEL TPS,power_plant,23.58,87.2043,gem|wri,2,operating,2000.0,MW,West Bengal,3
F02541,Daisar,power_plant,23.925,71.522,wri,1,operating,20.0,MW,,1
F02542,Dakor,power_plant,25.89,79.425,wri,1,operating,40.0,MW,,1
F02543,Dammakhedi,power_plant,23.981333333333335,75.33,wri,1,operating,96.4,MW,,3
F02544,Dandeli Mill,power_plant,15.2529,74.6283,wri,1,operating,20.0,MW,,1
F02545,Dariba,power_plant,24.953463000000003,74.128736,gem|wri,2,operating,324.8,MW,Rajasthan,4
F02546,Daudpur,power_plant,24.599,84.686,wri,1,operating,25.0,MW,,1
F02547,Daulat Pura,power_plant,30.087,74.039,wri,1,operating,25.0,MW,,1
F02548,Debari,power_plant,24.6,73.821,wri,1,operating,12.0,MW,,1
F02549,Deh OWM,power_plant,27.90042857142857,72.94500000000001,wri,1,operating,45.5,MW,,7
F02550,Deh Solar Power Plant,power_plant,27.925150000000002,72.89045,wri,1,operating,9.0,MW,,2
F02551,Dehriya Susner,power_plant,23.985,76.023,wri,1,operating,10.0,MW,,1
F02552,Devadurga,power_plant,16.406,77.107,wri,1,operating,20.0,MW,,1
F02553,Devgarh Wind Farm,power_plant,23.964,74.6215,wri,1,operating,37.5,MW,,1
F02554,Dhabla Sondhya Solar Power Plant,power_plant,23.8267,75.8988,wri,1,operating,28.2,MW,,1
F02555,Dhama,power_plant,23.377133333333333,71.6571,wri,1,operating,19.3,MW,,3
F02556,Dhanera Solar Power Plant,power_plant,24.5216,72.1999,wri,1,operating,25.0,MW,,1
F02557,Dichpally,power_plant,18.635,78.24,wri,1,operating,143.0,MW,,1
F02558,Digsar A,power_plant,22.72535,71.4392,wri,1,operating,50.0,MW,,2
F02559,Diwakar,power_plant,27.7355,71.6917,wri,1,operating,100.0,MW,,1
F02560,Domagunda Mytrah,power_plant,18.276,78.469,wri,1,operating,15.0,MW,,1
F02561,Dondlapalle,power_plant,16.887,78.084,wri,1,operating,25.0,MW,,1
F02562,Dugar Solar Power Plant,power_plant,26.2776,72.651,wri,1,operating,1.0,MW,,1
F02563,Durjani A,power_plant,27.348,71.995,wri,1,operating,20.0,MW,,1
F02564,ELDARI,power_plant,19.7197,76.733,wri,1,operating,22.5,MW,,1
F02565,EMCO Sonurle Wind Farm,power_plant,16.8265,73.9269,wri,1,operating,9.0,MW,,1
F02566,Eenadu,power_plant,16.78,78.3355,wri,1,operating,16.5,MW,,2
F02567,Eluvanampatty,power_plant,10.134,77.689,wri,1,operating,30.0,MW,,1
F02568,Enercon Babarzar Wind Farm,power_plant,22.1421,69.8442,wri,1,operating,11.2,MW,,1
F02569,Enercon Chitradurga Wind Farm,power_plant,13.7276,76.5137,wri,1,operating,68.8,MW,,1
F02570,Enercon Sonoshi Wind Farm,power_plant,19.6274,73.7839,wri,1,operating,20.0,MW,,1
F02571,Ettankulam,power_plant,8.853,77.605,wri,1,operating,20.0,MW,,1
F02572,FARAKKA STPS,power_plant,24.77262485714286,87.89374885714285,gem|wri,2,operating,4200.0,MW,West Bengal,7
F02573,Frost International Palankottai Wind Farm,power_plant,9.1269,77.6458,wri,1,operating,4.25,MW,,1
F02574,GACL Kutch Wind Farm,power_plant,23.0272,69.9494,wri,1,operating,39.0,MW,,1
F02575,GADARWARA,power_plant,22.861761599999998,78.8658632,gem|wri,2,operating,4000.0,MW,Madhya Pradesh,5
F02576,GADEPAN WORKS,power_plant,25.1521,76.182,wri,1,operating,35.0,MW,,1
F02577,GAJ,power_plant,32.2417,76.2787,wri,1,operating,10.5,MW,,1
F02578,GAMA CCPP  Module - 1,power_plant,29.1414055,78.9633485,gem|wri,2,operating,450.0,MW,Uttarakhand,2
F02579,GANDHARBAL,power_plant,34.2236,74.7781,wri,1,operating,15.0,MW,,1
F02580,GANDHI NAGAR,power_plant,25.2502,72.6765,wri,1,operating,630.0,MW,,1
F02581,GANDHI SAGAR,power_plant,24.6997,75.5529,wri,1,operating,115.0,MW,,1
F02582,GEPL,power_plant,19.9324,79.104,wri,1,operating,120.0,MW,,1
F02583,GFL Gudhepanchgani,power_plant,17.1309,73.9765,wri,1,operating,23.1,MW,,1
F02584,GHANVI,power_plant,31.5425,77.7786,wri,1,operating,22.5,MW,,1
F02585,GHAT PRABHA,power_plant,16.1424,74.6447,wri,1,operating,32.0,MW,,1
F02586,GHATGHAR PSS,power_plant,19.5334,73.6509,wri,1,operating,250.0,MW,,1
F02587,GHTP (LEH.MOH.),power_plant,30.266562500000003,75.16609749999999,gem|wri,2,operating,2340.0,MW,Punjab,6
F02588,GIRI BATA,power_plant,30.5307,77.4968,wri,1,operating,60.0,MW,,1
F02589,GIWPP Telagi,power_plant,14.6534,75.8613,wri,1,operating,23.1,MW,,1
F02590,GMR WARORA TPP,power_plant,20.274058555555555,78.978198,gem|wri,2,operating,2580.0,MW,Maharashtra,9
F02591,GOINDWAL SAHIB TPP,power_plant,31.384132,75.1464824,gem|wri,2,operating,2400.0,MW,Punjab,5
F02592,GREL CCPP (RAJAMUNDRY),power_plant,16.92436,81.81233999999999,gem|wri,2,operating,2312.5,MW,Andhra Pradesh,5
F02593,GRT 6,power_plant,9.442,78.053,wri,1,operating,5.0,MW,,1
F02594,GULBARGA CEMENT,power_plant,17.1084,77.1325,wri,1,operating,55.0,MW,,1
F02595,GUMTI,power_plant,23.4263,91.8223,wri,1,operating,15.0,MW,,1
F02596,Gadag Wind Farm,power_plant,15.3536,75.57535,wri,1,operating,60.0,MW,,2
F02597,Gadagi,power_plant,17.96,77.56,wri,1,operating,10.0,MW,,1
F02598,Gadarpur Punj 1,power_plant,29.058500000000002,79.19200000000001,wri,1,operating,20.0,MW,,2
F02599,Gadarpur Punj 3,power_plant,29.085,79.283,wri,1,operating,10.0,MW,,1
F02600,Gadarpur Sugar Mill,power_plant,29.05,79.22,wri,1,operating,12.5,MW,,1
F02601,Gadwal Mytrah,power_plant,16.266,77.779,wri,1,operating,15.0,MW,,1
F02602,Gadwal Vogt,power_plant,16.152,77.763,wri,1,operating,10.0,MW,,1
F02603,Gajner BMD,power_plant,27.953,73.052,wri,1,operating,5.9,MW,,1
F02604,Gajner Fonroche,power_plant,27.979,73.038,wri,1,operating,20.0,MW,,1
F02605,Gajner LEPL 10,power_plant,27.97,73.065,wri,1,operating,10.0,MW,,1
F02606,Gamiwala 1,power_plant,29.799,75.5215,wri,1,operating,41.0,MW,,2
F02607,Gangakhed,power_plant,18.975,76.695,wri,1,operating,40.0,MW,,1
F02608,Gangavati,power_plant,15.45,76.58,wri,1,operating,20.0,MW,,1
F02609,Garacharma Solar Power Plant,power_plant,11.6117,92.7109,wri,1,operating,5.0,MW,,1
F02610,Ghaggar Branch Canal,power_plant,29.894,75.772,wri,1,operating,7.6,MW,,1
F02611,Ghaggar Link Canal,power_plant,30.503,76.34,wri,1,operating,7.6,MW,,1
F02612,Ghanapur Solarpack,power_plant,16.624,78.044,wri,1,operating,15.0,MW,,1
F02613,Ghataprabha,power_plant,16.23,74.77,wri,1,operating,40.0,MW,,1
F02614,Ghattu,power_plant,16.133,77.558,wri,1,operating,39.0,MW,,1
F02615,Godawari,power_plant,27.60066666666667,72.22416666666668,wri,1,operating,150.0,MW,,3
F02616,Godelai Solar Power Plant,power_plant,26.6532,72.5377,wri,1,operating,1.0,MW,,1
F02617,Gollagudem,power_plant,16.859,81.359,wri,1,operating,5.0,MW,,1
F02618,Gondri Solar Power Plant,power_plant,18.3055,76.6551,wri,1,operating,5.0,MW,,1
F02619,Gorsar Wind Farm,power_plant,21.3131,69.9187,wri,1,operating,7.5,MW,,1
F02620,Govindpura A,power_plant,25.415,79.439,wri,1,operating,25.0,MW,,1
F02621,Gowribidanuru,power_plant,13.615,77.54,wri,1,operating,20.0,MW,,1
F02622,Gowriganipalli BGC,power_plant,13.733733333333333,77.5589,wri,1,operating,19.9,MW,,3
F02623,Goyalkhedi,power_plant,23.748,75.64,wri,1,operating,32.0,MW,,1
F02624,Goyalri,power_plant,27.95,72.988,wri,1,operating,60.0,MW,,1
F02625,Grewal Solar Power Plant,power_plant,30.4613,74.6188,wri,1,operating,1.8,MW,,1
F02626,Gulabpura Solar Power Plant,power_plant,25.86,74.6567,wri,1,operating,5.0,MW,,1
F02627,Gundlupet,power_plant,11.805,76.67,wri,1,operating,20.0,MW,,1
F02628,Guntipally,power_plant,16.27,77.835,wri,1,operating,15.0,MW,,1
F02629,Gurha SM,power_plant,27.859,72.841,wri,1,operating,10.0,MW,,1
F02630,Gurukul Narsan,power_plant,29.685,77.845,wri,1,operating,5.0,MW,,1
F02631,Guttigoli,power_plant,16.135,75.27,wri,1,operating,135.0,MW,,1
F02632,HALDIA,power_plant,22.1042,88.1764,wri,1,operating,600.0,MW,,1
F02633,HAMPI,power_plant,15.2632,76.33486666666666,wri,1,operating,100.3,MW,,3
F02634,HAPURI MILL,power_plant,16.6038,74.4045,wri,1,operating,24.0,MW,,1
F02635,HASDEOBANGO,power_plant,22.604,82.5977,wri,1,operating,120.0,MW,,1
F02636,HAVALGA SUGAR,power_plant,17.1202,76.4004,wri,1,operating,25.5,MW,,1
F02637,HINGOLI MILL,power_plant,19.2829,77.1384,wri,1,operating,18.9,MW,,1
F02638,HIRAKUD I&II,power_plant,21.5337,83.8754,wri,1,operating,347.5,MW,,1
F02639,HIRIYUR BIOMASS,power_plant,13.9808,76.6279,wri,1,operating,25.0,MW,,1
F02640,HZL Nandurbar Maharashtra,power_plant,21.3027,74.3091,wri,1,operating,25.5,MW,,1
F02641,HZL Palladum Wind Farm,power_plant,10.8674,77.4588,wri,1,operating,21.0,MW,,1
F02642,HZL Parewar Wind Farm,power_plant,27.2492,70.6722,wri,1,operating,27.3,MW,,1
F02643,HZL Samana Wind Farm,power_plant,22.0335,70.2313,wri,1,operating,88.8,MW,,1
F02644,H_GANJ B,power_plant,28.017544444444436,78.13028888888888,gem|wri,2,operating,2105.0,MW,Uttar Pradesh,9
F02645,Hanur,power_plant,12.15,77.215,wri,1,operating,20.0,MW,,1
F02646,Harapanahalli GSC,power_plant,14.7991,76.10575,wri,1,operating,18.0,MW,,2
F02647,Hardhani 100,power_plant,26.73,73.199,wri,1,operating,182.0,MW,,4
F02648,Harij,power_plant,23.715,71.875,wri,1,operating,30.0,MW,,1
F02649,Harthikote,power_plant,14.1375,76.6885,wri,1,operating,110.0,MW,,2
F02650,Hindol,power_plant,20.62,85.185,wri,1,operating,40.0,MW,,1
F02651,Hirewaddatti Wind Farm,power_plant,15.1997,75.762,wri,1,operating,49.0,MW,,1
F02652,Holalkere,power_plant,13.99,76.372,wri,1,operating,20.0,MW,,1
F02653,Holenarasipura,power_plant,12.755,76.204,wri,1,operating,20.0,MW,,1
F02654,Honnali JK,power_plant,14.235,75.63,wri,1,operating,10.0,MW,,1
F02655,Horti Solar Power Plant,power_plant,17.9054,76.3224,wri,1,operating,20.0,MW,,1
F02656,Hothi,power_plant,17.613,77.571,wri,1,operating,16.2,MW,,1
F02657,Humnabad,power_plant,17.733,77.211,wri,1,operating,20.0,MW,,1
F02658,Hunagund,power_plant,16.008,76.04,wri,1,operating,15.0,MW,,1
F02659,Hyderabad HYD,power_plant,17.246450000000003,78.40325,wri,1,operating,10.0,MW,,2
F02660,I.B.VALLEY,power_plant,21.689954485714285,83.86009962857143,gem|wri,2,operating,3480.0,MW,Odisha,7
F02661,IDAMALAYAR,power_plant,10.207,76.7137,wri,1,operating,75.0,MW,,1
F02662,IDUKKI,power_plant,9.8503,77.0555,wri,1,operating,780.0,MW,,1
F02663,IL&FS Kaladeh Wind Farm,power_plant,22.8396,76.1906,wri,1,operating,24.0,MW,,1
F02664,IND BARATH TPP,power_plant,21.657956499999997,83.91963475,gem|wri,2,operating,1710.0,MW,Odisha,4
F02665,INDIA POWER TPP(HALDIA  HIRANMAYE ),power_plant,22.077120595,88.0985451075,gem|wri,2,operating,750.0,MW,West Bengal,4
F02666,INDIRA SAGAR,power_plant,22.2791,76.4728,wri,1,operating,1000.0,MW,,1
F02667,INDRA GANDHI STPP,power_plant,28.48505916666667,76.37353333333333,gem|wri,2,operating,4320.0,MW,Haryana,6
F02668,ITPCL TPP,power_plant,11.521541059999999,79.75167265666667,gem|wri,2,operating,4380.0,MW,Tamil Nadu,6
F02669,Icchawar,power_plant,23.033,77.06,wri,1,operating,9.0,MW,,1
F02670,Idihalli AF,power_plant,13.833,77.34,wri,1,operating,10.0,MW,,1
F02671,Idihalli CMS,power_plant,13.81,77.33,wri,1,operating,30.0,MW,,1
F02672,Indi Essel,power_plant,17.024,75.827,wri,1,operating,20.0,MW,,1
F02673,Indi Rays,power_plant,17.17,75.93,wri,1,operating,5.0,MW,,1
F02674,Indiranagar,power_plant,14.178,77.44,wri,1,operating,7.0,MW,,1
F02675,Ingaleshwar Wind Farm,power_plant,16.6208,76.0223,wri,1,operating,100.8,MW,,1
F02676,Islamwadi,power_plant,19.715,75.94,wri,1,operating,50.0,MW,,1
F02677,Itnal Solar Power Plant,power_plant,16.4018,74.6641,wri,1,operating,3.0,MW,,1
F02678,Ittagi Hero,power_plant,14.96,76.045,wri,1,operating,40.0,MW,,1
F02679,Ittigi Hartek,power_plant,14.91,76.112,wri,1,operating,50.0,MW,,1
F02680,Iyyermalai,power_plant,10.88,78.345,wri,1,operating,75.0,MW,,1
F02681,J.SAGAR,power_plant,25.0369,75.6778,wri,1,operating,99.0,MW,,1
F02682,JALDHAKA I&II,power_plant,27.0297,88.8747,wri,1,operating,36.0,MW,,1
F02683,JALLIPPA KAPURDI TPP,power_plant,25.894920214285715,71.3294230714286,gem|wri,2,operating,4320.0,MW,Rajasthan,14
F02684,JAYKAYPURAM PLANT,power_plant,24.6963,73.0017,wri,1,operating,66.0,MW,,1
F02685,JAYPEE BELA CEMENT,power_plant,24.5468,81.1723,wri,1,operating,118.0,MW,,2
F02686,JAYPEE SIDHI CEMENT,power_plant,24.3265205,81.33193775000001,gem|wri,2,operating,310.0,MW,Madhya Pradesh,4
F02687,JEGURUPADU GT,power_plant,16.9312,81.86,gem|wri,2,operating,900.674,MW,Andhra Pradesh,3
F02688,JOG,power_plant,14.2273,74.7994,wri,1,operating,139.2,MW,,1
F02689,JORETHANG LOOP,power_plant,27.1598,88.2924,wri,1,operating,96.0,MW,,1
F02690,JSW RATNAGIRI TPP,power_plant,17.296479166666668,73.21292083333333,gem|wri,2,operating,5600.0,MW,Maharashtra,6
F02691,Jagtial,power_plant,18.824,79.104,wri,1,operating,30.0,MW,,1
F02692,Jalaun SD,power_plant,26.27,79.52,wri,1,operating,75.0,MW,,1
F02693,Jalgaon Arvi,power_plant,20.775,78.105,wri,1,operating,20.0,MW,,1
F02694,Jambalapuram,power_plant,9.81,77.78,wri,1,operating,20.0,MW,,1
F02695,Jamuria Solar Power Plant,power_plant,23.7162,87.0695,wri,1,operating,2.0,MW,,1
F02696,Jangi Wind Farm,power_plant,23.2409,70.509,wri,1,operating,91.8,MW,,1
F02697,Jangi village wind farm,power_plant,23.208,70.5465,wri,1,operating,10.5,MW,,1
F02698,Jatisara,power_plant,27.117,72.779,wri,1,operating,5.0,MW,,1
F02699,Jeedimetla,power_plant,17.572,78.428,wri,1,operating,10.0,MW,,1
F02700,Jeloo Wind Farm,power_plant,26.5255,72.7629,wri,1,operating,29.6,MW,,1
F02701,Jodhpur SP,power_plant,26.86,72.715,wri,1,operating,50.0,MW,,1
F02702,Jodiya Wind Farm,power_plant,22.7532,70.3961,wri,1,operating,33.0,MW,,1
F02703,Jogipet,power_plant,17.866,78.016,wri,1,operating,8.4,MW,,1
F02704,K.N. Ram Kaltek Wind Farm,power_plant,21.2261,74.2393,wri,1,operating,10.25,MW,,1
F02705,KADAMPARI,power_plant,10.4104,77.0435,wri,1,operating,400.0,MW,,1
F02706,KADANA,power_plant,23.3045,73.8254,wri,1,operating,240.0,MW,,1
F02707,KADRA,power_plant,14.8901,74.3916,wri,1,operating,150.0,MW,,1
F02708,KAHALGAON,power_plant,25.236652625000005,87.265333125,gem|wri,2,operating,4680.0,MW,Bihar,8
F02709,KAIGA,power_plant,14.865,74.4385,wri,1,operating,880.0,MW,,1
F02710,KAKATIYA TPP,power_plant,18.3832956,79.82694293333333,gem|wri,2,operating,2200.0,MW,Telangana,3
F02711,KAKKAD,power_plant,9.3275,76.9717,wri,1,operating,50.0,MW,,1
F02712,KALINADI,power_plant,15.2761,74.5268,wri,1,operating,955.0,MW,,2
F02713,KALISINDH,power_plant,24.532082485714287,76.10010257142856,gem|wri,2,operating,5320.0,MW,Rajasthan,7
F02714,KALLADA,power_plant,8.9553,77.0697,wri,1,operating,15.0,MW,,1
F02715,KALLUR GRINDING,power_plant,17.3821,77.4389,wri,1,operating,30.0,MW,,1
F02716,KAMAL SPONGE,power_plant,24.6266,80.831,wri,1,operating,12.0,MW,,1
F02717,KANHER,power_plant,17.7384,73.917,wri,1,operating,4.0,MW,,1
F02718,KARAD MILL,power_plant,17.1655,74.24575,wri,1,operating,32.0,MW,,2
F02719,KARAIKAL,power_plant,10.9325,79.8216,wri,1,operating,32.5,MW,,1
F02720,KARBI LANGPI,power_plant,25.9552,92.5171,wri,1,operating,100.0,MW,,1
F02721,KARCHAM WANGTOO,power_plant,31.5156,78.1073,wri,1,operating,1000.0,MW,,1
F02722,KARGIL,power_plant,34.5605,76.1299,wri,1,operating,3.75,MW,,1
F02723,KARUPPUR GT,power_plant,11.121291,79.528302,gem|wri,2,operating,239.8,MW,Tamil Nadu,2
F02724,KASARGODE DG,power_plant,12.4837,74.9929,wri,1,operating,21.84,MW,,1
F02725,KASRAWAD FACTORY,power_plant,22.1335,75.4568,wri,1,operating,10.0,MW,,1
F02726,KATHALGURI GT,power_plant,27.340996249999996,95.406788,gem|wri,2,operating,582.0,MW,Assam,4
F02727,KAWAI TPP,power_plant,24.777919555555556,76.73712799999998,gem|wri,2,operating,7440.0,MW,Rajasthan,9
F02728,KAYAM KULAM GT,power_plant,9.223797999999999,76.4312625,gem|wri,2,operating,700.0,MW,Kerala,2
F02729,KCSF SANGUR,power_plant,14.7753,75.3131,wri,1,operating,18.0,MW,,1
F02730,KHADAVASLA I&II,power_plant,18.3803,73.6116,wri,1,operating,16.0,MW,,1
F02731,KHAMBERKHERA IPP,power_plant,28.01699150666667,80.83065784666667,gem|wri,2,operating,180.0,MW,Uttar Pradesh,3
F02732,KHANDONG,power_plant,25.5177,92.6679,wri,1,operating,250.0,MW,,2
F02733,KHARA,power_plant,30.3508,77.6017,wri,1,operating,72.0,MW,,1
F02734,KHATIMA,power_plant,28.9232,80.0243,wri,1,operating,41.4,MW,,1
F02735,KHODRI,power_plant,30.5085,77.8001,wri,1,operating,120.0,MW,,1
F02736,KISHENGANGA,power_plant,34.649,74.7514,wri,1,operating,330.0,MW,,1
F02737,KM DODDI SUGAR,power_plant,12.4806,77.0411,wri,1,operating,26.0,MW,,1
F02738,KODASALI,power_plant,14.955,74.5904,wri,1,operating,120.0,MW,,1
F02739,KODAYAR-I&II,power_plant,8.5319,77.3125,wri,1,operating,100.0,MW,,1
F02740,KOJIKODE DG,power_plant,11.205323499999999,75.8068295,gem|wri,2,operating,192.0,MW,Kerala,2
F02741,KOLAGHAT,power_plant,22.416441428571424,87.87102914285715,gem|wri,2,operating,2520.0,MW,West Bengal,7
F02742,KOLDAM,power_plant,31.382,76.8761,wri,1,operating,800.0,MW,,1
F02743,KOLHAPUR HEMARUS,power_plant,16.0327,74.4583,wri,1,operating,20.0,MW,,1
F02744,KOLHAPUR KAGAL,power_plant,16.589,74.2993,wri,1,operating,20.0,MW,,1
F02745,KOLHAPUR KUMBHI,power_plant,16.689,74.1201,wri,1,operating,17.5,MW,,1
F02746,KOLLEGAL SUGAR,power_plant,12.1056,76.7606,wri,1,operating,16.0,MW,,1
F02747,KONASEEMA CCCP,power_plant,16.7346,81.8622,gem|wri,2,operating,1710.0,MW,Andhra Pradesh,4
F02748,KONDAPALLI GT,power_plant,16.64,80.5504,gem|wri,2,operating,2934.0,MW,Andhra Pradesh,5
F02749,KOPPA SUGAR,power_plant,12.702,76.9787,wri,1,operating,26.0,MW,,1
F02750,KOPPAL HKMP,power_plant,15.316,76.2507,wri,1,operating,12.0,MW,,1
F02751,KORADI,power_plant,21.239676269230763,79.09388529230772,gem|wri,2,operating,6740.0,MW,Maharashtra,13
F02752,KOSI,power_plant,26.497,86.9549,wri,1,operating,20.0,MW,,1
F02753,KOTA,power_plant,25.171037250000005,75.8169915,gem|wri,2,operating,2480.0,MW,Rajasthan,8
F02754,KOTA COMPLEX,power_plant,25.132772,75.884428,gem|wri,2,operating,431.0,MW,Rajasthan,5
F02755,KOTESHWAR,power_plant,30.2594,78.4971,wri,1,operating,400.0,MW,,1
F02756,KOVILKALAPPAL,power_plant,10.5415,79.4507,gem|wri,2,operating,214.88,MW,Tamil Nadu,2
F02757,KOYNA COMPLEX,power_plant,17.4599,73.684,wri,1,operating,1956.0,MW,,1
F02758,KS Oils Chinnakuyili Wind Farm,power_plant,10.9328,77.0912,wri,1,operating,12.0,MW,,1
F02759,KUDGI,power_plant,16.499521666666663,75.83467666666667,gem|wri,2,operating,6400.0,MW,Karnataka,6
F02760,KULHAL,power_plant,30.4289,77.6296,wri,1,operating,30.0,MW,,1
F02761,KUMSP} Adani,power_plant,15.6565,78.283,wri,1,operating,150.0,MW,,2
F02762,KUMSP} Greenko,power_plant,15.66341666666667,78.25841666666669,wri,1,operating,1350.0,MW,,12
F02763,KUNDAH I-V,power_plant,11.2861,76.6511,wri,1,operating,555.0,MW,,1
F02764,KUNDANKULAM,power_plant,8.1691,77.1327,wri,1,operating,2000.0,MW,,1
F02765,KUNDARGI MILL,power_plant,16.2651,75.5302,wri,1,operating,16.5,MW,,1
F02766,KUNDARKI TPP,power_plant,27.078782160000003,82.08376913333333,gem|wri,2,operating,180.0,MW,Uttar Pradesh,3
F02767,KUTCH LIG.,power_plant,23.663489333333334,68.78418533333334,gem|wri,2,operating,830.0,MW,Gujarat,6
F02768,KUTHUNGAL,power_plant,9.9356,77.1068,wri,1,operating,21.0,MW,,1
F02769,KUTTALAM GT,power_plant,11.076,79.57,gem|wri,2,operating,202.0,MW,Tamil Nadu,2
F02770,KUTTIADI,power_plant,11.5484,75.8988,wri,1,operating,225.0,MW,,2
F02771,KYMORE,power_plant,24.0529,80.6144,wri,1,operating,50.0,MW,,1
F02772,KYREDEMKULAI,power_plant,25.7848,91.7895,wri,1,operating,60.0,MW,,1
F02773,K_GUDEM,power_plant,17.621900000000004,80.69355714285713,gem|wri,2,operating,5040.0,MW,Telangana,14
F02774,K_KHEDA II,power_plant,21.2818,79.116,gem|wri,2,operating,2680.0,MW,Maharashtra,6
F02775,Kachalia I+II,power_plant,23.885,75.899,wri,1,operating,40.0,MW,,1
F02776,Kadala,power_plant,20.76,85.295,wri,1,operating,40.0,MW,,1
F02777,Kadiri,power_plant,14.1645,78.1435,wri,1,operating,10.0,MW,,2
F02778,Kadivella,power_plant,15.667,77.486,wri,1,operating,30.0,MW,,1
F02779,Kadodiya,power_plant,23.518466666666665,76.14460000000001,wri,1,operating,40.0,MW,,3
F02780,Kajipuram,power_plant,16.884,77.587,wri,1,operating,30.0,MW,,1
F02781,Kakarani,power_plant,17.281,79.19,wri,1,operating,115.9,MW,,1
F02782,Kaladonger Wind Farm,power_plant,27.0931,70.9996,wri,1,operating,75.6,MW,,1
F02783,Kalamarahalli,power_plant,14.109,76.758,wri,1,operating,10.9,MW,,1
F02784,Kalhe,power_plant,18.882,73.1,wri,1,operating,5.0,MW,,1
F02785,Kalipi,power_plant,13.981,77.481,wri,1,operating,40.0,MW,,1
F02786,Kallurani Aadhavan,power_plant,9.45,78.15100000000001,wri,1,operating,100.0,MW,,2
F02787,Kallurani RT,power_plant,9.47,78.153,wri,1,operating,15.0,MW,,1
F02788,Kalwakurthy Haldiram,power_plant,16.696,78.489,wri,1,operating,10.0,MW,,1
F02789,Kalwakurthy Rays,power_plant,16.712,78.474,wri,1,operating,10.0,MW,,1
F02790,Kamalapuram,power_plant,9.119,78.103,wri,1,operating,10.0,MW,,1
F02791,Kamareddy Mytrah,power_plant,18.363,78.213,wri,1,operating,50.0,MW,,1
F02792,Kamareddy SP,power_plant,18.384,78.24549999999999,wri,1,operating,84.0,MW,,2
F02793,Kambadur,power_plant,14.392,77.204,wri,1,operating,11.2,MW,,1
F02794,Kambalahalli A,power_plant,14.199,77.36349999999999,wri,1,operating,60.0,MW,,2
F02795,Kamuthi Solar Power Plant,power_plant,9.3381,78.3917,wri,1,operating,648.0,MW,,1
F02796,Kanajanahalli,power_plant,14.126,76.81,wri,1,operating,20.0,MW,,1
F02797,Kanakagiri,power_plant,15.562,76.447,wri,1,operating,35.0,MW,,2
F02798,Kandagatla Keerthi,power_plant,17.271,79.597,wri,1,operating,8.0,MW,,1
F02799,Kandu Khera,power_plant,29.961,74.508,wri,1,operating,14.0,MW,,1
F02800,Kanheri Bhatyari,power_plant,22.334,74.707,wri,1,operating,20.0,MW,,1
F02801,Kanksha,power_plant,23.475,87.475,wri,1,operating,5.0,MW,,1
F02802,Kapeli,power_plant,23.457,76.118,wri,1,operating,10.2,MW,,1
F02803,Karahra Kalan,power_plant,25.314000000000004,79.812,wri,1,operating,68.1,MW,,3
F02804,Karajgi,power_plant,17.448,76.048,wri,1,operating,5.0,MW,,1
F02805,Karoor,power_plant,16.861,78.093,wri,1,operating,10.0,MW,,1
F02806,Karur,power_plant,10.816,78.186,wri,1,operating,10.0,MW,,1
F02807,Karur Textile Park Wind Farm,power_plant,8.3091,77.6191,wri,1,operating,6.0,MW,,1
F02808,Kasaragod KSEB,power_plant,12.34,75.15,wri,1,operating,50.0,MW,,1
F02809,Kathauti 1 Solar Power Plant,power_plant,27.2123,74.2539,wri,1,operating,65.0,MW,,3
F02810,Katol - Citra Solar Power Plant,power_plant,21.31655,78.60117500000001,wri,1,operating,48.0,MW,,4
F02811,Kauriwara,power_plant,29.675,75.3,wri,1,operating,24.0,MW,,1
F02812,Kavithal,power_plant,16.12,76.75,wri,1,operating,28.8,MW,,1
F02813,Kayanathar,power_plant,8.913,77.746,wri,1,operating,49.0,MW,,1
F02814,Kesinga,power_plant,20.205,83.25,wri,1,operating,10.0,MW,,1
F02815,Kewal,power_plant,29.895,75.075,wri,1,operating,20.0,MW,,1
F02816,Khaira Khurad,power_plant,29.658,75.264,wri,1,operating,25.0,MW,,1
F02817,Khandala Solar Power Plant,power_plant,18.6051,75.0381,wri,1,operating,5.2,MW,,1
F02818,Khariya Mishar,power_plant,24.865,78.665,wri,1,operating,80.0,MW,,1
F02819,Khera,power_plant,30.81,76.88,wri,1,operating,5.0,MW,,1
F02820,Khetusar - Northern Solar Power Plant,power_plant,27.3236,71.99305,wri,1,operating,30.0,MW,,2
F02821,Khialli Chahlian Wali,power_plant,30.026,75.411,wri,1,operating,15.0,MW,,1
F02822,Khilchipur Solar Power Plant,power_plant,24.0682,76.589,wri,1,operating,25.0,MW,,1
F02823,Khimsar,power_plant,26.97,73.392,wri,1,operating,5.0,MW,,1
F02824,Khirwa Solar Power Plant,power_plant,27.301,72.3236,wri,1,operating,1.0,MW,,1
F02825,Khori Wind Farm,power_plant,21.167,74.3272,wri,1,operating,20.8,MW,,1
F02826,Khurpia,power_plant,28.96,79.525,wri,1,operating,12.5,MW,,1
F02827,Killanur A,power_plant,10.57,78.877,wri,1,operating,4.5,MW,,1
F02828,Killianwali,power_plant,29.95,74.676,wri,1,operating,24.0,MW,,1
F02829,Kodaiyur,power_plant,10.856,77.977,wri,1,operating,5.0,MW,,1
F02830,Kodangal,power_plant,17.155,77.628,wri,1,operating,15.0,MW,,1
F02831,Kodur,power_plant,12.98,77.97,wri,1,operating,50.0,MW,,1
F02832,Kohinoor Wind Farm,power_plant,26.6797,71.026,wri,1,operating,24.0,MW,,1
F02833,Kolanpaka,power_plant,17.6703,79.0307,wri,1,operating,6.6,MW,,1
F02834,Kolihal I,power_plant,15.581,76.199,wri,1,operating,10.0,MW,,2
F02835,Komal West Solar Power Plant,power_plant,11.0118,79.5898,wri,1,operating,1.0,MW,,1
F02836,Kombhalne,power_plant,19.62,73.93,wri,1,operating,30.0,MW,,1
F02837,Kombukaranatham,power_plant,8.768,77.956,wri,1,operating,5.0,MW,,1
F02838,Koratagere,power_plant,13.51,77.24,wri,1,operating,20.0,MW,,1
F02839,Kosa Wind Farm,power_plant,23.3183,68.6988,wri,1,operating,33.0,MW,,1
F02840,Kothapalli Solar Park,power_plant,14.525,77.59,wri,1,operating,100.0,MW,,1
F02841,Kotra,power_plant,28.025799999999997,73.0617,wri,1,operating,40.0,MW,,4
F02842,Kottamangalam Wind Farm,power_plant,10.6558,77.2471,wri,1,operating,56.25,MW,,1
F02843,Kottathara Village Wind Farm,power_plant,11.0951,76.6709,wri,1,operating,3.0,MW,,1
F02844,Kottathur,power_plant,11.122,78.689,wri,1,operating,10.0,MW,,1
F02845,Kovilpatti,power_plant,9.155,77.82,wri,1,operating,15.6,MW,,1
F02846,Kudankulam,power_plant,8.1689,77.7126,wri,1,operating,2000.0,MW,,1
F02847,Kudri Kotgi,power_plant,15.61,76.05,wri,1,operating,10.0,MW,,1
F02848,Kuhana,power_plant,26.099,79.605,wri,1,operating,50.0,MW,,1
F02849,Kunigal A,power_plant,13.04,76.923,wri,1,operating,5.5,MW,,1
F02850,Kunigal B,power_plant,12.864,77.113,wri,1,operating,6.0,MW,,1
F02851,Kuravapalli,power_plant,14.101,78.734,wri,1,operating,10.0,MW,,1
F02852,Kurdi Hero,power_plant,16.134,77.128,wri,1,operating,50.0,MW,,1
F02853,Kurmapally Gk,power_plant,16.772,78.868,wri,1,operating,48.0,MW,,1
F02854,Kurmapally Mytrah,power_plant,16.802,78.887,wri,1,operating,50.0,MW,,1
F02855,Kurmapally Sky,power_plant,16.837,78.956,wri,1,operating,50.0,MW,,1
F02856,LAKHERI CEMENT PLANT,power_plant,25.6732,76.1901,wri,1,operating,25.0,MW,,1
F02857,LAKWA GT,power_plant,27.0221,94.8833,wri,1,operating,211.955,MW,,1
F02858,LALITPUR TPP,power_plant,24.796013999999996,78.64685200000001,gem|wri,2,operating,6360.0,MW,Uttar Pradesh,7
F02859,LARGI,power_plant,31.7196,77.212,wri,1,operating,126.0,MW,,1
F02860,LIGANAMAKKI,power_plant,14.1704,74.8388,wri,1,operating,55.0,MW,,1
F02861,LITL Uthumalai,power_plant,8.9969,77.537,wri,1,operating,10.0,MW,,1
F02862,LNJP Bahla Basti Wind Farm,power_plant,26.5114,71.4974,wri,1,operating,20.0,MW,,1
F02863,LODHIVALI,power_plant,18.9002,73.2032,wri,1,operating,40.0,MW,,1
F02864,LOKMANGAL SUGAR ETHANOL,power_plant,17.4462,75.7161,wri,1,operating,31.5,MW,,1
F02865,LOKTAK,power_plant,24.587,93.6696,wri,1,operating,105.0,MW,,1
F02866,LOWER JHELUM,power_plant,34.2189,74.5281,wri,1,operating,105.0,MW,,1
F02867,LOWER JURALA,power_plant,16.3125,77.7773,wri,1,operating,240.0,MW,,1
F02868,LOWER METTUR,power_plant,11.6425,77.7583,wri,1,operating,120.0,MW,,1
F02869,LOWER PERIYAR,power_plant,9.9624,76.957,wri,1,operating,180.0,MW,,1
F02870,LOWER SILERU,power_plant,17.8608,81.6814,wri,1,operating,460.0,MW,,1
F02871,LTML Wind Energy Project in Tamil Nadu,power_plant,9.087,77.6055,wri,1,operating,9.7,MW,,1
F02872,Ladpura,power_plant,26.058,77.325,wri,1,operating,50.0,MW,,1
F02873,Lakhewali Solar Power Plant,power_plant,30.4368,74.3316,wri,1,operating,2.1,MW,,1
F02874,Lakhmirwala Solar Power Plant,power_plant,29.8509,75.4023,wri,1,operating,20.0,MW,,1
F02875,Lallian Kalan Solar Power Plant,power_plant,31.2496,75.4826,wri,1,operating,1.0,MW,,1
F02876,Lalpur,power_plant,31.32,75.92,wri,1,operating,4.1,MW,,1
F02877,Lalpur Wind Farm,power_plant,22.1694,69.827,wri,1,operating,50.4,MW,,1
F02878,Lathi Solar Power Plant,power_plant,27.0321,71.5322,wri,1,operating,1.0,MW,,1
F02879,Latur,power_plant,18.385,76.495,wri,1,operating,10.0,MW,,1
F02880,Liberty Oil Satara Wind Farm,power_plant,17.8613,74.0733,wri,1,operating,2.4,MW,,1
F02881,Lingadalli,power_plant,17.509,76.994,wri,1,operating,40.0,MW,,1
F02882,Lingampally,power_plant,17.95,77.828,wri,1,operating,10.0,MW,,1
F02883,Lingampet Acme,power_plant,18.281,78.106,wri,1,operating,15.0,MW,,1
F02884,Lingapuram Suzlon,power_plant,18.315,78.204,wri,1,operating,15.0,MW,,1
F02885,Lomada,power_plant,14.588,78.215,wri,1,operating,30.0,MW,,1
F02886,Lumbaniya,power_plant,27.463,72.279,wri,1,operating,13.0,MW,,1
F02887,MACHKUND,power_plant,18.5323,82.4645,wri,1,operating,114.75,MW,,1
F02888,MADHAVAMANTRI,power_plant,12.2135,77.0225,wri,1,operating,4.5,MW,,1
F02889,MADHIKHEDA,power_plant,25.5623,77.8348,wri,1,operating,60.0,MW,,1
F02890,MAHAN TPP,power_plant,24.008552249999994,82.41705125,gem|wri,2,operating,6200.0,MW,Madhya Pradesh,8
F02891,MAHATMA GANDHI TPP,power_plant,28.488514400000003,76.35222719999999,gem|wri,2,operating,4240.0,MW,Haryana,5
F02892,MAHATMA SUGAR,power_plant,20.8558,78.5814,wri,1,operating,15.0,MW,,1
F02893,MAHI BAJAJ I&II,power_plant,23.5443,74.5062,wri,1,operating,140.0,MW,,1
F02894,MAIHAR CEMENT PLANT,power_plant,24.2021,80.7997,wri,1,operating,31.4,MW,,1
F02895,MALANA,power_plant,32.0041,77.2494,wri,1,operating,186.0,MW,,1
F02896,MALLARPUR,power_plant,15.3773,76.4591,wri,1,operating,9.0,MW,,1
F02897,MANERI BHALI,power_plant,30.7294,78.4238,wri,1,operating,394.0,MW,,1
F02898,MANGALORE REFINERY,power_plant,12.983301333333335,74.845984,gem|wri,2,operating,395.5,MW,Karnataka,3
F02899,MANGAON CCPP,power_plant,18.3879,73.3529,gem|wri,2,operating,776.0,MW,Maharashtra,2
F02900,MANGLAM CEMENT,power_plant,24.7176,75.9522,wri,1,operating,25.0,MW,,1
F02901,MANI DPH,power_plant,13.6763,75.0462,wri,1,operating,9.0,MW,,1
F02902,MANIKDOH,power_plant,19.2345,73.8144,wri,1,operating,6.0,MW,,1
F02903,MANIYAR,power_plant,9.3294,76.8798,wri,1,operating,12.0,MW,,1
F02904,MARATHA CEMENT PLANT,power_plant,19.703,79.2206,wri,1,operating,45.0,MW,,1
F02905,MATATILLA,power_plant,25.1001,78.3717,wri,1,operating,30.6,MW,,1
F02906,MEJA STPP,power_plant,25.1456725,81.94032999999999,gem|wri,2,operating,4380.0,MW,Uttar Pradesh,6
F02907,MEJIA,power_plant,23.4639,87.13110000000002,gem|wri,2,operating,4680.0,MW,West Bengal,10
F02908,MELAMARUTHUR (MUTHIARA),power_plant,8.91448488888889,78.14076222222222,gem|wri,2,operating,6640.0,MW,Tamil Nadu,9
F02909,METTUR,power_plant,11.771676685714286,77.81446324285714,gem|wri,2,operating,2880.0,MW,Tamil Nadu,7
F02910,METTUR DAM,power_plant,11.8014,77.8085,wri,1,operating,250.0,MW,,1
F02911,MIHAN TPP,power_plant,21.0377,78.9334,gem|wri,2,operating,492.0,MW,Maharashtra,5
F02912,MONARCHAK CCPP,power_plant,23.438,91.274,gem|wri,2,operating,202.0,MW,Tripura,2
F02913,MORDI PLANT,power_plant,23.5496,74.4072,wri,1,operating,46.0,MW,,1
F02914,MOUDA STPS,power_plant,21.180532,79.3967928,gem|wri,2,operating,4640.0,MW,Maharashtra,5
F02915,MOYAR,power_plant,11.6137,76.6919,wri,1,operating,36.0,MW,,1
F02916,MP1 Hero,power_plant,23.849,75.797,wri,1,operating,50.0,MW,,1
F02917,MRMPL Mudari Wind Farm,power_plant,26.8051,70.7381,wri,1,operating,20.0,MW,,1
F02918,MSPL Wind Farm,power_plant,15.1579,75.7965,wri,1,operating,78.9,MW,,1
F02919,MUDHOL CEMENT,power_plant,16.2017,75.3005,wri,1,operating,50.0,MW,,1
F02920,MUKERIAN I -IV,power_plant,31.9553,75.836,wri,1,operating,207.0,MW,,1
F02921,MUL GRETA,power_plant,20.0805,79.7148,wri,1,operating,15.0,MW,,1
F02922,MUNOLI DISTILLERY,power_plant,15.8555,75.1002,wri,1,operating,11.2,MW,,1
F02923,MURBAD PLANT,power_plant,19.261,73.3638,wri,1,operating,15.0,MW,,1
F02924,MUZAFFARPUR,power_plant,26.194876799999996,85.3029816,gem|wri,2,operating,1220.0,MW,Bihar,5
F02925,MYNTDU,power_plant,25.2354,92.2279,wri,1,operating,126.0,MW,,1
F02926,Madaram ISCPL,power_plant,19.147,79.425,wri,1,operating,5.0,MW,,1
F02927,Madhugiri,power_plant,13.68,77.195,wri,1,operating,20.0,MW,,1
F02928,Magadi,power_plant,12.8703,77.295,wri,1,operating,20.0,MW,,1
F02929,Magania,power_plant,29.819,75.574,wri,1,operating,50.0,MW,,1
F02930,Mahoba Acme,power_plant,25.32,79.58,wri,1,operating,20.0,MW,,1
F02931,Mahrauni Khurd,power_plant,24.793,78.4124,wri,1,operating,10.0,MW,,1
F02932,Makthal SLE,power_plant,16.464,77.497,wri,1,operating,10.0,MW,,1
F02933,Maloshi Wind Farm,power_plant,17.5727,73.9032,wri,1,operating,14.65,MW,,1
F02934,Manamunda,power_plant,20.783,83.891,wri,1,operating,20.0,MW,,1
F02935,Manapur,power_plant,20.3,75.79,wri,1,operating,50.0,MW,,1
F02936,Manarchak,power_plant,23.465,91.275,wri,1,operating,5.0,MW,,1
F02937,Manchini ACME,power_plant,18.691,79.63,wri,1,operating,50.0,MW,,1
F02938,Manchitiya Jakson,power_plant,27.48,72.309,wri,1,operating,24.0,MW,,1
F02939,Mandamarri Renew,power_plant,18.985,79.446,wri,1,operating,48.0,MW,,1
F02940,Mandrup - Giriraj Solar Power Plant,power_plant,17.4999,75.78215,wri,1,operating,45.0,MW,,4
F02941,Mandsaur 1,power_plant,24.085,75.795,wri,1,operating,250.0,MW,,5
F02942,Mangalore Port,power_plant,12.9435,74.8239,wri,1,operating,4.0,MW,,1
F02943,Mangalwedha,power_plant,17.538,75.433,wri,1,operating,20.0,MW,,1
F02944,Manglore,power_plant,29.738,77.93,wri,1,operating,20.0,MW,,1
F02945,Mankhera,power_plant,29.589,75.242,wri,1,operating,25.0,MW,,1
F02946,Manuguru,power_plant,17.87924,80.85148299999999,gem|wri,2,operating,102.0,MW,Telangana,4
F02947,Marikal,power_plant,16.628,77.664,wri,1,operating,20.0,MW,,1
F02948,Mayakonda,power_plant,14.275,76.07,wri,1,operating,20.0,MW,,1
F02949,Medak Mytrah,power_plant,18.144,78.651,wri,1,operating,15.0,MW,,1
F02950,Medak Rays,power_plant,18.059,78.412,wri,1,operating,10.0,MW,,2
F02951,Mejia,power_plant,23.535,87.065,wri,1,operating,10.0,MW,,1
F02952,Melamudimannar,power_plant,9.416,78.248,wri,1,operating,18.0,MW,,1
F02953,Minpoor ES,power_plant,17.994,78.048,wri,1,operating,50.0,MW,,1
F02954,Minpoor Renew,power_plant,17.961,78.055,wri,1,operating,100.0,MW,,1
F02955,Minpur Sky,power_plant,18.05,78.075,wri,1,operating,50.0,MW,,1
F02956,Mirpur Kalan - Alianz Eco Solar Power Plant,power_plant,29.730566666666665,75.30926666666667,wri,1,operating,24.1,MW,,3
F02957,Mirzapur,power_plant,25.1,82.38,wri,1,operating,75.0,MW,,1
F02958,Mithapur Solar Power Plant,power_plant,22.4077,68.9925,wri,1,operating,17.0,MW,,1
F02959,Mithi,power_plant,28.6966,75.5823,wri,1,operating,6.0,MW,,1
F02960,Mograle,power_plant,17.874,74.545,wri,1,operating,50.0,MW,,1
F02961,Mohari,power_plant,18.6667,75.5167,wri,1,operating,10.0,MW,,1
F02962,Mokal Wind Farm,power_plant,27.1657,70.7455,wri,1,operating,31.5,MW,,1
F02963,Mokla Wind farm,power_plant,27.1663,70.68435,wri,1,operating,94.5,MW,,2
F02964,Molga,power_plant,23.039,76.941,wri,1,operating,50.0,MW,,1
F02965,Monjanur,power_plant,10.967,77.778,wri,1,operating,15.0,MW,,1
F02966,Moolippatti,power_plant,9.644,77.851,wri,1,operating,40.0,MW,,1
F02967,Moovanur GRT 1,power_plant,11.001166666666668,78.61126666666667,wri,1,operating,15.0,MW,,3
F02968,Muddebihal,power_plant,16.256,76.16,wri,1,operating,20.0,MW,,1
F02969,Mudhol-Chikoppa,power_plant,15.65,75.985,wri,1,operating,30.0,MW,,1
F02970,Mugalkhod,power_plant,16.41,75.195,wri,1,operating,50.0,MW,,1
F02971,Muktainagar Edge,power_plant,21.015,76.04,wri,1,operating,50.0,MW,,1
F02972,Muktainagar Essel,power_plant,21.06,76.08,wri,1,operating,20.0,MW,,1
F02973,Muktainagar Sukhbir,power_plant,21.04,76.025,wri,1,operating,20.0,MW,,1
F02974,Muktainagar Vijay,power_plant,21.045,76.05,wri,1,operating,10.0,MW,,1
F02975,Mukundarayappuram,power_plant,12.988,79.294,wri,1,operating,5.0,MW,,1
F02976,Mulaj,power_plant,17.85,76.705,wri,1,operating,20.0,MW,,1
F02977,Mulbagal,power_plant,13.165,78.365,wri,1,operating,20.0,MW,,1
F02978,Mulshi Solar Power Plant,power_plant,18.4921,73.5081,wri,1,operating,3.0,MW,,1
F02979,Munanjipatti,power_plant,8.535,77.8,wri,1,operating,7.7,MW,,1
F02980,Mundra,power_plant,22.89,69.695,wri,1,operating,9.3,MW,,1
F02981,Munipalli,power_plant,17.69,77.861,wri,1,operating,5.0,MW,,1
F02982,Muradwala Dalsingh,power_plant,30.252,74.251,wri,1,operating,21.0,MW,,1
F02983,Musri,power_plant,11.083,78.506,wri,1,operating,20.0,MW,,1
F02984,Muthuramalingapuram,power_plant,9.437,78.173,wri,1,operating,8.0,MW,,1
F02985,Muttam,power_plant,10.8245,79.8147,wri,1,operating,4.0,MW,,1
F02986,N.A.P.S,power_plant,28.156,78.4089,wri,1,operating,440.0,MW,,1
F02987,NABI NAGAR TPP,power_plant,24.775914285714286,84.1581357142857,gem|wri,2,operating,5130.0,MW,Bihar,7
F02988,NAGARJUNA SAGAR,power_plant,16.569066666666668,79.34066666666666,wri,1,operating,965.6,MW,,3
F02989,NAGARJUNA SAGAR   TPD,power_plant,16.626,79.4909,wri,1,operating,50.0,MW,,1
F02990,NAGDA GRASIM,power_plant,23.4469,75.408,wri,1,operating,45.5,MW,,1
F02991,NAGPUR GMT,power_plant,21.0582,79.485,wri,1,operating,10.0,MW,,1
F02992,NAGPUR SPONGE IRON,power_plant,20.9276,79.2455,wri,1,operating,65.0,MW,,1
F02993,NAMRUP GT,power_plant,27.1858,95.376,gem|wri,2,operating,260.15,MW,Assam,2
F02994,NARASINGPUR,power_plant,22.9649,78.8132,wri,1,operating,10.0,MW,,1
F02995,NARAYANPUR,power_plant,16.2365,76.3369,wri,1,operating,11.6,MW,,1
F02996,NARIMANGLAM,power_plant,9.9533,76.9792,wri,1,operating,45.0,MW,,1
F02997,NASIK,power_plant,19.9815493125,73.89113474999999,gem|wri,2,operating,3550.0,MW,Maharashtra,8
F02998,NASIK SINNAR,power_plant,19.86658090909091,74.08190818181816,gem|wri,2,operating,2970.0,MW,Maharashtra,11
F02999,NATHPA JHAKRI,power_plant,31.564,77.98,wri,1,operating,1500.0,MW,,1
F03000,NAWAPARA,power_plant,21.91958266666667,83.27900933333335,gem|wri,2,operating,1800.0,MW,Chhattisgarh,3
F03001,NEPANAGAR MILL,power_plant,21.4504,76.4014,wri,1,operating,12.27,MW,,1
F03002,NEW UMTRU,power_plant,26.01005,91.81765,wri,1,operating,51.2,MW,,2
F03003,NEYVELI FST EXT,power_plant,11.568765924999997,79.45383849642859,gem|wri,2,operating,8300.0,MW,Tamil Nadu,28
F03004,NEYVELI TPS(Z),power_plant,11.5401,79.4159,gem|wri,2,operating,750.0,MW,Tamil Nadu,3
F03005,NIGRI,power_plant,24.14998,81.90451666666668,gem|wri,2,operating,2640.0,MW,Madhya Pradesh,3
F03006,NIMBAHERA JK CEMENT,power_plant,24.6428,74.6843,wri,1,operating,33.2,MW,,1
F03007,NIMOO BAZGO,power_plant,34.2154,77.1842,wri,1,operating,45.0,MW,,1
F03008,NITIN PLANT,power_plant,25.2042,74.6092,wri,1,operating,10.5,MW,,1
F03009,NIZAM SAGAR,power_plant,18.2172,77.9576,wri,1,operating,10.0,MW,,1
F03010,NLC Ramanathapuram,power_plant,9.449466666666666,78.5742,wri,1,operating,110.0,MW,,3
F03011,NMDC Anehalu Wind Farm,power_plant,14.098,76.3154,wri,1,operating,10.5,MW,,1
F03012,NPKSP} Acme,power_plant,14.0225,78.415,wri,1,operating,250.0,MW,,2
F03013,NPKSP} Adani,power_plant,14.011,78.439,wri,1,operating,50.0,MW,,1
F03014,NPKSP} Greenko,power_plant,14.101,78.463,wri,1,operating,500.0,MW,,1
F03015,NPKSP} Tata NSM-P2B3,power_plant,14.041,78.43,wri,1,operating,100.0,MW,,1
F03016,NURANANG,power_plant,27.5882,91.981,wri,1,operating,6.0,MW,,1
F03017,Naga Samudra,power_plant,14.821,76.748,wri,1,operating,18.0,MW,,2
F03018,Nagarkurnool Keerthi,power_plant,16.499,78.35,wri,1,operating,10.0,MW,,1
F03019,Nagarkurnool Mytrah,power_plant,16.499,78.382,wri,1,operating,15.0,MW,,1
F03020,Nagda Hills Wind Energy project,power_plant,22.8985,76.0718,wri,1,operating,6.25,MW,,1
F03021,Nagercoli Wind Farm,power_plant,8.1784,77.6873,wri,1,operating,37.6,MW,,1
F03022,Nagla,power_plant,29.859250000000003,75.2012,wri,1,operating,19.1,MW,,2
F03023,Nagwar,power_plant,17.8728,77.732,wri,1,operating,5.0,MW,,1
F03024,Naini Solar Power Plant,power_plant,25.3723,81.8717,wri,1,operating,5.8,MW,,1
F03025,Nallakonda Wind Farm,power_plant,14.1651,77.5713,wri,1,operating,50.4,MW,,1
F03026,Nallur,power_plant,12.84,76.375,wri,1,operating,40.0,MW,,1
F03027,Nandipet Acme,power_plant,18.863,78.182,wri,1,operating,15.0,MW,,1
F03028,Nandipet SD,power_plant,18.895,78.201,wri,1,operating,20.0,MW,,1
F03029,Naragund,power_plant,15.788,75.496,wri,1,operating,20.0,MW,,1
F03030,Narayangarh,power_plant,24.255,75.025,wri,1,operating,24.0,MW,,1
F03031,Narayankhed,power_plant,18.002,77.734,wri,1,operating,5.0,MW,,1
F03032,Nargund Wind Farm,power_plant,15.7319,75.3789,wri,1,operating,7.2,MW,,1
F03033,Narikudi,power_plant,9.568,78.31,wri,1,operating,60.0,MW,,1
F03034,Nasirpur,power_plant,26.074,79.556,wri,1,operating,50.0,MW,,1
F03035,Nayka,power_plant,23.651,71.699,wri,1,operating,12.3,MW,,1
F03036,Nednoor Cybercity,power_plant,17.058,78.466,wri,1,operating,5.0,MW,,1
F03037,Neemrana,power_plant,27.945,76.36,wri,1,operating,5.0,MW,,1
F03038,Neerdigunta A,power_plant,17.838,78.017,wri,1,operating,7.6,MW,,1
F03039,Nellorepalem,power_plant,14.68,79.645,wri,1,operating,5.0,MW,,1
F03040,Neralakunte,power_plant,13.9921,77.3639,wri,1,operating,14.5,MW,,2
F03041,Neyveli,power_plant,11.611,79.52,wri,1,operating,10.0,MW,,1
F03042,Neyveli NLC1,power_plant,11.6265,79.513,wri,1,operating,130.0,MW,,2
F03043,Nimbal Gulbarga A,power_plant,17.0885,75.8725,wri,1,operating,10.0,MW,,2
F03044,Nimbera,power_plant,25.65,74.87,wri,1,operating,10.0,MW,,1
F03045,Nirmal Acme,power_plant,19.133,78.242,wri,1,operating,50.0,MW,,1
F03046,Nirmal Mahindra,power_plant,19.048,78.288,wri,1,operating,50.0,MW,,1
F03047,Nokh - Precision Technik Solar Power Plant,power_plant,27.5728,72.206,wri,1,operating,5.0,MW,,1
F03048,Nokha Daiya Solar Power Plant,power_plant,28.137050000000002,72.96655,wri,1,operating,14.0,MW,,2
F03049,NuPower Tirunelveli Wind Farm,power_plant,9.0737,77.4753,wri,1,operating,150.0,MW,,1
F03050,OBRA,power_plant,24.444202310526308,82.97948013157897,gem|wri,2,operating,5645.0,MW,Uttar Pradesh,19
F03051,OF Medak,power_plant,17.514,78.141,wri,1,operating,15.0,MW,,1
F03052,OMKARESHWAR,power_plant,22.2418,76.1619,wri,1,operating,520.0,MW,,1
F03053,ONGC Jerat Wind Farm,power_plant,26.818,71.0643,wri,1,operating,102.0,MW,,1
F03054,ONGC Kutch Wind Farm,power_plant,23.1689,68.6975,wri,1,operating,51.0,MW,,1
F03055,Orai,power_plant,26.005,79.515,wri,1,operating,15.0,MW,,1
F03056,P.NALLUR CCGT,power_plant,11.0749,79.834,gem|wri,2,operating,1741.5,MW,Tamil Nadu,5
F03057,PAINAMPURAM,power_plant,14.351167857142858,80.14326142857142,gem|wri,2,operating,5940.0,MW,Andhra Pradesh,7
F03058,PAITHON,power_plant,19.4867,75.3923,wri,1,operating,42.0,MW,,2
F03059,PALATANA CCPP,power_plant,23.4987,91.43850000000002,gem|wri,2,operating,1452.6,MW,Tripura,3
F03060,PALLIVASAL,power_plant,10.0314,77.0548,wri,1,operating,37.5,MW,,1
F03061,PAMPORE GT,power_plant,34.004,74.9175,wri,1,operating,175.0,MW,,1
F03062,PANIPAT,power_plant,29.396851146153843,76.87590593076919,gem|wri,2,operating,4690.0,MW,Haryana,13
F03063,PANNIAR,power_plant,9.97455,77.0295,wri,1,operating,78.0,MW,,2
F03064,PAPANASAM,power_plant,8.7065,77.3627,wri,1,operating,32.0,MW,,1
F03065,PARAS,power_plant,20.7147,76.7948,gem|wri,2,operating,1312.5,MW,Maharashtra,5
F03066,PARBATI-III,power_plant,31.7398,77.2576,wri,1,operating,520.0,MW,,1
F03067,PARBHANI GANGAKHED,power_plant,18.9057,76.7282,wri,1,operating,30.0,MW,,1
F03068,PARE,power_plant,27.2387,93.8107,wri,1,operating,110.0,MW,,1
F03069,PARICHA,power_plant,25.51340371428571,78.75804400000001,gem|wri,2,operating,2280.0,MW,Uttar Pradesh,7
F03070,PARLI,power_plant,18.898626775,76.537262275,gem|wri,2,operating,2600.0,MW,Maharashtra,8
F03071,PARSEN_S VALLE,power_plant,11.3646,76.6045,wri,1,operating,30.0,MW,,1
F03072,PATHRI,power_plant,29.9274,78.0415,wri,1,operating,20.4,MW,,1
F03073,PEDDAPURAM CCGT(Samalkot),power_plant,17.0853,82.1283,gem|wri,2,operating,440.0,MW,Andhra Pradesh,2
F03074,PENCH,power_plant,21.4813,79.2086,wri,1,operating,160.0,MW,,1
F03075,PENNA AHOBELAM,power_plant,14.6859,77.7147,wri,1,operating,20.0,MW,,1
F03076,PERIYAR,power_plant,9.6266,77.1905,wri,1,operating,161.0,MW,,1
F03077,POCHAMPAD,power_plant,18.9766,78.2563,wri,1,operating,36.0,MW,,1
F03078,PONG,power_plant,31.9667,75.9469,wri,1,operating,396.0,MW,,1
F03079,PORINGALKUTTU,power_plant,10.3118,76.617,wri,1,operating,48.0,MW,,2
F03080,PRIYADARSHNI JURALA,power_plant,16.3328,77.7036,wri,1,operating,234.0,MW,,1
F03081,PRYAGRAJ (BARA) TPP,power_plant,25.196276000000005,81.65870720000001,gem|wri,2,operating,5280.0,MW,Uttar Pradesh,5
F03082,PULICHINTALA,power_plant,16.7739,80.0525,wri,1,operating,120.0,MW,,1
F03083,PURULIA PSS,power_plant,23.1975,86.097,wri,1,operating,900.0,MW,,1
F03084,PYKARA,power_plant,11.5336,76.6011,wri,1,operating,209.2,MW,,2
F03085,PaSP} AR,power_plant,14.256,77.414,wri,1,operating,50.0,MW,,1
F03086,PaSP} Acme O1,power_plant,14.248166666666664,77.46916666666667,wri,1,operating,600.0,MW,,12
F03087,PaSP} Renew 2,power_plant,14.284,77.4,wri,1,operating,300.0,MW,,1
F03088,Pachama,power_plant,23.815,77.895,wri,1,operating,10.0,MW,,1
F03089,Padliya,power_plant,24.788,75.085,wri,1,operating,25.0,MW,,1
F03090,Palaswade,power_plant,17.560499999999998,74.83099999999999,wri,1,operating,55.0,MW,,2
F03091,Palavalli,power_plant,14.142,77.316,wri,1,operating,50.0,MW,,1
F03092,Palimarwar,power_plant,25.735,73.59,wri,1,operating,10.0,MW,,1
F03093,Palvai-Sheripally,power_plant,17.965,78.55,wri,1,operating,10.0,MW,,1
F03094,Panandhro Solar Power Plant,power_plant,23.6788,68.7653,wri,1,operating,5.0,MW,,1
F03095,Panwari,power_plant,25.46,79.465,wri,1,operating,5.5,MW,,1
F03096,Panyala,power_plant,17.742,78.142,wri,1,operating,5.0,MW,,1
F03097,Parashuramadevara Kote,power_plant,14.039,76.906,wri,1,operating,30.0,MW,,1
F03098,Parigi Global,power_plant,17.216,77.893,wri,1,operating,10.0,MW,,1
F03099,Parigi Minopharm,power_plant,17.232,77.865,wri,1,operating,5.0,MW,,1
F03100,Parigi SSJ,power_plant,17.167,77.915,wri,1,operating,5.0,MW,,1
F03101,Patan Taluka Wind Farm,power_plant,17.2684,73.8368,wri,1,operating,65.6,MW,,1
F03102,Pathrala,power_plant,29.9846,74.7522,wri,1,operating,4.1,MW,,1
F03103,Patnaik Hatti Wind Farm,power_plant,21.1902,74.3795,wri,1,operating,15.0,MW,,1
F03104,Patnaik Jamnagar Wind Farm,power_plant,22.0983,70.2729,wri,1,operating,35.2,MW,,1
F03105,Patni,power_plant,22.125,87.34,wri,1,operating,10.0,MW,,1
F03106,Patodi Solar Power Plant,power_plant,26.0748,72.2677,wri,1,operating,1.0,MW,,1
F03107,Peddaumenthal,power_plant,17.2287,77.9762,wri,1,operating,5.0,MW,,1
F03108,Peravali,power_plant,16.7383,81.7631,wri,1,operating,4.4,MW,,1
F03109,Periyapattana,power_plant,12.392,76.175,wri,1,operating,20.0,MW,,1
F03110,Phagi Solar Power Plant,power_plant,26.5653,75.5622,wri,1,operating,1.0,MW,,1
F03111,Phalodi LNB,power_plant,27.11,72.34,wri,1,operating,22.6,MW,,1
F03112,Pokharapur,power_plant,17.82,75.58,wri,1,operating,11.0,MW,,1
F03113,Pokhran Seamless,power_plant,26.872,71.907,wri,1,operating,5.0,MW,,1
F03114,Ponnusangampatti,power_plant,11.066,78.494,wri,1,operating,50.0,MW,,1
F03115,Powerica Jangi Vandjiya,power_plant,23.2478,70.5948,wri,1,operating,21.8,MW,,1
F03116,Powerica Kutch Wind Farm,power_plant,23.1897,70.6216,wri,1,operating,14.85,MW,,1
F03117,Powerica Theni Wind Farm,power_plant,9.9855,77.5777,wri,1,operating,9.9,MW,,1
F03118,Powerica Tirunelveli Wind Farm,power_plant,9.0198,77.4501,wri,1,operating,16.5,MW,,1
F03119,Precious Solar Power Plant,power_plant,23.91335,71.9374,wri,1,operating,30.2,MW,,2
F03120,Puchakayala,power_plant,15.362,77.49,wri,1,operating,20.0,MW,,1
F03121,Pudukottai Aeon,power_plant,10.564,77.925,wri,1,operating,15.0,MW,,1
F03122,Pulivendula,power_plant,14.463,78.238,wri,1,operating,5.0,MW,,1
F03123,Punganur,power_plant,13.323,78.673,wri,1,operating,50.0,MW,,1
F03124,Punjawa - Sikh Wala Solar Power Plant,power_plant,30.0208,74.546,wri,1,operating,19.0,MW,,1
F03125,Pura Lakchhan,power_plant,24.985,82.18,wri,1,operating,40.0,MW,,1
F03126,Puraini,power_plant,25.75,79.78,wri,1,operating,40.0,MW,,1
F03127,Putluru,power_plant,13.906500000000001,78.18100000000001,wri,1,operating,20.0,MW,,2
F03128,R.P.SAGAR,power_plant,24.9174,75.5794,wri,1,operating,172.0,MW,,1
F03129,RABRIYAWAS CEMENT,power_plant,26.2984,74.1234,wri,1,operating,18.7,MW,,1
F03130,RADHANAGRI,power_plant,16.4072,73.9616,wri,1,operating,4.8,MW,,1
F03131,RAICHUR,power_plant,16.353243250000006,77.34223750000002,gem|wri,2,operating,5240.0,MW,Karnataka,12
F03132,RAICHUR STEEL,power_plant,16.298982085714282,77.3592078857143,gem|wri,2,operating,3690.0,MW,Karnataka,7
F03133,RAJASHREE CEMENT,power_plant,17.1427,77.1749,wri,1,operating,38.5,MW,,1
F03134,RAJGHAT (MP),power_plant,24.7635,78.2322,wri,1,operating,45.0,MW,,1
F03135,RAJIV GANDHI  TPS HISAR,power_plant,29.349235,75.8604035,gem|wri,2,operating,3200.0,MW,Haryana,4
F03136,RAJPURA TPP,power_plant,30.55847225,76.57744474999998,gem|wri,2,operating,3600.0,MW,Punjab,4
F03137,RAMANAGARAM MILL,power_plant,12.7145,77.4524,wri,1,operating,11.0,MW,,1
F03138,RAMGANGA,power_plant,29.5169,78.7574,wri,1,operating,198.0,MW,,1
F03139,RAMGARH GT,power_plant,27.3368465,70.531657,gem|wri,2,operating,541.0,MW,Rajasthan,2
F03140,RAMMAM,power_plant,27.114,88.1376,wri,1,operating,50.0,MW,,1
F03141,RAMPUR,power_plant,31.4,77.5927,wri,1,operating,412.02,MW,,1
F03142,RANGANADI,power_plant,27.3426,93.8168,wri,1,operating,405.0,MW,,1
F03143,RANGIT-III,power_plant,27.2949,88.2921,wri,1,operating,60.0,MW,,1
F03144,RANJANI MILL,power_plant,18.5354,76.245,wri,1,operating,12.5,MW,,1
F03145,RANJIT SAGAR,power_plant,32.4404,75.7305,wri,1,operating,600.0,MW,,1
F03146,RAS CEMENT PLANT,power_plant,26.263,74.1878,wri,1,operating,36.0,MW,,1
F03147,RATNAGIRI GAS,power_plant,17.5587,73.1670375,gem|wri,2,operating,3935.08,MW,Maharashtra,4
F03148,RAYAL SEEMA,power_plant,14.698241714285714,78.45912628571429,gem|wri,2,operating,3300.0,MW,Andhra Pradesh,7
F03149,RELIANCE ENERGY,power_plant,15.3771,73.877,wri,1,operating,48.0,MW,,1
F03150,RIHAND,power_plant,24.027000000000005,82.7915,gem|wri,2,operating,6000.0,MW,Uttar Pradesh,7
F03151,RIHAND_Hydro,power_plant,24.1778,83.0361,wri,1,operating,300.0,MW,,1
F03152,RMC MANGROL,power_plant,25.1732,75.832,wri,1,operating,6.0,MW,,1
F03153,ROKHIA GT,power_plant,23.626,91.1948,wri,1,operating,63.0,MW,,1
F03154,ROPAR,power_plant,31.041787519999996,76.58454008000001,gem|wri,2,operating,5020.0,MW,Punjab,10
F03155,ROSA TPP PH - 1,power_plant,27.819239,79.93699582857143,gem|wri,2,operating,3720.0,MW,Uttar Pradesh,7
F03156,RUMS} Acme,power_plant,24.471,81.549,wri,1,operating,250.0,MW,,1
F03157,RUMS} Mahindra,power_plant,24.484,81.595,wri,1,operating,250.0,MW,,1
F03158,RUMS} Sprng,power_plant,24.469,81.581,wri,1,operating,250.0,MW,,1
F03159,R_GUNDEM - B,power_plant,18.756311743749997,79.46123221250002,gem|wri,2,operating,10125.0,MW,Telangana,16
F03160,Radhanpur,power_plant,23.8,71.605,wri,1,operating,5.0,MW,,1
F03161,Raghawa GAIL,power_plant,27.38466666666667,70.56700000000001,wri,1,operating,19.0,MW,,3
F03162,Raibagh,power_plant,16.374,74.774,wri,1,operating,15.0,MW,,1
F03163,Rajapet Cybercity,power_plant,17.699,78.946,wri,1,operating,5.0,MW,,1
F03164,Rajgarh - NTPC Solar Power Plant,power_plant,23.9637,76.719,wri,1,operating,50.0,MW,,1
F03165,Rajgarh - Ujaas Solar Power Plant,power_plant,23.9796,76.7329,wri,1,operating,16.5,MW,,1
F03166,Rajpur,power_plant,21.43,81.305,wri,1,operating,100.0,MW,,1
F03167,Raksa Solar Power Plant,power_plant,25.4106,78.4805,wri,1,operating,2.0,MW,,1
F03168,Ram Tirath Jaga Solar Power Plant,power_plant,29.9619,75.1631,wri,1,operating,10.0,MW,,1
F03169,Ramadurg,power_plant,15.985,75.315,wri,1,operating,20.0,MW,,1
F03170,Ramagundam Solar Power Plant,power_plant,18.764,79.4873,wri,1,operating,10.0,MW,,1
F03171,Ramannapet,power_plant,17.285,79.146,wri,1,operating,15.0,MW,,1
F03172,Ramayampet SD,power_plant,18.125,78.488,wri,1,operating,10.0,MW,,1
F03173,Ramnad Welspun,power_plant,9.222,78.3485,wri,1,operating,30.0,MW,,1
F03174,Rangareddy Mytrah,power_plant,17.3494,78.178,wri,1,operating,7.0,MW,,1
F03175,Ranna-Belagali,power_plant,16.4,75.17,wri,1,operating,40.0,MW,,1
F03176,Rasulpur Solar Power Plant,power_plant,27.9363,75.679,wri,1,operating,1.0,MW,,1
F03177,Ratedi Mondri Wind Farm,power_plant,26.8026,70.7736,wri,1,operating,26.4,MW,,1
F03178,Ravra - IOC Solar Power Plant,power_plant,27.4106,72.21613333333333,wri,1,operating,15.0,MW,,3
F03179,Ravra - Welspun Solar Power Plant,power_plant,27.40685,72.15785,wri,1,operating,82.6,MW,,4
F03180,Rawra 10,power_plant,27.381,72.138,wri,1,operating,30.0,MW,,2
F03181,Rawra A,power_plant,27.39,72.2365,wri,1,operating,35.0,MW,,2
F03182,Regunathamadai,power_plant,9.5059,78.2486,wri,1,operating,5.0,MW,,1
F03183,Relaxo Footwear Kui Inda Wind Farm,power_plant,26.4586,72.4706,wri,1,operating,6.0,MW,,1
F03184,Renjal Solarpack,power_plant,18.79,77.918,wri,1,operating,15.0,MW,,1
F03185,Richa,power_plant,23.725,75.535,wri,1,operating,10.0,MW,,1
F03186,Roaring 40s Wind Farms (Khandke) Private Limited - Phase II,power_plant,19.1474,74.8763,wri,1,operating,50.4,MW,,1
F03187,Rohukurupalli,power_plant,14.11,78.786,wri,1,operating,20.0,MW,,1
F03188,Rojhani Solar Power Plant,power_plant,23.7025,75.9246,wri,1,operating,30.5,MW,,1
F03189,Rucha Soya Wind Farm,power_plant,23.0562,70.6004,wri,1,operating,35.1,MW,,1
F03190,S.SAROVAR CHPH,power_plant,21.833849999999998,73.753,wri,1,operating,1450.0,MW,,2
F03191,SABARIGIRI,power_plant,9.3098,77.0727,wri,1,operating,300.0,MW,,1
F03192,SAGARDIGHI TPP,power_plant,24.36892637142858,88.10408580000001,gem|wri,2,operating,4520.0,MW,West Bengal,7
F03193,SAHAKAR SHIROMANI,power_plant,17.708,75.1361,wri,1,operating,18.0,MW,,1
F03194,SALAL I & II,power_plant,33.142,74.8097,wri,1,operating,690.0,MW,,1
F03195,SAMALPATTI DG,power_plant,12.2995,78.4038,wri,1,operating,105.7,MW,,1
F03196,SAMAYANALLUR DG,power_plant,9.9751,78.0445,wri,1,operating,106.0,MW,,1
F03197,SAMEERWADI MILL,power_plant,16.3918,75.0411,wri,1,operating,24.0,MW,,1
F03198,SANGLI KRANTI,power_plant,17.1354,74.4272,wri,1,operating,19.7,MW,,1
F03199,SANGLI MIRAJ BIOMASS,power_plant,16.9171,74.4821,wri,1,operating,10.0,MW,,1
F03200,SANGLI VASANTDADA,power_plant,16.881,74.5898,wri,1,operating,12.5,MW,,1
F03201,SANJAY BHABA,power_plant,31.2642,78.4835,wri,1,operating,120.0,MW,,1
F03202,SANJAY GANDHI,power_plant,23.305220000000002,81.06514750000001,gem|wri,2,operating,2680.0,MW,Madhya Pradesh,6
F03203,SANKESHWAR MILL,power_plant,16.2478,74.5003,wri,1,operating,26.0,MW,,1
F03204,SARKARPATHY,power_plant,10.4558,76.8302,wri,1,operating,30.0,MW,,1
F03205,SASAN UMPP,power_plant,23.97761097,82.62657597,gem|wri,2,operating,9900.0,MW,Madhya Pradesh,10
F03206,SATNA CEMENT PLANT,power_plant,24.5950695,80.8579685,gem|wri,2,operating,64.0,MW,Madhya Pradesh,2
F03207,SATPURA,power_plant,22.108276615384618,78.17675876923076,gem|wri,2,operating,3632.5,MW,Madhya Pradesh,13
F03208,SBT SUGAR,power_plant,19.6125,74.1924,wri,1,operating,16.0,MW,,1
F03209,SEIONI TPP,power_plant,22.735485999999998,79.91232733333332,gem|wri,2,operating,2000.0,MW,Madhya Pradesh,3
F03210,SERVALAR,power_plant,8.6895,77.3048,wri,1,operating,20.0,MW,,1
F03211,SEWA-II,power_plant,32.6762,75.8215,wri,1,operating,120.0,MW,,1
F03212,SEWA-III,power_plant,32.6029,75.9006,wri,1,operating,9.0,MW,,1
F03213,SHANAN,power_plant,31.9894,76.8072,wri,1,operating,110.0,MW,,1
F03214,SHARAVATHY,power_plant,14.2352,74.7673,wri,1,operating,1275.0,MW,,2
F03215,SHIMSAPURA,power_plant,12.3409,77.1906,wri,1,operating,17.2,MW,,1
F03216,SHIROL MILL,power_plant,16.7493,74.5854,wri,1,operating,36.0,MW,,1
F03217,SHOLAYAR,power_plant,10.3046,76.7305,wri,1,operating,54.0,MW,,1
F03218,SHOLAYAR I&II,power_plant,10.3575,76.879,wri,1,operating,70.0,MW,,1
F03219,SHREE MEGA POWER,power_plant,26.074026000000003,74.38526666666667,gem|wri,2,operating,600.0,MW,Rajasthan,3
F03220,SHRI MALAPRABHA,power_plant,15.6933,74.7162,wri,1,operating,22.0,MW,,1
F03221,SHRI SHANKAR,power_plant,17.8676,74.8405,wri,1,operating,20.0,MW,,1
F03222,SIIL Jaibhim Wind Farm,power_plant,21.127,74.2673,wri,1,operating,33.6,MW,,1
F03223,SIMHAPURI TPP,power_plant,14.205477866666667,80.08817766666667,gem|wri,2,operating,5800.0,MW,Andhra Pradesh,15
F03224,SINGARENI TPP,power_plant,18.829084799999997,79.57118720000001,gem|wri,2,operating,4000.0,MW,Telangana,5
F03225,SINGRAULI STPS,power_plant,24.104120709999997,82.70639967999999,gem|wri,2,operating,5600.0,MW,Uttar Pradesh,10
F03226,SINGUR,power_plant,18.6609,78.0876,wri,1,operating,15.0,MW,,1
F03227,SITAPURAM POWER LIMITED,power_plant,16.830085035000003,80.04073699,gem|wri,2,operating,86.0,MW,Telangana,2
F03228,SIVASAMUNDRUM,power_plant,12.30425,77.1644,wri,1,operating,47.0,MW,,2
F03229,SOLAPUR STPP,power_plant,31.7537,77.246,wri,1,operating,1320.0,MW,,1
F03230,SONAI MILL,power_plant,19.3804,74.8397,wri,1,operating,16.0,MW,,1
F03231,SOUTHERN REPL.,power_plant,22.549327333333334,88.29187466666667,gem|wri,2,operating,270.0,MW,West Bengal,3
F03232,SRINAGAR,power_plant,30.2313,78.7924,wri,1,operating,330.0,MW,,1
F03233,SRISAILAM,power_plant,16.0899,78.90625,wri,1,operating,1670.0,MW,,2
F03234,STAKNA,power_plant,33.9594,77.7142,wri,1,operating,4.0,MW,,1
F03235,SUBERNREKHA I&II,power_plant,23.457,85.555,wri,1,operating,130.0,MW,,1
F03236,SURATGARH,power_plant,29.174006327272732,74.01902698181819,gem|wri,2,operating,5640.0,MW,Rajasthan,11
F03237,SURULIYAR,power_plant,9.62,77.2726,wri,1,operating,35.0,MW,,1
F03238,SURYA,power_plant,19.9214,73.0575,wri,1,operating,6.0,MW,,1
F03239,SWPPL Madhavakurichi,power_plant,8.823,77.6271,wri,1,operating,10.5,MW,,1
F03240,SWPPL Manurpalayam,power_plant,10.8166,77.3199,wri,1,operating,21.0,MW,,1
F03241,SWPPL Vadakkupanavadali,power_plant,9.0782,77.591,wri,1,operating,10.5,MW,,1
F03242,Sadashivpet Acme,power_plant,17.7,77.803,wri,1,operating,50.0,MW,,1
F03243,Sadashivpet ES,power_plant,17.584,77.885,wri,1,operating,50.0,MW,,1
F03244,Sadashivpet Karvy,power_plant,17.662,77.866,wri,1,operating,20.0,MW,,1
F03245,Sadashivpet Renew,power_plant,17.542,77.966,wri,1,operating,24.0,MW,,1
F03246,Sadipali IBC,power_plant,20.75,83.48,wri,1,operating,20.0,MW,,1
F03247,Sadlapur,power_plant,17.793,77.013,wri,1,operating,50.0,MW,,1
F03248,Sai Sulphonates Wind Mill,power_plant,10.9262,77.3841,wri,1,operating,1.5,MW,,1
F03249,Sakri 1A Solar Power Plant,power_plant,21.079500000000003,74.36955,wri,1,operating,125.0,MW,,2
F03250,Salakpur,power_plant,17.903,79.032,wri,1,operating,11.0,MW,,1
F03251,Salboni OCL,power_plant,22.605,87.285,wri,1,operating,5.5,MW,,1
F03252,Salboni WBSEDCL,power_plant,22.585,87.265,wri,1,operating,10.0,MW,,1
F03253,Saltek-Bhamer,power_plant,21.07,74.32,wri,1,operating,70.0,MW,,1
F03254,Samudram,power_plant,11.665,77.89,wri,1,operating,39.0,MW,,1
F03255,Sangatpura Solar Power Plant,power_plant,29.9611,75.7767,wri,1,operating,10.0,MW,,1
F03256,Santhpur PCIL,power_plant,18.17,77.425,wri,1,operating,40.0,MW,,1
F03257,Santhpur Sharda,power_plant,18.147,77.423,wri,1,operating,6.0,MW,,1
F03258,Sanwreej JWE,power_plant,26.98,72.25,wri,1,operating,20.0,MW,,1
F03259,Sardargarh,power_plant,30.219,74.761,wri,1,operating,100.0,MW,,1
F03260,Sarkari Tala,power_plant,27.697,70.943,wri,1,operating,5.0,MW,,1
F03261,Satara Wind Farm,power_plant,17.2387,73.9096,wri,1,operating,100.0,MW,,1
F03262,Sattur,power_plant,9.41,78.003,wri,1,operating,50.0,MW,,1
F03263,Satyampet,power_plant,16.521,76.811,wri,1,operating,10.0,MW,,1
F03264,Sayala,power_plant,19.21,76.77,wri,1,operating,20.0,MW,,1
F03265,Seegipalle,power_plant,13.935,77.49,wri,1,operating,50.0,MW,,1
F03266,Shahpur KA,power_plant,16.5614,77.0701,wri,1,operating,20.0,MW,,1
F03267,Shakhapur,power_plant,16.544,77.935,wri,1,operating,100.0,MW,,1
F03268,Sharah Kishnayat JMIP,power_plant,27.966,72.995,wri,1,operating,5.0,MW,,1
F03269,Sherghati,power_plant,24.574,84.851,wri,1,operating,10.0,MW,,1
F03270,Shezhilanallur,power_plant,8.917,77.715,wri,1,operating,100.0,MW,,1
F03271,Shiggaon,power_plant,15.028,75.194,wri,1,operating,20.0,MW,,1
F03272,Shiloj Solar Power Plant,power_plant,20.8183,71.0063,wri,1,operating,10.0,MW,,1
F03273,Shinawad,power_plant,23.497,73.4235,wri,1,operating,5.0,MW,,1
F03274,Shirahatti,power_plant,15.225,75.565,wri,1,operating,20.0,MW,,1
F03275,Shirsuphal,power_plant,18.316,74.568,wri,1,operating,52.0,MW,,1
F03276,Shirur,power_plant,18.685,77.305,wri,1,operating,20.0,MW,,1
F03277,Shivaji Nagar,power_plant,20.93,74.745,wri,1,operating,5.0,MW,,1
F03278,Shivlakha - Backbone Solar Power Plant,power_plant,23.35996666666667,70.6218,wri,1,operating,20.0,MW,,3
F03279,Shivlakha - CPEC Solar Power Plant,power_plant,23.383,70.6146,wri,1,operating,5.0,MW,,1
F03280,Shree Nashik Wind Farm,power_plant,19.845,73.9074,wri,1,operating,10.5,MW,,1
F03281,Shree Sangli Wind Farm,power_plant,17.3031,74.631,wri,1,operating,16.5,MW,,1
F03282,Shree Southern Wind Farm,power_plant,17.5724,74.3386,wri,1,operating,2.25,MW,,1
F03283,Shri Singaji MALWA TPP,power_plant,22.098732000000002,76.5317216,gem|wri,2,operating,5040.0,MW,Madhya Pradesh,5
F03284,Siddapur,power_plant,16.915,75.545,wri,1,operating,40.0,MW,,1
F03285,Siddipet Sky,power_plant,18.225,78.995,wri,1,operating,50.0,MW,,1
F03286,Sindagi,power_plant,16.93,76.225,wri,1,operating,15.0,MW,,1
F03287,Singrauli Solar Power Plant,power_plant,24.1185,82.6415,wri,1,operating,15.0,MW,,1
F03288,Sircilla Acme,power_plant,18.302,78.892,wri,1,operating,30.0,MW,,1
F03289,Siruguppa,power_plant,15.514,76.914,wri,1,operating,40.0,MW,,2
F03290,Sivaganga Solar Power Plant,power_plant,9.8043,78.4487,wri,1,operating,5.0,MW,,1
F03291,Somaram A,power_plant,17.71789575,78.99004075,gem|wri,2,operating,1657.6,MW,Telangana,4
F03292,Somaram F,power_plant,18.259249999999998,78.28099999999999,wri,1,operating,95.0,MW,,4
F03293,Sonu Wind Farm,power_plant,27.2081,70.6958,wri,1,operating,8.4,MW,,1
F03294,Srinivasapura,power_plant,13.369,78.365,wri,1,operating,20.0,MW,,1
F03295,Sumilon Shikarpur Wind Farm,power_plant,23.2414,70.7262,wri,1,operating,3.6,MW,,1
F03296,Sumilon Vershamedi Wind Farm,power_plant,22.972,70.5443,wri,1,operating,3.6,MW,,1
F03297,Supa,power_plant,25.353,79.769,wri,1,operating,20.0,MW,,1
F03298,Supe Solar Power Plant,power_plant,18.3198,74.3686,wri,1,operating,2.0,MW,,1
F03299,Surajbari Creek Wind Farm,power_plant,23.3232,70.6417,wri,1,operating,30.0,MW,,1
F03300,Suriyakheda 1,power_plant,24.043999999999997,75.34649999999999,wri,1,operating,40.0,MW,,2
F03301,Suryalabh,power_plant,27.445,72.481,wri,1,operating,30.0,MW,,1
F03302,Sutholi,power_plant,24.721,75.04,wri,1,operating,25.0,MW,,1
F03303,T.N.Pura,power_plant,12.055,76.961,wri,1,operating,20.0,MW,,1
F03304,TALWANDI SABO,power_plant,29.924463999999993,75.2385832,gem|wri,2,operating,4620.0,MW,Punjab,5
F03305,TANAKPUR,power_plant,29.0057,80.0946,wri,1,operating,94.2,MW,,1
F03306,TANDA,power_plant,26.588905114285712,82.60109868571429,gem|wri,2,operating,2200.0,MW,Uttar Pradesh,7
F03307,TANIR BAVI,power_plant,12.9019,74.816,wri,1,operating,220.0,MW,,1
F03308,TARAPUR,power_plant,19.8294,72.6617,wri,1,operating,1400.0,MW,,1
F03309,TASHIDING,power_plant,27.3403,88.2332,wri,1,operating,97.0,MW,,1
F03310,TAWA,power_plant,22.5616,77.9635,wri,1,operating,13.5,MW,,1
F03311,TEESTA  I-III,power_plant,26.4875,88.3155,wri,1,operating,67.5,MW,,1
F03312,TEESTA -V,power_plant,27.2517,88.4604,wri,1,operating,510.0,MW,,1
F03313,TEESTA LOW DAM -IV,power_plant,26.9279,88.4562,wri,1,operating,160.0,MW,,1
F03314,TEESTA LOW DAM-III,power_plant,27.0017,88.443,wri,1,operating,132.0,MW,,1
F03315,TEESTA-III,power_plant,27.5981,88.6505,wri,1,operating,1200.0,MW,,1
F03316,TEHRI ST -1,power_plant,30.3787,78.4795,wri,1,operating,1000.0,MW,,1
F03317,THIROT,power_plant,32.659,76.7817,wri,1,operating,4.5,MW,,1
F03318,TILLARI,power_plant,15.8094,74.1588,wri,1,operating,60.0,MW,,1
F03319,TIRORA TPP,power_plant,21.412568333333336,79.967275,gem|wri,2,operating,6600.0,MW,Maharashtra,6
F03320,TITAGARH,power_plant,22.731939200000006,88.37044720000002,gem|wri,2,operating,480.0,MW,West Bengal,5
F03321,TORANGALLU EXT,power_plant,15.18554057142857,76.66216497142857,gem|wri,2,operating,2380.0,MW,Karnataka,7
F03322,TUIRIAL,power_plant,24.3588,92.8837,wri,1,operating,60.0,MW,,1
F03323,TUNGABHADRA SUGAR,power_plant,15.6609,76.8756,wri,1,operating,28.0,MW,,1
F03324,TUTICORIN,power_plant,8.761477297499999,78.17199432916667,gem|wri,2,operating,5525.0,MW,Tamil Nadu,12
F03325,TVS Kunnur Wind Farm,power_plant,9.9438,77.5077,wri,1,operating,9.35,MW,,1
F03326,TVS Tirunelveli Wind Farm,power_plant,8.9165,77.659,wri,1,operating,14.4,MW,,1
F03327,TVS Virali Wind Farm,power_plant,17.501,74.7001,wri,1,operating,25.5,MW,,1
F03328,Tadas wind farm,power_plant,15.1069,75.1661,wri,1,operating,100.0,MW,,1
F03329,Tahliwala,power_plant,30.345,74.192,wri,1,operating,15.0,MW,,1
F03330,Talaricheruvu,power_plant,14.9665,78.053,wri,1,operating,200.0,MW,,2
F03331,Talmadia A,power_plant,18.224,78.32333333333334,wri,1,operating,55.0,MW,,3
F03332,Tandur First,power_plant,17.341,77.618,wri,1,operating,50.0,MW,,1
F03333,Tandur Mahindra,power_plant,17.364,77.542,wri,1,operating,30.0,MW,,1
F03334,Tarlupadu,power_plant,15.644,79.258,wri,1,operating,21.0,MW,,1
F03335,Tarnikal,power_plant,16.621,78.472,wri,1,operating,11.0,MW,,1
F03336,Tata Power Gadag Plains Wind Farm,power_plant,15.3302,75.5767,wri,1,operating,50.4,MW,,1
F03337,Tata Wind Farm,power_plant,19.1757,74.8441,wri,1,operating,50.4,MW,,1
F03338,Tattapalle A,power_plant,17.446,77.629,wri,1,operating,10.0,MW,,1
F03339,Teesta Canal,power_plant,26.33,88.31,wri,1,operating,10.0,MW,,1
F03340,Tenga Bhaat Daar Gaon,power_plant,21.4928,81.4144,wri,1,operating,5.0,MW,,1
F03341,Teona Photon,power_plant,29.91015,75.0762,wri,1,operating,29.1,MW,,2
F03342,That,power_plant,26.832,71.812,wri,1,operating,35.0,MW,,1
F03343,Thekkampatty,power_plant,11.25,76.905,wri,1,operating,4.9,MW,,1
F03344,Theni Wind Farm,power_plant,9.9621,77.3709,wri,1,operating,24.0,MW,,1
F03345,Theni-Dundugul,power_plant,10.115,77.69,wri,1,operating,50.0,MW,,1
F03346,Thimmajipet,power_plant,16.675,78.21,wri,1,operating,8.0,MW,,1
F03347,Thimmalapura,power_plant,14.868,76.815,wri,1,operating,10.0,MW,,1
F03348,Thimmapuram Wind Farm,power_plant,14.7053,77.3355,wri,1,operating,200.0,MW,,1
F03349,Thungathurthy,power_plant,16.69,79.225,wri,1,operating,15.0,MW,,1
F03350,Thunkiballaram,power_plant,17.75,78.598,wri,1,operating,15.0,MW,,1
F03351,Tinwari - MB Solar Power Plant,power_plant,26.5254,72.85719999999999,wri,1,operating,15.2,MW,,3
F03352,Tipatturu,power_plant,13.396,76.407,wri,1,operating,20.0,MW,,1
F03353,Tiruchi,power_plant,10.92,78.63,wri,1,operating,10.0,MW,,1
F03354,Tiruchuli,power_plant,9.522,78.228,wri,1,operating,50.0,MW,,1
F03355,Tirumala Tirupati Devasthanams,power_plant,13.6344,79.3268,wri,1,operating,10.0,MW,,1
F03356,Tiruppur,power_plant,10.8139,77.3785,wri,1,operating,1.5,MW,,1
F03357,Tiruppur 2,power_plant,10.79,77.33,wri,1,operating,1.5,MW,,1
F03358,Torrent Gujurat Wind Farm,power_plant,22.104,69.8323,wri,1,operating,49.6,MW,,1
F03359,Tubagere A,power_plant,13.37,77.594,wri,1,operating,8.5,MW,,1
F03360,Tughlakpur,power_plant,29.635,78.025,wri,1,operating,5.0,MW,,1
F03361,Turuvekere,power_plant,13.269,76.742,wri,1,operating,20.0,MW,,1
F03362,U.B.D.C. ST.-I& II,power_plant,32.3367,75.5819,wri,1,operating,91.35,MW,,1
F03363,U.ROGNICHU,power_plant,27.2614,88.5572,wri,1,operating,8.0,MW,,1
F03364,UDUPI TPP,power_plant,13.159600000000001,74.8002,gem|wri,2,operating,4000.0,MW,Karnataka,5
F03365,UJJAINI,power_plant,18.0723,75.1197,wri,1,operating,12.0,MW,,1
F03366,UKAI LBC,power_plant,21.2323,73.5917,wri,1,operating,5.0,MW,,1
F03367,UKAI_Coal,power_plant,21.2093,73.55740000000002,gem|wri,2,operating,4060.0,MW,Gujarat,9
F03368,UKAI_Hydro,power_plant,21.2478,73.5866,wri,1,operating,300.0,MW,,1
F03369,UMIAM I II &IV,power_plant,25.6593,91.9003,wri,1,operating,96.0,MW,,1
F03370,UNCHAHAR,power_plant,25.910394025000002,81.3249026375,gem|wri,2,operating,3110.0,MW,Uttar Pradesh,8
F03371,UPL Dharapuram Wind Farm,power_plant,10.838,77.5123,wri,1,operating,1.7,MW,,1
F03372,UPPER SINDH I& II,power_plant,34.198,75.1245,wri,1,operating,105.0,MW,,1
F03373,URI,power_plant,34.1442,74.1857,wri,1,operating,480.0,MW,,1
F03374,URI -II,power_plant,34.0921,74.0318,wri,1,operating,240.0,MW,,1
F03375,URUMI,power_plant,11.3727,76.0584,wri,1,operating,3.75,MW,,1
F03376,UTRAULA TPP,power_plant,27.34550968666667,82.31656350666667,gem|wri,2,operating,180.0,MW,Uttar Pradesh,3
F03377,Udumalpet Wind Farm,power_plant,10.6143,77.237,wri,1,operating,25.7,MW,,1
F03378,Ugaras,power_plant,26.971,72.127,wri,1,operating,20.0,MW,,1
F03379,Urse,power_plant,18.7127,73.6448,wri,1,operating,5.5,MW,,1
F03380,Usmankhera,power_plant,30.034,73.904,wri,1,operating,25.0,MW,,1
F03381,VAIGAI DAM,power_plant,10.0537,77.5905,wri,1,operating,13.5,MW,,1
F03382,VAITARNA,power_plant,19.7674,73.502,wri,1,operating,60.0,MW,,1
F03383,VALANTHARVI GT,power_plant,9.328202000000001,78.9223935,gem|wri,2,operating,202.8,MW,Tamil Nadu,2
F03384,VALUTHUR GT,power_plant,9.348373333333333,78.9235,gem|wri,2,operating,374.2,MW,Tamil Nadu,3
F03385,VARAHI,power_plant,13.6576,74.9484,wri,1,operating,460.0,MW,,1
F03386,VARDHAM BUDNI,power_plant,22.7808,77.6515,wri,1,operating,25.8,MW,,1
F03387,VARDHAM SATLAPUR,power_plant,23.0752,77.5526,wri,1,operating,30.75,MW,,1
F03388,VASAVADATTA CEMENT,power_plant,17.1605,77.293,wri,1,operating,50.7,MW,,1
F03389,VENUNAGAR SUGAR,power_plant,17.7382,75.3218,wri,1,operating,19.8,MW,,1
F03390,VIJAIPUR WORKS,power_plant,24.4978,77.1513,wri,1,operating,75.0,MW,,1
F03391,VIJAYWADA,power_plant,16.597523009090903,80.53755762727272,gem|wri,2,operating,4502.0,MW,Andhra Pradesh,11
F03392,VIJESWARAM GT,power_plant,16.93383333333333,81.72436666666667,gem|wri,2,operating,544.3,MW,Andhra Pradesh,3
F03393,VIKRAM CEMENT,power_plant,24.5753,74.8012,wri,1,operating,46.0,MW,,1
F03394,VINDH_CHAL STPS,power_plant,24.0983,82.67190000000002,gem|wri,2,operating,9520.0,MW,Madhya Pradesh,14
F03395,VIR,power_plant,18.121,74.0968,wri,1,operating,9.0,MW,,1
F03396,VISHNU PRAYAG,power_plant,30.5669,79.5468,wri,1,operating,400.0,MW,,1
F03397,Vaayu Ashti Wind Farm,power_plant,19.108,74.9885,wri,1,operating,50.4,MW,,1
F03398,Vadekhan,power_plant,21.8228,70.0684,wri,1,operating,5.0,MW,,1
F03399,Vajramatti Acme,power_plant,16.24,75.305,wri,1,operating,80.0,MW,,1
F03400,Vajramatti Energon,power_plant,16.32,75.415,wri,1,operating,100.0,MW,,1
F03401,Valathadippatti,power_plant,10.578,78.635,wri,1,operating,10.0,MW,,1
F03402,Varavoo Kaval Greenko,power_plant,14.367,76.58,wri,1,operating,100.0,MW,,1
F03403,Varavoo Kaval Today,power_plant,14.377,76.595,wri,1,operating,70.0,MW,,1
F03404,Varkute Malawadi,power_plant,17.557,74.812,wri,1,operating,100.0,MW,,1
F03405,Vedachandur,power_plant,10.5307,77.89895,wri,1,operating,14.0,MW,,2
F03406,Veerapuram,power_plant,14.761,76.951,wri,1,operating,5.0,MW,,1
F03407,Veltoor Renew,power_plant,16.529,77.903,wri,1,operating,100.0,MW,,1
F03408,Veltoor SP,power_plant,16.468,77.909,wri,1,operating,100.0,MW,,1
F03409,Veltoor Suzlon,power_plant,16.445,77.867,wri,1,operating,100.0,MW,,1
F03410,Vemulapadu,power_plant,15.234,78.201,wri,1,operating,70.0,MW,,1
F03411,Venkatapur,power_plant,17.441,78.624,wri,1,operating,5.0,MW,,1
F03412,Vikarabad,power_plant,17.344,77.979,wri,1,operating,23.0,MW,,1
F03413,Virannapalle,power_plant,15.023,77.841,wri,1,operating,50.0,MW,,1
F03414,WADI CEMENT PLANT,power_plant,17.0552,76.9775,wri,1,operating,75.0,MW,,1
F03415,WARDHA WORKS,power_plant,20.704766233333334,78.63160042,gem|wri,2,operating,160.0,MW,Maharashtra,3
F03416,WARNA,power_plant,17.1401,73.866,wri,1,operating,16.0,MW,,1
F03417,WY.CANAL A -D,power_plant,30.3033,77.5684,wri,1,operating,62.4,MW,,1
F03418,Waddekothapally,power_plant,17.505,79.562,wri,1,operating,42.0,MW,,1
F03419,Wagdari,power_plant,17.605,76.345,wri,1,operating,50.0,MW,,1
F03420,Walaja,power_plant,12.955,79.395,wri,1,operating,5.0,MW,,1
F03421,Wanaparthy Mytrah,power_plant,16.444,78.002,wri,1,operating,50.0,MW,,1
F03422,Wanaparthy Ostro,power_plant,16.424,78.069,wri,1,operating,50.0,MW,,1
F03423,Warora Solar Power Plant,power_plant,20.301,79.0237,wri,1,operating,25.0,MW,,1
F03424,Weizzmann Forex Idukki Wind Farm,power_plant,9.8881,77.2216,wri,1,operating,3.6,MW,,1
F03425,Wind power project by Riddhi Siddhi Gluco Biols Limited (RSGBL),power_plant,8.8709,77.4466,wri,1,operating,34.65,MW,,1
F03426,YAMUNANAGAR TPP,power_plant,30.107136250000003,77.32654980000001,gem|wri,2,operating,2000.0,MW,Haryana,4
F03427,YELHANKA (DG),power_plant,13.116578,77.5828375,gem|wri,2,operating,476.6,MW,Karnataka,2
F03428,Yadgiri,power_plant,16.647,77.209,wri,1,operating,20.0,MW,,1
F03429,Yapadinne A,power_plant,16.006,77.757,wri,1,operating,5.0,MW,,1
F03430,Yapaladinni II,power_plant,16.29,77.505,wri,1,operating,5.0,MW,,1
F03431,Yelesandra Solar Power Plant,power_plant,12.8932,78.1654,wri,1,operating,3.0,MW,,1
F03432,Yelisirur wind power project,power_plant,15.2758,75.5811,wri,1,operating,25.5,MW,,1
F03433,Yellapur,power_plant,14.975,74.815,wri,1,operating,50.0,MW,,1
F03434,ZAWAR MINES,power_plant,24.34989784,73.74816032999999,gem|wri,2,operating,160.0,MW,Rajasthan,2
F03435,Zaheerabad,power_plant,17.6565,77.5545,wri,1,operating,60.0,MW,,2
F03436,iEnergy Theni Wind Farm,power_plant,9.9344,77.4768,wri,1,operating,16.5,MW,,1
F03437,Adani Anuppur Thermal Power Plant,power_plant,23.206979,81.979321,gem,1,announced,3200.0,MW,Madhya Pradesh,4
F03438,Adani Chapar power station,power_plant,26.2314806,90.3041611,gem,1,announced,3200.0,MW,Assam,4
F03439,Adani Godda power station,power_plant,24.814107,87.135465,gem,1,operating,1600.0,MW,Jharkhand,2
F03440,Adilibad power station (Shalivahana Power Corp.),power_plant,19.159958,79.530837,gem,1,cancelled,300.0,MW,Telangana,1
F03441,Adra Purulia power station,power_plant,23.5,86.67,gem,1,cancelled,1320.0,MW,West Bengal,2
F03442,Amauli Fatehpur power station,power_plant,26.013576,80.307383,gem,1,cancelled,1980.0,MW,Uttar Pradesh,3
F03443,Amoda power station,power_plant,21.848753,82.652278,gem,1,cancelled,600.0,MW,Chhattisgarh,1
F03444,Angul Smelter power station,power_plant,20.849026400000003,85.1902199,gem,1,operating,1700.0,MW,Odisha,12
F03445,Ankulapatur power station,power_plant,14.138344,79.990881,gem,1,cancelled,485.0,MW,Andhra Pradesh,2
F03446,Anpara-E power station,power_plant,26.192778,79.940278,gem,1,cancelled,1320.0,MW,Uttar Pradesh,2
F03447,Anuppur power station (Newzone),power_plant,23.152987,81.832352,gem,1,cancelled,1320.0,MW,Madhya Pradesh,1
F03448,Asansol Crescent power station,power_plant,23.7845702,87.04724461,gem,1,operating,40.0,MW,West Bengal,1
F03449,Asansol power station,power_plant,23.68,86.99,gem,1,cancelled,540.0,MW,West Bengal,2
F03450,ASTARC power station,power_plant,20.863784,79.273739,gem,1,cancelled,1320.0,MW,Maharashtra,2
F03451,Athiyakurichi power station,power_plant,8.43,78.02,gem,1,cancelled,2640.0,MW,Tamil Nadu,4
F03452,Auraiya IGCC power station,power_plant,26.46401,79.506462,gem,1,cancelled,550.0,MW,Uttar Pradesh,2
F03453,Babandh power station,power_plant,20.826425,85.296478,gem,1,cancelled,2640.0,MW,Odisha,4
F03454,Balagarh power station,power_plant,23.126218000000005,88.456134,gem,1,cancelled,1980.0,MW,West Bengal,3
F03455,Balaji Cement power station,power_plant,16.87048839,80.02201662,gem,1,operating,35.0,MW,Andhra Pradesh,1
F03456,Balangir power station,power_plant,20.220833,83.191667,gem,1,cancelled,1320.0,MW,Odisha,2
F03457,Balpur power station,power_plant,22.045391,82.647886,gem,1,cancelled,1200.0,MW,Chhattisgarh,1
F03458,Banas Thermal Power project (Anuppur),power_plant,23.10909875,81.69835085,gem,1,cancelled,2920.0,MW,Madhya Pradesh,4
F03459,Banka Power Project,power_plant,24.714049,86.958329,gem,1,cancelled,2640.0,MW,Bihar,4
F03460,Bansagar power station,power_plant,24.023398,81.374295,gem,1,cancelled,1600.0,MW,Madhya Pradesh,2
F03461,Banswara Thermal Power Station,power_plant,23.540541,74.442253,gem,1,cancelled,2445.0,MW,Rajasthan,3
F03462,Barabanki power station,power_plant,26.92,81.2,gem,1,cancelled,250.0,MW,Uttar Pradesh,1
F03463,Baragaon power station,power_plant,20.332072,82.692032,gem,1,cancelled,1320.0,MW,Odisha,1
F03464,Baranda power station,power_plant,23.192189,85.708852,gem,1,cancelled,900.0,MW,Jharkhand,1
F03465,Barethi Super Thermal Power Project,power_plant,24.783333,79.9,gem,1,cancelled,2640.0,MW,Madhya Pradesh,4
F03466,Bargarh power station,power_plant,25.135941,81.444717,gem,1,cancelled,1980.0,MW,Uttar Pradesh,3
F03467,Basundhara power station,power_plant,22.116667,84.033333,gem,1,announced,4000.0,MW,Odisha,5
F03468,Bhadradri power station,power_plant,18.027488,80.735645,gem,1,operating,1080.0,MW,Telangana,4
F03469,Bhadravati power station (Ispat),power_plant,20.110047,79.121003,gem,1,cancelled,3320.0,MW,Maharashtra,3
F03470,Bhadreshwar Thermal Power Project (Adani),power_plant,22.909409,69.899944,gem,1,cancelled,3300.0,MW,Gujarat,5
F03471,Bhagalpur Power Project,power_plant,25.263540000000003,87.234444,gem,1,cancelled,4680.0,MW,Bihar,6
F03472,Bhaiso power station,power_plant,21.878587666666665,82.45162666666667,gem,1,cancelled,2400.0,MW,Chhattisgarh,3
F03473,Bhaiyathan Thermal Power Project,power_plant,23.343798,83.196042,gem,1,cancelled,1320.0,MW,Chhattisgarh,1
F03474,Bhandara power station,power_plant,21.271844,79.688234,gem,1,cancelled,2640.0,MW,Maharashtra,4
F03475,Bhapur power station,power_plant,20.285546,85.294762,gem,1,cancelled,1320.0,MW,Odisha,2
F03476,Bhatvadia power station,power_plant,22.467,70.067,gem,1,cancelled,3960.0,MW,Gujarat,4
F03477,Bhawnathpur power station,power_plant,24.17,83.81,gem,1,cancelled,1320.0,MW,Jharkhand,2
F03478,Bhengari power station,power_plant,22.141667,83.243889,gem,1,cancelled,540.0,MW,Chhattisgarh,1
F03479,Bherai power station,power_plant,20.971759,71.482995,gem,1,cancelled,1320.0,MW,Gujarat,2
F03480,Bhognipur power station,power_plant,26.194167,79.9075,gem,1,cancelled,1320.0,MW,Uttar Pradesh,2
F03481,Bhusar power station,power_plant,23.73,84.47,gem,1,cancelled,1660.0,MW,Jharkhand,3
F03482,Bhushan Steel West Bengal project,power_plant,22.986757,87.854975,gem,1,cancelled,4200.0,MW,West Bengal,2
F03483,Bihar Ultra Mega Power Project,power_plant,24.833324,86.874819,gem,1,cancelled,4000.0,MW,Bihar,1
F03484,Bijora power station,power_plant,19.707122,77.737584,gem,1,cancelled,1260.0,MW,Maharashtra,3
F03485,Bijor power station,power_plant,25.429999999999996,79.71,gem,1,cancelled,1980.0,MW,Madhya Pradesh,3
F03486,Bikaner Thermal Power Project,power_plant,28.026554,73.318338,gem,1,announced,375.0,MW,Rajasthan,3
F03487,Bilhaur Super Thermal Power Plant,power_plant,26.763391,80.05806,gem,1,cancelled,1320.0,MW,Uttar Pradesh,2
F03488,Bina Thermal Power Project,power_plant,24.317222,78.133564,gem,1,operating,1200.0,MW,Madhya Pradesh,3
F03489,Birla Jamnagar power station,power_plant,22.57809,70.277363,gem,1,cancelled,1320.0,MW,Gujarat,1
F03490,Birra Thermal Power Project,power_plant,21.756471,82.782962,gem,1,cancelled,1320.0,MW,Chhattisgarh,2
F03491,Bithnok Thermal Power Project,power_plant,27.849853,72.717276,gem,1,announced,250.0,MW,Rajasthan,1
F03492,BLA Chhattisgarh power station,power_plant,22.172721,83.353397,gem,1,cancelled,540.0,MW,Chhattisgarh,1
F03493,Bongaigaon power station,power_plant,26.442463000000004,90.3645745,gem,1,operating,2000.0,MW,Assam,8
F03494,Borgolai power station,power_plant,27.303147,95.442638,gem,1,cancelled,250.0,MW,Assam,1
F03495,Budele power station,power_plant,14.670709,77.590744,gem,1,cancelled,1000.0,MW,Andhra Pradesh,1
F03496,Bunji Bundeli Thermal Power Project,power_plant,23.652072,82.048187,gem,1,cancelled,500.0,MW,Chhattisgarh,1
F03497,Burdwan power station,power_plant,23.584293,87.116954,gem,1,cancelled,500.0,MW,West Bengal,2
F03498,Buxar Thermal Power Station,power_plant,25.462349,83.882568,gem,1,operating,2120.0,MW,Bihar,3
F03499,Casecade Power Lakhisarai power station,power_plant,24.75,85.0,gem,1,cancelled,1320.0,MW,Bihar,1
F03500,Chadhana power station,power_plant,24.53,81.29,gem,1,cancelled,660.0,MW,Madhya Pradesh,1
F03501,Chamalapura power station,power_plant,12.19,76.45,gem,1,cancelled,1000.0,MW,Karnataka,2
F03502,Champa Power Project,power_plant,22.270035,82.614098,gem,1,cancelled,1200.0,MW,Chhattisgarh,2
F03503,Chandil Singh power station,power_plant,22.48,86.72,gem,1,cancelled,1320.0,MW,Jharkhand,1
F03504,Chandrapur (Assam) power station,power_plant,26.192572,91.920035,gem,1,retired,60.0,MW,Assam,2
F03505,Chandrapur Works power station,power_plant,20.36937168,78.88289033,gem,1,operating,40.0,MW,Maharashtra,1
F03506,Chandwa Power Project,power_plant,23.739508,84.781859,gem,1,cancelled,2415.0,MW,Jharkhand,6
F03507,Chapariya power station,power_plant,24.49,86.7,gem,1,cancelled,1320.0,MW,Jharkhand,1
F03508,Cheyyur Ultra Mega Power Project,power_plant,12.3125,79.9825,gem,1,cancelled,4000.0,MW,Tamil Nadu,1
F03509,Chhindwara JSW power station,power_plant,22.059551,78.938627,gem,1,cancelled,1320.0,MW,Madhya Pradesh,2
F03510,Chichro Patsimal power station,power_plant,23.691349,85.272247,gem,1,cancelled,3320.0,MW,Jharkhand,3
F03511,Chitrangi Power Project,power_plant,24.364797,82.6469,gem,1,cancelled,3960.0,MW,Madhya Pradesh,6
F03512,Chunar Cement power station,power_plant,25.090885,82.897339,gem,1,operating,38.0,MW,Uttar Pradesh,1
F03513,Churk captive power station,power_plant,24.639104,83.101085,gem,1,operating,240.0,MW,Uttar Pradesh,4
F03514,Coastal Maharashtra Project,power_plant,18.75,72.9583,gem,1,cancelled,2400.0,MW,Maharashtra,2
F03515,Cossipore power station,power_plant,22.624408,88.368656,gem,1,retired,160.0,MW,West Bengal,4
F03516,Cuddalore power station,power_plant,11.65,79.75,gem,1,cancelled,1320.0,MW,Tamil Nadu,2
F03517,Cuddalore SRM power station,power_plant,11.522222,79.669444,gem,1,cancelled,1980.0,MW,Tamil Nadu,3
F03518,Cuttack power station (VISA Power),power_plant,20.515062,85.76726,gem,1,cancelled,1320.0,MW,Odisha,1
F03519,Dabaura power station,power_plant,25.115556,81.30388900000001,gem,1,cancelled,3960.0,MW,Madhya Pradesh,6
F03520,Dada Dhuniwale Thermal Power Project,power_plant,21.828336999999994,76.33879433333333,gem,1,cancelled,3920.0,MW,Madhya Pradesh,6
F03521,Danbhum power station,power_plant,23.78,86.71999999999998,gem,1,cancelled,1620.0,MW,Jharkhand,3
F03522,Darlipali power station,power_plant,21.963554,83.89187,gem,1,operating,4800.0,MW,Odisha,6
F03523,Deoghar Ultra Mega Power Project,power_plant,24.36,86.597778,gem,1,cancelled,4000.0,MW,Jharkhand,1
F03524,Devarampadu power station,power_plant,15.5,80.05,gem,1,cancelled,1320.0,MW,Andhra Pradesh,1
F03525,Devgad UMPP,power_plant,16.3735,73.3778,gem,1,cancelled,4000.0,MW,Maharashtra,1
F03526,Dhakore power station,power_plant,15.766642,73.70004,gem,1,cancelled,1050.0,MW,Maharashtra,1
F03527,Dhanras power station,power_plant,22.5,82.55,gem,1,cancelled,1050.0,MW,Chhattisgarh,3
F03528,Dharmavaram power station,power_plant,14.413745,77.712619,gem,1,cancelled,150.0,MW,Andhra Pradesh,1
F03529,Dholera Power Plant,power_plant,22.248,72.195,gem,1,cancelled,1600.0,MW,Gujarat,2
F03530,Dhopave coal plant (NTPC),power_plant,17.55829,73.192694,gem,1,cancelled,4380.0,MW,Maharashtra,5
F03531,Dolvi captive power station,power_plant,18.530398,72.92038,gem,1,cancelled,990.0,MW,Maharashtra,2
F03532,Dona power station,power_plant,24.83,85.42,gem,1,cancelled,1320.0,MW,Bihar,1
F03533,Dondaicha Thermal Power Station,power_plant,21.274722,74.606944,gem,1,cancelled,3300.0,MW,Maharashtra,5
F03534,Dongamahua Captive Power Plant,power_plant,22.1279449,83.53591919999998,gem,1,operating,840.0,MW,Chhattisgarh,6
F03535,Dopaha Thermal Power Plant,power_plant,23.973705,83.106079,gem,1,cancelled,1980.0,MW,Uttar Pradesh,3
F03536,Dr. RKP Power Ankulapatur power station,power_plant,14.130902,79.864683,gem,1,cancelled,3060.0,MW,Andhra Pradesh,2
F03537,Dumka power station (CESC),power_plant,24.264480666666667,87.24760466666667,gem,1,cancelled,5500.0,MW,Jharkhand,6
F03538,Durgapur SAIL power station,power_plant,23.551805,87.248475,gem,1,operating,120.0,MW,West Bengal,2
F03539,East Godavari Mill power station,power_plant,17.029896,81.772481,gem,1,operating,34.0,MW,Andhra Pradesh,1
F03540,Ellora Paper Mills Gondia power station,power_plant,21.461389,80.191389,gem,1,cancelled,2640.0,MW,Maharashtra,4
F03541,Era Infra Engineering Pirpainti power station,power_plant,25.323786624999997,87.4279825,gem,1,cancelled,8720.0,MW,Bihar,8
F03542,Etah Ultra Mega Power Project,power_plant,27.5,78.75,gem,1,cancelled,4000.0,MW,Uttar Pradesh,1
F03543,Gadarwara power station (BLA),power_plant,22.958166,78.732893,gem,1,operating,180.0,MW,Madhya Pradesh,4
F03544,Gadchiroli power station,power_plant,20.186111,80.005278,gem,1,cancelled,1980.0,MW,Maharashtra,3
F03545,Gajamara Ultra Mega Power Project,power_plant,20.833,84.333,gem,1,cancelled,4000.0,MW,Odisha,1
F03546,Gajmara Super Thermal Power Station,power_plant,20.65616,85.604263,gem,1,cancelled,6250.0,MW,Odisha,6
F03547,Ganeshpahad Cement power station,power_plant,16.719583,79.69445,gem,1,operating,77.0,MW,Telangana,2
F03548,Ganga captive power station,power_plant,24.2386,87.475582,gem,1,cancelled,1320.0,MW,Jharkhand,1
F03549,Garadiatola power station,power_plant,23.525881,80.840683,gem,1,cancelled,1320.0,MW,Madhya Pradesh,2
F03550,Gare Pelma power station,power_plant,22.1525,83.352778,gem,1,cancelled,2640.0,MW,Chhattisgarh,4
F03551,Garo Hills power station,power_plant,25.49546,90.61682,gem,1,cancelled,500.0,MW,Meghalaya,1
F03552,Gayatree power station,power_plant,27.63,78.67,gem,1,cancelled,1320.0,MW,Uttar Pradesh,2
F03553,Ghatampur power station,power_plant,25.975000000000005,80.1889,gem,1,operating,1980.0,MW,Uttar Pradesh,3
F03554,Ghataprabha power station,power_plant,16.23,74.6,gem,1,cancelled,2370.0,MW,Karnataka,3
F03555,Ghogarpalli Ultra Mega Power Project,power_plant,20.083,83.2,gem,1,cancelled,4000.0,MW,Odisha,1
F03556,Ghuman power station (Prosperous Energy),power_plant,24.963897,81.490368,gem,1,cancelled,3840.0,MW,Madhya Pradesh,6
F03557,Gidderbaha power station,power_plant,30.0208,76.1025,gem,1,cancelled,2640.0,MW,Punjab,1
F03558,Giral power station,power_plant,26.045717,71.254096,gem,1,operating,250.0,MW,Rajasthan,2
F03559,Girye Ultra Mega Power Project,power_plant,16.527161,73.326656,gem,1,cancelled,4000.0,MW,Maharashtra,1
F03560,GNDTP Bathinda power station,power_plant,30.233889,74.924408,gem,1,retired,460.0,MW,Punjab,4
F03561,Gobindpura power station,power_plant,30.719984,76.083426,gem,1,cancelled,1350.0,MW,Punjab,5
F03562,Godda Project,power_plant,24.82786,87.213676,gem,1,cancelled,1320.0,MW,Jharkhand,2
F03563,Godhna power station,power_plant,21.826444999999996,82.604828,gem,1,cancelled,2400.0,MW,Chhattisgarh,3
F03564,Gonda power station,power_plant,27.03,82.23,gem,1,cancelled,500.0,MW,Uttar Pradesh,2
F03565,Gopuvanipalam Mega Thermal Power Project,power_plant,16.18438,81.134933,gem,1,cancelled,1980.0,MW,Andhra Pradesh,1
F03566,Gorgi power station,power_plant,24.116667,81.933333,gem,1,cancelled,1320.0,MW,Madhya Pradesh,2
F03567,Gorra Thermal Power Plant,power_plant,21.89304,83.393583,gem,1,cancelled,540.0,MW,Chhattisgarh,1
F03568,Gowdasandra power station,power_plant,13.43,77.72,gem,1,cancelled,160.0,MW,Karnataka,2
F03569,Gujarat Power Project,power_plant,21.573757,73.168617,gem,1,cancelled,500.0,MW,Gujarat,1
F03570,Gulbarga power station,power_plant,17.0854,76.79,gem,1,cancelled,660.0,MW,Karnataka,1
F03571,Gulbarga power station,power_plant,17.185278,76.795,gem,1,cancelled,660.0,MW,Karnataka,1
F03572,Gunipudi power station (NBPL proposal),power_plant,17.300117,82.61838599999999,gem,1,cancelled,3090.0,MW,Andhra Pradesh,5
F03573,Gurha Thermal Power Station,power_plant,27.443704,72.45679,gem,1,announced,125.0,MW,Rajasthan,1
F03574,Haldia Energy power station,power_plant,22.060458999999998,88.10974800000001,gem,1,operating,950.0,MW,West Bengal,3
F03575,Hamirpur power station,power_plant,22.393333,83.521944,gem,1,cancelled,600.0,MW,Chhattisgarh,2
F03576,Hanakon Thermal Power Project,power_plant,14.917915,74.174538,gem,1,cancelled,450.0,MW,Karnataka,1
F03577,Hari Hareshwar power station (Veshvi and Bankot),power_plant,17.979579,73.051596,gem,1,cancelled,1600.0,MW,Maharashtra,2
F03578,Hassan power station,power_plant,12.9833,76.133,gem,1,cancelled,1000.0,MW,Karnataka,2
F03579,Hemgir power station,power_plant,22.116,84.016,gem,1,cancelled,1600.0,MW,Odisha,2
F03580,Heoti power station,power_plant,20.85564,79.322502,gem,1,cancelled,2120.0,MW,Maharashtra,2
F03581,Hindupur power station,power_plant,13.830371,77.490084,gem,1,cancelled,1320.0,MW,Telangana,1
F03582,Hirakud Smelter power station,power_plant,21.529687,83.904569,gem,1,operating,367.5,MW,Odisha,4
F03583,Ichagarh power station,power_plant,23.018671,85.94376,gem,1,cancelled,2190.0,MW,Jharkhand,6
F03584,IFFCO-CSPGCL Thermal Power Project,power_plant,22.920278,82.776944,gem,1,cancelled,1320.0,MW,Chhattisgarh,2
F03585,Indragacchi power station,power_plant,26.500702,84.684087,gem,1,cancelled,1320.0,MW,Bihar,2
F03586,Jafrabad power station,power_plant,20.8667,71.3667,gem,1,cancelled,2640.0,MW,Gujarat,3
F03587,Jagdishpur captive power station,power_plant,26.75,80.533,gem,1,cancelled,500.0,MW,Uttar Pradesh,2
F03588,Jagdishpur power station,power_plant,25.462469,84.416183,gem,1,cancelled,2640.0,MW,Bihar,2
F03589,Jamuchakada power station,power_plant,20.695833,85.438597,gem,1,cancelled,1320.0,MW,Odisha,2
F03590,Jamunda power station,power_plant,20.705855,85.079766,gem,1,cancelled,1320.0,MW,Odisha,2
F03591,Jaunpur captive power station,power_plant,25.651055,82.228647,gem,1,retired,40.0,MW,Uttar Pradesh,1
F03592,Jawaharpur Thermal Project,power_plant,27.497098,78.826071,gem,1,operating,1320.0,MW,Uttar Pradesh,2
F03593,Jayamkondam power station,power_plant,11.2167,79.3667,gem,1,cancelled,500.0,MW,Tamil Nadu,1
F03594,Jaya power station,power_plant,8.803,78.1445,gem,1,cancelled,450.0,MW,Tamil Nadu,3
F03595,Jewargi power station,power_plant,17.012141,76.7752,gem,1,cancelled,1320.0,MW,Karnataka,2
F03596,Jhabua (Chetak) power station,power_plant,22.769455,74.592483,gem,1,cancelled,1320.0,MW,Madhya Pradesh,1
F03597,JR Power Project,power_plant,18.852709,83.876458,gem,1,cancelled,1980.0,MW,Odisha,3
F03598,JSW Tarapur power station,power_plant,19.794507,72.740525,gem,1,operating,30.0,MW,Maharashtra,1
F03599,JSW Utkal Steel power station,power_plant,20.225479,86.562654,gem,1,announced,900.0,MW,Odisha,3
F03600,Kadaladi power station,power_plant,9.227392,78.472595,gem,1,cancelled,4000.0,MW,Tamil Nadu,5
F03601,Kadechur power station,power_plant,16.51853,77.328408,gem,1,cancelled,1320.0,MW,Karnataka,2
F03602,Kagithapuram Mill power station,power_plant,11.052854,77.995806,gem,1,operating,40.0,MW,Tamil Nadu,1
F03603,Kaj/Nanavada power station,power_plant,20.75,70.8167,gem,1,cancelled,1320.0,MW,Gujarat,2
F03604,Kamakhyanagar power station,power_plant,20.837,85.520555,gem,1,cancelled,2400.0,MW,Odisha,3
F03605,Kamdara power station,power_plant,22.919791,84.95128899999999,gem,1,cancelled,3960.0,MW,Jharkhand,6
F03606,Karaikal Port power station,power_plant,10.906007,79.848676,gem,1,cancelled,1980.0,MW,Puducherry,3
F03607,Karapidagai North power station,power_plant,10.590833,79.800278,gem,1,cancelled,150.0,MW,Tamil Nadu,1
F03608,Karchana Thermal Power Project,power_plant,25.190556,82.019722,gem,1,cancelled,1980.0,MW,Uttar Pradesh,2
F03609,Karchana Ultra Mega Power Project,power_plant,25.28,81.93,gem,1,cancelled,4000.0,MW,Uttar Pradesh,1
F03610,Karnataka Gupta power station,power_plant,14.75,75.66,gem,1,cancelled,1320.0,MW,Karnataka,1
F03611,Kasargod power station,power_plant,12.242538,75.233321,gem,1,cancelled,1320.0,MW,Kerala,2
F03612,Katni power station,power_plant,23.834659,80.395517,gem,1,cancelled,3200.0,MW,Madhya Pradesh,4
F03613,Kattupalli power station,power_plant,13.258618,80.340732,gem,1,cancelled,2220.0,MW,Tamil Nadu,4
F03614,Katwa Super Thermal Power Project (NTPC),power_plant,23.65,88.13,gem,1,cancelled,1320.0,MW,West Bengal,2
F03615,Khandwa power station (Dwarkesh Energy),power_plant,22.008889,76.766667,gem,1,cancelled,1320.0,MW,Madhya Pradesh,2
F03616,Khandwa power station (Era Infra),power_plant,21.999656,76.18417,gem,1,cancelled,1320.0,MW,Madhya Pradesh,2
F03617,Khargone power station,power_plant,22.065169,75.851943,gem,1,operating,1320.0,MW,Madhya Pradesh,2
F03618,Khutafali (Kolura) power station,power_plant,20.489921,77.868171,gem,1,cancelled,1320.0,MW,Maharashtra,1
F03619,Kinebodi power station,power_plant,19.851041,79.206448,gem,1,cancelled,750.0,MW,Maharashtra,1
F03620,Kineta Power thermal station,power_plant,14.166666999999999,80.083333,gem,1,cancelled,1980.0,MW,Andhra Pradesh,3
F03621,Kishore Nagar Coal-to-Liquids Project,power_plant,20.833,85.1,gem,1,cancelled,1485.0,MW,Odisha,2
F03622,Kiul Thermal Power Project,power_plant,25.146576,86.096278,gem,1,cancelled,1320.0,MW,Bihar,1
F03623,Kochar power station,power_plant,24.74839,84.376663,gem,1,cancelled,1320.0,MW,Bihar,1
F03624,Komarada power station,power_plant,18.89626,83.468899,gem,1,cancelled,2640.0,MW,Andhra Pradesh,4
F03625,Korba Essar power station,power_plant,22.35,82.683,gem,1,cancelled,1000.0,MW,Chhattisgarh,1
F03626,Korba South Thermal Power Project,power_plant,22.367321,82.760328,gem,1,cancelled,1000.0,MW,Chhattisgarh,2
F03627,Kotapally power station (SKIL Group),power_plant,18.9286,79.8176,gem,1,cancelled,600.0,MW,Telangana,1
F03628,Krishnapatnam Ultra Mega Power Project,power_plant,14.252061,80.120748,gem,1,cancelled,4000.0,MW,Andhra Pradesh,1
F03629,KSK Narmada Power Project,power_plant,22.749905,82.572849,gem,1,cancelled,1800.0,MW,Chhattisgarh,1
F03630,Kukurda power station,power_plant,21.8475,83.54,gem,1,cancelled,1320.0,MW,Chhattisgarh,2
F03631,KVK Jharkhand project,power_plant,22.935627,85.09262,gem,1,cancelled,1000.0,MW,Jharkhand,1
F03632,Lakhisarai power station (SPML),power_plant,28.8,79.0,gem,1,cancelled,1200.0,MW,Bihar,1
F03633,Lakhisarai Thermal Power Station,power_plant,25.18036,86.25903,gem,1,cancelled,1320.0,MW,Bihar,2
F03634,Lal Kuan Mill power station,power_plant,29.062378,79.521661,gem,1,operating,43.0,MW,Uttarakhand,1
F03635,Latur power station,power_plant,18.4,76.58,gem,1,cancelled,1500.0,MW,Maharashtra,1
F03636,Lovapalem power station,power_plant,17.466444,82.961361,gem,1,cancelled,1000.0,MW,Andhra Pradesh,1
F03637,Madhekar power station,power_plant,18.655491,72.86792,gem,1,cancelled,405.0,MW,Maharashtra,1
F03638,Madhya Pradesh Jain Energy power station,power_plant,23.282508,81.588249,gem,1,cancelled,1320.0,MW,Madhya Pradesh,1
F03639,Mahan Aluminium power station,power_plant,24.220902,82.43719699999998,gem,1,operating,900.0,MW,Madhya Pradesh,6
F03640,Maharjapur power station,power_plant,25.093683,79.803314,gem,1,cancelled,1320.0,MW,Madhya Pradesh,2
F03641,Malaxmi Mega Thermal Power Project (Thakurbari),power_plant,22.640313,86.429787,gem,1,cancelled,2640.0,MW,Jharkhand,1
F03642,Mandsaur power station,power_plant,24.075305,75.068178,gem,1,cancelled,1320.0,MW,Madhya Pradesh,1
F03643,Maqsoodpur power station,power_plant,28.24440447,79.99754701,gem,1,operating,90.0,MW,Uttar Pradesh,2
F03644,Marakkanam Super Thermal Power Project,power_plant,12.19036,79.941856,gem,1,cancelled,4000.0,MW,Tamil Nadu,1
F03645,Margherita power station,power_plant,27.489464,95.360144,gem,1,cancelled,660.0,MW,Assam,1
F03646,Mattapalli Cement Plant power station,power_plant,16.714423,79.817713,gem,1,cancelled,30.0,MW,Telangana,1
F03647,Meghavaram Kakarapalli power station,power_plant,17.484945,82.494903,gem,1,cancelled,450.0,MW,Andhra Pradesh,1
F03648,Mellacheruvu Cement power station,power_plant,16.809733,79.915132,gem,1,operating,60.0,MW,Telangana,1
F03649,Melmandai power station,power_plant,9.1,78.316111,gem,1,cancelled,600.0,MW,Tamil Nadu,2
F03650,Mendki thermal power project,power_plant,20.466667,79.8,gem,1,cancelled,1320.0,MW,Maharashtra,1
F03651,Mettur Siscol power station,power_plant,11.814008,77.919073,gem,1,operating,90.0,MW,Tamil Nadu,3
F03652,Mirzapur power station,power_plant,25.136582,82.562199,gem,1,announced,1600.0,MW,Uttar Pradesh,2
F03653,Mohgaon power station,power_plant,22.43,80.12,gem,1,cancelled,1000.0,MW,Madhya Pradesh,2
F03654,Moma power station,power_plant,25.17,86.09,gem,1,cancelled,1980.0,MW,Bihar,1
F03655,Moser Baer Captive Power Project,power_plant,21.993352,82.615414,gem,1,cancelled,150.0,MW,Chhattisgarh,1
F03656,Mota Layja power station,power_plant,22.86,69.39,gem,1,cancelled,3960.0,MW,Gujarat,6
F03657,MP Adani power station,power_plant,21.69,79.24,gem,1,announced,1320.0,MW,Madhya Pradesh,2
F03658,Mukerian power station,power_plant,31.976137,75.739532,gem,1,cancelled,1320.0,MW,Punjab,2
F03659,Mulajore power station,power_plant,22.8347,88.3813,gem,1,retired,150.0,MW,West Bengal,5
F03660,Mulwad (Bijapur Luxor) power station,power_plant,16.554453,75.729033,gem,1,cancelled,1320.0,MW,Karnataka,2
F03661,Murka power station,power_plant,25.19967,81.502182,gem,1,cancelled,600.0,MW,Uttar Pradesh,2
F03662,Nabinagar Thermal Power Project,power_plant,24.705081,84.088738,gem,1,operating,1000.0,MW,Bihar,4
F03663,Nagai Nagapattinam Power Project,power_plant,10.824085,79.753828,gem,1,operating,300.0,MW,Tamil Nadu,2
F03664,Nagarjuna Construction Company Sompeta Thermal Plant,power_plant,18.93741,84.590157,gem,1,cancelled,3840.0,MW,Andhra Pradesh,4
F03665,Naini Coal Mine power station,power_plant,21.055833,84.882222,gem,1,announced,2400.0,MW,Odisha,3
F03666,Naitor power station,power_plant,26.183333,91.733333,gem,1,cancelled,1320.0,MW,Assam,2
F03667,Nakkapalli power station,power_plant,17.409651,82.714788,gem,1,cancelled,5280.0,MW,Andhra Pradesh,8
F03668,Nana Madha power station,power_plant,22.2,69.65,gem,1,cancelled,600.0,MW,Gujarat,1
F03669,Nardana Vaghode power station,power_plant,21.15103,74.854206,gem,1,operating,300.0,MW,Maharashtra,2
F03670,Nayunipalli Ultra Mega Power Project,power_plant,15.038056,78.8675,gem,1,cancelled,4000.0,MW,Andhra Pradesh,1
F03671,Neidavasal power station,power_plant,10.767,79.833,gem,1,cancelled,1320.0,MW,Tamil Nadu,2
F03672,Nellore power station,power_plant,14.490572,79.986949,gem,1,operating,30.0,MW,Andhra Pradesh,1
F03673,Neulapoi power station (Dhenkanal),power_plant,20.723611,85.692778,gem,1,cancelled,1320.0,MW,Odisha,2
F03674,Niddodi Ultra Mega Power Project,power_plant,13.042756,74.903208,gem,1,cancelled,4000.0,MW,Karnataka,1
F03675,Nilanchal power station,power_plant,20.587097,85.742653,gem,1,cancelled,3450.0,MW,Odisha,6
F03676,Nimbri Chandawatan power station,power_plant,27.2,73.73,gem,1,cancelled,120.0,MW,Rajasthan,1
F03677,North Karanpura power station,power_plant,23.850771999999996,85.012411,gem,1,operating,1980.0,MW,Jharkhand,3
F03678,NU Vista Limited Cement power station,power_plant,16.65655,79.80908,gem,1,cancelled,30.0,MW,Andhra Pradesh,1
F03679,Okha power station,power_plant,22.464918,69.0702,gem,1,cancelled,2560.0,MW,Gujarat,4
F03680,Ontimavadi power station,power_plant,16.945181,82.238647,gem,1,cancelled,6300.0,MW,Andhra Pradesh,1
F03681,Palamau Plant power station,power_plant,24.22902,83.885832,gem,1,operating,60.0,MW,Jharkhand,2
F03682,Paloncha power station,power_plant,17.580228499999997,80.67074392500001,gem,1,operating,394.0,MW,Telangana,4
F03683,Panki Thermal Power Station,power_plant,26.4766,80.241,gem,1,operating,870.0,MW,Uttar Pradesh,3
F03684,Parasi power station,power_plant,23.133347,81.889353,gem,1,cancelled,1320.0,MW,Madhya Pradesh,2
F03685,Parbhani Renuka power station,power_plant,19.267918,76.435742,gem,1,operating,30.0,MW,Maharashtra,1
F03686,Parsodi power station,power_plant,20.829333,78.884639,gem,1,cancelled,900.0,MW,Maharashtra,3
F03687,Patratu Energy power station,power_plant,23.625,85.273611,gem,1,cancelled,1320.0,MW,Jharkhand,2
F03688,Patratu JSEB power station,power_plant,23.639683187499994,85.293738375,gem,1,operating,6160.0,MW,Jharkhand,16
F03689,Pedaveedu power station,power_plant,16.760523,79.842755,gem,1,cancelled,200.0,MW,Telangana,2
F03690,Peddaganjam power station (Sew),power_plant,15.7,80.25,gem,1,cancelled,2720.0,MW,Andhra Pradesh,4
F03691,Pench Thermal Power Project,power_plant,22.147958,79.134455,gem,1,cancelled,1320.0,MW,Madhya Pradesh,2
F03692,Pipavav power station,power_plant,21.05,71.43,gem,1,cancelled,3720.0,MW,Gujarat,5
F03693,Pitamahul power station,power_plant,20.848014,83.895004,gem,1,cancelled,1320.0,MW,Odisha,1
F03694,Prabhawati Nagar power station,power_plant,24.87608,86.947425,gem,1,cancelled,1320.0,MW,Bihar,1
F03695,Rahem power station,power_plant,23.852941,85.031141,gem,1,cancelled,1000.0,MW,Jharkhand,1
F03696,Raibandh power station,power_plant,23.333,86.3667,gem,1,cancelled,540.0,MW,West Bengal,2
F03697,Rairakhol power station,power_plant,20.667,84.333,gem,1,cancelled,1320.0,MW,Odisha,2
F03698,Rajauli power station,power_plant,24.65,85.5,gem,1,cancelled,2640.0,MW,Bihar,1
F03699,Rampur coal plant,power_plant,17.53,73.52,gem,1,cancelled,1000.0,MW,Maharashtra,1
F03700,Rengali power station,power_plant,21.627661,84.047073,gem,1,cancelled,2000.0,MW,Odisha,1
F03701,Renusagar power station,power_plant,24.181093,82.79127900000002,gem,1,operating,725.7,MW,Uttar Pradesh,10
F03702,Sagar power station,power_plant,22.03,88.06,gem,1,cancelled,1980.0,MW,West Bengal,3
F03703,Saggonda power station,power_plant,17.17799643,81.61139289,gem,1,operating,33.0,MW,Andhra Pradesh,1
F03704,Sahibganj power station,power_plant,24.858152,87.774208,gem,1,cancelled,1320.0,MW,Jharkhand,2
F03705,Sakhigopal Ultra Mega Power Project,power_plant,19.958191,85.826363,gem,1,cancelled,4000.0,MW,Odisha,1
F03706,Salboni power plant,power_plant,22.641998,87.32392,gem,1,announced,3200.0,MW,West Bengal,4
F03707,Sandila power station,power_plant,27.08,80.52,gem,1,cancelled,1320.0,MW,Uttar Pradesh,2
F03708,Sanghipuram Cement power station,power_plant,23.39980829,68.57017281,gem,1,operating,130.0,MW,Gujarat,2
F03709,Sapnai power station,power_plant,21.865163,83.531256,gem,1,cancelled,1260.0,MW,Chhattisgarh,3
F03710,Sapos power station (BEC Power),power_plant,21.75584375,83.16357275000001,gem,1,cancelled,1820.0,MW,Chhattisgarh,4
F03711,Sattankulam power station,power_plant,8.45,77.93,gem,1,cancelled,2000.0,MW,Tamil Nadu,2
F03712,Sattupally Thermal Power Station,power_plant,17.208012,80.829475,gem,1,cancelled,600.0,MW,Telangana,1
F03713,Savarimangalam power station,power_plant,8.862239,77.985642,gem,1,cancelled,2640.0,MW,Tamil Nadu,4
F03714,Seoni power station,power_plant,22.09,79.55,gem,1,cancelled,1320.0,MW,Madhya Pradesh,2
F03715,Shahdol power station,power_plant,23.275,81.483611,gem,1,cancelled,1320.0,MW,Madhya Pradesh,2
F03716,Shahdol power station (Pagaria),power_plant,23.3,81.35,gem,1,cancelled,540.0,MW,Madhya Pradesh,4
F03717,Shahpura power station,power_plant,23.138821,79.667655,gem,1,cancelled,1500.0,MW,Madhya Pradesh,2
F03718,Shahpur Thermal Power Project,power_plant,18.64,72.88,gem,1,cancelled,1200.0,MW,Maharashtra,1
F03719,Sidhi Power Project,power_plant,24.133333,81.866667,gem,1,cancelled,1200.0,MW,Madhya Pradesh,2
F03720,Sigma Infrarop power station (Khamman),power_plant,17.247253,80.151445,gem,1,cancelled,2640.0,MW,Telangana,1
F03721,Simar power station,power_plant,21.012822,70.272828,gem,1,cancelled,1600.0,MW,Gujarat,1
F03722,Singur power station,power_plant,22.81,88.23,gem,1,cancelled,1600.0,MW,West Bengal,2
F03723,Sinor power station,power_plant,22.0,73.3,gem,1,cancelled,1600.0,MW,Gujarat,2
F03724,Sirdala power station,power_plant,24.87995,85.53,gem,1,cancelled,2640.0,MW,Bihar,1
F03725,Sirkali power station,power_plant,11.23,79.73,gem,1,cancelled,4000.0,MW,Tamil Nadu,2
F03726,Sirkazhi power station,power_plant,11.193889,79.836667,gem,1,cancelled,1320.0,MW,Tamil Nadu,2
F03727,Sodamal power station,power_plant,21.8602,84.0155,gem,1,cancelled,1320.0,MW,Odisha,2
F03728,Solapur power station,power_plant,17.551296,75.9832,gem,1,operating,1320.0,MW,Maharashtra,2
F03729,Spi Ports power station,power_plant,20.474444,86.545278,gem,1,cancelled,1320.0,MW,Odisha,2
F03730,Srikakulam Thermal Power Station,power_plant,18.3667,84.1,gem,1,cancelled,4000.0,MW,Andhra Pradesh,1
F03731,Srirampur Coal-to-Liquids Project,power_plant,20.71623,85.28414,gem,1,cancelled,1080.0,MW,Odisha,1
F03732,Sundargarh Ultra Mega Power Project,power_plant,22.040484,84.032603,gem,1,cancelled,4000.0,MW,Odisha,1
F03733,Surat Lignite Power Plant,power_plant,21.47087,73.1484028,gem,1,cancelled,600.0,MW,Gujarat,2
F03734,Surguja power station,power_plant,23.12,83.2,gem,1,cancelled,600.0,MW,Chhattisgarh,4
F03735,Surguja Ultra Mega Power Project,power_plant,23.453168,83.417587,gem,1,cancelled,4000.0,MW,Chhattisgarh,1
F03736,Suryachakra Thermal (Madhya Pradesh),power_plant,24.4167,81.8833,gem,1,cancelled,1320.0,MW,Madhya Pradesh,2
F03737,Talabira power station,power_plant,21.778342,83.989506,gem,1,announced,3200.0,MW,Odisha,4
F03738,Talanchankadu power station,power_plant,11.036265666666667,79.8478391111111,gem,1,cancelled,4010.0,MW,Tamil Nadu,9
F03739,Talcher power station (NSL Nagapatnam),power_plant,20.916667,85.183333,gem,1,cancelled,1320.0,MW,Odisha,2
F03740,Tata Begunia power station,power_plant,19.27,84.92,gem,1,cancelled,2000.0,MW,Odisha,1
F03741,THDCIL-UJVNL Energy power station,power_plant,30.225,79.228,gem,1,announced,1000.0,MW,Uttarakhand,1
F03742,Thirumallaivasal power station,power_plant,11.240536,79.838591,gem,1,cancelled,1400.0,MW,Tamil Nadu,2
F03743,Thoothukudi IBPGL power station,power_plant,8.864947,78.106989,gem,1,retired,189.0,MW,Tamil Nadu,3
F03744,Tilaiya Ultra Mega Power Project,power_plant,24.316667,85.60000000000001,gem,1,cancelled,3960.0,MW,Jharkhand,6
F03745,Tiruldih Power Project,power_plant,23.141111,85.957778,gem,1,cancelled,1980.0,MW,Jharkhand,3
F03746,Tori power plant,power_plant,23.7076778,84.77600633333333,gem,1,cancelled,1800.0,MW,Jharkhand,3
F03747,Tuticorin power station (Ind-Barath),power_plant,8.3959535,77.950861,gem,1,cancelled,660.0,MW,Tamil Nadu,1
F03748,Tuticorin power station (Ind-Barath),power_plant,10.667076,79.772229,gem,1,cancelled,660.0,MW,Tamil Nadu,1
F03749,Tuticorin Smelter power station,power_plant,8.816981,78.0899754,gem,1,retired,160.0,MW,Tamil Nadu,2
F03750,Udangudi Super Critical Thermal Power Project,power_plant,8.434722,78.061111,gem,1,construction,3960.0,MW,Tamil Nadu,6
F03751,Udupi Cement Plant,power_plant,13.3389,74.7451,gem,1,cancelled,100.0,MW,Karnataka,1
F03752,Uppur power station,power_plant,9.58299,78.90976,gem,1,construction,1600.0,MW,Tamil Nadu,2
F03753,Vadarevu Ultra Mega Power Project,power_plant,15.808028000000002,80.397348,gem,1,cancelled,4000.0,MW,Andhra Pradesh,5
F03754,VBC Ferro Alloys Bodepalli plant,power_plant,18.242513,83.348215,gem,1,cancelled,120.0,MW,Telangana,2
F03755,Vellaturu power station,power_plant,16.719444,79.998611,gem,1,announced,300.0,MW,Telangana,2
F03756,Vemavaram power station,power_plant,16.317475,81.096252,gem,1,cancelled,1320.0,MW,Andhra Pradesh,2
F03757,Vidarbha thermal power station,power_plant,20.822194,78.487208,gem,1,cancelled,1320.0,MW,Maharashtra,2
F03758,Vijaynagar (KPCL) power station,power_plant,15.325,76.465,gem,1,cancelled,1000.0,MW,Karnataka,2
F03759,Vikas Power thermal plant,power_plant,14.288601,80.124848,gem,1,cancelled,540.0,MW,Andhra Pradesh,4
F03760,Vizag Simhadri power station,power_plant,17.636926,83.193133,gem,1,operating,50.0,MW,Andhra Pradesh,1
F03761,VS Lignite Plant,power_plant,27.8567,72.8577,gem,1,operating,135.0,MW,Rajasthan,1
F03762,Waral power station,power_plant,19.521033,75.009818,gem,1,cancelled,450.0,MW,Maharashtra,1
F03763,Welspun Amla power station,power_plant,21.9233,78.129158,gem,1,cancelled,1320.0,MW,Madhya Pradesh,1
F03764,Welspun Energy Parbahal Thermal Power Plant,power_plant,23.453168,86.3134,gem,1,cancelled,1980.0,MW,Jharkhand,1
F03765,Welspun Ghazipur project,power_plant,25.591721,83.319183,gem,1,cancelled,1320.0,MW,Uttar Pradesh,1
F03766,Welspun Mega Industrial & Energy Park,power_plant,24.505894,81.496468,gem,1,cancelled,5280.0,MW,Madhya Pradesh,2
F03767,West Khasi Hills power station,power_plant,25.491579,91.269847,gem,1,cancelled,240.0,MW,Meghalaya,2
F03768,Yadadri power station,power_plant,16.708219,79.581184,gem,1,operating,4000.0,MW,Telangana,5
F03769,Agartala power plant,power_plant,23.825018,91.287056,gem,1,operating,135.0,MW,Tripura,1
F03770,Ankleshwar Caustic Plant power station,power_plant,21.638747,73.183,gem,1,operating,50.0,MW,Gujarat,1
F03771,BCPL Captive power plant,power_plant,27.469295,94.873359,gem,1,operating,53.0,MW,Assam,1
F03772,GMR Energy Limited Combined Cycle power plant,power_plant,16.950087,82.27019,gem,1,retired,220.0,MW,Andhra Pradesh,1
F03773,Godhra power station,power_plant,22.773567,73.617556,gem,1,cancelled,2000.0,MW,Gujarat,1
F03774,Guru Gobind Singh Refinery power station,power_plant,29.924421,74.958902,gem,1,operating,165.0,MW,Punjab,1
F03775,Hope Town power station,power_plant,11.706072,92.736766,gem,1,announced,50.0,MW,Andaman and Nicobar Islands,1
F03776,HPL Cogeneration power station,power_plant,22.651466,88.086507,gem,1,operating,116.0,MW,West Bengal,1
F03777,IOCL Panipat cogeneration power plant,power_plant,29.467309,76.875446,gem,1,operating,110.0,MW,Haryana,1
F03778,IOCL Panipat Naphtha Cracker Captive cogeneration power plant,power_plant,29.452388,76.872665,gem,1,operating,238.4,MW,Haryana,1
F03779,Kashipur Sravanthi power station,power_plant,29.154721,78.974029,gem,1,operating,450.0,MW,Uttarakhand,2
F03780,Lakwa Replacement power station,power_plant,26.985766,94.93017,gem,1,operating,69.8,MW,Assam,1
F03781,Matix Fertilisers Captive power plant,power_plant,23.44414,87.492464,gem,1,operating,54.0,MW,West Bengal,1
F03782,Panduranga power station,power_plant,17.122874,81.619462,gem,1,cancelled,470.0,MW,Andhra Pradesh,2
F03783,Rokhia power plant,power_plant,23.75,91.5,gem,1,announced,120.0,MW,Tripura,1
F03784,Sai Regency Power power plant,power_plant,9.362703,78.893266,gem,1,operating,58.0,MW,Tamil Nadu,1
F03785,AP High Grade Steel Andhra Pradesh plant,steel,14.758576,78.43186,gem,1,announced,2000.0,ttpa,Andhra Pradesh,2
F03786,ArcelorMittal Karnataka steel plant,steel,15.139498,76.918417,gem,1,cancelled,6000.0,ttpa,Karnataka,1
F03787,ArcelorMittal Nippon Steel Kendrapara plant,steel,20.71042,86.282806,gem,1,announced,12000.0,ttpa,Odisha,2
F03788,Arjas Steel Tadipatri plant,steel,14.873471,78.048425,gem,1,operating,620.0,ttpa,Andhra Pradesh,3
F03789,BMM Ispat steel plant,steel,15.16972,76.37971,gem,1,operating,1108.0,ttpa,Karnataka,3
F03790,Evonith Metallics Wardha Steel Plant,steel,20.704605,78.620293,gem,1,operating,500.0,ttpa,Maharashtra,2
F03791,Evonith Value Steel Wardha Steel Plant,steel,20.696412,78.638548,gem,1,operating,1080.0,ttpa,Maharashtra,1
F03792,Godawari Power and Ispat Sarora Steel Plant,steel,21.565032,81.739447,gem,1,announced,1100.0,ttpa,Chhattisgarh,2
F03793,Jai Balaji Durgapur steel plant,steel,23.487077,87.369565,gem,1,operating,780.0,ttpa,West Bengal,1
F03794,Jai Balaji Steels Purulia plant,steel,23.331734,86.363224,gem,1,construction,6000.0,ttpa,West Bengal,1
F03795,Jindal Stainless Hisar steel plant,steel,29.127253,75.773075,gem,1,operating,800.0,ttpa,Haryana,1
F03796,JSPL Andhra Pradesh steel plant,steel,14.254675,80.108702,gem,1,announced,3000.0,ttpa,Andhra Pradesh,1
F03797,JSPL Asanboni Steel Plant,steel,24.131037,87.438728,gem,1,announced,6500.0,ttpa,Jharkhand,1
F03798,JSPL Jharkhand steel plant,steel,23.632991,85.325308,gem,1,announced,6000.0,ttpa,Jharkhand,1
F03799,JSW Bengal Steel Salboni plant,steel,22.575726,87.310258,gem,1,announced,10000.0,ttpa,West Bengal,1
F03800,JSW BPSL Jarkhand steel plant,steel,22.665526,85.64622,gem,1,announced,3000.0,ttpa,Jharkhand,1
F03801,JSW Kadapa steel plant,steel,14.76855,78.403263,gem,1,construction,3000.0,ttpa,Andhra Pradesh,1
F03802,JSW Steel Jharkhand steel plant,steel,23.188108,85.715097,gem,1,announced,10000.0,ttpa,Jharkhand,1
F03803,JSW Steel Salem steel plant,steel,11.814912,77.918465,gem,1,operating,1260.0,ttpa,Tamil Nadu,1
F03804,JSW Steel Vijayanagar steel plant,steel,15.180423,76.663134,gem,1,operating,11700.0,ttpa,Karnataka,2
F03805,JSW Utkal Steel Odisha plant,steel,20.259383,86.64820000000002,gem,1,announced,7000.0,ttpa,Odisha,3
F03806,JSW Vijayanagar Metallics steel plant,steel,15.203176,76.659122,gem,1,construction,5000.0,ttpa,Karnataka,1
F03807,Kalyani Steels Hospet plant,steel,15.339055,76.251696,gem,1,operating,650.0,ttpa,Karnataka,3
F03808,Lloyds Metals and Energy Ltd Ghugus Steel Plant,steel,19.929837,79.119344,gem,1,operating,500.0,ttpa,Maharashtra,4
F03809,Lloyds Metals and Energy Ltd Konsari Steel Plant,steel,19.770409,79.813599,gem,1,construction,3000.0,ttpa,Maharashtra,2
F03810,Mono Steel Gujarat plant,steel,23.312265,70.201953,gem,1,operating,767.0,ttpa,Gujarat,1
F03811,MSP Metallics Odisha steel plant,steel,21.840226,83.982815,gem,1,operating,1342.0,ttpa,Odisha,2
F03812,MSP Steel & Power Raigarh plant,steel,21.87673,83.554495,gem,1,operating,594.0,ttpa,Chhattisgarh,3
F03813,NMDC Karnataka steel plant,steel,15.186288,76.916591,gem,1,announced,3000.0,ttpa,Karnataka,1
F03814,OMPL Jharsuguda Steel Plant,steel,21.869228,84.013348,gem,1,announced,2000.0,ttpa,Odisha,1
F03815,Orissa Alloy Steel Kharagpur Plant,steel,22.369567333333332,87.29867083333333,gem,1,operating,1000.0,ttpa,West Bengal,6
F03816,Orissa Sponge Iron & Steel plant,steel,21.801994,85.56751,gem,1,operating,600.0,ttpa,Odisha,2
F03817,Orissa Steel & Power Jhargram Steel Plant,steel,22.3591,87.017184,gem,1,announced,1800.0,ttpa,West Bengal,1
F03818,Posco Maharashtra Steel Plant,steel,18.387833,73.345212,gem,1,announced,,,Maharashtra,1
F03819,Prakash Sponge Iron & Power Challakere Steel Plant,steel,14.152912,76.665824,gem,1,operating,635.0,ttpa,Karnataka,3
F03820,Ramsarup Lohh Udyog West Bengal steel plant,steel,22.977477,88.457443,gem,1,operating,690.0,ttpa,West Bengal,4
F03821,Rashmi Metaliks Jamuria steel plant,steel,23.696267799999998,87.11371679999999,gem,1,operating,2500.0,ttpa,West Bengal,5
F03822,Rungta Mines Dhenkanal steel plant,steel,20.764524,85.299318,gem,1,operating,4189.0,ttpa,Odisha,4
F03823,Rungta Mines Kamanda Steel Plant,steel,21.928511,85.223988,gem,1,announced,504.0,ttpa,Odisha,1
F03824,SAIL Alloy Steel Plant,steel,23.522882,87.275935,gem,1,operating,270.0,ttpa,West Bengal,2
F03825,SAIL Durgapur steel plant,steel,23.54843,87.245247,gem,1,operating,5300.0,ttpa,West Bengal,2
F03826,SAIL Rourkela steel plant,steel,22.210804,84.86895,gem,1,operating,4800.0,ttpa,Odisha,4
F03827,Shakambhari Ispat & Power Purulia Steel Plant,steel,23.613861,86.789527,gem,1,operating,533.0,ttpa,West Bengal,3
F03828,Shyam Steel Durgapur plant,steel,23.50844,87.282253,gem,1,operating,700.0,ttpa,West Bengal,2
F03829,Shyam Steel Mejia Steel Plant,steel,23.564157,87.089552,gem,1,operating,660.0,ttpa,West Bengal,2
F03830,Shyam Steel Raghunathpur Steel Plant,steel,23.590211999999998,86.724603,gem,1,operating,1120.0,ttpa,West Bengal,3
F03831,Sunflag Iron and Steel plant,steel,21.232929,79.632398,gem,1,operating,525.0,ttpa,Maharashtra,1
F03832,Swadesh Metallics Simga Steel Plant,steel,21.625706,81.705254,gem,1,announced,600.0,ttpa,Chhattisgarh,1
F03833,Tata Sponge Iron Odisha plant,steel,22.055716,85.466124,gem,1,operating,1500.0,ttpa,Odisha,3
F03834,Tata Steel Ludhiana steel plant,steel,30.946888,75.987521,gem,1,construction,750.0,ttpa,Punjab,1
F03835,Uttam Galva Ferrous Bellary Steel Plant,steel,15.184613,76.824905,gem,1,announced,6000.0,ttpa,Karnataka,1
F03836,Vedanta Sesa Goa Pig Iron Plant,steel,15.526866,73.986671,gem,1,operating,,,Goa,1
F03837,Xindia Steels Karnataka plant,steel,15.293421,76.234947,gem,1,announced,2500.0,ttpa,Karnataka,2
